fund_id,ticker,name,cik,series_id,class_id,exchange,sponsor,asset_class,category,inception_date,termination_date,source,source_url,active_flag,expense_ratio,aum,benchmark
BNGE,BNGE,First Trust S-Network Streaming and Gaming ETF,,,,,,,,,,nasdaq,https://api.nasdaq.com/api/screener/etf?download=true,True,,,
BNKD,BNKD,Bank Of Montreal MicroSectors  U.S. Big Banks -3  Inverse Leve,0000927971,,,NYSE,,,,,,nasdaq,https://api.nasdaq.com/api/screener/etf?download=true,True,,,
BNKU,BNKU,Bank Of Montreal MicroSectors  U.S. Big Banks 3  Leveraged ETN,0000927971,,,NYSE,,,,,,nasdaq,https://api.nasdaq.com/api/screener/etf?download=true,True,,,
BNO,BNO,United States Brent Oil Fund LP ETV,0001472494,,,NYSE,,,,,,nasdaq,https://api.nasdaq.com/api/screener/etf?download=true,True,,,
BNOV,BNOV,Innovator U.S. Equity Buffer ETF - November,,,,,,,,,,nasdaq,https://api.nasdaq.com/api/screener/etf?download=true,True,,,
BOAT,BOAT,SonicShares Global Shipping ETF,,,,,,,,,,nasdaq,https://api.nasdaq.com/api/screener/etf?download=true,True,,,
BOBP,BOBP,Exchange Traded Concepts Trust CORE16 Best of Breed Premier In,,,,,,,,,,nasdaq,https://api.nasdaq.com/api/screener/etf?download=true,True,,,
BOCT,BOCT,Innovator U.S. Equity Buffer ETF - October,,,,,,,,,,nasdaq,https://api.nasdaq.com/api/screener/etf?download=true,True,,,
BOEG,BOEG,Leverage Shares 2X Long BA Daily ETF,,,,,,,,,,nasdaq,https://api.nasdaq.com/api/screener/etf?download=true,True,,,
BOEU,BOEU,Direxion Daily BA Bull 2X ETF,,,,,,,,,,nasdaq,https://api.nasdaq.com/api/screener/etf?download=true,True,,,
BOIL,BOIL,ProShares Ultra Bloomberg Natural Gas,0001415311,,,NYSE,,,,,,nasdaq,https://api.nasdaq.com/api/screener/etf?download=true,True,,,
BOND,BOND,PIMCO Active Bond Exchange-Traded Fund Exchange-Traded Fund,,,,,,,,,,nasdaq,https://api.nasdaq.com/api/screener/etf?download=true,True,,,
BOTT,BOTT,Themes Humanoid Robotics ETF,,,,,,,,,,nasdaq,https://api.nasdaq.com/api/screener/etf?download=true,True,,,
BOTZ,BOTZ,Global X Robotics & Artificial Intelligence ETF,,,,,,,,,,nasdaq,https://api.nasdaq.com/api/screener/etf?download=true,True,,,
BOUT,BOUT,Capital-Force ETF Trust CapForce IBD Breakout Opportunities ET,,,,,,,,,,nasdaq,https://api.nasdaq.com/api/screener/etf?download=true,True,,,
BOXA,BOXA,EA Series Trust Alpha Architect Aggregate Bond ETF,,,,,,,,,,nasdaq,https://api.nasdaq.com/api/screener/etf?download=true,True,,,
BOXX,BOXX,EA Series Trust Alpha Architect 1-3 Month Box ETF,,,,,,,,,,nasdaq,https://api.nasdaq.com/api/screener/etf?download=true,True,,,
BPAY,BPAY,iShares FinTech Active ETF,,,,,,,,,,nasdaq,https://api.nasdaq.com/api/screener/etf?download=true,True,,,
BPH,BPH,Precidian ETFs Trust BP plc ADRhedged,,,,,,,,,,nasdaq,https://api.nasdaq.com/api/screener/etf?download=true,True,,,
BPI,BPI,Grayscale Funds Trust Grayscale Bitcoin Premium Income ETF,,,,,,,,,,nasdaq,https://api.nasdaq.com/api/screener/etf?download=true,True,,,
BRAZ,BRAZ,Global X Funds Global X Brazil Active ETF,,,,,,,,,,nasdaq,https://api.nasdaq.com/api/screener/etf?download=true,True,,,
BREM,BREM,iShares Emerging Markets Bond Active ETF,,,,,,,,,,nasdaq,https://api.nasdaq.com/api/screener/etf?download=true,True,,,
BRES,BRES,Burney U.S. Equity Select ETF,,,,,,,,,,nasdaq,https://api.nasdaq.com/api/screener/etf?download=true,True,,,
BRF,BRF,VanEck Brazil Small-Cap ETF,,,,,,,,,,nasdaq,https://api.nasdaq.com/api/screener/etf?download=true,True,,,
BRHY,BRHY,iShares High Yield Active ETF,,,,,,,,,,nasdaq,https://api.nasdaq.com/api/screener/etf?download=true,True,,,
BRIF,BRIF,FIS Trust FIS Bright Portfolios Focused Equity ETF,,,,,,,,,,nasdaq,https://api.nasdaq.com/api/screener/etf?download=true,True,,,
BRKC,BRKC,Tidal Trust II YieldMax BRK.B Option Income Strategy ETF,,,,,,,,,,nasdaq,https://api.nasdaq.com/api/screener/etf?download=true,True,,,
BRKU,BRKU,Direxion Daily BRKB Bull 2X ETF,,,,,,,,,,nasdaq,https://api.nasdaq.com/api/screener/etf?download=true,True,,,
BRKW,BRKW,Roundhill ETF Trust Roundhill BRKB WeeklyPay ETF,,,,,,,,,,nasdaq,https://api.nasdaq.com/api/screener/etf?download=true,True,,,
BRLN,BRLN,iShares Floating Rate Loan Active ETF,,,,,,,,,,nasdaq,https://api.nasdaq.com/api/screener/etf?download=true,True,,,
BRNY,BRNY,Burney U.S. Factor Rotation ETF,,,,,,,,,,nasdaq,https://api.nasdaq.com/api/screener/etf?download=true,True,,,
BRRR,BRRR,Coinshares Bitcoin ETF,0001841175,,,Nasdaq,,,,,,nasdaq,https://api.nasdaq.com/api/screener/etf?download=true,True,,,
BRTR,BRTR,iShares Total Return Active ETF,,,,,,,,,,nasdaq,https://api.nasdaq.com/api/screener/etf?download=true,True,,,
BRZU,BRZU,Direxion Daily MSCI Brazil Bull 2X ETF,,,,,,,,,,nasdaq,https://api.nasdaq.com/api/screener/etf?download=true,True,,,
BSCQ,BSCQ,Invesco BulletShares 2026 Corporate Bond ETF,,,,,,,,,,nasdaq,https://api.nasdaq.com/api/screener/etf?download=true,True,,,
BSCR,BSCR,Invesco BulletShares 2027 Corporate Bond ETF,,,,,,,,,,nasdaq,https://api.nasdaq.com/api/screener/etf?download=true,True,,,
BSCS,BSCS,Invesco BulletShares 2028 Corporate Bond ETF,,,,,,,,,,nasdaq,https://api.nasdaq.com/api/screener/etf?download=true,True,,,
BSCT,BSCT,Invesco BulletShares 2029 Corporate Bond ETF,,,,,,,,,,nasdaq,https://api.nasdaq.com/api/screener/etf?download=true,True,,,
BSCU,BSCU,Invesco BulletShares 2030 Corporate Bond ETF,,,,,,,,,,nasdaq,https://api.nasdaq.com/api/screener/etf?download=true,True,,,
BSCV,BSCV,Invesco BulletShares 2031 Corporate Bond ETF,,,,,,,,,,nasdaq,https://api.nasdaq.com/api/screener/etf?download=true,True,,,
BSCW,BSCW,Invesco BulletShares 2032 Corporate Bond ETF,,,,,,,,,,nasdaq,https://api.nasdaq.com/api/screener/etf?download=true,True,,,
BSCX,BSCX,Invesco BulletShares 2033 Corporate Bond ETF,,,,,,,,,,nasdaq,https://api.nasdaq.com/api/screener/etf?download=true,True,,,
BSCY,BSCY,Invesco BulletShares 2034 Corporate Bond ETF,,,,,,,,,,nasdaq,https://api.nasdaq.com/api/screener/etf?download=true,True,,,
BSCZ,BSCZ,Invesco BulletShares 2035 Corporate Bond ETF,,,,,,,,,,nasdaq,https://api.nasdaq.com/api/screener/etf?download=true,True,,,
BSEP,BSEP,Innovator U.S. Equity Buffer ETF - September,,,,,,,,,,nasdaq,https://api.nasdaq.com/api/screener/etf?download=true,True,,,
BSJQ,BSJQ,Invesco BulletShares 2026 High Yield Corporate Bond ETF,,,,,,,,,,nasdaq,https://api.nasdaq.com/api/screener/etf?download=true,True,,,
BSJR,BSJR,Invesco BulletShares 2027 High Yield Corporate Bond ETF,,,,,,,,,,nasdaq,https://api.nasdaq.com/api/screener/etf?download=true,True,,,
BSJS,BSJS,Invesco BulletShares 2028 High Yield Corporate Bond ETF,,,,,,,,,,nasdaq,https://api.nasdaq.com/api/screener/etf?download=true,True,,,
BSJT,BSJT,Invesco BulletShares 2029 High Yield Corporate Bond ETF,,,,,,,,,,nasdaq,https://api.nasdaq.com/api/screener/etf?download=true,True,,,
BSJU,BSJU,Invesco BulletShares 2030 High Yield Corporate Bond ETF,,,,,,,,,,nasdaq,https://api.nasdaq.com/api/screener/etf?download=true,True,,,
BSJV,BSJV,Invesco BulletShares 2031 High Yield Corporate Bond ETF,,,,,,,,,,nasdaq,https://api.nasdaq.com/api/screener/etf?download=true,True,,,
BSJW,BSJW,Invesco BulletShares 2032 High Yield Corporate Bond ETF,,,,,,,,,,nasdaq,https://api.nasdaq.com/api/screener/etf?download=true,True,,,
BSJX,BSJX,Invesco BulletShares 2033 High Yield Corporate Bond ETF,,,,,,,,,,nasdaq,https://api.nasdaq.com/api/screener/etf?download=true,True,,,
BSMC,BSMC,Brandes U.S. Small-Mid Cap Value ETF,,,,,,,,,,nasdaq,https://api.nasdaq.com/api/screener/etf?download=true,True,,,
BSMQ,BSMQ,Invesco BulletShares 2026 Municipal Bond ETF,,,,,,,,,,nasdaq,https://api.nasdaq.com/api/screener/etf?download=true,True,,,
BSMR,BSMR,Invesco BulletShares 2027 Municipal Bond ETF,,,,,,,,,,nasdaq,https://api.nasdaq.com/api/screener/etf?download=true,True,,,
BSMS,BSMS,Invesco BulletShares 2028 Municipal Bond ETF,,,,,,,,,,nasdaq,https://api.nasdaq.com/api/screener/etf?download=true,True,,,
BSMT,BSMT,Invesco BulletShares 2029 Municipal Bond ETF,,,,,,,,,,nasdaq,https://api.nasdaq.com/api/screener/etf?download=true,True,,,
BSMU,BSMU,Invesco BulletShares 2030 Municipal Bond ETF,,,,,,,,,,nasdaq,https://api.nasdaq.com/api/screener/etf?download=true,True,,,
BSMV,BSMV,Invesco BulletShares 2031 Municipal Bond ETF,,,,,,,,,,nasdaq,https://api.nasdaq.com/api/screener/etf?download=true,True,,,
BSMW,BSMW,Invesco BulletShares 2032 Municipal Bond ETF,,,,,,,,,,nasdaq,https://api.nasdaq.com/api/screener/etf?download=true,True,,,
BSMY,BSMY,Invesco BulletShares 2034 Municipal Bond ETF,,,,,,,,,,nasdaq,https://api.nasdaq.com/api/screener/etf?download=true,True,,,
BSMZ,BSMZ,Invesco BulletShares 2035 Municipal Bond ETF,,,,,,,,,,nasdaq,https://api.nasdaq.com/api/screener/etf?download=true,True,,,
BSOL,BSOL,Bitwise Solana Staking ETF Bitwise Solana Staking ETF,0002045872,,,NYSE,,,,,,nasdaq,https://api.nasdaq.com/api/screener/etf?download=true,True,,,
BSR,BSR,Northern Lights Fund Trust II Beacon Selective Risk ETF,,,,,,,,,,nasdaq,https://api.nasdaq.com/api/screener/etf?download=true,True,,,
BSSX,BSSX,Invesco BulletShares 2033 Municipal Bond ETF,,,,,,,,,,nasdaq,https://api.nasdaq.com/api/screener/etf?download=true,True,,,
BSTP,BSTP,Innovator ETFs Trust Innovator Buffer Step-Up Strategy ETF,,,,,,,,,,nasdaq,https://api.nasdaq.com/api/screener/etf?download=true,True,,,
BSV,BSV,Vanguard Short-Term Bond ETF,,,,,,,,,,nasdaq,https://api.nasdaq.com/api/screener/etf?download=true,True,,,
BSVO,BSVO,EA Bridgeway Omni Small-Cap Value ETF,,,,,,,,,,nasdaq,https://api.nasdaq.com/api/screener/etf?download=true,True,,,
BTAL,BTAL,AGF U.S. Market Neutral Anti-Beta Fund,,,,,,,,,,nasdaq,https://api.nasdaq.com/api/screener/etf?download=true,True,,,
BTC,BTC,Grayscale Bitcoin Mini Trust (BTC) Common units of fractional ,0002015034,,,NYSE,,,,,,nasdaq,https://api.nasdaq.com/api/screener/etf?download=true,True,,,
BTCC,BTCC,Grayscale Funds Trust Grayscale Bitcoin Covered Call ETF,,,,,,,,,,nasdaq,https://api.nasdaq.com/api/screener/etf?download=true,True,,,
BTCI,BTCI,NEOS ETF Trust NEOS Bitcoin High Income ETF,,,,,,,,,,nasdaq,https://api.nasdaq.com/api/screener/etf?download=true,True,,,
BTCL,BTCL,T-REX 2X Long Bitcoin Daily Target ETF,,,,,,,,,,nasdaq,https://api.nasdaq.com/api/screener/etf?download=true,True,,,
BTCO,BTCO,Invesco Galaxy Bitcoin ETF Common Shares of Beneficial Interes,0001855781,,,CBOE,,,,,,nasdaq,https://api.nasdaq.com/api/screener/etf?download=true,True,,,
BTCW,BTCW,WisdomTree Bitcoin Fund Common Shares of Beneficial Interest,0001850391,,,CBOE,,,,,,nasdaq,https://api.nasdaq.com/api/screener/etf?download=true,True,,,
BTCZ,BTCZ,T-REX 2X Inverse Bitcoin Daily Target ETF,,,,,,,,,,nasdaq,https://api.nasdaq.com/api/screener/etf?download=true,True,,,
BTF,BTF,CoinShares Bitcoin and Ether ETF,,,,,,,,,,nasdaq,https://api.nasdaq.com/api/screener/etf?download=true,True,,,
BTGD,BTGD,STKd 100% Bitcoin & 100% Gold ETF,,,,,,,,,,nasdaq,https://api.nasdaq.com/api/screener/etf?download=true,True,,,
BTOP,BTOP,Bitwise Trendwise BTC/ETH and Treasuries Rotation Strategy ETF,,,,,,,,,,nasdaq,https://api.nasdaq.com/api/screener/etf?download=true,True,,,
BTR,BTR,Northern Lights Fund Trust II Beacon Tactical Risk ETF,,,,,,,,,,nasdaq,https://api.nasdaq.com/api/screener/etf?download=true,True,,,
BTRN,BTRN,Global X Funds Global X Bitcoin Trend Strategy ETF,,,,,,,,,,nasdaq,https://api.nasdaq.com/api/screener/etf?download=true,True,,,
BU,BU,Defiance Daily Target 2X Long BU ETF,,,,,,,,,,nasdaq,https://api.nasdaq.com/api/screener/etf?download=true,True,,,
BUCK,BUCK,Simplify Treasury Option Income ETF,,,,,,,,,,nasdaq,https://api.nasdaq.com/api/screener/etf?download=true,True,,,
BUFB,BUFB,Innovator ETFs Trust Innovator Laddered Allocation Buffer ETF,,,,,,,,,,nasdaq,https://api.nasdaq.com/api/screener/etf?download=true,True,,,
BUFC,BUFC,AB Conservative Buffer ETF,,,,,,,,,,nasdaq,https://api.nasdaq.com/api/screener/etf?download=true,True,,,
BUFD,BUFD,FT Vest Laddered Deep Buffer ETF,,,,,,,,,,nasdaq,https://api.nasdaq.com/api/screener/etf?download=true,True,,,
BUFF,BUFF,Innovator Laddered Allocation Power Buffer ETF,,,,,,,,,,nasdaq,https://api.nasdaq.com/api/screener/etf?download=true,True,,,
BUFG,BUFG,FT Vest Buffered Allocation Growth ETF,,,,,,,,,,nasdaq,https://api.nasdaq.com/api/screener/etf?download=true,True,,,
BUFH,BUFH,FT Vest Laddered Max Buffer ETF,,,,,,,,,,nasdaq,https://api.nasdaq.com/api/screener/etf?download=true,True,,,
BUFI,BUFI,AB International Buffer ETF,,,,,,,,,,nasdaq,https://api.nasdaq.com/api/screener/etf?download=true,True,,,
BUFM,BUFM,AB Moderate Buffer ETF,,,,,,,,,,nasdaq,https://api.nasdaq.com/api/screener/etf?download=true,True,,,
BUFP,BUFP,PGIM Laddered S&P 500 Buffer 12 ETF,,,,,,,,,,nasdaq,https://api.nasdaq.com/api/screener/etf?download=true,True,,,
BUFQ,BUFQ,FT Vest Laddered Nasdaq Buffer ETF,,,,,,,,,,nasdaq,https://api.nasdaq.com/api/screener/etf?download=true,True,,,
BUFR,BUFR,FT Vest Laddered Buffer ETF,,,,,,,,,,nasdaq,https://api.nasdaq.com/api/screener/etf?download=true,True,,,
BUFS,BUFS,First Trust Exchange-Traded Fund VIII FT Vest Laddered Small C,,,,,,,,,,nasdaq,https://api.nasdaq.com/api/screener/etf?download=true,True,,,
BUFT,BUFT,FT Vest Buffered Allocation Defensive ETF,,,,,,,,,,nasdaq,https://api.nasdaq.com/api/screener/etf?download=true,True,,,
BUFX,BUFX,FT Vest Laddered Enhance & Moderate Buffer ETF,,,,,,,,,,nasdaq,https://api.nasdaq.com/api/screener/etf?download=true,True,,,
BUFY,BUFY,First Trust Exchange-Traded Fund VIII FT Vest Laddered Interna,,,,,,,,,,nasdaq,https://api.nasdaq.com/api/screener/etf?download=true,True,,,
BUFZ,BUFZ,FT Vest Laddered Moderate Buffer ETF,,,,,,,,,,nasdaq,https://api.nasdaq.com/api/screener/etf?download=true,True,,,
BUG,BUG,Global X Cybersecurity ETF,,,,,,,,,,nasdaq,https://api.nasdaq.com/api/screener/etf?download=true,True,,,
BUL,BUL,Pacer US Cash Cows Growth ETF,,,,,,,,,,nasdaq,https://api.nasdaq.com/api/screener/etf?download=true,True,,,
BULD,BULD,Pacer BlueStar Engineering the Future ETF,,,,,,,,,,nasdaq,https://api.nasdaq.com/api/screener/etf?download=true,True,,,
BULG,BULG,Leverage Shares 2X Long BULL Daily ETF,,,,,,,,,,nasdaq,https://api.nasdaq.com/api/screener/etf?download=true,True,,,
BULX,BULX,GraniteShares 2x Long BULL Daily ETF,,,,,,,,,,nasdaq,https://api.nasdaq.com/api/screener/etf?download=true,True,,,
BULZ,BULZ,MicroSectors FANG & Innovation 3X Leveraged ETN,0000927971,,,NYSE,,,,,,nasdaq,https://api.nasdaq.com/api/screener/etf?download=true,True,,,
BUSA,BUSA,Brandes U.S. Value ETF,,,,,,,,,,nasdaq,https://api.nasdaq.com/api/screener/etf?download=true,True,,,
BUXX,BUXX,EA Series Trust Strive Enhanced Income Short Maturity ETF,,,,,,,,,,nasdaq,https://api.nasdaq.com/api/screener/etf?download=true,True,,,
BUYO,BUYO,KraneShares Trust KraneShares Man Buyout Beta Index ETF,,,,,,,,,,nasdaq,https://api.nasdaq.com/api/screener/etf?download=true,True,,,
BUYW,BUYW,Northern Lights Fund Trust IV Main BuyWrite ETF,,,,,,,,,,nasdaq,https://api.nasdaq.com/api/screener/etf?download=true,True,,,
BUYZ,BUYZ,Franklin Disruptive Commerce ETF,,,,,,,,,,nasdaq,https://api.nasdaq.com/api/screener/etf?download=true,True,,,
BUZZ,BUZZ,VanEck Social Sentiment ETF,,,,,,,,,,nasdaq,https://api.nasdaq.com/api/screener/etf?download=true,True,,,
BVAL,BVAL,Exchange Traded Concepts Trust Bluemonte Large Cap Value ETF,,,,,,,,,,nasdaq,https://api.nasdaq.com/api/screener/etf?download=true,True,,,
BWEB,BWEB,Bitwise Funds Trust Bitwise Web3 ETF,,,,,,,,,,nasdaq,https://api.nasdaq.com/api/screener/etf?download=true,True,,,
BWET,BWET,Amplify Commodity Trust Breakwave Tanker Shipping ETF,0001610940,,,NYSE,,,,,,nasdaq,https://api.nasdaq.com/api/screener/etf?download=true,True,,,
BWTG,BWTG,ETF Opportunities Trust Brendan Wood TopGun Index ETF,,,,,,,,,,nasdaq,https://api.nasdaq.com/api/screener/etf?download=true,True,,,
BWX,BWX,State Street SPDR Bloomberg International Treasury Bond ETF,,,,,,,,,,nasdaq,https://api.nasdaq.com/api/screener/etf?download=true,True,,,
BWZ,BWZ,State Street SPDR Bloomberg Short Term International Treasury ,,,,,,,,,,nasdaq,https://api.nasdaq.com/api/screener/etf?download=true,True,,,
BYLD,BYLD,iShares Yield Optimized Bond ETF,,,,,,,,,,nasdaq,https://api.nasdaq.com/api/screener/etf?download=true,True,,,
BYRE,BYRE,Principal Exchange-Traded Funds Principal Real Estate Active O,,,,,,,,,,nasdaq,https://api.nasdaq.com/api/screener/etf?download=true,True,,,
BZQ,BZQ,ProShares UltraShort MSCI Brazil Capped,,,,,,,,,,nasdaq,https://api.nasdaq.com/api/screener/etf?download=true,True,,,
CAAA,CAAA,First Trust AAA CMBS ETF,,,,,,,,,,nasdaq,https://api.nasdaq.com/api/screener/etf?download=true,True,,,
CAFG,CAFG,Pacer US Small Cap Cash Cows Growth Leaders ETF,,,,,,,,,,nasdaq,https://api.nasdaq.com/api/screener/etf?download=true,True,,,
CAFX,CAFX,Professionally Managed Portfolios Congress Intermediate Bond E,,,,,,,,,,nasdaq,https://api.nasdaq.com/api/screener/etf?download=true,True,,,
CAIE,CAIE,Calamos ETF Trust Calamos Autocallable Income ETF,,,,,,,,,,nasdaq,https://api.nasdaq.com/api/screener/etf?download=true,True,,,
CAIQ,CAIQ,Calamos Nasdaq Autocallable Income ETF,,,,,,,,,,nasdaq,https://api.nasdaq.com/api/screener/etf?download=true,True,,,
CALF,CALF,Pacer US Small Cap Cash Cows ETF,,,,,,,,,,nasdaq,https://api.nasdaq.com/api/screener/etf?download=true,True,,,
CALI,CALI,iShares Short-Term California Muni Active ETF,,,,,,,,,,nasdaq,https://api.nasdaq.com/api/screener/etf?download=true,True,,,
CAML,CAML,Professionally Managed Portfolios Congress Large Cap Growth ET,,,,,,,,,,nasdaq,https://api.nasdaq.com/api/screener/etf?download=true,True,,,
CAMX,CAMX,The Advisors Inner Circle Fund Cambiar Aggressive Value ETF,,,,,,,,,,nasdaq,https://api.nasdaq.com/api/screener/etf?download=true,True,,,
CANC,CANC,Tema Oncology ETF,,,,,,,,,,nasdaq,https://api.nasdaq.com/api/screener/etf?download=true,True,,,
CANE,CANE,Teucrium Sugar Fund ETV,0001471824,,,NYSE,,,,,,nasdaq,https://api.nasdaq.com/api/screener/etf?download=true,True,,,
CANQ,CANQ,Calamos Nasdaq Equity & Income ETF,,,,,,,,,,nasdaq,https://api.nasdaq.com/api/screener/etf?download=true,True,,,
CAOS,CAOS,EA Series Trust Alpha Architect Tail Risk ETF,,,,,,,,,,nasdaq,https://api.nasdaq.com/api/screener/etf?download=true,True,,,
CAPE,CAPE,DoubleLine ETF Trust DoubleLine Shiller CAPE U.S. Equities ETF,,,,,,,,,,nasdaq,https://api.nasdaq.com/api/screener/etf?download=true,True,,,
CARD,CARD,Bank Of Montreal MAX Auto Industry -3x Inverse Leveraged ETN,0000927971,,,NYSE,,,,,,nasdaq,https://api.nasdaq.com/api/screener/etf?download=true,True,,,
CARK,CARK,The Advisors Inner Circle Fund II CastleArk Large Growth ETF,,,,,,,,,,nasdaq,https://api.nasdaq.com/api/screener/etf?download=true,True,,,
CARU,CARU,Bank Of Montreal MAX Auto Industry 3x Leveraged ETN,0000927971,,,NYSE,,,,,,nasdaq,https://api.nasdaq.com/api/screener/etf?download=true,True,,,
CARY,CARY,Angel Oak Income ETF,,,,,,,,,,nasdaq,https://api.nasdaq.com/api/screener/etf?download=true,True,,,
CARZ,CARZ,First Trust S-Network Future Vehicles & Technology ETF,,,,,,,,,,nasdaq,https://api.nasdaq.com/api/screener/etf?download=true,True,,,
CAS,CAS,Simplify Exchange Traded Funds Simplify China A Shares PLUS In,,,,,,,,,,nasdaq,https://api.nasdaq.com/api/screener/etf?download=true,True,,,
CATF,CATF,American Century ETF Trust American Century California Municip,,,,,,,,,,nasdaq,https://api.nasdaq.com/api/screener/etf?download=true,True,,,
CATH,CATH,Global X S&P 500 Catholic Values ETF,,,,,,,,,,nasdaq,https://api.nasdaq.com/api/screener/etf?download=true,True,,,
CBLS,CBLS,Elevation Series Trust Clough Hedged Equity ETF,,,,,,,,,,nasdaq,https://api.nasdaq.com/api/screener/etf?download=true,True,,,
CBOA,CBOA,Calamos ETF Trust Calamos Bitcoin Structured Alt Protection ET,,,,,,,,,,nasdaq,https://api.nasdaq.com/api/screener/etf?download=true,True,,,
CBOJ,CBOJ,Calamos ETF Trust Calamos Bitcoin Structured Alt Protection ET,,,,,,,,,,nasdaq,https://api.nasdaq.com/api/screener/etf?download=true,True,,,
CBON,CBON,VanEck China Bond ETF,,,,,,,,,,nasdaq,https://api.nasdaq.com/api/screener/etf?download=true,True,,,
CBOY,CBOY,Calamos ETF Trust Calamos Bitcoin Structured Alt Protection ET,,,,,,,,,,nasdaq,https://api.nasdaq.com/api/screener/etf?download=true,True,,,
CBSE,CBSE,Elevation Series Trust Clough Select Equity ETF,,,,,,,,,,nasdaq,https://api.nasdaq.com/api/screener/etf?download=true,True,,,
CBTA,CBTA,Calamos ETF Trust Calamos Bitcoin 80 Series Structured Alt Pro,,,,,,,,,,nasdaq,https://api.nasdaq.com/api/screener/etf?download=true,True,,,
CBTJ,CBTJ,Calamos ETF Trust Calamos Bitcoin 80 Series Structured Alt Pro,,,,,,,,,,nasdaq,https://api.nasdaq.com/api/screener/etf?download=true,True,,,
CBTY,CBTY,Calamos ETF Trust Calamos Bitcoin 80 Series Structured Alt Pro,,,,,,,,,,nasdaq,https://api.nasdaq.com/api/screener/etf?download=true,True,,,
CBXA,CBXA,Calamos ETF Trust Calamos Bitcoin 90 Series Structured Alt Pro,,,,,,,,,,nasdaq,https://api.nasdaq.com/api/screener/etf?download=true,True,,,
CBXJ,CBXJ,Calamos ETF Trust Calamos Bitcoin 90 Series Structured Alt Pro,,,,,,,,,,nasdaq,https://api.nasdaq.com/api/screener/etf?download=true,True,,,
CBXY,CBXY,Calamos ETF Trust Calamos Bitcoin 90 Series Structured Alt Pro,,,,,,,,,,nasdaq,https://api.nasdaq.com/api/screener/etf?download=true,True,,,
CCEF,CCEF,Calamos ETF Trust Calamos CEF Income & Arbitrage ETF,,,,,,,,,,nasdaq,https://api.nasdaq.com/api/screener/etf?download=true,True,,,
CCFE,CCFE,Concourse Capital Focused Equity ETF,,,,,,,,,,nasdaq,https://api.nasdaq.com/api/screener/etf?download=true,True,,,
CCNR,CCNR,ALPS/CoreCommodity Natural Resources ETF,,,,,,,,,,nasdaq,https://api.nasdaq.com/api/screener/etf?download=true,True,,,
CCOR,CCOR,Core Alternative ETF,,,,,,,,,,nasdaq,https://api.nasdaq.com/api/screener/etf?download=true,True,,,
CCSB,CCSB,Carbon Collective Short Duration Green Bond ETF,,,,,,,,,,nasdaq,https://api.nasdaq.com/api/screener/etf?download=true,True,,,
CCSO,CCSO,Carbon Collective Climate Solutions U.S. Equity ETF,,,,,,,,,,nasdaq,https://api.nasdaq.com/api/screener/etf?download=true,True,,,
CCUP,CCUP,ETF Opportunities Trust T-REX 2X Long CRCL Daily Target ETF,,,,,,,,,,nasdaq,https://api.nasdaq.com/api/screener/etf?download=true,True,,,
CDC,CDC,VictoryShares US EQ Income Enhanced Volatility Wtd ETF,,,,,,,,,,nasdaq,https://api.nasdaq.com/api/screener/etf?download=true,True,,,
CDEI,CDEI,Morgan Stanley ETF Trust Calvert US Large-Cap Diversity Equit,,,,,,,,,,nasdaq,https://api.nasdaq.com/api/screener/etf?download=true,True,,,
CDIG,CDIG,City Different Investments Global Equity ETF,,,,,,,,,,nasdaq,https://api.nasdaq.com/api/screener/etf?download=true,True,,,
CDL,CDL,VictoryShares US Large Cap High Div Volatility Wtd ETF,,,,,,,,,,nasdaq,https://api.nasdaq.com/api/screener/etf?download=true,True,,,
CDX,CDX,Simplify High Yield ETF,,,,,,,,,,nasdaq,https://api.nasdaq.com/api/screener/etf?download=true,True,,,
CEF,CEF,Sprott Physical Gold and Silver Trust Units,0001726122,,,NYSE,,,,,,nasdaq,https://api.nasdaq.com/api/screener/etf?download=true,True,,,
CEFA,CEFA,Global X S&P Catholic Values Developed ex-U.S. ETF,,,,,,,,,,nasdaq,https://api.nasdaq.com/api/screener/etf?download=true,True,,,
CEFD,CEFD,ETRACS Monthly Pay 1.5X Leveraged Closed-End Fund Index ETN,0001114446,,,NYSE,,,,,,nasdaq,https://api.nasdaq.com/api/screener/etf?download=true,True,,,
CEFS,CEFS,Saba Closed-End Funds ETF,,,,,,,,,,nasdaq,https://api.nasdaq.com/api/screener/etf?download=true,True,,,
CEFZ,CEFZ,Elevation Series Trust RiverNorth Active Income ETF,,,,,,,,,,nasdaq,https://api.nasdaq.com/api/screener/etf?download=true,True,,,
CEGX,CEGX,Tradr 2X Long CEG Daily ETF,,,,,,,,,,nasdaq,https://api.nasdaq.com/api/screener/etf?download=true,True,,,
CEMB,CEMB,iShares J.P. Morgan EM Corporate Bond ETF,,,,,,,,,,nasdaq,https://api.nasdaq.com/api/screener/etf?download=true,True,,,
CEPI,CEPI,REX Crypto Equity Premium Income ETF,,,,,,,,,,nasdaq,https://api.nasdaq.com/api/screener/etf?download=true,True,,,
CERY,CERY,State Street SPDR Bloomberg Enhanced Roll Yield Commodity Stra,,,,,,,,,,nasdaq,https://api.nasdaq.com/api/screener/etf?download=true,True,,,
CEW,CEW,WisdomTree Emerging Currency Strategy Fund,,,,,,,,,,nasdaq,https://api.nasdaq.com/api/screener/etf?download=true,True,,,
CFA,CFA,VictoryShares US 500 Volatility Wtd ETF,,,,,,,,,,nasdaq,https://api.nasdaq.com/api/screener/etf?download=true,True,,,
CFIT,CFIT,Cambria ETF Trust Cambria Fixed Income Trend ETF,,,,,,,,,,nasdaq,https://api.nasdaq.com/api/screener/etf?download=true,True,,,
CFO,CFO,VictoryShares US 500 Enhanced Volatility Wtd ETF,,,,,,,,,,nasdaq,https://api.nasdaq.com/api/screener/etf?download=true,True,,,
CGBL,CGBL,Capital Group Core Balanced ETF,,,,,,,,,,nasdaq,https://api.nasdaq.com/api/screener/etf?download=true,True,,,
CGCB,CGCB,Capital Group Core Bond ETF,,,,,,,,,,nasdaq,https://api.nasdaq.com/api/screener/etf?download=true,True,,,
CGCP,CGCP,Capital Group Core Plus Income ETF,,,,,,,,,,nasdaq,https://api.nasdaq.com/api/screener/etf?download=true,True,,,
CGCV,CGCV,Capital Group Conservative Equity ETF,,,,,,,,,,nasdaq,https://api.nasdaq.com/api/screener/etf?download=true,True,,,
CGDG,CGDG,Capital Group Dividend Growers ETF,,,,,,,,,,nasdaq,https://api.nasdaq.com/api/screener/etf?download=true,True,,,
CGDV,CGDV,Capital Group Dividend Value ETF,,,,,,,,,,nasdaq,https://api.nasdaq.com/api/screener/etf?download=true,True,,,
CGGE,CGGE,Capital Group Global Equity ETF,,,,,,,,,,nasdaq,https://api.nasdaq.com/api/screener/etf?download=true,True,,,
CGGG,CGGG,Capital Group Equity ETF Trust I Capital Group U.S. Large Grow,,,,,,,,,,nasdaq,https://api.nasdaq.com/api/screener/etf?download=true,True,,,
CGGO,CGGO,Capital Group Global Growth Equity ETF,,,,,,,,,,nasdaq,https://api.nasdaq.com/api/screener/etf?download=true,True,,,
CGGR,CGGR,Capital Group Growth ETF,,,,,,,,,,nasdaq,https://api.nasdaq.com/api/screener/etf?download=true,True,,,
CGHM,CGHM,Capital Group Municipal High-Income ETF,,,,,,,,,,nasdaq,https://api.nasdaq.com/api/screener/etf?download=true,True,,,
CGHY,CGHY,Capital Group Fixed Income ETF Trust Capital Group High Yield ,,,,,,,,,,nasdaq,https://api.nasdaq.com/api/screener/etf?download=true,True,,,
CGIB,CGIB,Capital Group International Bond ETF (USD-Hedged),,,,,,,,,,nasdaq,https://api.nasdaq.com/api/screener/etf?download=true,True,,,
CGIC,CGIC,Capital Group International Core Equity ETF,,,,,,,,,,nasdaq,https://api.nasdaq.com/api/screener/etf?download=true,True,,,
CGIE,CGIE,Capital Group International Equity ETF,,,,,,,,,,nasdaq,https://api.nasdaq.com/api/screener/etf?download=true,True,,,
CGMM,CGMM,Capital Group Equity ETF Trust I Capital Group U.S. Small and ,,,,,,,,,,nasdaq,https://api.nasdaq.com/api/screener/etf?download=true,True,,,
CGMS,CGMS,Capital Group U.S. Multi-Sector Income ETF,,,,,,,,,,nasdaq,https://api.nasdaq.com/api/screener/etf?download=true,True,,,
CGMU,CGMU,Capital Group Municipal Income ETF,,,,,,,,,,nasdaq,https://api.nasdaq.com/api/screener/etf?download=true,True,,,
CGNG,CGNG,Capital Group New Geography Equity ETF,,,,,,,,,,nasdaq,https://api.nasdaq.com/api/screener/etf?download=true,True,,,
CGRO,CGRO,Tidal Trust II CoreValues Alpha Greater China Growth ETF,,,,,,,,,,nasdaq,https://api.nasdaq.com/api/screener/etf?download=true,True,,,
CGSD,CGSD,Capital Group Short Duration Income ETF,,,,,,,,,,nasdaq,https://api.nasdaq.com/api/screener/etf?download=true,True,,,
CGSM,CGSM,Capital Group Short Duration Municipal Income ETF,,,,,,,,,,nasdaq,https://api.nasdaq.com/api/screener/etf?download=true,True,,,
CGUI,CGUI,Capital Group Ultra Short Income ETF,,,,,,,,,,nasdaq,https://api.nasdaq.com/api/screener/etf?download=true,True,,,
CGUS,CGUS,Capital Group Core Equity ETF,,,,,,,,,,nasdaq,https://api.nasdaq.com/api/screener/etf?download=true,True,,,
CGV,CGV,Two Roads Shared Trust Conductor Global Equity Value ETF,,,,,,,,,,nasdaq,https://api.nasdaq.com/api/screener/etf?download=true,True,,,
CGVV,CGVV,Capital Group Equity ETF Trust I Capital Group U.S. Large Valu,,,,,,,,,,nasdaq,https://api.nasdaq.com/api/screener/etf?download=true,True,,,
CGW,CGW,Invesco S&P Global Water Index ETF,,,,,,,,,,nasdaq,https://api.nasdaq.com/api/screener/etf?download=true,True,,,
CGXU,CGXU,Capital Group International Focus Equity ETF,,,,,,,,,,nasdaq,https://api.nasdaq.com/api/screener/etf?download=true,True,,,
CHAT,CHAT,Roundhill Generative AI & Technology ETF,,,,,,,,,,nasdaq,https://api.nasdaq.com/api/screener/etf?download=true,True,,,
CHAU,CHAU,Direxion Daily CSI 300 China A Share Bull 2X ETF,,,,,,,,,,nasdaq,https://api.nasdaq.com/api/screener/etf?download=true,True,,,
CHGX,CHGX,Stance Sustainable Beta ETF,,,,,,,,,,nasdaq,https://api.nasdaq.com/api/screener/etf?download=true,True,,,
CHIQ,CHIQ,Global X MSCI China Consumer Discretionary ETF,,,,,,,,,,nasdaq,https://api.nasdaq.com/api/screener/etf?download=true,True,,,
CHNU,CHNU,Volatility Shares Trust 2x Chainlink ETF,,,,,,,,,,nasdaq,https://api.nasdaq.com/api/screener/etf?download=true,True,,,
CHPS,CHPS,Xtrackers Semiconductor Select Equity ETF,,,,,,,,,,nasdaq,https://api.nasdaq.com/api/screener/etf?download=true,True,,,
CHPX,CHPX,Global X AI Semiconductor & Quantum ETF,,,,,,,,,,nasdaq,https://api.nasdaq.com/api/screener/etf?download=true,True,,,
CHPY,CHPY,Tidal Trust II YieldMax Semiconductor Portfolio Option Income ,,,,,,,,,,nasdaq,https://api.nasdaq.com/api/screener/etf?download=true,True,,,
CHRI,CHRI,Global X S&P 500 Christian Values ETF,,,,,,,,,,nasdaq,https://api.nasdaq.com/api/screener/etf?download=true,True,,,
CIBR,CIBR,First Trust Nasdaq Cybersecurity ETF,,,,,,,,,,nasdaq,https://api.nasdaq.com/api/screener/etf?download=true,True,,,
CIFG,CIFG,Leverage Shares 2X Long CIFR Daily ETF,,,,,,,,,,nasdaq,https://api.nasdaq.com/api/screener/etf?download=true,True,,,
CLCG,CLCG,Crossmark ETF Trust Crossmark Large Cap Growth ETF,,,,,,,,,,nasdaq,https://api.nasdaq.com/api/screener/etf?download=true,True,,,
CLCV,CLCV,Crossmark ETF Trust Crossmark Large Cap Value ETF,,,,,,,,,,nasdaq,https://api.nasdaq.com/api/screener/etf?download=true,True,,,
CLIP,CLIP,Global X Funds Global X 1-3 Month T-Bill ETF,,,,,,,,,,nasdaq,https://api.nasdaq.com/api/screener/etf?download=true,True,,,
CLIX,CLIX,ProShares Long Online/Short Stores ETF,,,,,,,,,,nasdaq,https://api.nasdaq.com/api/screener/etf?download=true,True,,,
CLOA,CLOA,iShares AAA CLO Active ETF,,,,,,,,,,nasdaq,https://api.nasdaq.com/api/screener/etf?download=true,True,,,
CLOB,CLOB,VanEck ETF Trust VanEck AA-BB CLO ETF,,,,,,,,,,nasdaq,https://api.nasdaq.com/api/screener/etf?download=true,True,,,
CLOC,CLOC,ETF Series Solutions AAM Crescent CLO ETF,,,,,,,,,,nasdaq,https://api.nasdaq.com/api/screener/etf?download=true,True,,,
CLOD,CLOD,Themes Cloud Computing ETF,,,,,,,,,,nasdaq,https://api.nasdaq.com/api/screener/etf?download=true,True,,,
CLOI,CLOI,VanEck ETF Trust VanEck CLO ETF,,,,,,,,,,nasdaq,https://api.nasdaq.com/api/screener/etf?download=true,True,,,
CLOU,CLOU,Global X Cloud Computing ETF,,,,,,,,,,nasdaq,https://api.nasdaq.com/api/screener/etf?download=true,True,,,
CLOX,CLOX,Eldridge AAA CLO ETF,,,,,,,,,,nasdaq,https://api.nasdaq.com/api/screener/etf?download=true,True,,,
CLOZ,CLOZ,Eldridge BBB-B CLO ETF,,,,,,,,,,nasdaq,https://api.nasdaq.com/api/screener/etf?download=true,True,,,
CLSE,CLSE,Trust for Professional Managers Convergence Long/Short Equity ,,,,,,,,,,nasdaq,https://api.nasdaq.com/api/screener/etf?download=true,True,,,
CLSM,CLSM,ETC Cabana Target Leading Sector Moderate ETF,,,,,,,,,,nasdaq,https://api.nasdaq.com/api/screener/etf?download=true,True,,,
CLSX,CLSX,Investment Managers Series Trust II Tradr 2X Long CLSK Daily E,,,,,,,,,,nasdaq,https://api.nasdaq.com/api/screener/etf?download=true,True,,,
CLSZ,CLSZ,Investment Managers Series Trust II Tradr 2X Short CLSK Daily ,,,,,,,,,,nasdaq,https://api.nasdaq.com/api/screener/etf?download=true,True,,,
CMBO,CMBO,Wayfinder Dynamic U.S. Interest Rate ETF,,,,,,,,,,nasdaq,https://api.nasdaq.com/api/screener/etf?download=true,True,,,
CMBS,CMBS,iShares CMBS Bond ETF,,,,,,,,,,nasdaq,https://api.nasdaq.com/api/screener/etf?download=true,True,,,
CMCI,CMCI,VanEck ETF Trust VanEck CMCI Commodity Strategy ETF,,,,,,,,,,nasdaq,https://api.nasdaq.com/api/screener/etf?download=true,True,,,
CMDT,CMDT,PIMCO U.S. Treasury Index Fund PIMCO Commodity Strategy Active,,,,,,,,,,nasdaq,https://api.nasdaq.com/api/screener/etf?download=true,True,,,
CMDY,CMDY,iShares Bloomberg Roll Select Commodity Strategy ETF,,,,,,,,,,nasdaq,https://api.nasdaq.com/api/screener/etf?download=true,True,,,
CMF,CMF,iShares California Muni Bond ETF,,,,,,,,,,nasdaq,https://api.nasdaq.com/api/screener/etf?download=true,True,,,
CMGG,CMGG,Leverage Shares 2x Long CMG Daily ETF,,,,,,,,,,nasdaq,https://api.nasdaq.com/api/screener/etf?download=true,True,,,
CNAV,CNAV,Collaborative Investment Series Trust Mohr Company Nav ETF,,,,,,,,,,nasdaq,https://api.nasdaq.com/api/screener/etf?download=true,True,,,
CNBS,CNBS,Amplify Seymour Cannabis ETF,,,,,,,,,,nasdaq,https://api.nasdaq.com/api/screener/etf?download=true,True,,,
CNCG,CNCG,Leverage Shares 2X Long CNC Daily ETF,,,,,,,,,,nasdaq,https://api.nasdaq.com/api/screener/etf?download=true,True,,,
CNEQ,CNEQ,The Alger ETF Trust Alger Concentrated Equity ETF,,,,,,,,,,nasdaq,https://api.nasdaq.com/api/screener/etf?download=true,True,,,
CNQQ,CNQQ,Rayliant-ChinaAMC Transformative China Tech ETF,,,,,,,,,,nasdaq,https://api.nasdaq.com/api/screener/etf?download=true,True,,,
CNRG,CNRG,State Street SPDR S&P Kensho Clean Power ETF,,,,,,,,,,nasdaq,https://api.nasdaq.com/api/screener/etf?download=true,True,,,
CNXT,CNXT,VanEck ChiNext Innovators ETF,,,,,,,,,,nasdaq,https://api.nasdaq.com/api/screener/etf?download=true,True,,,
CNYA,CNYA,iShares MSCI China A ETF,,,,,,,,,,nasdaq,https://api.nasdaq.com/api/screener/etf?download=true,True,,,
COAL,COAL,Exchange Traded Concepts Trust Range Global Coal Index ETF,,,,,,,,,,nasdaq,https://api.nasdaq.com/api/screener/etf?download=true,True,,,
COHX,COHX,Investment Managers Series Trust II Tradr 2X Long COHR Daily E,,,,,,,,,,nasdaq,https://api.nasdaq.com/api/screener/etf?download=true,True,,,
COIG,COIG,Leverage Shares 2X Long COIN Daily ETF,,,,,,,,,,nasdaq,https://api.nasdaq.com/api/screener/etf?download=true,True,,,
COII,COII,REX COIN Growth & Income ETF,,,,,,,,,,nasdaq,https://api.nasdaq.com/api/screener/etf?download=true,True,,,
COIO,COIO,Themes ETF Trust Leverage Shares 2x Capped Accelerated COIN Mo,,,,,,,,,,nasdaq,https://api.nasdaq.com/api/screener/etf?download=true,True,,,
COIW,COIW,Roundhill ETF Trust Roundhill COIN WeeklyPay ETF,,,,,,,,,,nasdaq,https://api.nasdaq.com/api/screener/etf?download=true,True,,,
COLO,COLO,Global X MSCI Colombia ETF,,,,,,,,,,nasdaq,https://api.nasdaq.com/api/screener/etf?download=true,True,,,
COM,COM,Direxion Auspice Broad Commodity Strategy ETF,,,,,,,,,,nasdaq,https://api.nasdaq.com/api/screener/etf?download=true,True,,,
COMB,COMB,GraniteShares Bloomberg Commodity Broad Strategy No K-1 ETF,,,,,,,,,,nasdaq,https://api.nasdaq.com/api/screener/etf?download=true,True,,,
COMT,COMT,iShares GSCI Commodity Dynamic Roll Strategy ETF,,,,,,,,,,nasdaq,https://api.nasdaq.com/api/screener/etf?download=true,True,,,
CONI,CONI,GraniteShares 2x Short COIN Daily ETF,,,,,,,,,,nasdaq,https://api.nasdaq.com/api/screener/etf?download=true,True,,,
CONL,CONL,GraniteShares 2x Long COIN Daily ETF,,,,,,,,,,nasdaq,https://api.nasdaq.com/api/screener/etf?download=true,True,,,
CONX,CONX,Direxion Daily COIN Bull 2X ETF,,,,,,,,,,nasdaq,https://api.nasdaq.com/api/screener/etf?download=true,True,,,
CONY,CONY,Tidal ETF Trust II YieldMax COIN Option Income Strategy ETF,,,,,,,,,,nasdaq,https://api.nasdaq.com/api/screener/etf?download=true,True,,,
COPA,COPA,Themes ETF Trust Themes Copper Miners ETF,,,,,,,,,,nasdaq,https://api.nasdaq.com/api/screener/etf?download=true,True,,,
COPJ,COPJ,Sprott Junior Copper Miners ETF,,,,,,,,,,nasdaq,https://api.nasdaq.com/api/screener/etf?download=true,True,,,
COPP,COPP,Sprott Copper Miners ETF,,,,,,,,,,nasdaq,https://api.nasdaq.com/api/screener/etf?download=true,True,,,
COPX,COPX,Global X Copper Miners ETF,,,,,,,,,,nasdaq,https://api.nasdaq.com/api/screener/etf?download=true,True,,,
COPY,COPY,The RBB Fund Trust Tweedy Browne Insider + Value ETF,,,,,,,,,,nasdaq,https://api.nasdaq.com/api/screener/etf?download=true,True,,,
CORD,CORD,ETF Opportunities Trust T-REX 2X Inverse CRWV Daily Target ETF,,,,,,,,,,nasdaq,https://api.nasdaq.com/api/screener/etf?download=true,True,,,
CORN,CORN,Teucrium Corn Fund ETV,0001471824,,,NYSE,,,,,,nasdaq,https://api.nasdaq.com/api/screener/etf?download=true,True,,,
CORO,CORO,iShares International Country Rotation Active ETF,,,,,,,,,,nasdaq,https://api.nasdaq.com/api/screener/etf?download=true,True,,,
CORP,CORP,Pimco Investment Grade Corporate Bond Index Exchange-Traded Fu,,,,,,,,,,nasdaq,https://api.nasdaq.com/api/screener/etf?download=true,True,,,
COTG,COTG,Leverage Shares 2X Long COST Daily ETF,,,,,,,,,,nasdaq,https://api.nasdaq.com/api/screener/etf?download=true,True,,,
COWG,COWG,Pacer US Large Cap Cash Cows Growth Leaders ETF,,,,,,,,,,nasdaq,https://api.nasdaq.com/api/screener/etf?download=true,True,,,
COWS,COWS,Amplify Cash Flow Dividend Leaders ETF,,,,,,,,,,nasdaq,https://api.nasdaq.com/api/screener/etf?download=true,True,,,
COWZ,COWZ,Pacer US Cash Cows 100 ETF,,,,,,,,,,nasdaq,https://api.nasdaq.com/api/screener/etf?download=true,True,,,
COYY,COYY,GraniteShares YieldBOOST COIN ETF,,,,,,,,,,nasdaq,https://api.nasdaq.com/api/screener/etf?download=true,True,,,
COZX,COZX,Investment Managers Series Trust II Tradr 2X Long CORZ Daily E,,,,,,,,,,nasdaq,https://api.nasdaq.com/api/screener/etf?download=true,True,,,
CPAG,CPAG,F/m Compoundr U.S. Aggregate Bond ETF,,,,,,,,,,nasdaq,https://api.nasdaq.com/api/screener/etf?download=true,True,,,
CPAI,CPAI,Northern Lights Fund Trust III Counterpoint Quantitative Equit,,,,,,,,,,nasdaq,https://api.nasdaq.com/api/screener/etf?download=true,True,,,
CPER,CPER,United States Copper Index Fund ETV,0001479247,,,NYSE,,,,,,nasdaq,https://api.nasdaq.com/api/screener/etf?download=true,True,,,
CPHY,CPHY,F/m Compoundr High Yield Bond ETF,,,,,,,,,,nasdaq,https://api.nasdaq.com/api/screener/etf?download=true,True,,,
CPII,CPII,American Beacon Select Funds American Beacon Ionic Inflation P,,,,,,,,,,nasdaq,https://api.nasdaq.com/api/screener/etf?download=true,True,,,
CPLB,CPLB,NYLI MacKay Core Plus Bond ETF,,,,,,,,,,nasdaq,https://api.nasdaq.com/api/screener/etf?download=true,True,,,
CPLS,CPLS,AB Core Plus Bond ETF,,,,,,,,,,nasdaq,https://api.nasdaq.com/api/screener/etf?download=true,True,,,
CPNJ,CPNJ,Calamos ETF Trust Calamos Nasdaq - 100 Structured Alt Protecti,,,,,,,,,,nasdaq,https://api.nasdaq.com/api/screener/etf?download=true,True,,,
CPNM,CPNM,Calamos ETF Trust Calamos Nasdaq-100 Structured Alt Protection,,,,,,,,,,nasdaq,https://api.nasdaq.com/api/screener/etf?download=true,True,,,
CPNQ,CPNQ,Calamos ETF Trust Calamos Nasdaq-100 Structured Alt Protection,,,,,,,,,,nasdaq,https://api.nasdaq.com/api/screener/etf?download=true,True,,,
CPNS,CPNS,Calamos ETF Trust Calamos Nasdaq-100 Structured Alt Protection,,,,,,,,,,nasdaq,https://api.nasdaq.com/api/screener/etf?download=true,True,,,
CPRA,CPRA,Calamos ETF Trust Calamos Russell 2000 Structured Alt Protecti,,,,,,,,,,nasdaq,https://api.nasdaq.com/api/screener/etf?download=true,True,,,
CPRJ,CPRJ,Calamos ETF Trust Calamos Russell 2000 Structured Alt Protecti,,,,,,,,,,nasdaq,https://api.nasdaq.com/api/screener/etf?download=true,True,,,
CPRO,CPRO,Calamos ETF Trust Calamos Russell 2000 Structured Alt Protecti,,,,,,,,,,nasdaq,https://api.nasdaq.com/api/screener/etf?download=true,True,,,
CPRY,CPRY,Calamos ETF Trust Calamos Russell 2000 Structured Alt Protecti,,,,,,,,,,nasdaq,https://api.nasdaq.com/api/screener/etf?download=true,True,,,
CPSA,CPSA,Calamos ETF Trust Calamos S&P 500 Structured Alt Protection ET,,,,,,,,,,nasdaq,https://api.nasdaq.com/api/screener/etf?download=true,True,,,
CPSD,CPSD,Calamos ETF Trust Calamos S&P 500 Structured Alt Protection ET,,,,,,,,,,nasdaq,https://api.nasdaq.com/api/screener/etf?download=true,True,,,
CPSF,CPSF,Calamos ETF Trust Calamos S&P 500 Structured Alt Protection ET,,,,,,,,,,nasdaq,https://api.nasdaq.com/api/screener/etf?download=true,True,,,
CPSJ,CPSJ,Calamos ETF Trust Calamos S&P 500 Structured Alt Protection ET,,,,,,,,,,nasdaq,https://api.nasdaq.com/api/screener/etf?download=true,True,,,
CPSM,CPSM,Calamos ETF Trust Calamos S&P 500 Structured Alt Protection ET,,,,,,,,,,nasdaq,https://api.nasdaq.com/api/screener/etf?download=true,True,,,
CPSN,CPSN,Calamos ETF Trust Calamos S&P 500 Structured Alt Protection ET,,,,,,,,,,nasdaq,https://api.nasdaq.com/api/screener/etf?download=true,True,,,
CPSO,CPSO,Calamos ETF Trust Calamos S&P 500 Structured Alt Protection ET,,,,,,,,,,nasdaq,https://api.nasdaq.com/api/screener/etf?download=true,True,,,
CPSP,CPSP,Calamos ETF Trust Calamos S&P 500 Structured Alt Protection ET,,,,,,,,,,nasdaq,https://api.nasdaq.com/api/screener/etf?download=true,True,,,
CPSR,CPSR,Calamos ETF Trust Calamos S&P 500 Structured Alt Protection ET,,,,,,,,,,nasdaq,https://api.nasdaq.com/api/screener/etf?download=true,True,,,
CPST,CPST,Calamos ETF Trust Calamos S&P 500 Structured Alt Protection ET,,,,,,,,,,nasdaq,https://api.nasdaq.com/api/screener/etf?download=true,True,,,
CPSU,CPSU,Calamos ETF Trust Calamos S&P 500 Structured Alt Protection ET,,,,,,,,,,nasdaq,https://api.nasdaq.com/api/screener/etf?download=true,True,,,
CPSY,CPSY,Calamos ETF Trust Calamos S&P 500 Structured Alt Protection ET,,,,,,,,,,nasdaq,https://api.nasdaq.com/api/screener/etf?download=true,True,,,
CPXR,CPXR,Tidal Trust III USCF Daily Target 2X Copper Index ETF,,,,,,,,,,nasdaq,https://api.nasdaq.com/api/screener/etf?download=true,True,,,
CQQQ,CQQQ,Invesco China Technology ETF,,,,,,,,,,nasdaq,https://api.nasdaq.com/api/screener/etf?download=true,True,,,
CRAK,CRAK,VanEck Oil Refiners ETF,,,,,,,,,,nasdaq,https://api.nasdaq.com/api/screener/etf?download=true,True,,,
CRBN,CRBN,iShares Low Carbon Optimized MSCI ACWI ETF,,,,,,,,,,nasdaq,https://api.nasdaq.com/api/screener/etf?download=true,True,,,
CRCD,CRCD,ETF Opportunities Trust T-REX 2X Inverse CRCL Daily Target ETF,,,,,,,,,,nasdaq,https://api.nasdaq.com/api/screener/etf?download=true,True,,,
CRCG,CRCG,Leverage Shares 2X Long CRCL Daily ETF,,,,,,,,,,nasdaq,https://api.nasdaq.com/api/screener/etf?download=true,True,,,
CRCO,CRCO,Tidal Trust II YieldMax CRCL Option Income Strategy ETF,,,,,,,,,,nasdaq,https://api.nasdaq.com/api/screener/etf?download=true,True,,,
CRDT,CRDT,Simplify Exchange Traded Funds Simplify Opportunistic Income E,,,,,,,,,,nasdaq,https://api.nasdaq.com/api/screener/etf?download=true,True,,,
CRDU,CRDU,Investment Managers Series Trust II Tradr 2X Long CRDO Daily E,,,,,,,,,,nasdaq,https://api.nasdaq.com/api/screener/etf?download=true,True,,,
CRED,CRED,Columbia Research Enhanced Real Estate ETF,,,,,,,,,,nasdaq,https://api.nasdaq.com/api/screener/etf?download=true,True,,,
CRMG,CRMG,Leverage Shares 2X Long CRM Daily ETF,,,,,,,,,,nasdaq,https://api.nasdaq.com/api/screener/etf?download=true,True,,,
CRMU,CRMU,Leverage Shares 2x Long CRML Daily ETF,,,,,,,,,,nasdaq,https://api.nasdaq.com/api/screener/etf?download=true,True,,,
CRMX,CRMX,Investment Managers Series Trust II Tradr 2X Long CRML Daily E,,,,,,,,,,nasdaq,https://api.nasdaq.com/api/screener/etf?download=true,True,,,
CRPT,CRPT,First Trust SkyBridge Crypto Industry and Digital Economy ETF,,,,,,,,,,nasdaq,https://api.nasdaq.com/api/screener/etf?download=true,True,,,
GIAX,GIAX,Tidal Trust II Nicholas Global Equity and Income ETF,,,,,,,,,,nasdaq,https://api.nasdaq.com/api/screener/etf?download=true,True,,,
GIGB,GIGB,Goldman Sachs Access Investment Grade Corporate Bond ETF,,,,,,,,,,nasdaq,https://api.nasdaq.com/api/screener/etf?download=true,True,,,
GIGL,GIGL,Goldman Sachs ETF Trust Goldman Sachs Corporate Bond ETF,,,,,,,,,,nasdaq,https://api.nasdaq.com/api/screener/etf?download=true,True,,,
GII,GII,State Street SPDR S&P Global Infrastructure ETF,,,,,,,,,,nasdaq,https://api.nasdaq.com/api/screener/etf?download=true,True,,,
GIND,GIND,Goldman Sachs India Equity ETF,,,,,,,,,,nasdaq,https://api.nasdaq.com/api/screener/etf?download=true,True,,,
GINN,GINN,Goldman Sachs Innovate Equity ETF,,,,,,,,,,nasdaq,https://api.nasdaq.com/api/screener/etf?download=true,True,,,
GINX,GINX,SGI Enhanced Global Income ETF,,,,,,,,,,nasdaq,https://api.nasdaq.com/api/screener/etf?download=true,True,,,
GJAN,GJAN,FT Vest U.S. Equity Moderate Buffer ETF - January,,,,,,,,,,nasdaq,https://api.nasdaq.com/api/screener/etf?download=true,True,,,
GJUL,GJUL,FT Vest U.S. Equity Moderate Buffer ETF - July,,,,,,,,,,nasdaq,https://api.nasdaq.com/api/screener/etf?download=true,True,,,
GJUN,GJUN,FT Vest U.S. Equity Moderate Buffer ETF - June,,,,,,,,,,nasdaq,https://api.nasdaq.com/api/screener/etf?download=true,True,,,
GK,GK,AdvisorShares Gerber Kawasaki ETF,,,,,,,,,,nasdaq,https://api.nasdaq.com/api/screener/etf?download=true,True,,,
GKAT,GKAT,Scharf Global Opportunity ETF,,,,,,,,,,nasdaq,https://api.nasdaq.com/api/screener/etf?download=true,True,,,
GLBL,GLBL,Pacer Funds Trust Pacer MSCI World Industry Advantage ETF,,,,,,,,,,nasdaq,https://api.nasdaq.com/api/screener/etf?download=true,True,,,
GLCR,GLCR,GlacierShares Nasdaq Iceland ETF,,,,,,,,,,nasdaq,https://api.nasdaq.com/api/screener/etf?download=true,True,,,
GLD,GLD,SPDR Gold Shares,0001222333,,,NYSE,,,,,,nasdaq,https://api.nasdaq.com/api/screener/etf?download=true,True,,,
GLDI,GLDI,X-Links Gold Shares Covered Call ETN,0001053092,,,Nasdaq,,,,,,nasdaq,https://api.nasdaq.com/api/screener/etf?download=true,True,,,
GLDM,GLDM,SPDR Gold MiniShares Trust,0001618181,,,NYSE,,,,,,nasdaq,https://api.nasdaq.com/api/screener/etf?download=true,True,,,
GLDY,GLDY,Defiance Gold Enhanced Options Income ETF,,,,,,,,,,nasdaq,https://api.nasdaq.com/api/screener/etf?download=true,True,,,
GLGG,GLGG,Leverage Shares 2X Long GLXY Daily ETF,,,,,,,,,,nasdaq,https://api.nasdaq.com/api/screener/etf?download=true,True,,,
GLIN,GLIN,VanEck India Growth Leaders ETF,,,,,,,,,,nasdaq,https://api.nasdaq.com/api/screener/etf?download=true,True,,,
GLL,GLL,ProShares UltraShort Gold,0001415311,,,NYSE,,,,,,nasdaq,https://api.nasdaq.com/api/screener/etf?download=true,True,,,
GLNK,GLNK,Grayscale Chainlink Trust ETF Grayscale Chainlink Trust ETF,0001852025,,,NYSE,,,,,,nasdaq,https://api.nasdaq.com/api/screener/etf?download=true,True,,,
GLOF,GLOF,iShares Global Equity Factor ETF,,,,,,,,,,nasdaq,https://api.nasdaq.com/api/screener/etf?download=true,True,,,
GLOW,GLOW,VictoryShares WestEnd Global Equity ETF,,,,,,,,,,nasdaq,https://api.nasdaq.com/api/screener/etf?download=true,True,,,
GLRY,GLRY,Inspire Growth ETF,,,,,,,,,,nasdaq,https://api.nasdaq.com/api/screener/etf?download=true,True,,,
GLTR,GLTR,abrdn Physical Precious Metals Basket Shares ETF,0001483386,,,NYSE,,,,,,nasdaq,https://api.nasdaq.com/api/screener/etf?download=true,True,,,
GLWG,GLWG,Leverage Shares 2X Long GLW Daily ETF,,,,,,,,,,nasdaq,https://api.nasdaq.com/api/screener/etf?download=true,True,,,
GLXU,GLXU,ETF Opportunities Trust T-REX 2X Long GLXY Daily Target ETF,,,,,,,,,,nasdaq,https://api.nasdaq.com/api/screener/etf?download=true,True,,,
GMAR,GMAR,FT Vest U.S. Equity Moderate Buffer ETF - March,,,,,,,,,,nasdaq,https://api.nasdaq.com/api/screener/etf?download=true,True,,,
GMAY,GMAY,FT Vest U.S. Equity Moderate Buffer ETF - May,,,,,,,,,,nasdaq,https://api.nasdaq.com/api/screener/etf?download=true,True,,,
GMEU,GMEU,ETF Opp Tr T-REX 2X Long GME Daily Target ETF,,,,,,,,,,nasdaq,https://api.nasdaq.com/api/screener/etf?download=true,True,,,
GMEY,GMEY,Tidal Trust II YieldMax GME Option Income Strategy ETF,,,,,,,,,,nasdaq,https://api.nasdaq.com/api/screener/etf?download=true,True,,,
GMF,GMF,State Street SPDR S&P Emerging Asia Pacific ETF,,,,,,,,,,nasdaq,https://api.nasdaq.com/api/screener/etf?download=true,True,,,
GMMA,GMMA,Tidal Trust III GammaRoad Market Navigation ETF,,,,,,,,,,nasdaq,https://api.nasdaq.com/api/screener/etf?download=true,True,,,
GMMF,GMMF,BlackRock ETF Trust iShares Government Money Market ETF,,,,,,,,,,nasdaq,https://api.nasdaq.com/api/screener/etf?download=true,True,,,
GMNY,GMNY,Goldman Sachs ETF Trust Goldman Sachs Dynamic New York Municip,,,,,,,,,,nasdaq,https://api.nasdaq.com/api/screener/etf?download=true,True,,,
GMOI,GMOI,The 2023 ETF Series Trust II GMO International Value ETF,,,,,,,,,,nasdaq,https://api.nasdaq.com/api/screener/etf?download=true,True,,,
GMOM,GMOM,Cambria Global Momentum ETF,,,,,,,,,,nasdaq,https://api.nasdaq.com/api/screener/etf?download=true,True,,,
GMOV,GMOV,The 2023 ETF Series Trust II GMO US Value ETF,,,,,,,,,,nasdaq,https://api.nasdaq.com/api/screener/etf?download=true,True,,,
GMUB,GMUB,Goldman Sachs ETF Trust Goldman Sachs Municipal Income ETF,,,,,,,,,,nasdaq,https://api.nasdaq.com/api/screener/etf?download=true,True,,,
GMUN,GMUN,Goldman Sachs Access Municipal Bond ETF,,,,,,,,,,nasdaq,https://api.nasdaq.com/api/screener/etf?download=true,True,,,
GNMA,GNMA,iShares GNMA Bond ETF,,,,,,,,,,nasdaq,https://api.nasdaq.com/api/screener/etf?download=true,True,,,
GNOM,GNOM,Global X Genomics & Biotechnology ETF,,,,,,,,,,nasdaq,https://api.nasdaq.com/api/screener/etf?download=true,True,,,
GNOV,GNOV,FT Vest U.S. Equity Moderate Buffer ETF - November,,,,,,,,,,nasdaq,https://api.nasdaq.com/api/screener/etf?download=true,True,,,
GNR,GNR,State Street SPDR S&P Global Natural Resources ETF,,,,,,,,,,nasdaq,https://api.nasdaq.com/api/screener/etf?download=true,True,,,
GOAU,GOAU,US Global GO Gold and Precious Metal Miners ETF,,,,,,,,,,nasdaq,https://api.nasdaq.com/api/screener/etf?download=true,True,,,
GOCT,GOCT,FT Vest U.S. Equity Moderate Buffer ETF - October,,,,,,,,,,nasdaq,https://api.nasdaq.com/api/screener/etf?download=true,True,,,
GOEX,GOEX,Global X Gold Explorers ETF,,,,,,,,,,nasdaq,https://api.nasdaq.com/api/screener/etf?download=true,True,,,
GOLY,GOLY,Strategy Shares Gold Enhanced Yield ETF,,,,,,,,,,nasdaq,https://api.nasdaq.com/api/screener/etf?download=true,True,,,
GOOP,GOOP,Kurv Yield Premium Strategy Google (GOOGL) ETF,,,,,,,,,,nasdaq,https://api.nasdaq.com/api/screener/etf?download=true,True,,,
GOOW,GOOW,Roundhill ETF Trust Roundhill GOOGL WeeklyPay ETF,,,,,,,,,,nasdaq,https://api.nasdaq.com/api/screener/etf?download=true,True,,,
GOOX,GOOX,ETF Opportunities Trust T-Rex 2X Long Alphabet Daily Target ET,,,,,,,,,,nasdaq,https://api.nasdaq.com/api/screener/etf?download=true,True,,,
GOOY,GOOY,Tidal ETF Trust II YieldMax GOOGL Option Income Strategy ETF,,,,,,,,,,nasdaq,https://api.nasdaq.com/api/screener/etf?download=true,True,,,
GOP,GOP,Unusual Whales Subversive Republican Trading ETF,,,,,,,,,,nasdaq,https://api.nasdaq.com/api/screener/etf?download=true,True,,,
GOU,GOU,GraniteShares 2x Long GOOGL Daily ETF,,,,,,,,,,nasdaq,https://api.nasdaq.com/api/screener/etf?download=true,True,,,
GOVI,GOVI,Invesco Equal Weight 0-30 Year Treasury ETF,,,,,,,,,,nasdaq,https://api.nasdaq.com/api/screener/etf?download=true,True,,,
GOVT,GOVT,iShares U.S. Treasury Bond ETF,,,,,,,,,,nasdaq,https://api.nasdaq.com/api/screener/etf?download=true,True,,,
GOVZ,GOVZ,iShares 25  Year Treasury STRIPS Bond ETF,,,,,,,,,,nasdaq,https://api.nasdaq.com/api/screener/etf?download=true,True,,,
GPIQ,GPIQ,Goldman Sachs Nasdaq-100 Premium Income ETF,,,,,,,,,,nasdaq,https://api.nasdaq.com/api/screener/etf?download=true,True,,,
GPIX,GPIX,Goldman Sachs S&P 500 Premium Income ETF,,,,,,,,,,nasdaq,https://api.nasdaq.com/api/screener/etf?download=true,True,,,
GPRF,GPRF,Goldman Sachs Access U.S. Preferred Stock and Hybrid Securitie,,,,,,,,,,nasdaq,https://api.nasdaq.com/api/screener/etf?download=true,True,,,
GPT,GPT,Intelligent Alpha Atlas ETF,,,,,,,,,,nasdaq,https://api.nasdaq.com/api/screener/etf?download=true,True,,,
GPTY,GPTY,Tidal Trust II YieldMax AI & Tech Portfolio Option Income ETF,,,,,,,,,,nasdaq,https://api.nasdaq.com/api/screener/etf?download=true,True,,,
GPZ,GPZ,VanEck ETF Trust VanEck Alternative Asset Manager ETF,,,,,,,,,,nasdaq,https://api.nasdaq.com/api/screener/etf?download=true,True,,,
GQGU,GQGU,The Advisors' Inner Circle Fund III GQG US Equity ETF,,,,,,,,,,nasdaq,https://api.nasdaq.com/api/screener/etf?download=true,True,,,
GQI,GQI,Natixis ETF Trust Natixis Gateway Quality Income ETF,,,,,,,,,,nasdaq,https://api.nasdaq.com/api/screener/etf?download=true,True,,,
GQQQ,GQQQ,Astoria US Quality Growth Kings ETF,,,,,,,,,,nasdaq,https://api.nasdaq.com/api/screener/etf?download=true,True,,,
GQRE,GQRE,FlexShares Global Quality Real Estate Index Fund,,,,,,,,,,nasdaq,https://api.nasdaq.com/api/screener/etf?download=true,True,,,
GRAG,GRAG,Leverage Shares 2X Long GRAB Daily ETF,,,,,,,,,,nasdaq,https://api.nasdaq.com/api/screener/etf?download=true,True,,,
GREK,GREK,Global X MSCI Greece ETF,,,,,,,,,,nasdaq,https://api.nasdaq.com/api/screener/etf?download=true,True,,,
GRID,GRID,First Trust NASDAQ Clean Edge Smart Grid Infrastructure Index ,,,,,,,,,,nasdaq,https://api.nasdaq.com/api/screener/etf?download=true,True,,,
GRIN,GRIN,VictoryShares International Free Cash Flow Growth ETF,,,,,,,,,,nasdaq,https://api.nasdaq.com/api/screener/etf?download=true,True,,,
GRN,GRN,iPath Global Carbon ETN,0000312070,,,NYSE,,,,,,nasdaq,https://api.nasdaq.com/api/screener/etf?download=true,True,,,
GRNB,GRNB,VanEck Green Bond ETF,,,,,,,,,,nasdaq,https://api.nasdaq.com/api/screener/etf?download=true,True,,,
GRNY,GRNY,Fundstrat Granny Shots US Large Cap ETF,,,,,,,,,,nasdaq,https://api.nasdaq.com/api/screener/etf?download=true,True,,,
GROZ,GROZ,Zacks Trust Zacks Focus Growth ETF,,,,,,,,,,nasdaq,https://api.nasdaq.com/api/screener/etf?download=true,True,,,
GRPM,GRPM,Invesco S&P MidCap 400 GARP ETF,,,,,,,,,,nasdaq,https://api.nasdaq.com/api/screener/etf?download=true,True,,,
GRPZ,GRPZ,Invesco Exchange-Traded Fund Trust II Invesco S&P SmallCap 600,,,,,,,,,,nasdaq,https://api.nasdaq.com/api/screener/etf?download=true,True,,,
GRW,GRW,TCW Durable Growth ETF,,,,,,,,,,nasdaq,https://api.nasdaq.com/api/screener/etf?download=true,True,,,
GSC,GSC,Goldman Sachs Small Cap Equity ETF,,,,,,,,,,nasdaq,https://api.nasdaq.com/api/screener/etf?download=true,True,,,
GSEE,GSEE,Goldman Sachs MarketBeta Emerging Markets Equity ETF,,,,,,,,,,nasdaq,https://api.nasdaq.com/api/screener/etf?download=true,True,,,
GSEP,GSEP,FT Vest U.S. Equity Moderate Buffer ETF - September,,,,,,,,,,nasdaq,https://api.nasdaq.com/api/screener/etf?download=true,True,,,
GSEU,GSEU,Goldman Sachs ActiveBeta Europe Equity ETF,,,,,,,,,,nasdaq,https://api.nasdaq.com/api/screener/etf?download=true,True,,,
GSEW,GSEW,Goldman Sachs Equal Weight U.S. Large Cap Equity ETF,,,,,,,,,,nasdaq,https://api.nasdaq.com/api/screener/etf?download=true,True,,,
GSG,GSG,iShares GSCI Commodity-Indexed Trust Fund,0001332174,,,NYSE,,,,,,nasdaq,https://api.nasdaq.com/api/screener/etf?download=true,True,,,
GSGO,GSGO,Goldman Sachs Growth Opportunities ETF,,,,,,,,,,nasdaq,https://api.nasdaq.com/api/screener/etf?download=true,True,,,
GSIB,GSIB,Themes Global Systemically Important Banks ETF,,,,,,,,,,nasdaq,https://api.nasdaq.com/api/screener/etf?download=true,True,,,
GSID,GSID,Goldman Sachs MarketBeta International Equity ETF,,,,,,,,,,nasdaq,https://api.nasdaq.com/api/screener/etf?download=true,True,,,
GSIE,GSIE,Goldman Sachs ActiveBeta International Equity ETF,,,,,,,,,,nasdaq,https://api.nasdaq.com/api/screener/etf?download=true,True,,,
GSIG,GSIG,Goldman Sachs Access Investment Grade Corporate 1-5 Year Bond ,,,,,,,,,,nasdaq,https://api.nasdaq.com/api/screener/etf?download=true,True,,,
GSJY,GSJY,Goldman Sachs ActiveBeta Japan Equity ETF,,,,,,,,,,nasdaq,https://api.nasdaq.com/api/screener/etf?download=true,True,,,
GSKH,GSKH,Precidian ETFs Trust GSK plc ADRhedged,,,,,,,,,,nasdaq,https://api.nasdaq.com/api/screener/etf?download=true,True,,,
GSLC,GSLC,Goldman Sachs ActiveBeta U.S. Large Cap Equity ETF,,,,,,,,,,nasdaq,https://api.nasdaq.com/api/screener/etf?download=true,True,,,
GSOL,GSOL,Grayscale Solana Staking ETF Shares,0001896677,,,NYSE,,,,,,nasdaq,https://api.nasdaq.com/api/screener/etf?download=true,True,,,
GSPY,GSPY,Gotham Enhanced 500 ETF,,,,,,,,,,nasdaq,https://api.nasdaq.com/api/screener/etf?download=true,True,,,
GSSC,GSSC,GS ActiveBeta U.S. Small Cap Equity ETF,,,,,,,,,,nasdaq,https://api.nasdaq.com/api/screener/etf?download=true,True,,,
GSST,GSST,Goldman Sachs Ultra Short Bond ETF,,,,,,,,,,nasdaq,https://api.nasdaq.com/api/screener/etf?download=true,True,,,
GSUI,GSUI,Grayscale Sui Staking ETF Common Units of Fractional Undivided,0002034012,,,NYSE,,,,,,nasdaq,https://api.nasdaq.com/api/screener/etf?download=true,True,,,
GSUS,GSUS,Goldman Sachs MarketBeta U.S. Equity ETF,,,,,,,,,,nasdaq,https://api.nasdaq.com/api/screener/etf?download=true,True,,,
GSWO,GSWO,Goldman Sachs ActiveBeta World Equity ETF,,,,,,,,,,nasdaq,https://api.nasdaq.com/api/screener/etf?download=true,True,,,
GSY,GSY,Invesco Ultra Short Duration ETF,,,,,,,,,,nasdaq,https://api.nasdaq.com/api/screener/etf?download=true,True,,,
GTEK,GTEK,Goldman Sachs Future Tech Leaders Equity ETF,,,,,,,,,,nasdaq,https://api.nasdaq.com/api/screener/etf?download=true,True,,,
GTIP,GTIP,Goldman Sachs Access Inflation Protected USD Bond ETF,,,,,,,,,,nasdaq,https://api.nasdaq.com/api/screener/etf?download=true,True,,,
GTO,GTO,Invesco Total Return Bond ETF,,,,,,,,,,nasdaq,https://api.nasdaq.com/api/screener/etf?download=true,True,,,
GTOC,GTOC,Invesco Core Fixed Income ETF,,,,,,,,,,nasdaq,https://api.nasdaq.com/api/screener/etf?download=true,True,,,
GTOP,GTOP,Goldman Sachs Technology Opportunities ETF,,,,,,,,,,nasdaq,https://api.nasdaq.com/api/screener/etf?download=true,True,,,
GTOQ,GTOQ,Invesco High Yield Systematic Bond ETF,,,,,,,,,,nasdaq,https://api.nasdaq.com/api/screener/etf?download=true,True,,,
GTOS,GTOS,Invesco Short Duration Total Return Bond ETF,,,,,,,,,,nasdaq,https://api.nasdaq.com/api/screener/etf?download=true,True,,,
GTPE,GTPE,Goldman Sachs MSCI World Private Equity Return Tracker ETF,,,,,,,,,,nasdaq,https://api.nasdaq.com/api/screener/etf?download=true,True,,,
GTR,GTR,WisdomTree Target Range Fund,,,,,,,,,,nasdaq,https://api.nasdaq.com/api/screener/etf?download=true,True,,,
GUMI,GUMI,Goldman Sachs ETF Trust Goldman Sachs Ultra Short Municipal In,,,,,,,,,,nasdaq,https://api.nasdaq.com/api/screener/etf?download=true,True,,,
GUNR,GUNR,FlexShares Global Upstream Natural Resources Index Fund ETF,,,,,,,,,,nasdaq,https://api.nasdaq.com/api/screener/etf?download=true,True,,,
GURU,GURU,Global X Guru Index ETF,,,,,,,,,,nasdaq,https://api.nasdaq.com/api/screener/etf?download=true,True,,,
GUSA,GUSA,Goldman Sachs ETF Trust II Goldman Sachs MarketBeta U.S. 1000 ,,,,,,,,,,nasdaq,https://api.nasdaq.com/api/screener/etf?download=true,True,,,
GUSE,GUSE,Goldman Sachs Enhanced U.S. Equity ETF,,,,,,,,,,nasdaq,https://api.nasdaq.com/api/screener/etf?download=true,True,,,
GUSH,GUSH,Direxion Daily S&P Oil & Gas Exp. & Prod. Bull 2X ETF,,,,,,,,,,nasdaq,https://api.nasdaq.com/api/screener/etf?download=true,True,,,
GVAL,GVAL,Cambria Global Value ETF,,,,,,,,,,nasdaq,https://api.nasdaq.com/api/screener/etf?download=true,True,,,
GVI,GVI,iShares Intermediate Government/Credit Bond ETF,,,,,,,,,,nasdaq,https://api.nasdaq.com/api/screener/etf?download=true,True,,,
GVIP,GVIP,Goldman Sachs Hedge Industry VIP ETF,,,,,,,,,,nasdaq,https://api.nasdaq.com/api/screener/etf?download=true,True,,,
GVLE,GVLE,Goldman Sachs Value Opportunities ETF,,,,,,,,,,nasdaq,https://api.nasdaq.com/api/screener/etf?download=true,True,,,
GVLU,GVLU,Gotham 1000 Value ETF,,,,,,,,,,nasdaq,https://api.nasdaq.com/api/screener/etf?download=true,True,,,
GVUS,GVUS,Goldman Sachs ETF Trust Goldman Sachs MarketBeta Russell 1000 ,,,,,,,,,,nasdaq,https://api.nasdaq.com/api/screener/etf?download=true,True,,,
GWX,GWX,State Street SPDR S&P International Small Cap ETF,,,,,,,,,,nasdaq,https://api.nasdaq.com/api/screener/etf?download=true,True,,,
GXC,GXC,State Street SPDR S&P China ETF,,,,,,,,,,nasdaq,https://api.nasdaq.com/api/screener/etf?download=true,True,,,
GXDW,GXDW,Global X Dorsey Wright Thematic ETF,,,,,,,,,,nasdaq,https://api.nasdaq.com/api/screener/etf?download=true,True,,,
GXIG,GXIG,Global X Funds Global X Investment Grade Corporate Bond ETF,,,,,,,,,,nasdaq,https://api.nasdaq.com/api/screener/etf?download=true,True,,,
GXLC,GXLC,Global X Funds Global X U.S. 500 ETF,,,,,,,,,,nasdaq,https://api.nasdaq.com/api/screener/etf?download=true,True,,,
GXPC,GXPC,Global X Funds Global X PureCap MSCI Communication Services ET,,,,,,,,,,nasdaq,https://api.nasdaq.com/api/screener/etf?download=true,True,,,
GXPD,GXPD,Global X Funds Global X PureCap MSCI Consumer Discretionary ET,,,,,,,,,,nasdaq,https://api.nasdaq.com/api/screener/etf?download=true,True,,,
GXPE,GXPE,Global X Funds Global X PureCap MSCI Energy ETF,,,,,,,,,,nasdaq,https://api.nasdaq.com/api/screener/etf?download=true,True,,,
GXPS,GXPS,Global X Funds Global X PureCap MSCI Consumer Staples ETF,,,,,,,,,,nasdaq,https://api.nasdaq.com/api/screener/etf?download=true,True,,,
GXPT,GXPT,Global X Funds Global X PureCap MSCI Information Technology ET,,,,,,,,,,nasdaq,https://api.nasdaq.com/api/screener/etf?download=true,True,,,
GXUS,GXUS,Goldman Sachs ETF Trust II Goldman Sachs MarketBeta Total Inte,,,,,,,,,,nasdaq,https://api.nasdaq.com/api/screener/etf?download=true,True,,,
GYLD,GYLD,Arrow Dow Jones Global Yield ETF ETF,,,,,,,,,,nasdaq,https://api.nasdaq.com/api/screener/etf?download=true,True,,,
HACK,HACK,Amplify ETF Trust Amplify Cybersecurity ETF,,,,,,,,,,nasdaq,https://api.nasdaq.com/api/screener/etf?download=true,True,,,
HAIL,HAIL,State Street SPDR S&P Kensho Smart Mobility ETF,,,,,,,,,,nasdaq,https://api.nasdaq.com/api/screener/etf?download=true,True,,,
HAP,HAP,VanEck Natural Resources ETF,,,,,,,,,,nasdaq,https://api.nasdaq.com/api/screener/etf?download=true,True,,,
HAPI,HAPI,Harbor Human Capital Factor US Large Cap ETF,,,,,,,,,,nasdaq,https://api.nasdaq.com/api/screener/etf?download=true,True,,,
HAPS,HAPS,Harbor Human Capital Factor US Small Cap ETF,,,,,,,,,,nasdaq,https://api.nasdaq.com/api/screener/etf?download=true,True,,,
HARD,HARD,Simplify Exchange Traded Funds Simplify Commodities Strategy N,,,,,,,,,,nasdaq,https://api.nasdaq.com/api/screener/etf?download=true,True,,,
HAUS,HAUS,Residential REIT ETF,,,,,,,,,,nasdaq,https://api.nasdaq.com/api/screener/etf?download=true,True,,,
HAUZ,HAUZ,Xtrackers International Real Estate ETF,,,,,,,,,,nasdaq,https://api.nasdaq.com/api/screener/etf?download=true,True,,,
HAWX,HAWX,iShares Currency Hedged MSCI ACWI ex U.S. ETF,,,,,,,,,,nasdaq,https://api.nasdaq.com/api/screener/etf?download=true,True,,,
HBDC,HBDC,Hilton BDC Corporate Bond ETF,,,,,,,,,,nasdaq,https://api.nasdaq.com/api/screener/etf?download=true,True,,,
HBR,HBR,Canary HBAR ETF,,,,,,,,,,nasdaq,https://api.nasdaq.com/api/screener/etf?download=true,True,,,
HBTA,HBTA,Horizon Funds Horizon Expedition Plus ETF,,,,,,,,,,nasdaq,https://api.nasdaq.com/api/screener/etf?download=true,True,,,
HCMT,HCMT,Direxion Shares ETF Trust Direxion HCM Tactical Enhanced US ET,,,,,,,,,,nasdaq,https://api.nasdaq.com/api/screener/etf?download=true,True,,,
HCOW,HCOW,Amplify COWS Covered Call ETF,,,,,,,,,,nasdaq,https://api.nasdaq.com/api/screener/etf?download=true,True,,,
HCRB,HCRB,Hartford Core Bond ETF,,,,,,,,,,nasdaq,https://api.nasdaq.com/api/screener/etf?download=true,True,,,
HDEF,HDEF,Xtrackers MSCI EAFE High Dividend Yield Equity ETF,,,,,,,,,,nasdaq,https://api.nasdaq.com/api/screener/etf?download=true,True,,,
HDG,HDG,ProShares Hedge Replication ETF,,,,,,,,,,nasdaq,https://api.nasdaq.com/api/screener/etf?download=true,True,,,
HDGE,HDGE,Ranger Equity Bear Bear ETF,,,,,,,,,,nasdaq,https://api.nasdaq.com/api/screener/etf?download=true,True,,,
HDLB,HDLB,ETRACS Monthly Pay 2xLeveraged US High Dividend Low Volatility,0001114446,,,NYSE,,,,,,nasdaq,https://api.nasdaq.com/api/screener/etf?download=true,True,,,
HDMV,HDMV,First Trust Exchange-Traded Fund III First Trust Horizon Manag,,,,,,,,,,nasdaq,https://api.nasdaq.com/api/screener/etf?download=true,True,,,
HDUS,HDUS,Lattice Strategies Trust Hartford Disciplined US Equity ETF,,,,,,,,,,nasdaq,https://api.nasdaq.com/api/screener/etf?download=true,True,,,
HDV,HDV,iShares Core High Dividend ETF,,,,,,,,,,nasdaq,https://api.nasdaq.com/api/screener/etf?download=true,True,,,
HEAL,HEAL,Global X HealthTech ETF,,,,,,,,,,nasdaq,https://api.nasdaq.com/api/screener/etf?download=true,True,,,
HECA,HECA,ETF Opportunities Trust Hedgeye Capital Allocation ETF,,,,,,,,,,nasdaq,https://api.nasdaq.com/api/screener/etf?download=true,True,,,
HECO,HECO,State Street Galaxy Hedged Digital Asset Ecosystem ETF,,,,,,,,,,nasdaq,https://api.nasdaq.com/api/screener/etf?download=true,True,,,
HEDJ,HEDJ,WisdomTree Europe Hedged Equity Fund,,,,,,,,,,nasdaq,https://api.nasdaq.com/api/screener/etf?download=true,True,,,
HEEM,HEEM,iShares Currency Hedged MSCI Emerging Markets ETF,,,,,,,,,,nasdaq,https://api.nasdaq.com/api/screener/etf?download=true,True,,,
HEFA,HEFA,iShares Currency Hedged MSCI EAFE ETF,,,,,,,,,,nasdaq,https://api.nasdaq.com/api/screener/etf?download=true,True,,,
HEGD,HEGD,Swan Hedged Equity US Large Cap ETF,,,,,,,,,,nasdaq,https://api.nasdaq.com/api/screener/etf?download=true,True,,,
HELO,HELO,J.P. Morgan Exchange-Traded Fund Trust JPMorgan Hedged Equity ,,,,,,,,,,nasdaq,https://api.nasdaq.com/api/screener/etf?download=true,True,,,
HELX,HELX,Franklin Genomic Advancements ETF,,,,,,,,,,nasdaq,https://api.nasdaq.com/api/screener/etf?download=true,True,,,
HEQQ,HEQQ,JPMorgan Nasdaq Hedged Equity Laddered Overlay ETF,,,,,,,,,,nasdaq,https://api.nasdaq.com/api/screener/etf?download=true,True,,,
HEQT,HEQT,Simplify Hedged Equity ETF,,,,,,,,,,nasdaq,https://api.nasdaq.com/api/screener/etf?download=true,True,,,
HERD,HERD,Pacer Cash Cows Fund of Funds ETF,,,,,,,,,,nasdaq,https://api.nasdaq.com/api/screener/etf?download=true,True,,,
HERO,HERO,Global X Video Games & Esports ETF,,,,,,,,,,nasdaq,https://api.nasdaq.com/api/screener/etf?download=true,True,,,
HEWJ,HEWJ,iShares Currency Hedged MSCI Japan ETF,,,,,,,,,,nasdaq,https://api.nasdaq.com/api/screener/etf?download=true,True,,,
HEZU,HEZU,iShares Currency Hedged MSCI Eurozone ETF,,,,,,,,,,nasdaq,https://api.nasdaq.com/api/screener/etf?download=true,True,,,
HF,HF,DGA Core Plus Absolute Return ETF,,,,,,,,,,nasdaq,https://api.nasdaq.com/api/screener/etf?download=true,True,,,
HFEQ,HFEQ,Tidal Trust I Unlimited HFEQ Equity Long/Short ETF,,,,,,,,,,nasdaq,https://api.nasdaq.com/api/screener/etf?download=true,True,,,
HFGM,HFGM,Unlimited HFGM Global Macro ETF,,,,,,,,,,nasdaq,https://api.nasdaq.com/api/screener/etf?download=true,True,,,
HFGO,HFGO,Hartford Large Cap Growth ETF,,,,,,,,,,nasdaq,https://api.nasdaq.com/api/screener/etf?download=true,True,,,
HFMF,HFMF,Tidal Trust I Unlimited HFMF Managed Futures ETF,,,,,,,,,,nasdaq,https://api.nasdaq.com/api/screener/etf?download=true,True,,,
HFND,HFND,Unlimited HFND Multi-Strategy Return Tracker ETF,,,,,,,,,,nasdaq,https://api.nasdaq.com/api/screener/etf?download=true,True,,,
HFSI,HFSI,Hartford Strategic Income ETF,,,,,,,,,,nasdaq,https://api.nasdaq.com/api/screener/etf?download=true,True,,,
HFSP,HFSP,TradersAI Large Cap Equity & Cash ETF,,,,,,,,,,nasdaq,https://api.nasdaq.com/api/screener/etf?download=true,True,,,
HFXI,HFXI,NYLI FTSE International Equity Currency Neutral ETF,,,,,,,,,,nasdaq,https://api.nasdaq.com/api/screener/etf?download=true,True,,,
HGER,HGER,Harbor Commodity All-Weather Strategy ETF,,,,,,,,,,nasdaq,https://api.nasdaq.com/api/screener/etf?download=true,True,,,
HGRO,HGRO,ETF Opp Tr Hedgeye Quality Growth ETF,,,,,,,,,,nasdaq,https://api.nasdaq.com/api/screener/etf?download=true,True,,,
HIBL,HIBL,Direxion Daily S&P 500 High Beta Bull 3X ETF,,,,,,,,,,nasdaq,https://api.nasdaq.com/api/screener/etf?download=true,True,,,
HIBS,HIBS,Direxion Daily S&P 500 High Beta Bear 3X ETF,,,,,,,,,,nasdaq,https://api.nasdaq.com/api/screener/etf?download=true,True,,,
HIDE,HIDE,Alpha Architect High Inflation and Deflation ETF,,,,,,,,,,nasdaq,https://api.nasdaq.com/api/screener/etf?download=true,True,,,
HIDV,HIDV,AB Active ETFs Inc. AB US High Dividend ETF,,,,,,,,,,nasdaq,https://api.nasdaq.com/api/screener/etf?download=true,True,,,
HIGH,HIGH,Simplify Exchange Traded Funds Simplify Enhanced Income ETF,,,,,,,,,,nasdaq,https://api.nasdaq.com/api/screener/etf?download=true,True,,,
HIMU,HIMU,BlackRock ETF Trust II iShares High Yield Muni Active ETF,,,,,,,,,,nasdaq,https://api.nasdaq.com/api/screener/etf?download=true,True,,,
HIMZ,HIMZ,Defiance Daily Target 2X Long HIMS ETF,,,,,,,,,,nasdaq,https://api.nasdaq.com/api/screener/etf?download=true,True,,,
HIPS,HIPS,GraniteShares HIPS US High Income ETF,,,,,,,,,,nasdaq,https://api.nasdaq.com/api/screener/etf?download=true,True,,,
HISF,HISF,First Trust High Income Strategic Focus ETF,,,,,,,,,,nasdaq,https://api.nasdaq.com/api/screener/etf?download=true,True,,,
HIYY,HIYY,Tidal Trust II YieldMax HIMS Option Income Strategy ETF,,,,,,,,,,nasdaq,https://api.nasdaq.com/api/screener/etf?download=true,True,,,
HLAL,HLAL,Wahed FTSE USA Shariah ETF,,,,,,,,,,nasdaq,https://api.nasdaq.com/api/screener/etf?download=true,True,,,
HLXX,HLXX,Investment Managers Series Trust II Tradr 2X Long HL Daily ETF,,,,,,,,,,nasdaq,https://api.nasdaq.com/api/screener/etf?download=true,True,,,
HMOP,HMOP,Hartford Municipal Opportunities ETF,,,,,,,,,,nasdaq,https://api.nasdaq.com/api/screener/etf?download=true,True,,,
HMYY,HMYY,GraniteShares YieldBoost HIMS ETF,,,,,,,,,,nasdaq,https://api.nasdaq.com/api/screener/etf?download=true,True,,,
HNDL,HNDL,Strategy Shares Nasdaq 7HANDL Index ETF,,,,,,,,,,nasdaq,https://api.nasdaq.com/api/screener/etf?download=true,True,,,
HODL,HODL,VanEck Bitcoin Trust Common Shares of Beneficial Interest,0001838028,,,CBOE,,,,,,nasdaq,https://api.nasdaq.com/api/screener/etf?download=true,True,,,
HODU,HODU,Direxion Daily HOOD Bull 2X ETF,,,,,,,,,,nasdaq,https://api.nasdaq.com/api/screener/etf?download=true,True,,,
HOLA,HOLA,J.P. Morgan Exchange-Traded Fund Trust JPMorgan International ,,,,,,,,,,nasdaq,https://api.nasdaq.com/api/screener/etf?download=true,True,,,
HOLD,HOLD,Harbor ETF Trust Harbor Alpha Layering ETF,,,,,,,,,,nasdaq,https://api.nasdaq.com/api/screener/etf?download=true,True,,,
HOMZ,HOMZ,Hoya Capital Housing ETF,,,,,,,,,,nasdaq,https://api.nasdaq.com/api/screener/etf?download=true,True,,,
HOOG,HOOG,Leverage Shares 2X Long HOOD Daily ETF,,,,,,,,,,nasdaq,https://api.nasdaq.com/api/screener/etf?download=true,True,,,
HOOW,HOOW,Roundhill ETF Trust Roundhill HOOD WeeklyPay ETF,,,,,,,,,,nasdaq,https://api.nasdaq.com/api/screener/etf?download=true,True,,,
HOOX,HOOX,Defiance Daily Target 2X Long HOOD ETF,,,,,,,,,,nasdaq,https://api.nasdaq.com/api/screener/etf?download=true,True,,,
HOOY,HOOY,Tidal Trust II YieldMax HOOD Option Income Strategy ETF,,,,,,,,,,nasdaq,https://api.nasdaq.com/api/screener/etf?download=true,True,,,
HOYY,HOYY,GraniteShares YieldBOOST HOOD ETF,,,,,,,,,,nasdaq,https://api.nasdaq.com/api/screener/etf?download=true,True,,,
HQGO,HQGO,Hartford US Quality Growth ETF,,,,,,,,,,nasdaq,https://api.nasdaq.com/api/screener/etf?download=true,True,,,
HRTS,HRTS,Tema Heart & Health ETF,,,,,,,,,,nasdaq,https://api.nasdaq.com/api/screener/etf?download=true,True,,,
HSBH,HSBH,Precidian ETFs Trust HSBC Holdings plc ADRhedged,,,,,,,,,,nasdaq,https://api.nasdaq.com/api/screener/etf?download=true,True,,,
HSCZ,HSCZ,iShares Currency Hedged MSCI EAFE Small-Cap ETF,,,,,,,,,,nasdaq,https://api.nasdaq.com/api/screener/etf?download=true,True,,,
HSMV,HSMV,First Trust Horizon Managed Volatility Small/Mid ETF,,,,,,,,,,nasdaq,https://api.nasdaq.com/api/screener/etf?download=true,True,,,
HTAB,HTAB,Hartford Schroders Tax-Aware Bond ETF,,,,,,,,,,nasdaq,https://api.nasdaq.com/api/screener/etf?download=true,True,,,
HTAX,HTAX,Nomura National High-Yield Municipal Bond ETF,,,,,,,,,,nasdaq,https://api.nasdaq.com/api/screener/etf?download=true,True,,,
HTEC,HTEC,ROBO Global Healthcare Technology and Innovation ETF,,,,,,,,,,nasdaq,https://api.nasdaq.com/api/screener/etf?download=true,True,,,
HTRB,HTRB,Hartford Total Return Bond ETF,,,,,,,,,,nasdaq,https://api.nasdaq.com/api/screener/etf?download=true,True,,,
HTUS,HTUS,Capitol Series Trust Hull Tactical US ETF,,,,,,,,,,nasdaq,https://api.nasdaq.com/api/screener/etf?download=true,True,,,
HUMN,HUMN,Roundhill ETF Trust Roundhill Humanoid Robotics ETF,,,,,,,,,,nasdaq,https://api.nasdaq.com/api/screener/etf?download=true,True,,,
HUSV,HUSV,First Trust Exchange-Traded Fund III First Trust Horizon Manag,,,,,,,,,,nasdaq,https://api.nasdaq.com/api/screener/etf?download=true,True,,,
HUTG,HUTG,Leverage Shares 2X Long HUT Daily ETF,,,,,,,,,,nasdaq,https://api.nasdaq.com/api/screener/etf?download=true,True,,,
HVAC,HVAC,AdvisorShares Trust AdvisorShares HVAC and Industrials ETF,,,,,,,,,,nasdaq,https://api.nasdaq.com/api/screener/etf?download=true,True,,,
HWAY,HWAY,Themes US Infrastructure ETF,,,,,,,,,,nasdaq,https://api.nasdaq.com/api/screener/etf?download=true,True,,,
HWSM,HWSM,Hotchkis & Wiley SMID Cap Diversified Value Fund,,,,,,,,,,nasdaq,https://api.nasdaq.com/api/screener/etf?download=true,True,,,
HYBB,HYBB,iShares BB Rated Corporate Bond ETF,,,,,,,,,,nasdaq,https://api.nasdaq.com/api/screener/etf?download=true,True,,,
HYBI,HYBI,NEOS Enhanced Income Credit Select ETF,,,,,,,,,,nasdaq,https://api.nasdaq.com/api/screener/etf?download=true,True,,,
HYBL,HYBL,State Street Blackstone High Income ETF,,,,,,,,,,nasdaq,https://api.nasdaq.com/api/screener/etf?download=true,True,,,
HYBX,HYBX,TCW High Yield Bond ETF,,,,,,,,,,nasdaq,https://api.nasdaq.com/api/screener/etf?download=true,True,,,
HYD,HYD,VanEck ETF Trust VanEck High Yield Muni ETF,,,,,,,,,,nasdaq,https://api.nasdaq.com/api/screener/etf?download=true,True,,,
HYDB,HYDB,iShares High Yield Systematic Bond ETF,,,,,,,,,,nasdaq,https://api.nasdaq.com/api/screener/etf?download=true,True,,,
HYDR,HYDR,Global X Hydrogen ETF,,,,,,,,,,nasdaq,https://api.nasdaq.com/api/screener/etf?download=true,True,,,
HYDW,HYDW,Xtrackers Low Beta High Yield Bond ETF,,,,,,,,,,nasdaq,https://api.nasdaq.com/api/screener/etf?download=true,True,,,
HYEM,HYEM,VanEck Emerging Markets High Yield Bond ETF,,,,,,,,,,nasdaq,https://api.nasdaq.com/api/screener/etf?download=true,True,,,
HYFI,HYFI,AB Active ETFs Inc. AB High Yield ETF,,,,,,,,,,nasdaq,https://api.nasdaq.com/api/screener/etf?download=true,True,,,
HYG,HYG,iShares iBoxx $ High Yield Corporate Bond ETF,,,,,,,,,,nasdaq,https://api.nasdaq.com/api/screener/etf?download=true,True,,,
HYGH,HYGH,iShares Interest Rate Hedged High Yield Bond ETF,,,,,,,,,,nasdaq,https://api.nasdaq.com/api/screener/etf?download=true,True,,,
HYGV,HYGV,FlexShares High Yield Value-Scored Bond Index Fund,,,,,,,,,,nasdaq,https://api.nasdaq.com/api/screener/etf?download=true,True,,,
HYGW,HYGW,iShares Trust iShares High Yield Corporate Bond BuyWrite Strat,,,,,,,,,,nasdaq,https://api.nasdaq.com/api/screener/etf?download=true,True,,,
HYHG,HYHG,ProShares High Yield Interest Rate Hedged,,,,,,,,,,nasdaq,https://api.nasdaq.com/api/screener/etf?download=true,True,,,
HYLB,HYLB,Xtrackers USD High Yield Corporate Bond ETF,,,,,,,,,,nasdaq,https://api.nasdaq.com/api/screener/etf?download=true,True,,,
HYLS,HYLS,First Trust Tactical High Yield ETF,,,,,,,,,,nasdaq,https://api.nasdaq.com/api/screener/etf?download=true,True,,,
HYMB,HYMB,State Street SPDR Nuveen ICE High Yield Municipal Bond ETF,,,,,,,,,,nasdaq,https://api.nasdaq.com/api/screener/etf?download=true,True,,,
HYP,HYP,Golden Eagle Dynamic Hypergrowth ETF,,,,,,,,,,nasdaq,https://api.nasdaq.com/api/screener/etf?download=true,True,,,
HYS,HYS,PIMCO 0-5 Year High Yield Corporat Bond Index Exchange-Traded ,,,,,,,,,,nasdaq,https://api.nasdaq.com/api/screener/etf?download=true,True,,,
HYSA,HYSA,BondBloxx ETF Trust BondBloxx USD High Yield Bond Sector Rotat,,,,,,,,,,nasdaq,https://api.nasdaq.com/api/screener/etf?download=true,True,,,
HYSD,HYSD,Columbia Short Duration High Yield ETF,,,,,,,,,,nasdaq,https://api.nasdaq.com/api/screener/etf?download=true,True,,,
HYTI,HYTI,First Trust Exchange-Traded Fund IV FT Vest High Yield & Targe,,,,,,,,,,nasdaq,https://api.nasdaq.com/api/screener/etf?download=true,True,,,
HYTR,HYTR,Counterpoint High Yield Trend ETF,,,,,,,,,,nasdaq,https://api.nasdaq.com/api/screener/etf?download=true,True,,,
HYUP,HYUP,Xtrackers High Beta High Yield Bond ETF,,,,,,,,,,nasdaq,https://api.nasdaq.com/api/screener/etf?download=true,True,,,
HYXF,HYXF,iShares ESG Advanced High Yield Corporate Bond ETF,,,,,,,,,,nasdaq,https://api.nasdaq.com/api/screener/etf?download=true,True,,,
HYZD,HYZD,WisdomTree Interest Rate Hedged High Yield Bond Fund,,,,,,,,,,nasdaq,https://api.nasdaq.com/api/screener/etf?download=true,True,,,
IAGG,IAGG,iShares International Aggregate Bond Fund,,,,,,,,,,nasdaq,https://api.nasdaq.com/api/screener/etf?download=true,True,,,
IAI,IAI,iShares U.S. Broker-Dealers & Securities Exchanges ETF,,,,,,,,,,nasdaq,https://api.nasdaq.com/api/screener/etf?download=true,True,,,
IAK,IAK,iShares U.S. Insurance ETF,,,,,,,,,,nasdaq,https://api.nasdaq.com/api/screener/etf?download=true,True,,,
IALT,IALT,iShares Systematic Alternatives Active ETF,,,,,,,,,,nasdaq,https://api.nasdaq.com/api/screener/etf?download=true,True,,,
IAPR,IAPR,Innovator International Developed Power Buffer ETF  April,,,,,,,,,,nasdaq,https://api.nasdaq.com/api/screener/etf?download=true,True,,,
IAT,IAT,iShares U.S. Regional Banks ETF,,,,,,,,,,nasdaq,https://api.nasdaq.com/api/screener/etf?download=true,True,,,
IAU,IAU,iShares Gold Trust Shares of the iShares Gold Trust,0001278680,,,NYSE,,,,,,nasdaq,https://api.nasdaq.com/api/screener/etf?download=true,True,,,
IAUG,IAUG,Innovator ETFs Trust Innovator International Developed Power B,,,,,,,,,,nasdaq,https://api.nasdaq.com/api/screener/etf?download=true,True,,,
IAUI,IAUI,NEOS ETF Trust NEOS Gold High Income ETF,,,,,,,,,,nasdaq,https://api.nasdaq.com/api/screener/etf?download=true,True,,,
IAUM,IAUM,iShares Gold Trust Micro Shares,0001759124,,,NYSE,,,,,,nasdaq,https://api.nasdaq.com/api/screener/etf?download=true,True,,,
IBAT,IBAT,Ishares Energy Storage & Materials ETF,,,,,,,,,,nasdaq,https://api.nasdaq.com/api/screener/etf?download=true,True,,,
IBB,IBB,iShares Biotechnology ETF,,,,,,,,,,nasdaq,https://api.nasdaq.com/api/screener/etf?download=true,True,,,
IBBQ,IBBQ,Invesco Nasdaq Biotechnology ETF,,,,,,,,,,nasdaq,https://api.nasdaq.com/api/screener/etf?download=true,True,,,
IBCA,IBCA,iShares Trust iShares iBonds Dec 2035 Term Corporate ETF,,,,,,,,,,nasdaq,https://api.nasdaq.com/api/screener/etf?download=true,True,,,
IBD,IBD,Inspire Corporate Bond ETF,,,,,,,,,,nasdaq,https://api.nasdaq.com/api/screener/etf?download=true,True,,,
IBDR,IBDR,iShares iBonds Dec 2026 Term Corporate ETF,,,,,,,,,,nasdaq,https://api.nasdaq.com/api/screener/etf?download=true,True,,,
IBDS,IBDS,iShares iBonds Dec 2027 Term Corporate ETF,,,,,,,,,,nasdaq,https://api.nasdaq.com/api/screener/etf?download=true,True,,,
IBDT,IBDT,iShares iBonds Dec 2028 Term Corporate ETF,,,,,,,,,,nasdaq,https://api.nasdaq.com/api/screener/etf?download=true,True,,,
IBDU,IBDU,iShares iBonds Dec 2029 Term Corporate ETF,,,,,,,,,,nasdaq,https://api.nasdaq.com/api/screener/etf?download=true,True,,,
IBDV,IBDV,iShares iBonds Dec 2030 Term Corporate ETF,,,,,,,,,,nasdaq,https://api.nasdaq.com/api/screener/etf?download=true,True,,,
IBDW,IBDW,iShares iBonds Dec 2031 Term Corporate ETF,,,,,,,,,,nasdaq,https://api.nasdaq.com/api/screener/etf?download=true,True,,,
IBDX,IBDX,iShares Trust iShares iBonds Dec 2032 Term Corporate ETF,,,,,,,,,,nasdaq,https://api.nasdaq.com/api/screener/etf?download=true,True,,,
IBDY,IBDY,iShares Trust iShares iBonds Dec 2033 Term Corporate ETF,,,,,,,,,,nasdaq,https://api.nasdaq.com/api/screener/etf?download=true,True,,,
IBDZ,IBDZ,iShares Trust iShares iBonds Dec 2034 Term Corporate ETF,,,,,,,,,,nasdaq,https://api.nasdaq.com/api/screener/etf?download=true,True,,,
IBFR,IBFR,Innovator ETFs Trust Innovator International Developed Managed,,,,,,,,,,nasdaq,https://api.nasdaq.com/api/screener/etf?download=true,True,,,
IBGA,IBGA,iShares iBonds Dec 2044 Term Treasury ETF,,,,,,,,,,nasdaq,https://api.nasdaq.com/api/screener/etf?download=true,True,,,
IBGB,IBGB,iShares iBonds Dec 2045 Term Treasury ETF,,,,,,,,,,nasdaq,https://api.nasdaq.com/api/screener/etf?download=true,True,,,
IBGC,IBGC,iShares iBonds Dec 2046 Term Treasury ETF,,,,,,,,,,nasdaq,https://api.nasdaq.com/api/screener/etf?download=true,True,,,
IBGK,IBGK,iShares iBonds Dec 2054 Term Treasury ETF,,,,,,,,,,nasdaq,https://api.nasdaq.com/api/screener/etf?download=true,True,,,
IBGL,IBGL,iShares iBonds Dec 2055 Term Treasury ETF,,,,,,,,,,nasdaq,https://api.nasdaq.com/api/screener/etf?download=true,True,,,
IBGM,IBGM,iShares iBonds Dec 2056 Term Treasury ETF,,,,,,,,,,nasdaq,https://api.nasdaq.com/api/screener/etf?download=true,True,,,
IBHF,IBHF,iShares iBonds 2026 Term High Yield and Income ETF,,,,,,,,,,nasdaq,https://api.nasdaq.com/api/screener/etf?download=true,True,,,
IBHG,IBHG,iShares iBonds 2027 Term High Yield and Income ETF,,,,,,,,,,nasdaq,https://api.nasdaq.com/api/screener/etf?download=true,True,,,
IBHK,IBHK,iShares Trust iShares iBonds 2031 Term High Yield and Income E,,,,,,,,,,nasdaq,https://api.nasdaq.com/api/screener/etf?download=true,True,,,
IBHL,IBHL,iShares Trust iShares iBonds 2032 Term High Yield and Income E,,,,,,,,,,nasdaq,https://api.nasdaq.com/api/screener/etf?download=true,True,,,
IBIC,IBIC,iShares Trust iShares iBonds Oct 2026 Term TIPS ETF,,,,,,,,,,nasdaq,https://api.nasdaq.com/api/screener/etf?download=true,True,,,
IBID,IBID,iShares Trust iShares iBonds Oct 2027 Term TIPS ETF,,,,,,,,,,nasdaq,https://api.nasdaq.com/api/screener/etf?download=true,True,,,
IBIE,IBIE,iShares Trust iShares iBonds Oct 2028 Term TIPS ETF,,,,,,,,,,nasdaq,https://api.nasdaq.com/api/screener/etf?download=true,True,,,
IBIF,IBIF,iShares Trust iShares iBonds Oct 2029 Term TIPS ETF,,,,,,,,,,nasdaq,https://api.nasdaq.com/api/screener/etf?download=true,True,,,
IBIG,IBIG,iShares Trust iShares iBonds Oct 2030 Term TIPS ETF,,,,,,,,,,nasdaq,https://api.nasdaq.com/api/screener/etf?download=true,True,,,
IBIH,IBIH,iShares Trust iShares iBonds Oct 2031 Term TIPS ETF,,,,,,,,,,nasdaq,https://api.nasdaq.com/api/screener/etf?download=true,True,,,
IBII,IBII,iShares Trust iShares iBonds Oct 2032 Term TIPS ETF,,,,,,,,,,nasdaq,https://api.nasdaq.com/api/screener/etf?download=true,True,,,
IBIJ,IBIJ,iShares Trust iShares iBonds Oct 2033 Term TIPS ETF,,,,,,,,,,nasdaq,https://api.nasdaq.com/api/screener/etf?download=true,True,,,
IBIK,IBIK,iShares Trust iShares iBonds Oct 2034 Term TIPS ETF,,,,,,,,,,nasdaq,https://api.nasdaq.com/api/screener/etf?download=true,True,,,
IBIL,IBIL,iShares Trust iShares iBonds Oct 2035 Term TIPS ETF,,,,,,,,,,nasdaq,https://api.nasdaq.com/api/screener/etf?download=true,True,,,
IBIT,IBIT,iShares Bitcoin Trust ETF,0001980994,,,Nasdaq,,,,,,nasdaq,https://api.nasdaq.com/api/screener/etf?download=true,True,,,
IBLC,IBLC,iShares Trust iShares Blockchain and Tech ETF,,,,,,,,,,nasdaq,https://api.nasdaq.com/api/screener/etf?download=true,True,,,
IBMO,IBMO,iShares iBonds Dec 2026 Term Muni Bond ETF,,,,,,,,,,nasdaq,https://api.nasdaq.com/api/screener/etf?download=true,True,,,
IBMP,IBMP,iShares iBonds Dec 2027 Term Muni Bond ETF,,,,,,,,,,nasdaq,https://api.nasdaq.com/api/screener/etf?download=true,True,,,
IBMQ,IBMQ,iShares iBonds Dec 2028 Term Muni Bond ETF,,,,,,,,,,nasdaq,https://api.nasdaq.com/api/screener/etf?download=true,True,,,
IBMR,IBMR,iShares Trust iShares iBonds Dec 2029 Term Muni Bond ETF,,,,,,,,,,nasdaq,https://api.nasdaq.com/api/screener/etf?download=true,True,,,
IBMS,IBMS,iShares Trust iShares iBonds Dec 2030 Term Muni Bond ETF,,,,,,,,,,nasdaq,https://api.nasdaq.com/api/screener/etf?download=true,True,,,
IBMT,IBMT,iShares Trust iShares iBonds Dec 2031 Term Muni Bond ETF,,,,,,,,,,nasdaq,https://api.nasdaq.com/api/screener/etf?download=true,True,,,
IBND,IBND,State Street SPDR Bloomberg International Corporate Bond ETF,,,,,,,,,,nasdaq,https://api.nasdaq.com/api/screener/etf?download=true,True,,,
IBOT,IBOT,Vaneck Robotics ETF,,,,,,,,,,nasdaq,https://api.nasdaq.com/api/screener/etf?download=true,True,,,
OBOR,OBOR,KraneShares MSCI One Belt One Road Index ETF,,,,,,,,,,nasdaq,https://api.nasdaq.com/api/screener/etf?download=true,True,,,
OBTC,OBTC,Osprey Bitcoin Trust,0001767057,,,Nasdaq,,,,,,nasdaq,https://api.nasdaq.com/api/screener/etf?download=true,True,,,
OCIO,OCIO,ClearShares OCIO ETF,,,,,,,,,,nasdaq,https://api.nasdaq.com/api/screener/etf?download=true,True,,,
OCTH,OCTH,Innovator ETFs Trust Innovator Premium Income 20 Barrier ETF -,,,,,,,,,,nasdaq,https://api.nasdaq.com/api/screener/etf?download=true,True,,,
OCTJ,OCTJ,Innovator ETFs Trust Innovator Premium Income 30 Barrier ETF -,,,,,,,,,,nasdaq,https://api.nasdaq.com/api/screener/etf?download=true,True,,,
OCTM,OCTM,First Trust Exchange-Traded Fund VIII FT Vest U.S. Equity Max ,,,,,,,,,,nasdaq,https://api.nasdaq.com/api/screener/etf?download=true,True,,,
OCTP,OCTP,PGIM S&P 500 Buffer 12 ETF - October,,,,,,,,,,nasdaq,https://api.nasdaq.com/api/screener/etf?download=true,True,,,
OCTT,OCTT,AllianzIM U.S. Large Cap Buffer10 Oct ETF,,,,,,,,,,nasdaq,https://api.nasdaq.com/api/screener/etf?download=true,True,,,
OCTU,OCTU,AIM ETF Products Trust AllianzIM U.S. Equity Buffer15 Uncapped,,,,,,,,,,nasdaq,https://api.nasdaq.com/api/screener/etf?download=true,True,,,
OCTW,OCTW,AllianzIM U.S. Large Cap Buffer20 Oct ETF,,,,,,,,,,nasdaq,https://api.nasdaq.com/api/screener/etf?download=true,True,,,
OCTZ,OCTZ,TrueShares Structured Outcome (October) ETF,,,,,,,,,,nasdaq,https://api.nasdaq.com/api/screener/etf?download=true,True,,,
ODDS,ODDS,Pacer BlueStar Digital Entertainment ETF,,,,,,,,,,nasdaq,https://api.nasdaq.com/api/screener/etf?download=true,True,,,
ODHY,ODHY,Spinnaker ETF Series Obra Defensive High Yield ETF,,,,,,,,,,nasdaq,https://api.nasdaq.com/api/screener/etf?download=true,True,,,
OEF,OEF,iShares S&P 100 ETF,,,,,,,,,,nasdaq,https://api.nasdaq.com/api/screener/etf?download=true,True,,,
OEFA,OEFA,ALPS - O'Shares International Developed Quality Dividend ETF,,,,,,,,,,nasdaq,https://api.nasdaq.com/api/screener/etf?download=true,True,,,
OGIG,OGIG,ALPS O'Shares Global Internet Giants ETF,,,,,,,,,,nasdaq,https://api.nasdaq.com/api/screener/etf?download=true,True,,,
OGSP,OGSP,Spinnaker ETF Series Obra High Grade Structured Products ETF,,,,,,,,,,nasdaq,https://api.nasdaq.com/api/screener/etf?download=true,True,,,
OIH,OIH,VanEck Oil Services ETF,,,,,,,,,,nasdaq,https://api.nasdaq.com/api/screener/etf?download=true,True,,,
OILD,OILD,MicroSectors Oil & Gas Exp. & Prod. -3x Inverse Leveraged ETN,0000927971,,,NYSE,,,,,,nasdaq,https://api.nasdaq.com/api/screener/etf?download=true,True,,,
OILK,OILK,ProShares K-1 Free Crude Oil ETF,,,,,,,,,,nasdaq,https://api.nasdaq.com/api/screener/etf?download=true,True,,,
OILT,OILT,Texas Capital Funds Trust Texas Capital Texas Oil Index ETF,,,,,,,,,,nasdaq,https://api.nasdaq.com/api/screener/etf?download=true,True,,,
OILU,OILU,MicroSectors Oil & Gas Exp. & Prod. 3x Leveraged ETN,0000927971,,,NYSE,,,,,,nasdaq,https://api.nasdaq.com/api/screener/etf?download=true,True,,,
OKLL,OKLL,Defiance Daily Target 2X Long OKLO ETF,,,,,,,,,,nasdaq,https://api.nasdaq.com/api/screener/etf?download=true,True,,,
OKTG,OKTG,Leverage Shares 2x Long OKTA Daily ETF,,,,,,,,,,nasdaq,https://api.nasdaq.com/api/screener/etf?download=true,True,,,
OMAH,OMAH,Tidal Trust III VistaShares Target 15 Berkshire Select Income ,,,,,,,,,,nasdaq,https://api.nasdaq.com/api/screener/etf?download=true,True,,,
OMFL,OMFL,Invesco Exchange-Traded Self-Indexed Fund Trust Invesco Russel,,,,,,,,,,nasdaq,https://api.nasdaq.com/api/screener/etf?download=true,True,,,
OMFS,OMFS,Invesco Exchange-Traded Self-Indexed Fund Trust Invesco Russel,,,,,,,,,,nasdaq,https://api.nasdaq.com/api/screener/etf?download=true,True,,,
OND,OND,ProShares On-Demand ETF,,,,,,,,,,nasdaq,https://api.nasdaq.com/api/screener/etf?download=true,True,,,
ONDG,ONDG,Leverage Shares 2X Long ONDS Daily ETF,,,,,,,,,,nasdaq,https://api.nasdaq.com/api/screener/etf?download=true,True,,,
ONDU,ONDU,Investment Managers Series Trust II Tradr 2X Long ONDS Daily E,,,,,,,,,,nasdaq,https://api.nasdaq.com/api/screener/etf?download=true,True,,,
ONEO,ONEO,State Street SPDR Russell 1000 Momentum Focus ETF,,,,,,,,,,nasdaq,https://api.nasdaq.com/api/screener/etf?download=true,True,,,
ONEQ,ONEQ,Fidelity Nasdaq Composite Index ETF,,,,,,,,,,nasdaq,https://api.nasdaq.com/api/screener/etf?download=true,True,,,
ONEV,ONEV,State Street SPDR Russell 1000 Low Volatility Focus ETF,,,,,,,,,,nasdaq,https://api.nasdaq.com/api/screener/etf?download=true,True,,,
ONEY,ONEY,State Street SPDR Russell 1000 Yield Focus ETF,,,,,,,,,,nasdaq,https://api.nasdaq.com/api/screener/etf?download=true,True,,,
ONEZ,ONEZ,Elevation Series Trust TrueShares Seasonality Laddered Buffere,,,,,,,,,,nasdaq,https://api.nasdaq.com/api/screener/etf?download=true,True,,,
ONLN,ONLN,ProShares Online Retail ETF,,,,,,,,,,nasdaq,https://api.nasdaq.com/api/screener/etf?download=true,True,,,
ONOF,ONOF,Global X Adaptive U.S. Risk Management ETF,,,,,,,,,,nasdaq,https://api.nasdaq.com/api/screener/etf?download=true,True,,,
OOSP,OOSP,Spinnaker ETF Series Obra Opportunistic Structured Products ET,,,,,,,,,,nasdaq,https://api.nasdaq.com/api/screener/etf?download=true,True,,,
OPEG,OPEG,Leverage Shares 2X Long OPEN Daily ETF,,,,,,,,,,nasdaq,https://api.nasdaq.com/api/screener/etf?download=true,True,,,
OPER,OPER,ETF Series Solutions ETF ClearShares Ultra-Short Maturity ETF,,,,,,,,,,nasdaq,https://api.nasdaq.com/api/screener/etf?download=true,True,,,
OPEX,OPEX,Investment Managers Series Trust II Tradr 2X Long OPEN Daily E,,,,,,,,,,nasdaq,https://api.nasdaq.com/api/screener/etf?download=true,True,,,
OPPE,OPPE,WisdomTree European Opportunities Fund,,,,,,,,,,nasdaq,https://api.nasdaq.com/api/screener/etf?download=true,True,,,
OPPJ,OPPJ,WisdomTree Japan Opportunities Fund,,,,,,,,,,nasdaq,https://api.nasdaq.com/api/screener/etf?download=true,True,,,
OPTZ,OPTZ,Optimize Strategy Index ETF,,,,,,,,,,nasdaq,https://api.nasdaq.com/api/screener/etf?download=true,True,,,
ORCS,ORCS,Direxion Daily ORCL Bear 1X ETF,,,,,,,,,,nasdaq,https://api.nasdaq.com/api/screener/etf?download=true,True,,,
ORCU,ORCU,Direxion Daily ORCL Bull 2X ETF,,,,,,,,,,nasdaq,https://api.nasdaq.com/api/screener/etf?download=true,True,,,
ORCX,ORCX,Defiance Daily Target 2X Long ORCL ETF,,,,,,,,,,nasdaq,https://api.nasdaq.com/api/screener/etf?download=true,True,,,
ORLG,ORLG,Leverage Shares 2X Long ORLY Daily ETF,,,,,,,,,,nasdaq,https://api.nasdaq.com/api/screener/etf?download=true,True,,,
ORR,ORR,Militia Long/Short Equity ETF,,,,,,,,,,nasdaq,https://api.nasdaq.com/api/screener/etf?download=true,True,,,
OSCG,OSCG,Leverage Shares 2X Long OSCR Daily ETF,,,,,,,,,,nasdaq,https://api.nasdaq.com/api/screener/etf?download=true,True,,,
OSCV,OSCV,Opus Small Cap Value ETF,,,,,,,,,,nasdaq,https://api.nasdaq.com/api/screener/etf?download=true,True,,,
OSCX,OSCX,Defiance Daily Target 2x Long OSCR ETF,,,,,,,,,,nasdaq,https://api.nasdaq.com/api/screener/etf?download=true,True,,,
OSEA,OSEA,Harbor ETF Trust Harbor International Compounders ETF,,,,,,,,,,nasdaq,https://api.nasdaq.com/api/screener/etf?download=true,True,,,
OTGL,OTGL,OTG Latin America ETF,,,,,,,,,,nasdaq,https://api.nasdaq.com/api/screener/etf?download=true,True,,,
OUNZ,OUNZ,Vaneck Merk Gold ETF,0001546652,,,NYSE,,,,,,nasdaq,https://api.nasdaq.com/api/screener/etf?download=true,True,,,
OUSA,OUSA,ALPS O'Shares U.S. Quality Dividend ETF,,,,,,,,,,nasdaq,https://api.nasdaq.com/api/screener/etf?download=true,True,,,
OUSM,OUSM,ALPS O'Shares U.S. Small-Cap Quality Dividend ETF,,,,,,,,,,nasdaq,https://api.nasdaq.com/api/screener/etf?download=true,True,,,
OVB,OVB,Overlay Shares Core Bond ETF,,,,,,,,,,nasdaq,https://api.nasdaq.com/api/screener/etf?download=true,True,,,
OVF,OVF,Overlay Shares Foreign Equity ETF,,,,,,,,,,nasdaq,https://api.nasdaq.com/api/screener/etf?download=true,True,,,
OVL,OVL,Overlay Shares Large Cap Equity ETF,,,,,,,,,,nasdaq,https://api.nasdaq.com/api/screener/etf?download=true,True,,,
OVLH,OVLH,Overlay Shares Hedged Large Cap Equity ETF,,,,,,,,,,nasdaq,https://api.nasdaq.com/api/screener/etf?download=true,True,,,
OVM,OVM,Overlay Shares Municipal Bond ETF,,,,,,,,,,nasdaq,https://api.nasdaq.com/api/screener/etf?download=true,True,,,
OVS,OVS,Overlay Shares Small Cap Equity ETF,,,,,,,,,,nasdaq,https://api.nasdaq.com/api/screener/etf?download=true,True,,,
OVT,OVT,Overlay Shares Short Term Bond ETF,,,,,,,,,,nasdaq,https://api.nasdaq.com/api/screener/etf?download=true,True,,,
OWNB,OWNB,Bitwise Funds Trust Bitwise Bitcoin Standard Corporations ETF,,,,,,,,,,nasdaq,https://api.nasdaq.com/api/screener/etf?download=true,True,,,
OWNS,OWNS,Quaker Investment Trust CCM Affordable Housing MBS ETF,,,,,,,,,,nasdaq,https://api.nasdaq.com/api/screener/etf?download=true,True,,,
OZEM,OZEM,Roundhill GLP-1 & Weight Loss ETF,,,,,,,,,,nasdaq,https://api.nasdaq.com/api/screener/etf?download=true,True,,,
PAAA,PAAA,PGIM ETF Trust PGIM AAA CLO ETF,,,,,,,,,,nasdaq,https://api.nasdaq.com/api/screener/etf?download=true,True,,,
PAB,PAB,PGIM Active Aggregate Bond ETF,,,,,,,,,,nasdaq,https://api.nasdaq.com/api/screener/etf?download=true,True,,,
PABD,PABD,iShares Paris-Aligned Climate Optimized MSCI World ex USA ETF,,,,,,,,,,nasdaq,https://api.nasdaq.com/api/screener/etf?download=true,True,,,
PABU,PABU,iShares Paris-Aligned Climate Optimized MSCI USA ETF,,,,,,,,,,nasdaq,https://api.nasdaq.com/api/screener/etf?download=true,True,,,
PALC,PALC,Pacer Lunt Large Cap Multi-Factor Alternator ETF,,,,,,,,,,nasdaq,https://api.nasdaq.com/api/screener/etf?download=true,True,,,
PALD,PALD,Direxion Daily PANW Bear 1X ETF,,,,,,,,,,nasdaq,https://api.nasdaq.com/api/screener/etf?download=true,True,,,
PALL,PALL,abrdn Physical Palladium Shares ETF,0001459862,,,NYSE,,,,,,nasdaq,https://api.nasdaq.com/api/screener/etf?download=true,True,,,
PALU,PALU,Direxion Daily PANW Bull 2X ETF,,,,,,,,,,nasdaq,https://api.nasdaq.com/api/screener/etf?download=true,True,,,
PAMC,PAMC,Pacer Lunt MidCap Multi-Factor Alternator ETF,,,,,,,,,,nasdaq,https://api.nasdaq.com/api/screener/etf?download=true,True,,,
PANG,PANG,Leverage Shares 2X Long PANW Daily ETF,,,,,,,,,,nasdaq,https://api.nasdaq.com/api/screener/etf?download=true,True,,,
PAPI,PAPI,Morgan Stanley ETF Trust Parametric Equity Premium Income ETF,,,,,,,,,,nasdaq,https://api.nasdaq.com/api/screener/etf?download=true,True,,,
PAPR,PAPR,Innovator U.S. Equity Power Buffer ETF - April,,,,,,,,,,nasdaq,https://api.nasdaq.com/api/screener/etf?download=true,True,,,
PATN,PATN,Pacer Nasdaq International Patent Leaders ETF,,,,,,,,,,nasdaq,https://api.nasdaq.com/api/screener/etf?download=true,True,,,
PATX,PATX,Investment Managers Series Trust II Tradr 2X Long PATH Daily E,,,,,,,,,,nasdaq,https://api.nasdaq.com/api/screener/etf?download=true,True,,,
PAUG,PAUG,Innovator U.S. Equity Power Buffer ETF - August,,,,,,,,,,nasdaq,https://api.nasdaq.com/api/screener/etf?download=true,True,,,
PAVE,PAVE,Global X Funds Global X U.S. Infrastructure Development ETF,,,,,,,,,,nasdaq,https://api.nasdaq.com/api/screener/etf?download=true,True,,,
PAWZ,PAWZ,ProShares Pet Care ETF,,,,,,,,,,nasdaq,https://api.nasdaq.com/api/screener/etf?download=true,True,,,
PBAP,PBAP,PGIM S&P 500 Buffer 20 ETF - April,,,,,,,,,,nasdaq,https://api.nasdaq.com/api/screener/etf?download=true,True,,,
PBAU,PBAU,PGIM S&P 500 Buffer 20 ETF - August,,,,,,,,,,nasdaq,https://api.nasdaq.com/api/screener/etf?download=true,True,,,
PBD,PBD,Invesco Global Clean Energy ETF,,,,,,,,,,nasdaq,https://api.nasdaq.com/api/screener/etf?download=true,True,,,
PBDC,PBDC,Putnam ETF Trust Putnam BDC Income ETF,,,,,,,,,,nasdaq,https://api.nasdaq.com/api/screener/etf?download=true,True,,,
PBDE,PBDE,PGIM S&P 500 Buffer 20 ETF - December,,,,,,,,,,nasdaq,https://api.nasdaq.com/api/screener/etf?download=true,True,,,
PBE,PBE,Invesco Biotechnology & Genome ETF,,,,,,,,,,nasdaq,https://api.nasdaq.com/api/screener/etf?download=true,True,,,
PBEU,PBEU,Portfolio Building Block European Banks Index ETF,,,,,,,,,,nasdaq,https://api.nasdaq.com/api/screener/etf?download=true,True,,,
PBFB,PBFB,PGIM S&P 500 Buffer 20 ETF - February,,,,,,,,,,nasdaq,https://api.nasdaq.com/api/screener/etf?download=true,True,,,
PBFR,PBFR,PGIM Laddered S&P 500 Buffer 20 ETF,,,,,,,,,,nasdaq,https://api.nasdaq.com/api/screener/etf?download=true,True,,,
PBJ,PBJ,Invesco Food & Beverage ETF,,,,,,,,,,nasdaq,https://api.nasdaq.com/api/screener/etf?download=true,True,,,
PBJA,PBJA,PGIM S&P 500 Buffer 20 ETF - January,,,,,,,,,,nasdaq,https://api.nasdaq.com/api/screener/etf?download=true,True,,,
PBJL,PBJL,PGIM S&P 500 Buffer 20 ETF - July,,,,,,,,,,nasdaq,https://api.nasdaq.com/api/screener/etf?download=true,True,,,
PBJN,PBJN,PGIM S&P 500 Buffer 20 ETF - June,,,,,,,,,,nasdaq,https://api.nasdaq.com/api/screener/etf?download=true,True,,,
PBL,PBL,PGIM ETF Trust PGIM Portfolio Ballast ETF,,,,,,,,,,nasdaq,https://api.nasdaq.com/api/screener/etf?download=true,True,,,
PBMR,PBMR,PGIM S&P 500 Buffer 20 ETF - March,,,,,,,,,,nasdaq,https://api.nasdaq.com/api/screener/etf?download=true,True,,,
PBMY,PBMY,PGIM S&P 500 Buffer 20 ETF - May,,,,,,,,,,nasdaq,https://api.nasdaq.com/api/screener/etf?download=true,True,,,
PBNV,PBNV,PGIM S&P 500 Buffer 20 ETF - November,,,,,,,,,,nasdaq,https://api.nasdaq.com/api/screener/etf?download=true,True,,,
PBOC,PBOC,PGIM S&P 500 Buffer 20 ETF - October,,,,,,,,,,nasdaq,https://api.nasdaq.com/api/screener/etf?download=true,True,,,
PBOG,PBOG,Portfolio Building Block Integrated Oil and Gas and Exploratio,,,,,,,,,,nasdaq,https://api.nasdaq.com/api/screener/etf?download=true,True,,,
PBP,PBP,Invesco S&P 500 BuyWrite ETF,,,,,,,,,,nasdaq,https://api.nasdaq.com/api/screener/etf?download=true,True,,,
PBPH,PBPH,Portfolio Building Block World Pharma and Biotech Index ETF,,,,,,,,,,nasdaq,https://api.nasdaq.com/api/screener/etf?download=true,True,,,
PBQQ,PBQQ,PGIM Laddered Nasdaq-100 Buffer 12 ETF,,,,,,,,,,nasdaq,https://api.nasdaq.com/api/screener/etf?download=true,True,,,
PBRG,PBRG,Leverage Shares 2X Long PBR Daily ETF,,,,,,,,,,nasdaq,https://api.nasdaq.com/api/screener/etf?download=true,True,,,
PBSE,PBSE,PGIM S&P 500 Buffer 20 ETF - September,,,,,,,,,,nasdaq,https://api.nasdaq.com/api/screener/etf?download=true,True,,,
PBTP,PBTP,Invesco 0-5 Yr US TIPS ETF,,,,,,,,,,nasdaq,https://api.nasdaq.com/api/screener/etf?download=true,True,,,
PBUS,PBUS,Invesco MSCI USA ETF,,,,,,,,,,nasdaq,https://api.nasdaq.com/api/screener/etf?download=true,True,,,
PBW,PBW,Invesco WilderHill Clean Energy ETF,,,,,,,,,,nasdaq,https://api.nasdaq.com/api/screener/etf?download=true,True,,,
PCCE,PCCE,Litman Gregory Funds Trust Polen Capital China Growth ETF,,,,,,,,,,nasdaq,https://api.nasdaq.com/api/screener/etf?download=true,True,,,
PCEF,PCEF,Invesco CEF Income Composite ETF,,,,,,,,,,nasdaq,https://api.nasdaq.com/api/screener/etf?download=true,True,,,
PCFI,PCFI,FundVantage Trust Polen Floating Rate Income ETF,,,,,,,,,,nasdaq,https://api.nasdaq.com/api/screener/etf?download=true,True,,,
PCGG,PCGG,Litman Gregory Funds Trust Polen Capital Global Growth ETF,,,,,,,,,,nasdaq,https://api.nasdaq.com/api/screener/etf?download=true,True,,,
PCHI,PCHI,FundVantage Trust Polen High Income ETF,,,,,,,,,,nasdaq,https://api.nasdaq.com/api/screener/etf?download=true,True,,,
PCI,PCI,PGIM ETF Trust PGIM Corporate Bond 5-10 Year ETF,,,,,,,,,,nasdaq,https://api.nasdaq.com/api/screener/etf?download=true,True,,,
PCIG,PCIG,Litman Gregory Funds Trust Polen Capital International Growth ,,,,,,,,,,nasdaq,https://api.nasdaq.com/api/screener/etf?download=true,True,,,
PCL,PCL,PGIM ETF Trust PGIM Corporate Bond 10+ Year ETF,,,,,,,,,,nasdaq,https://api.nasdaq.com/api/screener/etf?download=true,True,,,
PCLG,PCLG,FundVantage Trust Polen Focus Growth ETF,,,,,,,,,,nasdaq,https://api.nasdaq.com/api/screener/etf?download=true,True,,,
PCLO,PCLO,Virtus ETF Trust II VIRTUS SEIX AAA Private Credit CLO ETF,,,,,,,,,,nasdaq,https://api.nasdaq.com/api/screener/etf?download=true,True,,,
PCMM,PCMM,BondBloxx Private Credit CLO ETF,,,,,,,,,,nasdaq,https://api.nasdaq.com/api/screener/etf?download=true,True,,,
PCR,PCR,Simplify Exchange Traded Funds Simplify VettaFi Private Credit,,,,,,,,,,nasdaq,https://api.nasdaq.com/api/screener/etf?download=true,True,,,
PCRB,PCRB,Putnam ETF Trust Putnam ESG Core Bond ETF,,,,,,,,,,nasdaq,https://api.nasdaq.com/api/screener/etf?download=true,True,,,
PCS,PCS,PGIM ETF Trust PGIM Corporate Bond 0-5 Year ETF,,,,,,,,,,nasdaq,https://api.nasdaq.com/api/screener/etf?download=true,True,,,
PCY,PCY,Invesco Emerging Markets Sovereign Debt ETF,,,,,,,,,,nasdaq,https://api.nasdaq.com/api/screener/etf?download=true,True,,,
PDBA,PDBA,Invesco Agriculture Commodity Strategy No K-1 ETF,,,,,,,,,,nasdaq,https://api.nasdaq.com/api/screener/etf?download=true,True,,,
PDBC,PDBC,Invesco Optimum Yield Diversified Commodity Strategy No K-1 ET,,,,,,,,,,nasdaq,https://api.nasdaq.com/api/screener/etf?download=true,True,,,
PDDL,PDDL,GraniteShares 2x Long PDD Daily ETF,,,,,,,,,,nasdaq,https://api.nasdaq.com/api/screener/etf?download=true,True,,,
PDEC,PDEC,Innovator U.S. Equity Power Buffer ETF - December,,,,,,,,,,nasdaq,https://api.nasdaq.com/api/screener/etf?download=true,True,,,
PDN,PDN,Invesco RAFI Developed Markets ex-U.S. Small-Mid ETF,,,,,,,,,,nasdaq,https://api.nasdaq.com/api/screener/etf?download=true,True,,,
PDP,PDP,Invesco Dorsey Wright Momentum ETF,,,,,,,,,,nasdaq,https://api.nasdaq.com/api/screener/etf?download=true,True,,,
PEJ,PEJ,Invesco Leisure and Entertainment ETF,,,,,,,,,,nasdaq,https://api.nasdaq.com/api/screener/etf?download=true,True,,,
PEMX,PEMX,Putnam ETF Trust Putnam Emerging Markets ex-China ETF,,,,,,,,,,nasdaq,https://api.nasdaq.com/api/screener/etf?download=true,True,,,
PEPS,PEPS,Parametric Equity Plus ETF,,,,,,,,,,nasdaq,https://api.nasdaq.com/api/screener/etf?download=true,True,,,
PEVC,PEVC,Pacer Funds Trust Pacer PE/VC ETF,,,,,,,,,,nasdaq,https://api.nasdaq.com/api/screener/etf?download=true,True,,,
PEX,PEX,ProShares Global Listed Private Equity ETF,,,,,,,,,,nasdaq,https://api.nasdaq.com/api/screener/etf?download=true,True,,,
PEXL,PEXL,Pacer US Export Leaders ETF,,,,,,,,,,nasdaq,https://api.nasdaq.com/api/screener/etf?download=true,True,,,
PEY,PEY,Invesco High Yield Equity Dividend Achievers ETF,,,,,,,,,,nasdaq,https://api.nasdaq.com/api/screener/etf?download=true,True,,,
PEZ,PEZ,Invesco Dorsey Wright Consumer Cyclicals Momentum ETF,,,,,,,,,,nasdaq,https://api.nasdaq.com/api/screener/etf?download=true,True,,,
PFDE,PFDE,Pathfinder Disciplined US Equity ETF,,,,,,,,,,nasdaq,https://api.nasdaq.com/api/screener/etf?download=true,True,,,
PFEB,PFEB,Innovator U.S. Equity Power Buffer ETF - February,,,,,,,,,,nasdaq,https://api.nasdaq.com/api/screener/etf?download=true,True,,,
PFF,PFF,iShares Preferred and Income Securities ETF,,,,,,,,,,nasdaq,https://api.nasdaq.com/api/screener/etf?download=true,True,,,
PFFA,PFFA,Virtus InfraCap U.S. Preferred Stock ETF,,,,,,,,,,nasdaq,https://api.nasdaq.com/api/screener/etf?download=true,True,,,
PFFD,PFFD,Global X U.S. Preferred ETF,,,,,,,,,,nasdaq,https://api.nasdaq.com/api/screener/etf?download=true,True,,,
PFFL,PFFL,ETRACS Monthly Pay 2xLeveraged Preferred Stock ETN,0001114446,,,NYSE,,,,,,nasdaq,https://api.nasdaq.com/api/screener/etf?download=true,True,,,
PFFR,PFFR,InfraCap REIT Preferred ETF,,,,,,,,,,nasdaq,https://api.nasdaq.com/api/screener/etf?download=true,True,,,
PFFV,PFFV,Global X Variable Rate Preferred ETF,,,,,,,,,,nasdaq,https://api.nasdaq.com/api/screener/etf?download=true,True,,,
PFI,PFI,Invesco Dorsey Wright Financial Momentum ETF,,,,,,,,,,nasdaq,https://api.nasdaq.com/api/screener/etf?download=true,True,,,
PFIG,PFIG,Invesco Fundamental Investment Grade Corporate Bond  ETF,,,,,,,,,,nasdaq,https://api.nasdaq.com/api/screener/etf?download=true,True,,,
PFIX,PFIX,Simplify Interest Rate Hedge ETF,,,,,,,,,,nasdaq,https://api.nasdaq.com/api/screener/etf?download=true,True,,,
PFLD,PFLD,AAM Low Duration Preferred and Income Securities ETF,,,,,,,,,,nasdaq,https://api.nasdaq.com/api/screener/etf?download=true,True,,,
PFM,PFM,Invesco Dividend Achievers ETF,,,,,,,,,,nasdaq,https://api.nasdaq.com/api/screener/etf?download=true,True,,,
PFOE,PFOE,Pathfinder Focused Opportunities ETF,,,,,,,,,,nasdaq,https://api.nasdaq.com/api/screener/etf?download=true,True,,,
PFRL,PFRL,PGIM ETF Trust PGIM Floating Rate Income ETF,,,,,,,,,,nasdaq,https://api.nasdaq.com/api/screener/etf?download=true,True,,,
PFUT,PFUT,Putnam Sustainable Future ETF,,,,,,,,,,nasdaq,https://api.nasdaq.com/api/screener/etf?download=true,True,,,
PFXF,PFXF,VanEck Preferred Securities ex Financials ETF,,,,,,,,,,nasdaq,https://api.nasdaq.com/api/screener/etf?download=true,True,,,
PGF,PGF,Invesco Financial Preferred ETF,,,,,,,,,,nasdaq,https://api.nasdaq.com/api/screener/etf?download=true,True,,,
PGHY,PGHY,Invesco Global ex-US High Yield Corporate Bond ETF,,,,,,,,,,nasdaq,https://api.nasdaq.com/api/screener/etf?download=true,True,,,
PGJ,PGJ,Invesco Golden Dragon China ETF,,,,,,,,,,nasdaq,https://api.nasdaq.com/api/screener/etf?download=true,True,,,
PGRO,PGRO,Putnam Focused Large Cap Growth ETF,,,,,,,,,,nasdaq,https://api.nasdaq.com/api/screener/etf?download=true,True,,,
PGX,PGX,Invesco Preferred ETF,,,,,,,,,,nasdaq,https://api.nasdaq.com/api/screener/etf?download=true,True,,,
PHDG,PHDG,Invesco S&P 500 Downside Hedged ETF,,,,,,,,,,nasdaq,https://api.nasdaq.com/api/screener/etf?download=true,True,,,
PHEQ,PHEQ,Morgan Stanley ETF Trust Parametric Hedged Equity ETF,,,,,,,,,,nasdaq,https://api.nasdaq.com/api/screener/etf?download=true,True,,,
PHO,PHO,Invesco Water Resources ETF,,,,,,,,,,nasdaq,https://api.nasdaq.com/api/screener/etf?download=true,True,,,
PHYD,PHYD,Putnam ETF Trust Putnam ESG High Yield ETF,,,,,,,,,,nasdaq,https://api.nasdaq.com/api/screener/etf?download=true,True,,,
PHYL,PHYL,PGIM Active High Yield Bond ETF,,,,,,,,,,nasdaq,https://api.nasdaq.com/api/screener/etf?download=true,True,,,
PHYS,PHYS,Sprott Physical Gold Trust ETV,0001477049,,,NYSE,,,,,,nasdaq,https://api.nasdaq.com/api/screener/etf?download=true,True,,,
PICB,PICB,Invesco International Corporate Bond ETF,,,,,,,,,,nasdaq,https://api.nasdaq.com/api/screener/etf?download=true,True,,,
PICK,PICK,iShares MSCI Global Select Metals & Mining Producers Fund,,,,,,,,,,nasdaq,https://api.nasdaq.com/api/screener/etf?download=true,True,,,
PID,PID,Invesco International Dividend Achievers ETF,,,,,,,,,,nasdaq,https://api.nasdaq.com/api/screener/etf?download=true,True,,,
PIE,PIE,Invesco Dorsey Wright Emerging Markets Momentum ETF,,,,,,,,,,nasdaq,https://api.nasdaq.com/api/screener/etf?download=true,True,,,
PIEQ,PIEQ,Principal Exchange-Traded Funds Principal International Equity,,,,,,,,,,nasdaq,https://api.nasdaq.com/api/screener/etf?download=true,True,,,
PIFI,PIFI,Clearshares Piton Intermediate Fixed Income ETF,,,,,,,,,,nasdaq,https://api.nasdaq.com/api/screener/etf?download=true,True,,,
PILL,PILL,Direxion Daily Pharmaceutical & Medical Bull 3X ETF,,,,,,,,,,nasdaq,https://api.nasdaq.com/api/screener/etf?download=true,True,,,
PINK,PINK,Simplify Health Care ETF,,,,,,,,,,nasdaq,https://api.nasdaq.com/api/screener/etf?download=true,True,,,
PIO,PIO,Invesco Global Water ETF,,,,,,,,,,nasdaq,https://api.nasdaq.com/api/screener/etf?download=true,True,,,
PIT,PIT,VanEck ETF Trust VanEck Commodity Strategy ETF,,,,,,,,,,nasdaq,https://api.nasdaq.com/api/screener/etf?download=true,True,,,
PIZ,PIZ,Invesco Dorsey Wright Developed Markets Momentum ETF,,,,,,,,,,nasdaq,https://api.nasdaq.com/api/screener/etf?download=true,True,,,
PJAN,PJAN,Innovator U.S. Equity Power Buffer ETF - January,,,,,,,,,,nasdaq,https://api.nasdaq.com/api/screener/etf?download=true,True,,,
PJBF,PJBF,PGIM ETF Trust PGIM Jennison Better Future ETF,,,,,,,,,,nasdaq,https://api.nasdaq.com/api/screener/etf?download=true,True,,,
PJFG,PJFG,PGIM ETF Trust PGIM Jennison Focused Growth ETF,,,,,,,,,,nasdaq,https://api.nasdaq.com/api/screener/etf?download=true,True,,,
PJFM,PJFM,PGIM ETF Trust PGIM Jennison Focused Mid-Cap ETF,,,,,,,,,,nasdaq,https://api.nasdaq.com/api/screener/etf?download=true,True,,,
PJFV,PJFV,PGIM ETF Trust PGIM Jennison Focused Value ETF,,,,,,,,,,nasdaq,https://api.nasdaq.com/api/screener/etf?download=true,True,,,
PJIO,PJIO,PGIM ETF Trust PGIM Jennison International Opportunities ETF,,,,,,,,,,nasdaq,https://api.nasdaq.com/api/screener/etf?download=true,True,,,
PJP,PJP,Invesco Pharmaceuticals ETF,,,,,,,,,,nasdaq,https://api.nasdaq.com/api/screener/etf?download=true,True,,,
PJUL,PJUL,Innovator U.S. Equity Power Buffer ETF - July,,,,,,,,,,nasdaq,https://api.nasdaq.com/api/screener/etf?download=true,True,,,
PJUN,PJUN,Innovator U.S. Equity Power Buffer ETF - June,,,,,,,,,,nasdaq,https://api.nasdaq.com/api/screener/etf?download=true,True,,,
PKB,PKB,Invesco Building & Construction ETF,,,,,,,,,,nasdaq,https://api.nasdaq.com/api/screener/etf?download=true,True,,,
PKW,PKW,Invesco BuyBack Achievers ETF,,,,,,,,,,nasdaq,https://api.nasdaq.com/api/screener/etf?download=true,True,,,
PLDR,PLDR,Putnam Sustainable Leaders ETF,,,,,,,,,,nasdaq,https://api.nasdaq.com/api/screener/etf?download=true,True,,,
PLOO,PLOO,Themes ETF Trust Leverage Shares 2x Capped Accelerated PLTR Mo,,,,,,,,,,nasdaq,https://api.nasdaq.com/api/screener/etf?download=true,True,,,
PLTD,PLTD,Direxion Daily PLTR Bear 1X ETF,,,,,,,,,,nasdaq,https://api.nasdaq.com/api/screener/etf?download=true,True,,,
PLTG,PLTG,Leverage Shares 2X Long PLTR Daily ETF,,,,,,,,,,nasdaq,https://api.nasdaq.com/api/screener/etf?download=true,True,,,
PLTM,PLTM,GraniteShares Platinum Shares ETF,0001690842,,,NYSE,,,,,,nasdaq,https://api.nasdaq.com/api/screener/etf?download=true,True,,,
PLTU,PLTU,Direxion Daily PLTR Bull 2X ETF,,,,,,,,,,nasdaq,https://api.nasdaq.com/api/screener/etf?download=true,True,,,
PLTW,PLTW,Roundhill ETF Trust Roundhill PLTR WeeklyPay ETF,,,,,,,,,,nasdaq,https://api.nasdaq.com/api/screener/etf?download=true,True,,,
PLTY,PLTY,Tidal Trust II YieldMax PLTR Option Income Strategy ETF,,,,,,,,,,nasdaq,https://api.nasdaq.com/api/screener/etf?download=true,True,,,
PLTZ,PLTZ,Defiance Daily Target 2x Short PLTR ETF,,,,,,,,,,nasdaq,https://api.nasdaq.com/api/screener/etf?download=true,True,,,
PLUL,PLUL,Leverage Shares 2X Long PLUG Daily ETF,,,,,,,,,,nasdaq,https://api.nasdaq.com/api/screener/etf?download=true,True,,,
PLYY,PLYY,GraniteShares YieldBOOST PLTR ETF,,,,,,,,,,nasdaq,https://api.nasdaq.com/api/screener/etf?download=true,True,,,
PMAP,PMAP,PGIM Rock ETF Trust PGIM S&P 500 Max Buffer ETF - April,,,,,,,,,,nasdaq,https://api.nasdaq.com/api/screener/etf?download=true,True,,,
PMAR,PMAR,Innovator U.S. Equity Power Buffer ETF - March,,,,,,,,,,nasdaq,https://api.nasdaq.com/api/screener/etf?download=true,True,,,
PMAU,PMAU,PGIM Rock ETF Trust PGIM S&P 500 Max Buffer ETF - August,,,,,,,,,,nasdaq,https://api.nasdaq.com/api/screener/etf?download=true,True,,,
PMAY,PMAY,Innovator U.S. Equity Power Buffer ETF - May,,,,,,,,,,nasdaq,https://api.nasdaq.com/api/screener/etf?download=true,True,,,
PMBS,PMBS,PIMCO Mortgage-Backed Securities Active Exchange-Traded Fund,,,,,,,,,,nasdaq,https://api.nasdaq.com/api/screener/etf?download=true,True,,,
PMFB,PMFB,PGIM Rock ETF Trust PGIM S&P 500 Max Buffer ETF - February,,,,,,,,,,nasdaq,https://api.nasdaq.com/api/screener/etf?download=true,True,,,
PMIO,PMIO,PGIM ETF Trust PGIM Municipal Income Opportunities ETF,,,,,,,,,,nasdaq,https://api.nasdaq.com/api/screener/etf?download=true,True,,,
PMJA,PMJA,PGIM Rock ETF Trust PGIM S&P 500 Max Buffer ETF - January,,,,,,,,,,nasdaq,https://api.nasdaq.com/api/screener/etf?download=true,True,,,
PMJL,PMJL,PGIM Rock ETF Trust PGIM S&P 500 Max Buffer ETF - July,,,,,,,,,,nasdaq,https://api.nasdaq.com/api/screener/etf?download=true,True,,,
PMJN,PMJN,PGIM Rock ETF Trust PGIM S&P 500 Max Buffer ETF - June,,,,,,,,,,nasdaq,https://api.nasdaq.com/api/screener/etf?download=true,True,,,
PMMF,PMMF,BlackRock ETF Trust iShares Prime Money Market ETF,,,,,,,,,,nasdaq,https://api.nasdaq.com/api/screener/etf?download=true,True,,,
PMMR,PMMR,PGIM Rock ETF Trust PGIM S&P 500 Max Buffer ETF - March,,,,,,,,,,nasdaq,https://api.nasdaq.com/api/screener/etf?download=true,True,,,
PMMY,PMMY,PGIM Rock ETF Trust PGIM S&P 500 Max Buffer ETF - May,,,,,,,,,,nasdaq,https://api.nasdaq.com/api/screener/etf?download=true,True,,,
PMSE,PMSE,PGIM Rock ETF Trust PGIM S&P 500 Max Buffer ETF - September,,,,,,,,,,nasdaq,https://api.nasdaq.com/api/screener/etf?download=true,True,,,
PNOV,PNOV,Innovator U.S. Equity Power Buffer ETF - November,,,,,,,,,,nasdaq,https://api.nasdaq.com/api/screener/etf?download=true,True,,,
PNQI,PNQI,Invesco NASDAQ Internet ETF,,,,,,,,,,nasdaq,https://api.nasdaq.com/api/screener/etf?download=true,True,,,
POCT,POCT,Innovator U.S. Equity Power Buffer ETF - October,,,,,,,,,,nasdaq,https://api.nasdaq.com/api/screener/etf?download=true,True,,,
PONX,PONX,Investment Managers Series Trust II Tradr 2X Long PONY Daily E,,,,,,,,,,nasdaq,https://api.nasdaq.com/api/screener/etf?download=true,True,,,
POWA,POWA,Invesco Bloomberg Pricing Power ETF,,,,,,,,,,nasdaq,https://api.nasdaq.com/api/screener/etf?download=true,True,,,
POWR,POWR,iShares U.S. Power Infrastructure ETF,,,,,,,,,,nasdaq,https://api.nasdaq.com/api/screener/etf?download=true,True,,,
PPA,PPA,Invesco Aerospace & Defense ETF,,,,,,,,,,nasdaq,https://api.nasdaq.com/api/screener/etf?download=true,True,,,
PPEM,PPEM,Putnam ETF Trust Putnam PanAgora ESG Emerging Markets Equity E,,,,,,,,,,nasdaq,https://api.nasdaq.com/api/screener/etf?download=true,True,,,
PPH,PPH,VanEck Pharmaceutical ETF,,,,,,,,,,nasdaq,https://api.nasdaq.com/api/screener/etf?download=true,True,,,
PPI,PPI,Astoria Real Assets ETF,,,,,,,,,,nasdaq,https://api.nasdaq.com/api/screener/etf?download=true,True,,,
PPIE,PPIE,Putnam ETF Trust Putnam PanAgora ESG International Equity ETF,,,,,,,,,,nasdaq,https://api.nasdaq.com/api/screener/etf?download=true,True,,,
PPLT,PPLT,abrdn Physical Platinum Shares ETF,0001460235,,,NYSE,,,,,,nasdaq,https://api.nasdaq.com/api/screener/etf?download=true,True,,,
PPTY,PPTY,U.S. Diversified Real Estate ETF,,,,,,,,,,nasdaq,https://api.nasdaq.com/api/screener/etf?download=true,True,,,
PQAP,PQAP,PGIM Nasdaq-100 Buffer 12 ETF - April,,,,,,,,,,nasdaq,https://api.nasdaq.com/api/screener/etf?download=true,True,,,
PQDI,PQDI,Principal Spectrum Preferred and Income ETF,,,,,,,,,,nasdaq,https://api.nasdaq.com/api/screener/etf?download=true,True,,,
PQJA,PQJA,PGIM Nasdaq-100 Buffer 12 ETF - January,,,,,,,,,,nasdaq,https://api.nasdaq.com/api/screener/etf?download=true,True,,,
PQJL,PQJL,PGIM Nasdaq-100 Buffer 12 ETF - July,,,,,,,,,,nasdaq,https://api.nasdaq.com/api/screener/etf?download=true,True,,,
PQOC,PQOC,PGIM Nasdaq-100 Buffer 12 ETF - October,,,,,,,,,,nasdaq,https://api.nasdaq.com/api/screener/etf?download=true,True,,,
PRAE,PRAE,Northern Lights Fund Trust III PlanRock Alternative Growth ETF,,,,,,,,,,nasdaq,https://api.nasdaq.com/api/screener/etf?download=true,True,,,
PRAY,PRAY,FIS Trust FIS Christian Stock Fund,,,,,,,,,,nasdaq,https://api.nasdaq.com/api/screener/etf?download=true,True,,,
PRCS,PRCS,Parnassus Income Funds Parnassus Core Select ETF,,,,,,,,,,nasdaq,https://api.nasdaq.com/api/screener/etf?download=true,True,,,
PREF,PREF,Principal Spectrum Preferred Securities Active ETF,,,,,,,,,,nasdaq,https://api.nasdaq.com/api/screener/etf?download=true,True,,,
PRF,PRF,Invesco RAFI US 1000 ETF,,,,,,,,,,nasdaq,https://api.nasdaq.com/api/screener/etf?download=true,True,,,
PRFD,PRFD,PIMCO U.S. Treasury Index Fund PIMCO Preferred and Capital Sec,,,,,,,,,,nasdaq,https://api.nasdaq.com/api/screener/etf?download=true,True,,,
PRFZ,PRFZ,Invesco RAFI US 1500 Small-Mid ETF,,,,,,,,,,nasdaq,https://api.nasdaq.com/api/screener/etf?download=true,True,,,
PRIV,PRIV,State Street IG Public & Private Credit ETF,,,,,,,,,,nasdaq,https://api.nasdaq.com/api/screener/etf?download=true,True,,,
PRMR,PRMR,PeakShares RMR Prime Equity ETF,,,,,,,,,,nasdaq,https://api.nasdaq.com/api/screener/etf?download=true,True,,,
PRN,PRN,Invesco Dorsey Wright Industrials Momentum ETF,,,,,,,,,,nasdaq,https://api.nasdaq.com/api/screener/etf?download=true,True,,,
PRNT,PRNT,3D Printing (The) ETF,,,,,,,,,,nasdaq,https://api.nasdaq.com/api/screener/etf?download=true,True,,,
PRVS,PRVS,Parnassus Income Funds Parnassus Value Select ETF,,,,,,,,,,nasdaq,https://api.nasdaq.com/api/screener/etf?download=true,True,,,
PRXG,PRXG,Praxis Funds Praxis Impact Large Cap Growth ETF,,,,,,,,,,nasdaq,https://api.nasdaq.com/api/screener/etf?download=true,True,,,
PRXV,PRXV,Praxis Funds Praxis Impact Large Cap Value ETF,,,,,,,,,,nasdaq,https://api.nasdaq.com/api/screener/etf?download=true,True,,,
PSC,PSC,Principal U.S. Small-Cap ETF,,,,,,,,,,nasdaq,https://api.nasdaq.com/api/screener/etf?download=true,True,,,
PSCC,PSCC,Invesco S&P SmallCap Consumer Staples ETF,,,,,,,,,,nasdaq,https://api.nasdaq.com/api/screener/etf?download=true,True,,,
PSCD,PSCD,Invesco S&P SmallCap Consumer Discretionary ETF,,,,,,,,,,nasdaq,https://api.nasdaq.com/api/screener/etf?download=true,True,,,
PSCE,PSCE,Invesco S&P SmallCap Energy ETF,,,,,,,,,,nasdaq,https://api.nasdaq.com/api/screener/etf?download=true,True,,,
PSCF,PSCF,Invesco S&P SmallCap Financials ETF,,,,,,,,,,nasdaq,https://api.nasdaq.com/api/screener/etf?download=true,True,,,
PSCH,PSCH,Invesco S&P SmallCap Health Care ETF,,,,,,,,,,nasdaq,https://api.nasdaq.com/api/screener/etf?download=true,True,,,
PSCI,PSCI,Invesco S&P SmallCap Industrials ETF,,,,,,,,,,nasdaq,https://api.nasdaq.com/api/screener/etf?download=true,True,,,
PSCJ,PSCJ,Pacer Swan SOS Conservative (July) ETF,,,,,,,,,,nasdaq,https://api.nasdaq.com/api/screener/etf?download=true,True,,,
PSCM,PSCM,Invesco S&P SmallCap Materials ETF,,,,,,,,,,nasdaq,https://api.nasdaq.com/api/screener/etf?download=true,True,,,
PSCQ,PSCQ,Pacer Swan SOS Conservative (October) ETF,,,,,,,,,,nasdaq,https://api.nasdaq.com/api/screener/etf?download=true,True,,,
PSCT,PSCT,Invesco S&P SmallCap Information Technology ETF,,,,,,,,,,nasdaq,https://api.nasdaq.com/api/screener/etf?download=true,True,,,
PSCU,PSCU,Invesco S&P SmallCap Utilities & Communication Services ETF,,,,,,,,,,nasdaq,https://api.nasdaq.com/api/screener/etf?download=true,True,,,
PSCW,PSCW,Pacer Swan SOS Conservative (April) ETF,,,,,,,,,,nasdaq,https://api.nasdaq.com/api/screener/etf?download=true,True,,,
PSCX,PSCX,Pacer Swan SOS Conservative (January) ETF,,,,,,,,,,nasdaq,https://api.nasdaq.com/api/screener/etf?download=true,True,,,
PSDM,PSDM,PGIM ETF Trust PGIM Short Duration Multi-Sector Bond ETF,,,,,,,,,,nasdaq,https://api.nasdaq.com/api/screener/etf?download=true,True,,,
PSEP,PSEP,Innovator U.S. Equity Power Buffer ETF - September,,,,,,,,,,nasdaq,https://api.nasdaq.com/api/screener/etf?download=true,True,,,
PSET,PSET,Principal Quality ETF,,,,,,,,,,nasdaq,https://api.nasdaq.com/api/screener/etf?download=true,True,,,
PSFD,PSFD,Pacer Swan SOS Flex (January) ETF,,,,,,,,,,nasdaq,https://api.nasdaq.com/api/screener/etf?download=true,True,,,
PSFF,PSFF,Pacer Swan SOS Fund of Funds ETF,,,,,,,,,,nasdaq,https://api.nasdaq.com/api/screener/etf?download=true,True,,,
PSFJ,PSFJ,Pacer Swan SOS Flex (July) ETF,,,,,,,,,,nasdaq,https://api.nasdaq.com/api/screener/etf?download=true,True,,,
PSFM,PSFM,Pacer Swan SOS Flex (April) ETF,,,,,,,,,,nasdaq,https://api.nasdaq.com/api/screener/etf?download=true,True,,,
PSFO,PSFO,Pacer Swan SOS Flex (October) ETF,,,,,,,,,,nasdaq,https://api.nasdaq.com/api/screener/etf?download=true,True,,,
PSH,PSH,PGIM ETF Trust PGIM Short Duration High Yield ETF,,,,,,,,,,nasdaq,https://api.nasdaq.com/api/screener/etf?download=true,True,,,
PSI,PSI,Invesco Semiconductors ETF,,,,,,,,,,nasdaq,https://api.nasdaq.com/api/screener/etf?download=true,True,,,
PSIL,PSIL,AdvisorShares Psychedelics ETF,,,,,,,,,,nasdaq,https://api.nasdaq.com/api/screener/etf?download=true,True,,,
PSK,PSK,State Street SPDR ICE Preferred Securities ETF,,,,,,,,,,nasdaq,https://api.nasdaq.com/api/screener/etf?download=true,True,,,
PSL,PSL,Invesco Dorsey Wright Consumer Staples Momentum ETF,,,,,,,,,,nasdaq,https://api.nasdaq.com/api/screener/etf?download=true,True,,,
PSLV,PSLV,Sprott Physical Silver Trust ETV,0001494728,,,NYSE,,,,,,nasdaq,https://api.nasdaq.com/api/screener/etf?download=true,True,,,
PSMD,PSMD,Pacer Swan SOS Moderate (January) ETF,,,,,,,,,,nasdaq,https://api.nasdaq.com/api/screener/etf?download=true,True,,,
PSMJ,PSMJ,Pacer Swan SOS Moderate (July) ETF,,,,,,,,,,nasdaq,https://api.nasdaq.com/api/screener/etf?download=true,True,,,
PSMO,PSMO,Pacer Swan SOS Moderate (October) ETF,,,,,,,,,,nasdaq,https://api.nasdaq.com/api/screener/etf?download=true,True,,,
PSMR,PSMR,Pacer Swan SOS Moderate (April) ETF,,,,,,,,,,nasdaq,https://api.nasdaq.com/api/screener/etf?download=true,True,,,
PSP,PSP,Invesco Global Listed Private Equity ETF,,,,,,,,,,nasdaq,https://api.nasdaq.com/api/screener/etf?download=true,True,,,
PSQ,PSQ,ProShares Short QQQ,,,,,,,,,,nasdaq,https://api.nasdaq.com/api/screener/etf?download=true,True,,,
PSQA,PSQA,Palmer Square Funds Trust Palmer Square CLO Senior Debt ETF,,,,,,,,,,nasdaq,https://api.nasdaq.com/api/screener/etf?download=true,True,,,
PSQO,PSQO,Palmer Square Funds Trust Palmer Square Credit Opportunities E,,,,,,,,,,nasdaq,https://api.nasdaq.com/api/screener/etf?download=true,True,,,
PSR,PSR,Invesco Active U.S. Real Estate Fund,,,,,,,,,,nasdaq,https://api.nasdaq.com/api/screener/etf?download=true,True,,,
PST,PST,ProShares UltraShort Lehman 7-10 Year Treasury,,,,,,,,,,nasdaq,https://api.nasdaq.com/api/screener/etf?download=true,True,,,
PSTP,PSTP,Innovator ETFs Trust Innovator Power Buffer Step-Up Strategy E,,,,,,,,,,nasdaq,https://api.nasdaq.com/api/screener/etf?download=true,True,,,
PSTR,PSTR,PeakShares Sector Rotation ETF,,,,,,,,,,nasdaq,https://api.nasdaq.com/api/screener/etf?download=true,True,,,
PSWD,PSWD,Xtrackers Cybersecurity Select Equity ETF,,,,,,,,,,nasdaq,https://api.nasdaq.com/api/screener/etf?download=true,True,,,
PTBD,PTBD,Pacer Trendpilot US Bond ETF,,,,,,,,,,nasdaq,https://api.nasdaq.com/api/screener/etf?download=true,True,,,
PTEU,PTEU,Pacer TrendpilotTM European Index ETF,,,,,,,,,,nasdaq,https://api.nasdaq.com/api/screener/etf?download=true,True,,,
PTF,PTF,Invesco Dorsey Wright Technology Momentum ETF,,,,,,,,,,nasdaq,https://api.nasdaq.com/api/screener/etf?download=true,True,,,
PTH,PTH,Invesco Dorsey Wright Healthcare Momentum ETF,,,,,,,,,,nasdaq,https://api.nasdaq.com/api/screener/etf?download=true,True,,,
PTIN,PTIN,Pacer Trendpilot International ETF,,,,,,,,,,nasdaq,https://api.nasdaq.com/api/screener/etf?download=true,True,,,
PTIR,PTIR,GraniteShares 2x Long PLTR Daily ETF,,,,,,,,,,nasdaq,https://api.nasdaq.com/api/screener/etf?download=true,True,,,
PTL,PTL,Northern Lights Fund Trust IV Inspire 500 ETF,,,,,,,,,,nasdaq,https://api.nasdaq.com/api/screener/etf?download=true,True,,,
PTLC,PTLC,Pacer Fund Trust Pacer Trendpilot US Large Cap ETF,,,,,,,,,,nasdaq,https://api.nasdaq.com/api/screener/etf?download=true,True,,,
PTMC,PTMC,Pacer Trendpilot US Mid Cap ETF,,,,,,,,,,nasdaq,https://api.nasdaq.com/api/screener/etf?download=true,True,,,
PTNQ,PTNQ,Pacer Trendpilot 100 ETF,,,,,,,,,,nasdaq,https://api.nasdaq.com/api/screener/etf?download=true,True,,,
PTRB,PTRB,PGIM ETF Trust PGIM Total Return Bond ETF,,,,,,,,,,nasdaq,https://api.nasdaq.com/api/screener/etf?download=true,True,,,
PUI,PUI,Invesco Dorsey Wright Utilities Momentum ETF,,,,,,,,,,nasdaq,https://api.nasdaq.com/api/screener/etf?download=true,True,,,
PULS,PULS,PGIM Ultra Short Bond ETF,,,,,,,,,,nasdaq,https://api.nasdaq.com/api/screener/etf?download=true,True,,,
PULT,PULT,Putnam ETF Trust Putnam ESG Ultra Short ETF,,,,,,,,,,nasdaq,https://api.nasdaq.com/api/screener/etf?download=true,True,,,
PUSH,PUSH,PGIM ETF Trust PGIM Ultra Short Municipal Bond ETF,,,,,,,,,,nasdaq,https://api.nasdaq.com/api/screener/etf?download=true,True,,,
PVAL,PVAL,Putnam Focused Large Cap Value ETF,,,,,,,,,,nasdaq,https://api.nasdaq.com/api/screener/etf?download=true,True,,,
PVI,PVI,Invesco Floating Rate Municipal Income ETF,,,,,,,,,,nasdaq,https://api.nasdaq.com/api/screener/etf?download=true,True,,,
PWB,PWB,Invesco Large Cap Growth ETF,,,,,,,,,,nasdaq,https://api.nasdaq.com/api/screener/etf?download=true,True,,,
PWER,PWER,Nomura Energy Transition ETF,,,,,,,,,,nasdaq,https://api.nasdaq.com/api/screener/etf?download=true,True,,,
PWRD,PWRD,TCW Transform Systems ETF,,,,,,,,,,nasdaq,https://api.nasdaq.com/api/screener/etf?download=true,True,,,
PWS,PWS,Pacer WealthShield ETF,,,,,,,,,,nasdaq,https://api.nasdaq.com/api/screener/etf?download=true,True,,,
PWV,PWV,Invesco Large Cap Value ETF,,,,,,,,,,nasdaq,https://api.nasdaq.com/api/screener/etf?download=true,True,,,
PWZ,PWZ,Invesco California AMT-Free Municipal Bond Portfolio,,,,,,,,,,nasdaq,https://api.nasdaq.com/api/screener/etf?download=true,True,,,
PXE,PXE,Invesco Energy Exploration & Production ETF,,,,,,,,,,nasdaq,https://api.nasdaq.com/api/screener/etf?download=true,True,,,
PXF,PXF,Invesco RAFI Developed Markets ex-U.S. ETF,,,,,,,,,,nasdaq,https://api.nasdaq.com/api/screener/etf?download=true,True,,,
PXH,PXH,Invesco RAFI Emerging Markets ETF,,,,,,,,,,nasdaq,https://api.nasdaq.com/api/screener/etf?download=true,True,,,
PXI,PXI,Invesco Dorsey Wright Energy Momentum ETF,,,,,,,,,,nasdaq,https://api.nasdaq.com/api/screener/etf?download=true,True,,,
PXJ,PXJ,Invesco Oil & Gas Services ETF,,,,,,,,,,nasdaq,https://api.nasdaq.com/api/screener/etf?download=true,True,,,
PY,PY,Principal Value ETF,,,,,,,,,,nasdaq,https://api.nasdaq.com/api/screener/etf?download=true,True,,,
PYLD,PYLD,PIMCO U.S. Treasury Index Fund PIMCO Multisector Bond Active E,,,,,,,,,,nasdaq,https://api.nasdaq.com/api/screener/etf?download=true,True,,,
UPW,UPW,ProShares Ultra Utilities,,,,,,,,,,nasdaq,https://api.nasdaq.com/api/screener/etf?download=true,True,,,
URA,URA,Global X Uranium ETF,,,,,,,,,,nasdaq,https://api.nasdaq.com/api/screener/etf?download=true,True,,,
URAA,URAA,Direxion Daily Uranium Industry Bull 2X ETF,,,,,,,,,,nasdaq,https://api.nasdaq.com/api/screener/etf?download=true,True,,,
URAN,URAN,Themes ETF Trust Themes Uranium & Nuclear ETF,,,,,,,,,,nasdaq,https://api.nasdaq.com/api/screener/etf?download=true,True,,,
URE,URE,ProShares Ultra Real Estate,,,,,,,,,,nasdaq,https://api.nasdaq.com/api/screener/etf?download=true,True,,,
URNJ,URNJ,Sprott Junior Uranium Miners ETF,,,,,,,,,,nasdaq,https://api.nasdaq.com/api/screener/etf?download=true,True,,,
URNM,URNM,Sprott Uranium Miners ETF,,,,,,,,,,nasdaq,https://api.nasdaq.com/api/screener/etf?download=true,True,,,
URTH,URTH,iShares Inc. iShares MSCI World ETF,,,,,,,,,,nasdaq,https://api.nasdaq.com/api/screener/etf?download=true,True,,,
URTY,URTY,ProShares UltraPro Russell2000,,,,,,,,,,nasdaq,https://api.nasdaq.com/api/screener/etf?download=true,True,,,
USAF,USAF,Atlas America Fund,,,,,,,,,,nasdaq,https://api.nasdaq.com/api/screener/etf?download=true,True,,,
USAI,USAI,Pacer American Energy Infrastructure ETF,,,,,,,,,,nasdaq,https://api.nasdaq.com/api/screener/etf?download=true,True,,,
USAX,USAX,Investment Managers Series Trust II Tradr 2X Long USAR Daily E,,,,,,,,,,nasdaq,https://api.nasdaq.com/api/screener/etf?download=true,True,,,
USCA,USCA,DBX ETF Trust Xtrackers MSCI USA Climate Action Equity ETF,,,,,,,,,,nasdaq,https://api.nasdaq.com/api/screener/etf?download=true,True,,,
USCI,USCI,United States Commodity Index Fund ETV,0001479247,,,NYSE,,,,,,nasdaq,https://api.nasdaq.com/api/screener/etf?download=true,True,,,
USCL,USCL,iShares Climate Conscious & Transition MSCI USA ETF,,,,,,,,,,nasdaq,https://api.nasdaq.com/api/screener/etf?download=true,True,,,
USD,USD,ProShares Ultra Semiconductors,,,,,,,,,,nasdaq,https://api.nasdaq.com/api/screener/etf?download=true,True,,,
USDU,USDU,WisdomTree Bloomberg U.S. Dollar Bullish Fund,,,,,,,,,,nasdaq,https://api.nasdaq.com/api/screener/etf?download=true,True,,,
USDX,USDX,SGI Enhanced Core ETF,,,,,,,,,,nasdaq,https://api.nasdaq.com/api/screener/etf?download=true,True,,,
USE,USE,USCF ETF Trust USCF Energy Commodity Strategy Absolute Return ,,,,,,,,,,nasdaq,https://api.nasdaq.com/api/screener/etf?download=true,True,,,
USEP,USEP,Innovator U.S. Equity Ultra Buffer ETF - September,,,,,,,,,,nasdaq,https://api.nasdaq.com/api/screener/etf?download=true,True,,,
USFE,USFE,First Eagle ETF Trust First Eagle US Equity ETF,,,,,,,,,,nasdaq,https://api.nasdaq.com/api/screener/etf?download=true,True,,,
USFI,USFI,BrandywineGLOBAL - U.S. Fixed Income ETF,,,,,,,,,,nasdaq,https://api.nasdaq.com/api/screener/etf?download=true,True,,,
USFR,USFR,WisdomTree Floating Rate Treasury Fund,,,,,,,,,,nasdaq,https://api.nasdaq.com/api/screener/etf?download=true,True,,,
USG,USG,USCF Gold Strategy Plus Income Fund,,,,,,,,,,nasdaq,https://api.nasdaq.com/api/screener/etf?download=true,True,,,
USGG,USGG,Leverage Shares 2X Long USAR Daily ETF,,,,,,,,,,nasdaq,https://api.nasdaq.com/api/screener/etf?download=true,True,,,
USHY,USHY,iShares Broad USD High Yield Corporate Bond ETF,,,,,,,,,,nasdaq,https://api.nasdaq.com/api/screener/etf?download=true,True,,,
USIG,USIG,iShares Broad USD Investment Grade Corporate Bond ETF,,,,,,,,,,nasdaq,https://api.nasdaq.com/api/screener/etf?download=true,True,,,
USIN,USIN,WisdomTree 7-10 Year Laddered Treasury Fund,,,,,,,,,,nasdaq,https://api.nasdaq.com/api/screener/etf?download=true,True,,,
USL,USL,United States 12 Month Oil,0001405528,,,NYSE,,,,,,nasdaq,https://api.nasdaq.com/api/screener/etf?download=true,True,,,
USMC,USMC,Principal U.S. Mega-Cap ETF,,,,,,,,,,nasdaq,https://api.nasdaq.com/api/screener/etf?download=true,True,,,
USMF,USMF,WisdomTree U.S. Multifactor Fund,,,,,,,,,,nasdaq,https://api.nasdaq.com/api/screener/etf?download=true,True,,,
USML,USML,ETRACS 2x Leveraged MSCI US Minimum Volatility Factor TR ETN,0001114446,,,NYSE,,,,,,nasdaq,https://api.nasdaq.com/api/screener/etf?download=true,True,,,
USMV,USMV,iShares MSCI USA Min Vol Factor ETF,,,,,,,,,,nasdaq,https://api.nasdaq.com/api/screener/etf?download=true,True,,,
USNG,USNG,Amplify ETF Trust Amplify Samsung U.S. Natural Gas Infrastruct,,,,,,,,,,nasdaq,https://api.nasdaq.com/api/screener/etf?download=true,True,,,
USNZ,USNZ,DBX ETF Trust Xtrackers Net Zero Pathway Paris Aligned US Equi,,,,,,,,,,nasdaq,https://api.nasdaq.com/api/screener/etf?download=true,True,,,
USO,USO,United States Oil Fund,0001327068,,,NYSE,,,,,,nasdaq,https://api.nasdaq.com/api/screener/etf?download=true,True,,,
USOI,USOI,X-Links Crude Oil Shares Covered Call ETN,0001053092,,,Nasdaq,,,,,,nasdaq,https://api.nasdaq.com/api/screener/etf?download=true,True,,,
USOY,USOY,Defiance Oil Enhanced Options Income ETF,,,,,,,,,,nasdaq,https://api.nasdaq.com/api/screener/etf?download=true,True,,,
USPX,USPX,Franklin U.S. Equity Index ETF,,,,,,,,,,nasdaq,https://api.nasdaq.com/api/screener/etf?download=true,True,,,
USRD,USRD,Themes US R&D Champions ETF,,,,,,,,,,nasdaq,https://api.nasdaq.com/api/screener/etf?download=true,True,,,
USRT,USRT,iShares Core U.S. REIT ETF,,,,,,,,,,nasdaq,https://api.nasdaq.com/api/screener/etf?download=true,True,,,
USSE,USSE,Segall Bryant & Hamill Trust Segall Bryant & Hamill Select Equ,,,,,,,,,,nasdaq,https://api.nasdaq.com/api/screener/etf?download=true,True,,,
USSG,USSG,Xtrackers MSCI USA Selection Equity ETF,,,,,,,,,,nasdaq,https://api.nasdaq.com/api/screener/etf?download=true,True,,,
USSH,USSH,WisdomTree 1-3 Year Laddered Treasury Fund,,,,,,,,,,nasdaq,https://api.nasdaq.com/api/screener/etf?download=true,True,,,
UST,UST,ProShares Ultra 7-10 Year Treasury,,,,,,,,,,nasdaq,https://api.nasdaq.com/api/screener/etf?download=true,True,,,
USTB,USTB,VictoryShares Short-Term Bond ETF,,,,,,,,,,nasdaq,https://api.nasdaq.com/api/screener/etf?download=true,True,,,
USVM,USVM,VictoryShares US Small Mid Cap Value Momentum ETF,,,,,,,,,,nasdaq,https://api.nasdaq.com/api/screener/etf?download=true,True,,,
USVN,USVN,US Treasury 7 Year Note ETF,,,,,,,,,,nasdaq,https://api.nasdaq.com/api/screener/etf?download=true,True,,,
USXF,USXF,iShares ESG Advanced MSCI USA ETF,,,,,,,,,,nasdaq,https://api.nasdaq.com/api/screener/etf?download=true,True,,,
UTEN,UTEN,US Treasury 10 Year Note ETF,,,,,,,,,,nasdaq,https://api.nasdaq.com/api/screener/etf?download=true,True,,,
UTES,UTES,Virtus Reaves Utilities ETF,,,,,,,,,,nasdaq,https://api.nasdaq.com/api/screener/etf?download=true,True,,,
UTHY,UTHY,US Treasury 30 Year Bond ETF,,,,,,,,,,nasdaq,https://api.nasdaq.com/api/screener/etf?download=true,True,,,
UTRE,UTRE,US Treasury 3 Year Note ETF,,,,,,,,,,nasdaq,https://api.nasdaq.com/api/screener/etf?download=true,True,,,
UTSL,UTSL,Direxion Daily Utilities Bull 3X ETF,,,,,,,,,,nasdaq,https://api.nasdaq.com/api/screener/etf?download=true,True,,,
UTWO,UTWO,US Treasury 2 Year Note ETF,,,,,,,,,,nasdaq,https://api.nasdaq.com/api/screener/etf?download=true,True,,,
UTWY,UTWY,US Treasury 20 Year Bond ETF,,,,,,,,,,nasdaq,https://api.nasdaq.com/api/screener/etf?download=true,True,,,
UUP,UUP,Invesco DB USD Index Bullish Fund ETF,0001383151,,,NYSE,,,,,,nasdaq,https://api.nasdaq.com/api/screener/etf?download=true,True,,,
UUUG,UUUG,Leverage Shares 2X Long UUUU Daily ETF,,,,,,,,,,nasdaq,https://api.nasdaq.com/api/screener/etf?download=true,True,,,
UVIX,UVIX,VS TR 2x Long VIX Futures ETF,0001793497,,,CBOE,,,,,,nasdaq,https://api.nasdaq.com/api/screener/etf?download=true,True,,,
UVXY,UVXY,ProShares Trust Ultra VIX Short Term Futures ETF,0001415311,,,CBOE,,,,,,nasdaq,https://api.nasdaq.com/api/screener/etf?download=true,True,,,
UWM,UWM,ProShares Ultra Russell2000,,,,,,,,,,nasdaq,https://api.nasdaq.com/api/screener/etf?download=true,True,,,
UX,UX,Roundhill ETF Trust Roundhill Uranium ETF,,,,,,,,,,nasdaq,https://api.nasdaq.com/api/screener/etf?download=true,True,,,
UXAP,UXAP,First Trust Exchange-Traded Fund VIII FT Vest U.S. Equity Unca,,,,,,,,,,nasdaq,https://api.nasdaq.com/api/screener/etf?download=true,True,,,
UXI,UXI,ProShares Ultra Industrials,,,,,,,,,,nasdaq,https://api.nasdaq.com/api/screener/etf?download=true,True,,,
UXJA,UXJA,First Trust Exchange-Traded Fund VIII FT Vest U.S. Equity Unca,,,,,,,,,,nasdaq,https://api.nasdaq.com/api/screener/etf?download=true,True,,,
UXJL,UXJL,First Trust Exchange-Traded Fund VIII FT Vest U.S. Equity Unca,,,,,,,,,,nasdaq,https://api.nasdaq.com/api/screener/etf?download=true,True,,,
UXOC,UXOC,First Trust Exchange-Traded Fund VIII FT Vest U.S. Equity Unca,,,,,,,,,,nasdaq,https://api.nasdaq.com/api/screener/etf?download=true,True,,,
UXRP,UXRP,ProShares Trust ProShares Ultra XRP ETF,,,,,,,,,,nasdaq,https://api.nasdaq.com/api/screener/etf?download=true,True,,,
UYG,UYG,ProShares Ultra Financials,,,,,,,,,,nasdaq,https://api.nasdaq.com/api/screener/etf?download=true,True,,,
UYLD,UYLD,Angel Oak UltraShort Income ETF,,,,,,,,,,nasdaq,https://api.nasdaq.com/api/screener/etf?download=true,True,,,
UYM,UYM,ProShares Ultra Materials,,,,,,,,,,nasdaq,https://api.nasdaq.com/api/screener/etf?download=true,True,,,
VABS,VABS,Virtus Newfleet ABS/MBS ETF,,,,,,,,,,nasdaq,https://api.nasdaq.com/api/screener/etf?download=true,True,,,
VALG,VALG,Leverage Shares 2X Long VALE Daily ETF,,,,,,,,,,nasdaq,https://api.nasdaq.com/api/screener/etf?download=true,True,,,
VALQ,VALQ,American Century U.S. Quality Value ETF,,,,,,,,,,nasdaq,https://api.nasdaq.com/api/screener/etf?download=true,True,,,
VAMO,VAMO,Cambria ETF Trust Cambria Value and Momentum ETF,,,,,,,,,,nasdaq,https://api.nasdaq.com/api/screener/etf?download=true,True,,,
VAVX,VAVX,VanEck Avalanche ETF,0002060717,,,Nasdaq,,,,,,nasdaq,https://api.nasdaq.com/api/screener/etf?download=true,True,,,
VAW,VAW,Vanguard Materials ETF,,,,,,,,,,nasdaq,https://api.nasdaq.com/api/screener/etf?download=true,True,,,
VB,VB,Vanguard Small-Cap ETF,,,,,,,,,,nasdaq,https://api.nasdaq.com/api/screener/etf?download=true,True,,,
VBCA,VBCA,Vanguard Target Maturity 2027 Corporate Bond ETF,,,,,,,,,,nasdaq,https://api.nasdaq.com/api/screener/etf?download=true,True,,,
VBCB,VBCB,Vanguard Target Maturity 2028 Corporate Bond ETF,,,,,,,,,,nasdaq,https://api.nasdaq.com/api/screener/etf?download=true,True,,,
VBCC,VBCC,Vanguard Target Maturity 2029 Corporate Bond ETF,,,,,,,,,,nasdaq,https://api.nasdaq.com/api/screener/etf?download=true,True,,,
VBCD,VBCD,Vanguard Target Maturity 2030 Corporate Bond ETF,,,,,,,,,,nasdaq,https://api.nasdaq.com/api/screener/etf?download=true,True,,,
VBCE,VBCE,Vanguard Target Maturity 2031 Corporate Bond ETF,,,,,,,,,,nasdaq,https://api.nasdaq.com/api/screener/etf?download=true,True,,,
VBCF,VBCF,Vanguard Target Maturity 2032 Corporate Bond ETF,,,,,,,,,,nasdaq,https://api.nasdaq.com/api/screener/etf?download=true,True,,,
VBCG,VBCG,Vanguard Target Maturity 2033 Corporate Bond ETF,,,,,,,,,,nasdaq,https://api.nasdaq.com/api/screener/etf?download=true,True,,,
VBCH,VBCH,Vanguard Target Maturity 2034 Corporate Bond ETF,,,,,,,,,,nasdaq,https://api.nasdaq.com/api/screener/etf?download=true,True,,,
VBCI,VBCI,Vanguard Target Maturity 2035 Corporate Bond ETF,,,,,,,,,,nasdaq,https://api.nasdaq.com/api/screener/etf?download=true,True,,,
VBCJ,VBCJ,Vanguard Target Maturity 2036 Corporate Bond ETF,,,,,,,,,,nasdaq,https://api.nasdaq.com/api/screener/etf?download=true,True,,,
VBIL,VBIL,Vanguard 0-3 Month Treasury Bill ETF,,,,,,,,,,nasdaq,https://api.nasdaq.com/api/screener/etf?download=true,True,,,
VBK,VBK,Vanguard Small-Cap Growth ETF,,,,,,,,,,nasdaq,https://api.nasdaq.com/api/screener/etf?download=true,True,,,
VBND,VBND,Vident U.S. Bond Strategy ETF,,,,,,,,,,nasdaq,https://api.nasdaq.com/api/screener/etf?download=true,True,,,
VBR,VBR,Vanguard Small-Cap Value ETF,,,,,,,,,,nasdaq,https://api.nasdaq.com/api/screener/etf?download=true,True,,,
VCEB,VCEB,Vanguard ESG U.S. Corporate Bond ETF,,,,,,,,,,nasdaq,https://api.nasdaq.com/api/screener/etf?download=true,True,,,
VCIT,VCIT,Vanguard Intermediate-Term Corporate Bond ETF,,,,,,,,,,nasdaq,https://api.nasdaq.com/api/screener/etf?download=true,True,,,
VCLN,VCLN,Virtus Duff & Phelps Clean Energy ETF,,,,,,,,,,nasdaq,https://api.nasdaq.com/api/screener/etf?download=true,True,,,
VCLT,VCLT,Vanguard Long-Term Corporate Bond ETF,,,,,,,,,,nasdaq,https://api.nasdaq.com/api/screener/etf?download=true,True,,,
VCR,VCR,Vanguard Consumer Discretion ETF,,,,,,,,,,nasdaq,https://api.nasdaq.com/api/screener/etf?download=true,True,,,
VCRB,VCRB,Vanguard Core Bond ETF,,,,,,,,,,nasdaq,https://api.nasdaq.com/api/screener/etf?download=true,True,,,
VCRM,VCRM,Vanguard Tax-Managed Funds Vanguard Core Tax-Exempt Bond ETF,,,,,,,,,,nasdaq,https://api.nasdaq.com/api/screener/etf?download=true,True,,,
VCSH,VCSH,Vanguard Short-Term Corporate Bond ETF,,,,,,,,,,nasdaq,https://api.nasdaq.com/api/screener/etf?download=true,True,,,
VDC,VDC,Vanguard Consumer Staples ETF,,,,,,,,,,nasdaq,https://api.nasdaq.com/api/screener/etf?download=true,True,,,
VDE,VDE,Vanguard Energy ETF,,,,,,,,,,nasdaq,https://api.nasdaq.com/api/screener/etf?download=true,True,,,
VEA,VEA,Vanguard FTSE Developed Markets ETF,,,,,,,,,,nasdaq,https://api.nasdaq.com/api/screener/etf?download=true,True,,,
VEGA,VEGA,AdvisorShares STAR Global Buy-Write ETF,,,,,,,,,,nasdaq,https://api.nasdaq.com/api/screener/etf?download=true,True,,,
VEGI,VEGI,iShares MSCI Agriculture Producers ETF,,,,,,,,,,nasdaq,https://api.nasdaq.com/api/screener/etf?download=true,True,,,
VEGN,VEGN,US Vegan Climate ETF,,,,,,,,,,nasdaq,https://api.nasdaq.com/api/screener/etf?download=true,True,,,
VEMY,VEMY,Virtus ETF Trust II Virtus Stone Harbor Emerging Markets High ,,,,,,,,,,nasdaq,https://api.nasdaq.com/api/screener/etf?download=true,True,,,
VERS,VERS,ProShares Trust ProShares Metaverse ETF,,,,,,,,,,nasdaq,https://api.nasdaq.com/api/screener/etf?download=true,True,,,
VETZ,VETZ,Academy Veteran Bond ETF,,,,,,,,,,nasdaq,https://api.nasdaq.com/api/screener/etf?download=true,True,,,
VEU,VEU,Vanguard FTSE All World Ex US ETF,,,,,,,,,,nasdaq,https://api.nasdaq.com/api/screener/etf?download=true,True,,,
VFH,VFH,Vanguard Financials ETF,,,,,,,,,,nasdaq,https://api.nasdaq.com/api/screener/etf?download=true,True,,,
VFLO,VFLO,VictoryShares Free Cash Flow ETF,,,,,,,,,,nasdaq,https://api.nasdaq.com/api/screener/etf?download=true,True,,,
VFMF,VFMF,Vanguard U.S. Multifactor ETF,,,,,,,,,,nasdaq,https://api.nasdaq.com/api/screener/etf?download=true,True,,,
VFMO,VFMO,Vanguard U.S. Momentum Factor ETF,,,,,,,,,,nasdaq,https://api.nasdaq.com/api/screener/etf?download=true,True,,,
VFMV,VFMV,Vanguard U.S. Minimum Volatility ETF,,,,,,,,,,nasdaq,https://api.nasdaq.com/api/screener/etf?download=true,True,,,
VFQY,VFQY,Vanguard U.S. Quality Factor ETF,,,,,,,,,,nasdaq,https://api.nasdaq.com/api/screener/etf?download=true,True,,,
VFVA,VFVA,Vanguard U.S. Value Factor ETF,,,,,,,,,,nasdaq,https://api.nasdaq.com/api/screener/etf?download=true,True,,,
VGHY,VGHY,Vanguard High-Yield Active ETF,,,,,,,,,,nasdaq,https://api.nasdaq.com/api/screener/etf?download=true,True,,,
VGIT,VGIT,Vanguard Intermediate-Term Treasury ETF,,,,,,,,,,nasdaq,https://api.nasdaq.com/api/screener/etf?download=true,True,,,
VGK,VGK,Vanguard FTSEEuropean ETF,,,,,,,,,,nasdaq,https://api.nasdaq.com/api/screener/etf?download=true,True,,,
VGLT,VGLT,Vanguard Long-Term Treasury ETF,,,,,,,,,,nasdaq,https://api.nasdaq.com/api/screener/etf?download=true,True,,,
VGMS,VGMS,Vanguard Malvern Funds Vanguard Multi-Sector Income Bond ETF,,,,,,,,,,nasdaq,https://api.nasdaq.com/api/screener/etf?download=true,True,,,
VGSH,VGSH,Vanguard Short-Term Treasury ETF,,,,,,,,,,nasdaq,https://api.nasdaq.com/api/screener/etf?download=true,True,,,
VGSR,VGSR,Vert Global Sustainable Real Estate ETF,,,,,,,,,,nasdaq,https://api.nasdaq.com/api/screener/etf?download=true,True,,,
VGT,VGT,Vanguard Information Tech ETF,,,,,,,,,,nasdaq,https://api.nasdaq.com/api/screener/etf?download=true,True,,,
VGUS,VGUS,Vanguard Ultra-Short Treasury ETF,,,,,,,,,,nasdaq,https://api.nasdaq.com/api/screener/etf?download=true,True,,,
VGVT,VGVT,Vanguard Malvern Funds Vanguard Government Securities Active E,,,,,,,,,,nasdaq,https://api.nasdaq.com/api/screener/etf?download=true,True,,,
VHT,VHT,Vanguard Health Care ETF,,,,,,,,,,nasdaq,https://api.nasdaq.com/api/screener/etf?download=true,True,,,
VICE,VICE,AdvisorShares Trust AdvisorShares Vice ETF,,,,,,,,,,nasdaq,https://api.nasdaq.com/api/screener/etf?download=true,True,,,
VIDI,VIDI,Vident International Equity Strategy ETF,,,,,,,,,,nasdaq,https://api.nasdaq.com/api/screener/etf?download=true,True,,,
VIG,VIG,Vanguard Div Appreciation ETF,,,,,,,,,,nasdaq,https://api.nasdaq.com/api/screener/etf?download=true,True,,,
VIGI,VIGI,Vanguard International Dividend Appreciation ETF,,,,,,,,,,nasdaq,https://api.nasdaq.com/api/screener/etf?download=true,True,,,
VIOG,VIOG,Vanguard S&P Small-Cap 600 Growth ETF,,,,,,,,,,nasdaq,https://api.nasdaq.com/api/screener/etf?download=true,True,,,
VIOO,VIOO,Vanguard S&P Small-Cap 600 ETF,,,,,,,,,,nasdaq,https://api.nasdaq.com/api/screener/etf?download=true,True,,,
VIOV,VIOV,Vanguard S&P Small-Cap 600 Value ETF,,,,,,,,,,nasdaq,https://api.nasdaq.com/api/screener/etf?download=true,True,,,
VIS,VIS,Vanguard Industrials ETF,,,,,,,,,,nasdaq,https://api.nasdaq.com/api/screener/etf?download=true,True,,,
VIXM,VIXM,ProShares Trust VIX Mid-Term Futures ETF,0001415311,,,CBOE,,,,,,nasdaq,https://api.nasdaq.com/api/screener/etf?download=true,True,,,
VIXY,VIXY,ProShares Trust VIX Short-Term Futures ETF,0001415311,,,CBOE,,,,,,nasdaq,https://api.nasdaq.com/api/screener/etf?download=true,True,,,
VLLU,VLLU,Harbor ETF Trust Harbor AlphaEdge Large Cap Value ETF,,,,,,,,,,nasdaq,https://api.nasdaq.com/api/screener/etf?download=true,True,,,
VLU,VLU,State Street SPDR S&P 1500 Value Tilt ETF,,,,,,,,,,nasdaq,https://api.nasdaq.com/api/screener/etf?download=true,True,,,
VLUE,VLUE,iShares MSCI USA Value Factor ETF,,,,,,,,,,nasdaq,https://api.nasdaq.com/api/screener/etf?download=true,True,,,
VMAX,VMAX,Lattice Strategies Trust Hartford US Value ETF,,,,,,,,,,nasdaq,https://api.nasdaq.com/api/screener/etf?download=true,True,,,
VMBS,VMBS,Vanguard Mortgage-Backed Securities ETF,,,,,,,,,,nasdaq,https://api.nasdaq.com/api/screener/etf?download=true,True,,,
VNAM,VNAM,Global X Funds Global X MSCI Vietnam ETF,,,,,,,,,,nasdaq,https://api.nasdaq.com/api/screener/etf?download=true,True,,,
VNIE,VNIE,The Advisors Inner Circle Fund II Vontobel International Equit,,,,,,,,,,nasdaq,https://api.nasdaq.com/api/screener/etf?download=true,True,,,
VNLA,VNLA,Janus Henderson Short Duration Income ETF,,,,,,,,,,nasdaq,https://api.nasdaq.com/api/screener/etf?download=true,True,,,
VNM,VNM,VanEck Vietnam ETF,,,,,,,,,,nasdaq,https://api.nasdaq.com/api/screener/etf?download=true,True,,,
VNQ,VNQ,Vanguard Real Estate ETF,,,,,,,,,,nasdaq,https://api.nasdaq.com/api/screener/etf?download=true,True,,,
VNQI,VNQI,Vanguard Global ex-U.S. Real Estate ETF,,,,,,,,,,nasdaq,https://api.nasdaq.com/api/screener/etf?download=true,True,,,
VNSE,VNSE,Natixis Vaughan Nelson Select ETF,,,,,,,,,,nasdaq,https://api.nasdaq.com/api/screener/etf?download=true,True,,,
VO,VO,Vanguard Mid-Cap ETF,,,,,,,,,,nasdaq,https://api.nasdaq.com/api/screener/etf?download=true,True,,,
VOE,VOE,Vanguard Mid-Cap Value ETF,,,,,,,,,,nasdaq,https://api.nasdaq.com/api/screener/etf?download=true,True,,,
VOLT,VOLT,Tema Electrification ETF,,,,,,,,,,nasdaq,https://api.nasdaq.com/api/screener/etf?download=true,True,,,
VONE,VONE,Vanguard Russell 1000 ETF,,,,,,,,,,nasdaq,https://api.nasdaq.com/api/screener/etf?download=true,True,,,
VONG,VONG,Vanguard Russell 1000 Growth ETF,,,,,,,,,,nasdaq,https://api.nasdaq.com/api/screener/etf?download=true,True,,,
VONV,VONV,Vanguard Russell 1000 Value ETF,,,,,,,,,,nasdaq,https://api.nasdaq.com/api/screener/etf?download=true,True,,,
VOO,VOO,Vanguard S&P 500 ETF,,,,,,,,,,nasdaq,https://api.nasdaq.com/api/screener/etf?download=true,True,,,
VOOG,VOOG,Vanguard S&P 500 Growth ETF,,,,,,,,,,nasdaq,https://api.nasdaq.com/api/screener/etf?download=true,True,,,
VOOV,VOOV,Vanguard S&P 500 Value ETF,,,,,,,,,,nasdaq,https://api.nasdaq.com/api/screener/etf?download=true,True,,,
VOT,VOT,Vanguard Mid-Cap Growth ETF,,,,,,,,,,nasdaq,https://api.nasdaq.com/api/screener/etf?download=true,True,,,
VOTE,VOTE,TCW Transform 500 ETF,,,,,,,,,,nasdaq,https://api.nasdaq.com/api/screener/etf?download=true,True,,,
VOX,VOX,Vanguard Communication Services  ETF,,,,,,,,,,nasdaq,https://api.nasdaq.com/api/screener/etf?download=true,True,,,
VOXP,VOXP,Advisors Series Trust Vox Populi ETF,,,,,,,,,,nasdaq,https://api.nasdaq.com/api/screener/etf?download=true,True,,,
VPC,VPC,Virtus Private Credit Strategy ETF,,,,,,,,,,nasdaq,https://api.nasdaq.com/api/screener/etf?download=true,True,,,
VPL,VPL,Vanguard FTSE Pacific ETF,,,,,,,,,,nasdaq,https://api.nasdaq.com/api/screener/etf?download=true,True,,,
VPLS,VPLS,Vanguard Core Plus Bond ETF,,,,,,,,,,nasdaq,https://api.nasdaq.com/api/screener/etf?download=true,True,,,
VPU,VPU,Vanguard Utilities ETF,,,,,,,,,,nasdaq,https://api.nasdaq.com/api/screener/etf?download=true,True,,,
VRAI,VRAI,Virtus Real Asset Income ETF,,,,,,,,,,nasdaq,https://api.nasdaq.com/api/screener/etf?download=true,True,,,
VRIG,VRIG,Invesco Variable Rate Investment Grade ETF,,,,,,,,,,nasdaq,https://api.nasdaq.com/api/screener/etf?download=true,True,,,
VRP,VRP,Invesco Variable Rate Preferred ETF,,,,,,,,,,nasdaq,https://api.nasdaq.com/api/screener/etf?download=true,True,,,
VRTL,VRTL,GraniteShares 2x Long VRT Daily ETF,,,,,,,,,,nasdaq,https://api.nasdaq.com/api/screener/etf?download=true,True,,,
VSDA,VSDA,VictoryShares Dividend Accelerator ETF,,,,,,,,,,nasdaq,https://api.nasdaq.com/api/screener/etf?download=true,True,,,
VSDB,VSDB,Vanguard Malvern Funds Vanguard Short Duration Bond ETF,,,,,,,,,,nasdaq,https://api.nasdaq.com/api/screener/etf?download=true,True,,,
VSDM,VSDM,Vanguard Tax-Managed Funds Vanguard Short Duration Tax-Exempt ,,,,,,,,,,nasdaq,https://api.nasdaq.com/api/screener/etf?download=true,True,,,
VSGX,VSGX,Vanguard ESG International Stock ETF,,,,,,,,,,nasdaq,https://api.nasdaq.com/api/screener/etf?download=true,True,,,
VSHY,VSHY,Virtus Newfleet Short Duration High Yield Bond ETF,,,,,,,,,,nasdaq,https://api.nasdaq.com/api/screener/etf?download=true,True,,,
VSLU,VSLU,Applied Finance Valuation Large Cap ETF,,,,,,,,,,nasdaq,https://api.nasdaq.com/api/screener/etf?download=true,True,,,
VSMV,VSMV,VictoryShares US Multi-Factor Minimum Volatility ETF,,,,,,,,,,nasdaq,https://api.nasdaq.com/api/screener/etf?download=true,True,,,
VSOL,VSOL,VanEck Solana ETF,,,,,,,,,,nasdaq,https://api.nasdaq.com/api/screener/etf?download=true,True,,,
VSS,VSS,Vanguard FTSE All-Wld ex-US SmCp Idx ETF,,,,,,,,,,nasdaq,https://api.nasdaq.com/api/screener/etf?download=true,True,,,
VSTL,VSTL,Defiance Daily Target 2X Long VST ETF,,,,,,,,,,nasdaq,https://api.nasdaq.com/api/screener/etf?download=true,True,,,
VT,VT,Vanguard Total World Stock Index ETF,,,,,,,,,,nasdaq,https://api.nasdaq.com/api/screener/etf?download=true,True,,,
VTC,VTC,Vanguard Total Corporate Bond ETF,,,,,,,,,,nasdaq,https://api.nasdaq.com/api/screener/etf?download=true,True,,,
VTEB,VTEB,Vanguard Tax-Exempt Bond ETF,,,,,,,,,,nasdaq,https://api.nasdaq.com/api/screener/etf?download=true,True,,,
VTEC,VTEC,Vanguard California Tax-Exempt Bond ETF,,,,,,,,,,nasdaq,https://api.nasdaq.com/api/screener/etf?download=true,True,,,
VTEI,VTEI,Vanguard Tax-Managed Funds Vanguard Intermediate-Term Tax-Exem,,,,,,,,,,nasdaq,https://api.nasdaq.com/api/screener/etf?download=true,True,,,
VTES,VTES,Vanguard Wellington Fund Vanguard Short-Term Tax Exempt Bond E,,,,,,,,,,nasdaq,https://api.nasdaq.com/api/screener/etf?download=true,True,,,
VTG,VTG,Vanguard Malvern Funds Vanguard Total Treasury ETF,,,,,,,,,,nasdaq,https://api.nasdaq.com/api/screener/etf?download=true,True,,,
VTHR,VTHR,Vanguard Russell 3000 ETF,,,,,,,,,,nasdaq,https://api.nasdaq.com/api/screener/etf?download=true,True,,,
VTI,VTI,Vanguard Total Stock Market ETF,,,,,,,,,,nasdaq,https://api.nasdaq.com/api/screener/etf?download=true,True,,,
VTIP,VTIP,Vanguard Short-Term Inflation-Protected Securities Index Fund ,,,,,,,,,,nasdaq,https://api.nasdaq.com/api/screener/etf?download=true,True,,,
VTV,VTV,Vanguard Value ETF,,,,,,,,,,nasdaq,https://api.nasdaq.com/api/screener/etf?download=true,True,,,
VTWG,VTWG,Vanguard Russell 2000 Growth ETF,,,,,,,,,,nasdaq,https://api.nasdaq.com/api/screener/etf?download=true,True,,,
VTWO,VTWO,Vanguard Russell 2000 ETF,,,,,,,,,,nasdaq,https://api.nasdaq.com/api/screener/etf?download=true,True,,,
VTWV,VTWV,Vanguard Russell 2000 Value ETF,,,,,,,,,,nasdaq,https://api.nasdaq.com/api/screener/etf?download=true,True,,,
VUG,VUG,Vanguard Growth ETF,,,,,,,,,,nasdaq,https://api.nasdaq.com/api/screener/etf?download=true,True,,,
VUSB,VUSB,Vanguard Ultra-Short Bond ETF,,,,,,,,,,nasdaq,https://api.nasdaq.com/api/screener/etf?download=true,True,,,
VUSE,VUSE,Vident U.S. Equity Strategy ETF,,,,,,,,,,nasdaq,https://api.nasdaq.com/api/screener/etf?download=true,True,,,
VUSV,VUSV,Vanguard Wellington U.S. Value Active ETF,,,,,,,,,,nasdaq,https://api.nasdaq.com/api/screener/etf?download=true,True,,,
VV,VV,Vanguard Large-Cap ETF,,,,,,,,,,nasdaq,https://api.nasdaq.com/api/screener/etf?download=true,True,,,
VWO,VWO,Vanguard FTSE Emerging Markets ETF,,,,,,,,,,nasdaq,https://api.nasdaq.com/api/screener/etf?download=true,True,,,
VWOB,VWOB,Vanguard Emerging Markets Government Bond ETF,,,,,,,,,,nasdaq,https://api.nasdaq.com/api/screener/etf?download=true,True,,,
VXF,VXF,Vanguard Extended Market ETF,,,,,,,,,,nasdaq,https://api.nasdaq.com/api/screener/etf?download=true,True,,,
VXUS,VXUS,Vanguard Total International Stock ETF,,,,,,,,,,nasdaq,https://api.nasdaq.com/api/screener/etf?download=true,True,,,
VXX,VXX,iPath S&P 500 VIX Short-Term Futures ETN,0000312070,,,CBOE,,,,,,nasdaq,https://api.nasdaq.com/api/screener/etf?download=true,True,,,
VXZ,VXZ,iPath S&P 500 VIX Mid-Term Futures ETN,0000312070,,,CBOE,,,,,,nasdaq,https://api.nasdaq.com/api/screener/etf?download=true,True,,,
VYLD,VYLD,J P Morgan Chase & Co Inverse VIX  Short-Term Futures ETNs due,0000019617,,,NYSE,,,,,,nasdaq,https://api.nasdaq.com/api/screener/etf?download=true,True,,,
VYM,VYM,Vanguard High Dividend Yield ETF,,,,,,,,,,nasdaq,https://api.nasdaq.com/api/screener/etf?download=true,True,,,
VYMI,VYMI,Vanguard International High Dividend Yield ETF,,,,,,,,,,nasdaq,https://api.nasdaq.com/api/screener/etf?download=true,True,,,
WABF,WABF,Western Asset Bond ETF,,,,,,,,,,nasdaq,https://api.nasdaq.com/api/screener/etf?download=true,True,,,
WAMA,WAMA,WisdomTree US Adaptive Moving Average Fund,,,,,,,,,,nasdaq,https://api.nasdaq.com/api/screener/etf?download=true,True,,,
WANT,WANT,Direxion Daily Consumer Discretionary Bull 3X ETF,,,,,,,,,,nasdaq,https://api.nasdaq.com/api/screener/etf?download=true,True,,,
WAR,WAR,ETF Series Solutions U.S. Global Technology and Aerospace & De,,,,,,,,,,nasdaq,https://api.nasdaq.com/api/screener/etf?download=true,True,,,
WBIF,WBIF,WBI BullBear Value 3000 ETF,,,,,,,,,,nasdaq,https://api.nasdaq.com/api/screener/etf?download=true,True,,,
WBIG,WBIG,WBI BullBear Yield 3000 ETF,,,,,,,,,,nasdaq,https://api.nasdaq.com/api/screener/etf?download=true,True,,,
WBIL,WBIL,WBI BullBear Quality 3000 ETF,,,,,,,,,,nasdaq,https://api.nasdaq.com/api/screener/etf?download=true,True,,,
WBIY,WBIY,WBI Power Factor High Dividend ETF,,,,,,,,,,nasdaq,https://api.nasdaq.com/api/screener/etf?download=true,True,,,
WCAP,WCAP,Spinnaker ETF Series WarCap Unconstrained Equity ETF,,,,,,,,,,nasdaq,https://api.nasdaq.com/api/screener/etf?download=true,True,,,
WCBR,WCBR,WisdomTree Cybersecurity Fund,,,,,,,,,,nasdaq,https://api.nasdaq.com/api/screener/etf?download=true,True,,,
WCEO,WCEO,Hypatia Women CEO ETF,,,,,,,,,,nasdaq,https://api.nasdaq.com/api/screener/etf?download=true,True,,,
WCLD,WCLD,WisdomTree Cloud Computing Fund,,,,,,,,,,nasdaq,https://api.nasdaq.com/api/screener/etf?download=true,True,,,
WCME,WCME,First Trust Exchange-Traded Fund First Trust WCM Developing Wo,,,,,,,,,,nasdaq,https://api.nasdaq.com/api/screener/etf?download=true,True,,,
WCMI,WCMI,First Trust Exchange-Traded Fund First Trust WCM International,,,,,,,,,,nasdaq,https://api.nasdaq.com/api/screener/etf?download=true,True,,,
WCPB,WCPB,Northern Lights Fund Trust II Weitz Core Plus Bond ETF,,,,,,,,,,nasdaq,https://api.nasdaq.com/api/screener/etf?download=true,True,,,
WDAF,WDAF,WisdomTree Asia Defense Fund,,,,,,,,,,nasdaq,https://api.nasdaq.com/api/screener/etf?download=true,True,,,
WDCX,WDCX,Investment Managers Series Trust II Tradr 2X Long WDC Daily ET,,,,,,,,,,nasdaq,https://api.nasdaq.com/api/screener/etf?download=true,True,,,
WDGF,WDGF,WisdomTree Global Defense Fund,,,,,,,,,,nasdaq,https://api.nasdaq.com/api/screener/etf?download=true,True,,,
WDIV,WDIV,State Street SPDR S&P Global Dividend ETF,,,,,,,,,,nasdaq,https://api.nasdaq.com/api/screener/etf?download=true,True,,,
WDTE,WDTE,Defiance S&P 500 Weekly Distribution ETF,,,,,,,,,,nasdaq,https://api.nasdaq.com/api/screener/etf?download=true,True,,,
WEAT,WEAT,Teucrium Wheat Fund ETV,0001471824,,,NYSE,,,,,,nasdaq,https://api.nasdaq.com/api/screener/etf?download=true,True,,,
WEBL,WEBL,Direxion Daily Dow Jones Internet Bull 3X ETF,,,,,,,,,,nasdaq,https://api.nasdaq.com/api/screener/etf?download=true,True,,,
WEBS,WEBS,Direxion Daily Dow Jones Internet Bear 3X ETF,,,,,,,,,,nasdaq,https://api.nasdaq.com/api/screener/etf?download=true,True,,,
WEED,WEED,Listed Funds Trust Roundhill Cannabis ETF,,,,,,,,,,nasdaq,https://api.nasdaq.com/api/screener/etf?download=true,True,,,
WEEI,WEEI,Westwood Salient Enhanced Energy Income ETF,,,,,,,,,,nasdaq,https://api.nasdaq.com/api/screener/etf?download=true,True,,,
WEEK,WEEK,Roundhill ETF Trust Roundhill Weekly T-Bill ETF,,,,,,,,,,nasdaq,https://api.nasdaq.com/api/screener/etf?download=true,True,,,
WEEL,WEEL,Tidal Trust II Peerless Option Income Wheel ETF,,,,,,,,,,nasdaq,https://api.nasdaq.com/api/screener/etf?download=true,True,,,
WGMI,WGMI,CoinShares Bitcoin Mining ETF,,,,,,,,,,nasdaq,https://api.nasdaq.com/api/screener/etf?download=true,True,,,
WIMA,WIMA,WisdomTree International Adaptive Moving Average Fund,,,,,,,,,,nasdaq,https://api.nasdaq.com/api/screener/etf?download=true,True,,,
WINN,WINN,Harbor ETF Trust Harbor Long-Term Growers ETF,,,,,,,,,,nasdaq,https://api.nasdaq.com/api/screener/etf?download=true,True,,,
WIP,WIP,State Street SPDR FTSE International Government Inflation-Prot,,,,,,,,,,nasdaq,https://api.nasdaq.com/api/screener/etf?download=true,True,,,
WISE,WISE,Themes Generative Artificial Intelligence ETF,,,,,,,,,,nasdaq,https://api.nasdaq.com/api/screener/etf?download=true,True,,,
WLDR,WLDR,Simplify Affinity World Leaders Equity ETF,,,,,,,,,,nasdaq,https://api.nasdaq.com/api/screener/etf?download=true,True,,,
WLDU,WLDU,Themes ETF Trust Leverage Shares 2x Long World Stock Daily ETF,,,,,,,,,,nasdaq,https://api.nasdaq.com/api/screener/etf?download=true,True,,,
WLTG,WLTG,ETF Opportunities Trust WealthTrust DBS Long Term Growth ETF,,,,,,,,,,nasdaq,https://api.nasdaq.com/api/screener/etf?download=true,True,,,
WNTR,WNTR,Tidal Trust II YieldMax  MSTR Short Option Income Strategy ETF,,,,,,,,,,nasdaq,https://api.nasdaq.com/api/screener/etf?download=true,True,,,
WOMN,WOMN,Tidal Trust III Impact Shares Women's Empowerment ETF,,,,,,,,,,nasdaq,https://api.nasdaq.com/api/screener/etf?download=true,True,,,
WOOD,WOOD,iShares Global Timber & Forestry ETF,,,,,,,,,,nasdaq,https://api.nasdaq.com/api/screener/etf?download=true,True,,,
WRND,WRND,NYLI Global Equity R&D Leaders ETF,,,,,,,,,,nasdaq,https://api.nasdaq.com/api/screener/etf?download=true,True,,,
WSGE,WSGE,Warren Street Global Equity ETF,,,,,,,,,,nasdaq,https://api.nasdaq.com/api/screener/etf?download=true,True,,,
WSML,WSML,iShares MSCI World Small-Cap ETF,,,,,,,,,,nasdaq,https://api.nasdaq.com/api/screener/etf?download=true,True,,,
WTAI,WTAI,WisdomTree Trust WisdomTree Artificial Intelligence and Innova,,,,,,,,,,nasdaq,https://api.nasdaq.com/api/screener/etf?download=true,True,,,
WTBN,WTBN,WisdomTree Bianco Total Return Fund,,,,,,,,,,nasdaq,https://api.nasdaq.com/api/screener/etf?download=true,True,,,
WTID,WTID,Bank Of Montreal MicroSectors Energy 3X Inverse Leveraged ETNs,0000927971,,,NYSE,,,,,,nasdaq,https://api.nasdaq.com/api/screener/etf?download=true,True,,,
WTIP,WTIP,WisdomTree Inflation Plus Fund,,,,,,,,,,nasdaq,https://api.nasdaq.com/api/screener/etf?download=true,True,,,
WTIU,WTIU,Bank Of Montreal MicroSectors Energy 3X Leveraged ETNs,0000927971,,,NYSE,,,,,,nasdaq,https://api.nasdaq.com/api/screener/etf?download=true,True,,,
WTMF,WTMF,WisdomTree Managed Futures Strategy Fund,,,,,,,,,,nasdaq,https://api.nasdaq.com/api/screener/etf?download=true,True,,,
WTMU,WTMU,WisdomTree Core Laddered Municipal Fund,,,,,,,,,,nasdaq,https://api.nasdaq.com/api/screener/etf?download=true,True,,,
WTMY,WTMY,WisdomTree High Income Laddered Municipal Fund,,,,,,,,,,nasdaq,https://api.nasdaq.com/api/screener/etf?download=true,True,,,
WTPI,WTPI,WisdomTree Equity Premium Income Fund,,,,,,,,,,nasdaq,https://api.nasdaq.com/api/screener/etf?download=true,True,,,
WTRE,WTRE,WisdomTree New Economy Real Estate Fund,,,,,,,,,,nasdaq,https://api.nasdaq.com/api/screener/etf?download=true,True,,,
WTV,WTV,WisdomTree U.S. Value Fund,,,,,,,,,,nasdaq,https://api.nasdaq.com/api/screener/etf?download=true,True,,,
WUGI,WUGI,AXS Esoterica NextG Economy ETF,,,,,,,,,,nasdaq,https://api.nasdaq.com/api/screener/etf?download=true,True,,,
WULX,WULX,Investment Managers Series Trust II Tradr 2X Long WULF Daily E,,,,,,,,,,nasdaq,https://api.nasdaq.com/api/screener/etf?download=true,True,,,
WWJD,WWJD,Inspire International ETF,,,,,,,,,,nasdaq,https://api.nasdaq.com/api/screener/etf?download=true,True,,,
WXET,WXET,Listed Funds Trust Teucrium 2x Daily Wheat ETF,,,,,,,,,,nasdaq,https://api.nasdaq.com/api/screener/etf?download=true,True,,,
WZRD,WZRD,ETF Opportunities Trust Opportunistic Trader ETF,,,,,,,,,,nasdaq,https://api.nasdaq.com/api/screener/etf?download=true,True,,,
XAIX,XAIX,Xtrackers Artificial Intelligence and Big Data ETF,,,,,,,,,,nasdaq,https://api.nasdaq.com/api/screener/etf?download=true,True,,,
XAPR,XAPR,FT Vest U.S. Equity Enhance & Moderate Buffer ETF - April,,,,,,,,,,nasdaq,https://api.nasdaq.com/api/screener/etf?download=true,True,,,
XAR,XAR,State Street SPDR S&P Aerospace & Defense ETF,,,,,,,,,,nasdaq,https://api.nasdaq.com/api/screener/etf?download=true,True,,,
XAUG,XAUG,FT Vest U.S. Equity Enhance & Moderate Buffer ETF - August,,,,,,,,,,nasdaq,https://api.nasdaq.com/api/screener/etf?download=true,True,,,
XB,XB,BondBloxx ETF Trust BondBloxx B-Rated USD High Yield Corporate,,,,,,,,,,nasdaq,https://api.nasdaq.com/api/screener/etf?download=true,True,,,
XBAP,XBAP,Innovator U.S. Equity Accelerated 9 Buffer ETF - April,,,,,,,,,,nasdaq,https://api.nasdaq.com/api/screener/etf?download=true,True,,,
XBB,XBB,BondBloxx ETF Trust BondBloxx BB-Rated USD High Yield Corporat,,,,,,,,,,nasdaq,https://api.nasdaq.com/api/screener/etf?download=true,True,,,
XBCI,XBCI,NEOS Boosted Bitcoin High Income ETF,,,,,,,,,,nasdaq,https://api.nasdaq.com/api/screener/etf?download=true,True,,,
XBFR,XBFR,Innovator ETFs Trust Innovator Equity Managed 10 Buffer ETF,,,,,,,,,,nasdaq,https://api.nasdaq.com/api/screener/etf?download=true,True,,,
XBI,XBI,State Street SPDR S&P Biotech ETF,,,,,,,,,,nasdaq,https://api.nasdaq.com/api/screener/etf?download=true,True,,,
XBIL,XBIL,US Treasury 6 Month Bill ETF,,,,,,,,,,nasdaq,https://api.nasdaq.com/api/screener/etf?download=true,True,,,
XBJA,XBJA,Innovator ETFs Trust Innovator U.S. Equity Accelerated 9 Buffe,,,,,,,,,,nasdaq,https://api.nasdaq.com/api/screener/etf?download=true,True,,,
XBJL,XBJL,Innovator U.S. Equity Accelerated 9 Buffer ETF - July,,,,,,,,,,nasdaq,https://api.nasdaq.com/api/screener/etf?download=true,True,,,
XBOC,XBOC,Innovator U.S. Equity Accelerated 9 Buffer ETF - October,,,,,,,,,,nasdaq,https://api.nasdaq.com/api/screener/etf?download=true,True,,,
XBTY,XBTY,GraniteShares YieldBOOST Bitcoin ETF,,,,,,,,,,nasdaq,https://api.nasdaq.com/api/screener/etf?download=true,True,,,
XC,XC,WisdomTree True Emerging Markets Fund,,,,,,,,,,nasdaq,https://api.nasdaq.com/api/screener/etf?download=true,True,,,
XCCC,XCCC,BondBloxx ETF Trust BondBloxx CCC-Rated USD High Yield Corpora,,,,,,,,,,nasdaq,https://api.nasdaq.com/api/screener/etf?download=true,True,,,
XCEM,XCEM,Columbia EM Core ex-China ETF,,,,,,,,,,nasdaq,https://api.nasdaq.com/api/screener/etf?download=true,True,,,
XCHG,XCHG,AB Active ETFs Inc. AB US Equity ETF,,,,,,,,,,nasdaq,https://api.nasdaq.com/api/screener/etf?download=true,True,,,
XCLR,XCLR,Global X Funds Global X S&P 500 Collar 95-110 ETF,,,,,,,,,,nasdaq,https://api.nasdaq.com/api/screener/etf?download=true,True,,,
XCNY,XCNY,State Street SPDR S&P Emerging Markets ex-China ETF,,,,,,,,,,nasdaq,https://api.nasdaq.com/api/screener/etf?download=true,True,,,
XCOR,XCOR,FundX Investment Trust FundX ETF,,,,,,,,,,nasdaq,https://api.nasdaq.com/api/screener/etf?download=true,True,,,
XDAT,XDAT,Franklin Exponential Data ETF,,,,,,,,,,nasdaq,https://api.nasdaq.com/api/screener/etf?download=true,True,,,
XDEC,XDEC,FT Vest U.S. Equity Enhance & Moderate Buffer ETF - December,,,,,,,,,,nasdaq,https://api.nasdaq.com/api/screener/etf?download=true,True,,,
XDEF,XDEF,Xtrackers Europe Defense Technologies ETF,,,,,,,,,,nasdaq,https://api.nasdaq.com/api/screener/etf?download=true,True,,,
XDIV,XDIV,Roundhill ETF Trust Roundhill S&P 500 No Dividend Target ETF,,,,,,,,,,nasdaq,https://api.nasdaq.com/api/screener/etf?download=true,True,,,
XDQQ,XDQQ,Innovator Growth Accelerated ETF - Quarterly,,,,,,,,,,nasdaq,https://api.nasdaq.com/api/screener/etf?download=true,True,,,
XDSQ,XDSQ,Innovator ETFs Trust Innovator U.S. Equity Accelerated ETF - Q,,,,,,,,,,nasdaq,https://api.nasdaq.com/api/screener/etf?download=true,True,,,
XDTE,XDTE,Roundhill ETF Trust Roundhill S&P 500 0DTE Covered Call Strate,,,,,,,,,,nasdaq,https://api.nasdaq.com/api/screener/etf?download=true,True,,,
XEMD,XEMD,BondBloxx ETF Trust BondBloxx JP Morgan USD Emerging Markets 1,,,,,,,,,,nasdaq,https://api.nasdaq.com/api/screener/etf?download=true,True,,,
XEML,XEML,DBX ETF Trust Xtrackers Europe Market Leaders ETF,,,,,,,,,,nasdaq,https://api.nasdaq.com/api/screener/etf?download=true,True,,,
XES,XES,State Street SPDR S&P Oil & Gas Equipment & Services ETF,,,,,,,,,,nasdaq,https://api.nasdaq.com/api/screener/etf?download=true,True,,,
XFEB,XFEB,First Trust Exchange-Traded Fund VIII FT Vest U.S. Equity Enha,,,,,,,,,,nasdaq,https://api.nasdaq.com/api/screener/etf?download=true,True,,,
XFIV,XFIV,BondBloxx ETF Trust BondBloxx Bloomberg Five Year Target Durat,,,,,,,,,,nasdaq,https://api.nasdaq.com/api/screener/etf?download=true,True,,,
XFLX,XFLX,FundX Investment Trust FundX Flexible ETF,,,,,,,,,,nasdaq,https://api.nasdaq.com/api/screener/etf?download=true,True,,,
XHB,XHB,State Street SPDR S&P Homebuilders ETF,,,,,,,,,,nasdaq,https://api.nasdaq.com/api/screener/etf?download=true,True,,,
XHE,XHE,State Street SPDR S&P Health Care Equipment ETF,,,,,,,,,,nasdaq,https://api.nasdaq.com/api/screener/etf?download=true,True,,,
XHLF,XHLF,BondBloxx ETF Trust BondBloxx Bloomberg Six Month Target Durat,,,,,,,,,,nasdaq,https://api.nasdaq.com/api/screener/etf?download=true,True,,,
XHS,XHS,State Street SPDR S&P Health Care Services ETF,,,,,,,,,,nasdaq,https://api.nasdaq.com/api/screener/etf?download=true,True,,,
AIVI,AIVI,WisdomTree International AI Enhanced Value Fund,,,,,,,,,,nasdaq,https://api.nasdaq.com/api/screener/etf?download=true,True,,,
AIVL,AIVL,WisdomTree U.S. AI Enhanced Value Fund,,,,,,,,,,nasdaq,https://api.nasdaq.com/api/screener/etf?download=true,True,,,
AIYY,AIYY,Tidal Trust II YieldMax AI Option Income Strategy ETF,,,,,,,,,,nasdaq,https://api.nasdaq.com/api/screener/etf?download=true,True,,,
AJAN,AJAN,Innovator Equity Defined Protection ETF - 2 Yr to January 2028,,,,,,,,,,nasdaq,https://api.nasdaq.com/api/screener/etf?download=true,True,,,
AJUL,AJUL,Innovator Equity Defined Protection ETF - 2 Yr to July 2026,,,,,,,,,,nasdaq,https://api.nasdaq.com/api/screener/etf?download=true,True,,,
ALAI,ALAI,The Alger ETF Trust Alger AI Enablers & Adopters ETF,,,,,,,,,,nasdaq,https://api.nasdaq.com/api/screener/etf?download=true,True,,,
ALBG,ALBG,Leverage Shares 2X Long ALB Daily ETF,,,,,,,,,,nasdaq,https://api.nasdaq.com/api/screener/etf?download=true,True,,,
ALIL,ALIL,Argent Focused Small Cap ETF,,,,,,,,,,nasdaq,https://api.nasdaq.com/api/screener/etf?download=true,True,,,
ALLW,ALLW,State Street Bridgewater All Weather ETF,,,,,,,,,,nasdaq,https://api.nasdaq.com/api/screener/etf?download=true,True,,,
ALRG,ALRG,Allspring Exchange-Traded Funds Trust Allspring LT Large Core ,,,,,,,,,,nasdaq,https://api.nasdaq.com/api/screener/etf?download=true,True,,,
ALTL,ALTL,Pacer Lunt Large Cap Alternator ETF,,,,,,,,,,nasdaq,https://api.nasdaq.com/api/screener/etf?download=true,True,,,
ALTY,ALTY,Global X Alternative Income ETF,,,,,,,,,,nasdaq,https://api.nasdaq.com/api/screener/etf?download=true,True,,,
AMAX,AMAX,Adaptive Hedged Multi-Asset Income ETF,,,,,,,,,,nasdaq,https://api.nasdaq.com/api/screener/etf?download=true,True,,,
AMDD,AMDD,Direxion Daily AMD Bear 1X ETF,,,,,,,,,,nasdaq,https://api.nasdaq.com/api/screener/etf?download=true,True,,,
AMDG,AMDG,Leverage Shares 2X Long AMD Daily ETF,,,,,,,,,,nasdaq,https://api.nasdaq.com/api/screener/etf?download=true,True,,,
AMDL,AMDL,GraniteShares 2x Long AMD Daily ETF,,,,,,,,,,nasdaq,https://api.nasdaq.com/api/screener/etf?download=true,True,,,
AMDW,AMDW,Roundhill ETF Trust Roundhill AMD WeeklyPay ETF,,,,,,,,,,nasdaq,https://api.nasdaq.com/api/screener/etf?download=true,True,,,
AMDY,AMDY,Tidal Trust II Yieldmax AMD Option Income Strategy ETF,,,,,,,,,,nasdaq,https://api.nasdaq.com/api/screener/etf?download=true,True,,,
AMID,AMID,Argent Mid Cap ETF,,,,,,,,,,nasdaq,https://api.nasdaq.com/api/screener/etf?download=true,True,,,
AMJB,AMJB,JPMorgan Chase Financial Co LLC Alerian MLP Index ETN,0000019617,,,NYSE,,,,,,nasdaq,https://api.nasdaq.com/api/screener/etf?download=true,True,,,
AMLP,AMLP,Alerian MLP ETF,,,,,,,,,,nasdaq,https://api.nasdaq.com/api/screener/etf?download=true,True,,,
AMOM,AMOM,QRAFT AI-Enhanced U.S. Large Cap Momentum ETF,,,,,,,,,,nasdaq,https://api.nasdaq.com/api/screener/etf?download=true,True,,,
AMUB,AMUB,ETRACS Alerian MLP Index ETN Series B,0001114446,,,NYSE,,,,,,nasdaq,https://api.nasdaq.com/api/screener/etf?download=true,True,,,
AMUN,AMUN,abrdn Ultra Short Municipal Income Active ETF,,,,,,,,,,nasdaq,https://api.nasdaq.com/api/screener/etf?download=true,True,,,
AMUU,AMUU,Direxion Daily AMD Bull 2X ETF,,,,,,,,,,nasdaq,https://api.nasdaq.com/api/screener/etf?download=true,True,,,
AMYY,AMYY,GraniteShares YieldBOOST AMD ETF,,,,,,,,,,nasdaq,https://api.nasdaq.com/api/screener/etf?download=true,True,,,
AMZA,AMZA,InfraCap MLP ETF,,,,,,,,,,nasdaq,https://api.nasdaq.com/api/screener/etf?download=true,True,,,
AMZD,AMZD,Direxion Daily AMZN Bear 1X ETF,,,,,,,,,,nasdaq,https://api.nasdaq.com/api/screener/etf?download=true,True,,,
AMZO,AMZO,Investment Managers Series Trust II Tradr 2X Short AMZN Daily ,,,,,,,,,,nasdaq,https://api.nasdaq.com/api/screener/etf?download=true,True,,,
AMZP,AMZP,Kurv Yield Premium Strategy Amazon (AMZN) ETF,,,,,,,,,,nasdaq,https://api.nasdaq.com/api/screener/etf?download=true,True,,,
AMZU,AMZU,Direxion Daily AMZN Bull 2X ETF,,,,,,,,,,nasdaq,https://api.nasdaq.com/api/screener/etf?download=true,True,,,
AMZW,AMZW,Roundhill ETF Trust Roundhill AMZN WeeklyPay ETF,,,,,,,,,,nasdaq,https://api.nasdaq.com/api/screener/etf?download=true,True,,,
AMZY,AMZY,Tidal ETF Trust II YieldMax AMZN Option Income Strategy ETF,,,,,,,,,,nasdaq,https://api.nasdaq.com/api/screener/etf?download=true,True,,,
AMZZ,AMZZ,GraniteShares 2x Long AMZN Daily ETF,,,,,,,,,,nasdaq,https://api.nasdaq.com/api/screener/etf?download=true,True,,,
ANEL,ANEL,Defiance Daily Target 2x Long ANET ETF,,,,,,,,,,nasdaq,https://api.nasdaq.com/api/screener/etf?download=true,True,,,
ANEW,ANEW,ProShares MSCI Transformational Changes ETF,,,,,,,,,,nasdaq,https://api.nasdaq.com/api/screener/etf?download=true,True,,,
ANGL,ANGL,VanEck Fallen Angel High Yield Bond ETF,,,,,,,,,,nasdaq,https://api.nasdaq.com/api/screener/etf?download=true,True,,,
ANV,ANV,GraniteShares Autocallable NVDA ETF,,,,,,,,,,nasdaq,https://api.nasdaq.com/api/screener/etf?download=true,True,,,
AOA,AOA,iShares Core 80/20 Aggressive Allocation ETF,,,,,,,,,,nasdaq,https://api.nasdaq.com/api/screener/etf?download=true,True,,,
AOCT,AOCT,Innovator Equity Defined Protection ETF - 2 Yr to October 2026,,,,,,,,,,nasdaq,https://api.nasdaq.com/api/screener/etf?download=true,True,,,
AOHY,AOHY,Angel Oak High Yield Opportunities ETF,,,,,,,,,,nasdaq,https://api.nasdaq.com/api/screener/etf?download=true,True,,,
AOK,AOK,iShares Core 30/70 Conservative Allocation ETF,,,,,,,,,,nasdaq,https://api.nasdaq.com/api/screener/etf?download=true,True,,,
AOM,AOM,iShares Core 40/60 Moderate Allocation ETF,,,,,,,,,,nasdaq,https://api.nasdaq.com/api/screener/etf?download=true,True,,,
AOR,AOR,iShares Core 60/40 Balanced Allocation ETF,,,,,,,,,,nasdaq,https://api.nasdaq.com/api/screener/etf?download=true,True,,,
AOTG,AOTG,AOT Growth and Innovation ETF,,,,,,,,,,nasdaq,https://api.nasdaq.com/api/screener/etf?download=true,True,,,
APCB,APCB,Trust for Professional Managers ActivePassive Core Bond ETF,,,,,,,,,,nasdaq,https://api.nasdaq.com/api/screener/etf?download=true,True,,,
APIE,APIE,Trust for Professional Managers ActivePassive International Eq,,,,,,,,,,nasdaq,https://api.nasdaq.com/api/screener/etf?download=true,True,,,
APLU,APLU,Allspring Exchange-Traded Funds Trust Allspring Core Plus ETF,,,,,,,,,,nasdaq,https://api.nasdaq.com/api/screener/etf?download=true,True,,,
APLX,APLX,Tradr 2X Long APLD Daily ETF,,,,,,,,,,nasdaq,https://api.nasdaq.com/api/screener/etf?download=true,True,,,
APLY,APLY,Tidal ETF Trust II YieldMax AAPL Option Income Strategy ETF,,,,,,,,,,nasdaq,https://api.nasdaq.com/api/screener/etf?download=true,True,,,
APLZ,APLZ,Investment Managers Series Trust II Tradr 2X Short APLD Daily ,,,,,,,,,,nasdaq,https://api.nasdaq.com/api/screener/etf?download=true,True,,,
APMU,APMU,Trust for Professional Managers ActivePassive Intermediate Mun,,,,,,,,,,nasdaq,https://api.nasdaq.com/api/screener/etf?download=true,True,,,
APOC,APOC,Innovator Equity Defined Protection ETF - 6mo Apr/Oct,,,,,,,,,,nasdaq,https://api.nasdaq.com/api/screener/etf?download=true,True,,,
APPX,APPX,Tradr 2X Long APP Daily ETF,,,,,,,,,,nasdaq,https://api.nasdaq.com/api/screener/etf?download=true,True,,,
APRH,APRH,Innovator ETFs Trust Innovator Premium Income 20 Barrier ETF -,,,,,,,,,,nasdaq,https://api.nasdaq.com/api/screener/etf?download=true,True,,,
APRJ,APRJ,Innovator ETFs Trust Innovator Premium Income 30 Barrier ETF -,,,,,,,,,,nasdaq,https://api.nasdaq.com/api/screener/etf?download=true,True,,,
APRP,APRP,PGIM S&P 500 Buffer 12 ETF - April,,,,,,,,,,nasdaq,https://api.nasdaq.com/api/screener/etf?download=true,True,,,
APRT,APRT,AllianzIM U.S. Large Cap Buffer10 Apr ETF,,,,,,,,,,nasdaq,https://api.nasdaq.com/api/screener/etf?download=true,True,,,
APRW,APRW,AllianzIM U.S. Large Cap Buffer20 Apr ETF,,,,,,,,,,nasdaq,https://api.nasdaq.com/api/screener/etf?download=true,True,,,
APRZ,APRZ,TrueShares Structured Outcome (April) ETF,,,,,,,,,,nasdaq,https://api.nasdaq.com/api/screener/etf?download=true,True,,,
APUE,APUE,Trust for Professional Managers ActivePassive U.S. Equity ETF,,,,,,,,,,nasdaq,https://api.nasdaq.com/api/screener/etf?download=true,True,,,
APXM,APXM,First Trust Exchange-Traded Fund VIII FT Vest U.S. Equity Max ,,,,,,,,,,nasdaq,https://api.nasdaq.com/api/screener/etf?download=true,True,,,
AQLT,AQLT,iShares Trust iShares MSCI Global Quality Factor ETF,,,,,,,,,,nasdaq,https://api.nasdaq.com/api/screener/etf?download=true,True,,,
AQWA,AQWA,Global X Clean Water ETF,,,,,,,,,,nasdaq,https://api.nasdaq.com/api/screener/etf?download=true,True,,,
ARB,ARB,AltShares Merger Arbitrage ETF,,,,,,,,,,nasdaq,https://api.nasdaq.com/api/screener/etf?download=true,True,,,
ARCM,ARCM,Arrow Reserve Capital Management ETF,,,,,,,,,,nasdaq,https://api.nasdaq.com/api/screener/etf?download=true,True,,,
ARCX,ARCX,Tradr 2X Long ACHR Daily ETF,,,,,,,,,,nasdaq,https://api.nasdaq.com/api/screener/etf?download=true,True,,,
ARGT,ARGT,Global X MSCI Argentina ETF,,,,,,,,,,nasdaq,https://api.nasdaq.com/api/screener/etf?download=true,True,,,
ARKB,ARKB,ARK 21Shares Bitcoin ETF Common Shares of Beneficial Interests,0001869699,,,CBOE,,,,,,nasdaq,https://api.nasdaq.com/api/screener/etf?download=true,True,,,
ARKF,ARKF,ARK Blockchain & Fintech Innovation ETF,,,,,,,,,,nasdaq,https://api.nasdaq.com/api/screener/etf?download=true,True,,,
ARKG,ARKG,ARK Genomic Revolution ETF,,,,,,,,,,nasdaq,https://api.nasdaq.com/api/screener/etf?download=true,True,,,
ARKK,ARKK,ARK Innovation ETF,,,,,,,,,,nasdaq,https://api.nasdaq.com/api/screener/etf?download=true,True,,,
ARKQ,ARKQ,ARK Autonomous Technology & Robotics ETF,,,,,,,,,,nasdaq,https://api.nasdaq.com/api/screener/etf?download=true,True,,,
ARKW,ARKW,ARK Next Generation Internet ETF,,,,,,,,,,nasdaq,https://api.nasdaq.com/api/screener/etf?download=true,True,,,
ARKX,ARKX,ARK Space & Defense Innovation ETF,,,,,,,,,,nasdaq,https://api.nasdaq.com/api/screener/etf?download=true,True,,,
ARLU,ARLU,AllianzIM U.S. Equity Buffer15 Uncapped Apr ETF,,,,,,,,,,nasdaq,https://api.nasdaq.com/api/screener/etf?download=true,True,,,
ARMG,ARMG,Leverage Shares 2X Long ARM Daily ETF,,,,,,,,,,nasdaq,https://api.nasdaq.com/api/screener/etf?download=true,True,,,
ARMH,ARMH,Precidian ETFs Trust Arm Holdings PLC ADRhedged,,,,,,,,,,nasdaq,https://api.nasdaq.com/api/screener/etf?download=true,True,,,
ARMY,ARMY,Tema International Defense ETF,,,,,,,,,,nasdaq,https://api.nasdaq.com/api/screener/etf?download=true,True,,,
ARP,ARP,The Advisors Inner Circle Fund II PMV Adaptive Risk Parity ETF,,,,,,,,,,nasdaq,https://api.nasdaq.com/api/screener/etf?download=true,True,,,
ARTY,ARTY,iShares Future AI & Tech ETF,,,,,,,,,,nasdaq,https://api.nasdaq.com/api/screener/etf?download=true,True,,,
ARVR,ARVR,First Trust Indxx Metaverse ETF,,,,,,,,,,nasdaq,https://api.nasdaq.com/api/screener/etf?download=true,True,,,
ASCE,ASCE,Allspring Exchange-Traded Funds Trust Allspring SMID Core ETF,,,,,,,,,,nasdaq,https://api.nasdaq.com/api/screener/etf?download=true,True,,,
ASCI,ASCI,abrdn International Small Cap Active ETF,,,,,,,,,,nasdaq,https://api.nasdaq.com/api/screener/etf?download=true,True,,,
ASEA,ASEA,Global X FTSE Southeast Asia ETF,,,,,,,,,,nasdaq,https://api.nasdaq.com/api/screener/etf?download=true,True,,,
ASGM,ASGM,Virtus ETF Trust II Virtus AlphaSimplex Global Macro ETF,,,,,,,,,,nasdaq,https://api.nasdaq.com/api/screener/etf?download=true,True,,,
ASHR,ASHR,Xtrackers Harvest CSI 300 China A-Shares ETF,,,,,,,,,,nasdaq,https://api.nasdaq.com/api/screener/etf?download=true,True,,,
ASHS,ASHS,Xtrackers Harvest CSI 500 China A-Shares Small Cap ETF,,,,,,,,,,nasdaq,https://api.nasdaq.com/api/screener/etf?download=true,True,,,
ASIA,ASIA,Matthews International Funds Matthews Pacific Tiger Active ETF,,,,,,,,,,nasdaq,https://api.nasdaq.com/api/screener/etf?download=true,True,,,
ASLV,ASLV,Allspring Exchange-Traded Funds Trust Allspring Special Large ,,,,,,,,,,nasdaq,https://api.nasdaq.com/api/screener/etf?download=true,True,,,
ASMF,ASMF,Virtus ETF Trust II Virtus AlphaSimplex Managed Futures ETF,,,,,,,,,,nasdaq,https://api.nasdaq.com/api/screener/etf?download=true,True,,,
ASMG,ASMG,Leverage Shares 2X Long ASML Daily ETF,,,,,,,,,,nasdaq,https://api.nasdaq.com/api/screener/etf?download=true,True,,,
ASMH,ASMH,Precidian ETFs Trust ASML Holding NV ADRhedged,,,,,,,,,,nasdaq,https://api.nasdaq.com/api/screener/etf?download=true,True,,,
ASMU,ASMU,Direxion Daily ASML Bull 2X ETF,,,,,,,,,,nasdaq,https://api.nasdaq.com/api/screener/etf?download=true,True,,,
ASTX,ASTX,Tradr 2X Long ASTS Daily ETF,,,,,,,,,,nasdaq,https://api.nasdaq.com/api/screener/etf?download=true,True,,,
ATFV,ATFV,Alger 35 ETF,,,,,,,,,,nasdaq,https://api.nasdaq.com/api/screener/etf?download=true,True,,,
ATMP,ATMP,Barclays ETN Plus Select MLP ETN,0000312070,,,CBOE,,,,,,nasdaq,https://api.nasdaq.com/api/screener/etf?download=true,True,,,
AUGM,AUGM,First Trust Exchange-Traded Fund VIII FT Vest U.S. Equity Max ,,,,,,,,,,nasdaq,https://api.nasdaq.com/api/screener/etf?download=true,True,,,
AUGP,AUGP,PGIM S&P 500 Buffer 12 ETF - August,,,,,,,,,,nasdaq,https://api.nasdaq.com/api/screener/etf?download=true,True,,,
AUGT,AUGT,AIM ETF Products Trust AllianzIM U.S. Large Cap Buffer10 Aug E,,,,,,,,,,nasdaq,https://api.nasdaq.com/api/screener/etf?download=true,True,,,
AUGU,AUGU,AIM ETF Products Trust AllianzIM U.S. Equity Buffer15 Uncapped,,,,,,,,,,nasdaq,https://api.nasdaq.com/api/screener/etf?download=true,True,,,
AUGW,AUGW,AIM ETF Products Trust AllianzIM U.S. Large Cap Buffer20 Aug E,,,,,,,,,,nasdaq,https://api.nasdaq.com/api/screener/etf?download=true,True,,,
AUGZ,AUGZ,TrueShares Structured Outcome (August) ETF,,,,,,,,,,nasdaq,https://api.nasdaq.com/api/screener/etf?download=true,True,,,
AUMI,AUMI,Themes Gold Miners ETF,,,,,,,,,,nasdaq,https://api.nasdaq.com/api/screener/etf?download=true,True,,,
AUSF,AUSF,Global X Funds Global X Adaptive U.S. Factor ETF,,,,,,,,,,nasdaq,https://api.nasdaq.com/api/screener/etf?download=true,True,,,
AUSM,AUSM,Allspring Exchange-Traded Funds Trust Allspring Ultra Short Mu,,,,,,,,,,nasdaq,https://api.nasdaq.com/api/screener/etf?download=true,True,,,
AVDE,AVDE,Avantis International Equity ETF,,,,,,,,,,nasdaq,https://api.nasdaq.com/api/screener/etf?download=true,True,,,
AVDS,AVDS,American Century ETF Trust Avantis International Small Cap Equ,,,,,,,,,,nasdaq,https://api.nasdaq.com/api/screener/etf?download=true,True,,,
AVDV,AVDV,Avantis International Small Cap Value ETF,,,,,,,,,,nasdaq,https://api.nasdaq.com/api/screener/etf?download=true,True,,,
AVEE,AVEE,American Century ETF Trust Avantis Emerging Markets Small Cap ,,,,,,,,,,nasdaq,https://api.nasdaq.com/api/screener/etf?download=true,True,,,
AVEM,AVEM,Avantis Emerging Markets Equity ETF,,,,,,,,,,nasdaq,https://api.nasdaq.com/api/screener/etf?download=true,True,,,
AVES,AVES,Avantis Emerging Markets Value ETF,,,,,,,,,,nasdaq,https://api.nasdaq.com/api/screener/etf?download=true,True,,,
AVGB,AVGB,Avantis Credit ETF,,,,,,,,,,nasdaq,https://api.nasdaq.com/api/screener/etf?download=true,True,,,
AVGE,AVGE,American Century ETF Trust Avantis All Equity Markets ETF,,,,,,,,,,nasdaq,https://api.nasdaq.com/api/screener/etf?download=true,True,,,
AVGG,AVGG,Leverage Shares 2X Long AVGO Daily ETF,,,,,,,,,,nasdaq,https://api.nasdaq.com/api/screener/etf?download=true,True,,,
AVGU,AVGU,GraniteShares 2x Long AVGO Daily ETF,,,,,,,,,,nasdaq,https://api.nasdaq.com/api/screener/etf?download=true,True,,,
AVGV,AVGV,American Century ETF Trust Avantis All Equity Markets Value ET,,,,,,,,,,nasdaq,https://api.nasdaq.com/api/screener/etf?download=true,True,,,
AVGW,AVGW,Roundhill ETF Trust Roundhill AVGO WeeklyPay ETF,,,,,,,,,,nasdaq,https://api.nasdaq.com/api/screener/etf?download=true,True,,,
AVGX,AVGX,Defiance Daily Target 2x Long AVGO ETF,,,,,,,,,,nasdaq,https://api.nasdaq.com/api/screener/etf?download=true,True,,,
AVIE,AVIE,American Century ETF Trust Avantis Inflation Focused Equity ET,,,,,,,,,,nasdaq,https://api.nasdaq.com/api/screener/etf?download=true,True,,,
AVIG,AVIG,Avantis Core Fixed Income ETF,,,,,,,,,,nasdaq,https://api.nasdaq.com/api/screener/etf?download=true,True,,,
AVIV,AVIV,Avantis International Large Cap Value ETF,,,,,,,,,,nasdaq,https://api.nasdaq.com/api/screener/etf?download=true,True,,,
AVL,AVL,Direxion Daily AVGO Bull 2X ETF,,,,,,,,,,nasdaq,https://api.nasdaq.com/api/screener/etf?download=true,True,,,
AVLC,AVLC,American Century ETF Trust Avantis U.S. Large Cap Equity ETF,,,,,,,,,,nasdaq,https://api.nasdaq.com/api/screener/etf?download=true,True,,,
AVLV,AVLV,Avantis U.S. Large Cap Value ETF,,,,,,,,,,nasdaq,https://api.nasdaq.com/api/screener/etf?download=true,True,,,
AVMA,AVMA,American Century ETF Trust Avantis Moderate Allocation ETF,,,,,,,,,,nasdaq,https://api.nasdaq.com/api/screener/etf?download=true,True,,,
AVMC,AVMC,American Century ETF Trust Avantis U.S. Mid Cap Equity ETF,,,,,,,,,,nasdaq,https://api.nasdaq.com/api/screener/etf?download=true,True,,,
AVMU,AVMU,Avantis Core Municipal Fixed Income ETF,,,,,,,,,,nasdaq,https://api.nasdaq.com/api/screener/etf?download=true,True,,,
AVMV,AVMV,American Century ETF Trust Avantis U.S. Mid Cap Value ETF,,,,,,,,,,nasdaq,https://api.nasdaq.com/api/screener/etf?download=true,True,,,
AVNM,AVNM,American Century ETF Trust Avantis All International Markets E,,,,,,,,,,nasdaq,https://api.nasdaq.com/api/screener/etf?download=true,True,,,
AVNV,AVNV,American Century ETF Trust Avantis All International Markets V,,,,,,,,,,nasdaq,https://api.nasdaq.com/api/screener/etf?download=true,True,,,
AVOS,AVOS,Avos Global Equities ETF,,,,,,,,,,nasdaq,https://api.nasdaq.com/api/screener/etf?download=true,True,,,
AVRE,AVRE,Avantis Real Estate ETF,,,,,,,,,,nasdaq,https://api.nasdaq.com/api/screener/etf?download=true,True,,,
AVS,AVS,Direxion Daily AVGO Bear 1X ETF,,,,,,,,,,nasdaq,https://api.nasdaq.com/api/screener/etf?download=true,True,,,
AVSC,AVSC,American Century ETF Trust Avantis U.S Small Cap Equity ETF,,,,,,,,,,nasdaq,https://api.nasdaq.com/api/screener/etf?download=true,True,,,
AVSD,AVSD,American Century ETF Trust Avantis Responsible International E,,,,,,,,,,nasdaq,https://api.nasdaq.com/api/screener/etf?download=true,True,,,
AVSE,AVSE,American Century ETF Trust Avantis Responsible Emerging Market,,,,,,,,,,nasdaq,https://api.nasdaq.com/api/screener/etf?download=true,True,,,
AVSF,AVSF,Avantis Short-Term Fixed Income ETF,,,,,,,,,,nasdaq,https://api.nasdaq.com/api/screener/etf?download=true,True,,,
AVSU,AVSU,American Century ETF Trust Avantis Responsible U.S. Equity ETF,,,,,,,,,,nasdaq,https://api.nasdaq.com/api/screener/etf?download=true,True,,,
AVUQ,AVUQ,Avantis U.S. Quality ETF,,,,,,,,,,nasdaq,https://api.nasdaq.com/api/screener/etf?download=true,True,,,
AVUS,AVUS,Avantis U.S. Equity ETF,,,,,,,,,,nasdaq,https://api.nasdaq.com/api/screener/etf?download=true,True,,,
AVUV,AVUV,Avantis U.S. Small Cap Value ETF,,,,,,,,,,nasdaq,https://api.nasdaq.com/api/screener/etf?download=true,True,,,
AVXC,AVXC,Avantis Emerging Markets Ex-China Equity ETF,,,,,,,,,,nasdaq,https://api.nasdaq.com/api/screener/etf?download=true,True,,,
AVXX,AVXX,Defiance Daily Target 2x Long AVAV ETF,,,,,,,,,,nasdaq,https://api.nasdaq.com/api/screener/etf?download=true,True,,,
AWAY,AWAY,Amplify ETF Trust Amplify Travel Tech ETF,,,,,,,,,,nasdaq,https://api.nasdaq.com/api/screener/etf?download=true,True,,,
AXPG,AXPG,Leverage Shares 2x Long AXP Daily ETF,,,,,,,,,,nasdaq,https://api.nasdaq.com/api/screener/etf?download=true,True,,,
AZTD,AZTD,Aztlan Global Stock Selection DM SMID ETF,,,,,,,,,,nasdaq,https://api.nasdaq.com/api/screener/etf?download=true,True,,,
AZYY,AZYY,GraniteShares YieldBOOST AMZN ETF,,,,,,,,,,nasdaq,https://api.nasdaq.com/api/screener/etf?download=true,True,,,
BAB,BAB,Invesco Taxable Municipal Bond ETF,,,,,,,,,,nasdaq,https://api.nasdaq.com/api/screener/etf?download=true,True,,,
BABO,BABO,Tidal Trust II YieldMax BABA Option Income Strategy ETF,,,,,,,,,,nasdaq,https://api.nasdaq.com/api/screener/etf?download=true,True,,,
BABU,BABU,Direxion Daily BABA Bull 2X ETF,,,,,,,,,,nasdaq,https://api.nasdaq.com/api/screener/etf?download=true,True,,,
BABX,BABX,GraniteShares 2x Long BABA Daily ETF,,,,,,,,,,nasdaq,https://api.nasdaq.com/api/screener/etf?download=true,True,,,
BAFE,BAFE,Brown Advisory Flexible Equity ETF,,,,,,,,,,nasdaq,https://api.nasdaq.com/api/screener/etf?download=true,True,,,
BAGY,BAGY,Amplify ETF Trust Amplify Bitcoin Max Income Covered Call ETF,,,,,,,,,,nasdaq,https://api.nasdaq.com/api/screener/etf?download=true,True,,,
BAI,BAI,BlackRock ETF Trust iShares A.I. Innovation and Tech Active ET,,,,,,,,,,nasdaq,https://api.nasdaq.com/api/screener/etf?download=true,True,,,
BAIG,BAIG,Leverage Shares 2X Long BBAI Daily ETF,,,,,,,,,,nasdaq,https://api.nasdaq.com/api/screener/etf?download=true,True,,,
BAIV,BAIV,Brown Advisory International Value Select ETF,,,,,,,,,,nasdaq,https://api.nasdaq.com/api/screener/etf?download=true,True,,,
BALI,BALI,iShares U.S. Large Cap Premium Income Active ETF,,,,,,,,,,nasdaq,https://api.nasdaq.com/api/screener/etf?download=true,True,,,
BALQ,BALQ,iShares Nasdaq Premium Income Active ETF,,,,,,,,,,nasdaq,https://api.nasdaq.com/api/screener/etf?download=true,True,,,
BALT,BALT,Innovator Defined Wealth Shield ETF,,,,,,,,,,nasdaq,https://api.nasdaq.com/api/screener/etf?download=true,True,,,
BAMA,BAMA,Brookstone Active ETF,,,,,,,,,,nasdaq,https://api.nasdaq.com/api/screener/etf?download=true,True,,,
BAMD,BAMD,Brookstone Dividend Stock ETF,,,,,,,,,,nasdaq,https://api.nasdaq.com/api/screener/etf?download=true,True,,,
BAMG,BAMG,Brookstone Growth Stock ETF,,,,,,,,,,nasdaq,https://api.nasdaq.com/api/screener/etf?download=true,True,,,
BAMO,BAMO,Brookstone Opportunities ETF,,,,,,,,,,nasdaq,https://api.nasdaq.com/api/screener/etf?download=true,True,,,
BAMU,BAMU,Brookstone Ultra-Short Bond ETF,,,,,,,,,,nasdaq,https://api.nasdaq.com/api/screener/etf?download=true,True,,,
BAMV,BAMV,Brookstone Value Stock ETF,,,,,,,,,,nasdaq,https://api.nasdaq.com/api/screener/etf?download=true,True,,,
BAMY,BAMY,Brookstone Yield ETF,,,,,,,,,,nasdaq,https://api.nasdaq.com/api/screener/etf?download=true,True,,,
BAPR,BAPR,Innovator U.S. Equity Buffer ETF - April ,,,,,,,,,,nasdaq,https://api.nasdaq.com/api/screener/etf?download=true,True,,,
BAR,BAR,Graniteshares Gold Trust,0001690437,,,NYSE,,,,,,nasdaq,https://api.nasdaq.com/api/screener/etf?download=true,True,,,
BASG,BASG,Brown Advisory Sustainable Growth ETF,,,,,,,,,,nasdaq,https://api.nasdaq.com/api/screener/etf?download=true,True,,,
BASV,BASV,Brown Advisory Sustainable Value ETF,,,,,,,,,,nasdaq,https://api.nasdaq.com/api/screener/etf?download=true,True,,,
BATT,BATT,Amplify Lithium & Battery Technology ETF,,,,,,,,,,nasdaq,https://api.nasdaq.com/api/screener/etf?download=true,True,,,
BAUG,BAUG,Innovator U.S. Equity Buffer ETF - August,,,,,,,,,,nasdaq,https://api.nasdaq.com/api/screener/etf?download=true,True,,,
BBAG,BBAG,JPMorgan BetaBuilders U.S. Aggregate Bond ETF,,,,,,,,,,nasdaq,https://api.nasdaq.com/api/screener/etf?download=true,True,,,
BBAX,BBAX,JPMorgan BetaBuilders Developed Asia Pacific-ex Japan ETF ,,,,,,,,,,nasdaq,https://api.nasdaq.com/api/screener/etf?download=true,True,,,
BBB,BBB,Cyber Hornet S&P 500 and Bitcoin 75/25 Strategy ETF,,,,,,,,,,nasdaq,https://api.nasdaq.com/api/screener/etf?download=true,True,,,
BBBI,BBBI,BondBloxx ETF Trust BondBloxx BBB Rated 5-10 Year Corporate Bo,,,,,,,,,,nasdaq,https://api.nasdaq.com/api/screener/etf?download=true,True,,,
BBBL,BBBL,BondBloxx ETF Trust BondBloxx BBB Rated 10+ Year Corporate Bon,,,,,,,,,,nasdaq,https://api.nasdaq.com/api/screener/etf?download=true,True,,,
BBBS,BBBS,BondBloxx ETF Trust BondBloxx BBB Rated 1-5 Year Corporate Bon,,,,,,,,,,nasdaq,https://api.nasdaq.com/api/screener/etf?download=true,True,,,
BBC,BBC,Virtus Biotech Clinical Trials ETF,,,,,,,,,,nasdaq,https://api.nasdaq.com/api/screener/etf?download=true,True,,,
BBCA,BBCA,JPMorgan BetaBuilders Canada ETF,,,,,,,,,,nasdaq,https://api.nasdaq.com/api/screener/etf?download=true,True,,,
BBCB,BBCB,JPMorgan BetaBuilders USD Investment Grade Corporate Bond ETF,,,,,,,,,,nasdaq,https://api.nasdaq.com/api/screener/etf?download=true,True,,,
BBEM,BBEM,J.P. Morgan Exchange-Traded Fund Trust JPMorgan BetaBuilders E,,,,,,,,,,nasdaq,https://api.nasdaq.com/api/screener/etf?download=true,True,,,
BBEU,BBEU,JPMorgan BetaBuilders Europe ETF,,,,,,,,,,nasdaq,https://api.nasdaq.com/api/screener/etf?download=true,True,,,
BBH,BBH,VanEck Biotech ETF,,,,,,,,,,nasdaq,https://api.nasdaq.com/api/screener/etf?download=true,True,,,
BBHY,BBHY,JPMorgan BetaBuilders USD High Yield Corporate Bond ETF,,,,,,,,,,nasdaq,https://api.nasdaq.com/api/screener/etf?download=true,True,,,
BBIB,BBIB,J.P. Morgan Exchange-Traded Fund Trust JPMorgan BetaBuilders U,,,,,,,,,,nasdaq,https://api.nasdaq.com/api/screener/etf?download=true,True,,,
BBIN,BBIN,JPMorgan BetaBuilders International Equity ETF,,,,,,,,,,nasdaq,https://api.nasdaq.com/api/screener/etf?download=true,True,,,
BBJP,BBJP,JPMorgan BetaBuilders Japan ETF,,,,,,,,,,nasdaq,https://api.nasdaq.com/api/screener/etf?download=true,True,,,
BBLB,BBLB,J.P. Morgan Exchange-Traded Fund Trust JPMorgan BetaBuilders U,,,,,,,,,,nasdaq,https://api.nasdaq.com/api/screener/etf?download=true,True,,,
BBLU,BBLU,EA Series Trust EA Bridgeway Blue Chip ETF,,,,,,,,,,nasdaq,https://api.nasdaq.com/api/screener/etf?download=true,True,,,
BBMC,BBMC,JPMorgan BetaBuilders U.S. Mid Cap Equity ETF,,,,,,,,,,nasdaq,https://api.nasdaq.com/api/screener/etf?download=true,True,,,
BBP,BBP,Virtus Biotech ETF,,,,,,,,,,nasdaq,https://api.nasdaq.com/api/screener/etf?download=true,True,,,
BBRE,BBRE,JPMorgan BetaBuilders MSCI U.S. REIT ETF ,,,,,,,,,,nasdaq,https://api.nasdaq.com/api/screener/etf?download=true,True,,,
BBSB,BBSB,J.P. Morgan Exchange-Traded Fund Trust JPMorgan BetaBuilders U,,,,,,,,,,nasdaq,https://api.nasdaq.com/api/screener/etf?download=true,True,,,
BBSC,BBSC,JPMorgan BetaBuilders U.S. Small Cap Equity ETF,,,,,,,,,,nasdaq,https://api.nasdaq.com/api/screener/etf?download=true,True,,,
BBUS,BBUS,JPMorgan BetaBuilders U.S. Equity ETF,,,,,,,,,,nasdaq,https://api.nasdaq.com/api/screener/etf?download=true,True,,,
BBYY,BBYY,GraniteShares YieldBOOST BABA ETF,,,,,,,,,,nasdaq,https://api.nasdaq.com/api/screener/etf?download=true,True,,,
BCCC,BCCC,Global X Funds Global X Bitcoin Covered Call ETF,,,,,,,,,,nasdaq,https://api.nasdaq.com/api/screener/etf?download=true,True,,,
BCD,BCD,abrdn Bloomberg All Commodity Longer Dated Strategy K-1 Free E,,,,,,,,,,nasdaq,https://api.nasdaq.com/api/screener/etf?download=true,True,,,
BCDF,BCDF,Listed Funds Trust Horizon Kinetics Blockchain Development ETF,,,,,,,,,,nasdaq,https://api.nasdaq.com/api/screener/etf?download=true,True,,,
BCFN,BCFN,Baron Financials ETF,,,,,,,,,,nasdaq,https://api.nasdaq.com/api/screener/etf?download=true,True,,,
BCGD,BCGD,Baron ETF Trust Baron Global Durable Advantage ETF,,,,,,,,,,nasdaq,https://api.nasdaq.com/api/screener/etf?download=true,True,,,
BCGS,BCGS,Exchange Listed Funds Trust Bancreek Global Select ETF,,,,,,,,,,nasdaq,https://api.nasdaq.com/api/screener/etf?download=true,True,,,
BCHI,BCHI,The 2023 ETF Series Trust II GMO Beyond China ETF,,,,,,,,,,nasdaq,https://api.nasdaq.com/api/screener/etf?download=true,True,,,
BCI,BCI,abrdn Bloomberg All Commodity Strategy K-1 Free ETF,,,,,,,,,,nasdaq,https://api.nasdaq.com/api/screener/etf?download=true,True,,,
BCIL,BCIL,Exchange Listed Funds Trust Bancreek International Large Cap E,,,,,,,,,,nasdaq,https://api.nasdaq.com/api/screener/etf?download=true,True,,,
BCKT,BCKT,Stone Ridge Trust LifeX 2030 Income Bucket ETF,,,,,,,,,,nasdaq,https://api.nasdaq.com/api/screener/etf?download=true,True,,,
BCLO,BCLO,iShares BBB-B CLO Active ETF,,,,,,,,,,nasdaq,https://api.nasdaq.com/api/screener/etf?download=true,True,,,
BCOR,BCOR,Grayscale Funds Trust Grayscale Bitcoin Adopters ETF,,,,,,,,,,nasdaq,https://api.nasdaq.com/api/screener/etf?download=true,True,,,
BCSM,BCSM,Baron ETF Trust Baron SMID Cap ETF,,,,,,,,,,nasdaq,https://api.nasdaq.com/api/screener/etf?download=true,True,,,
BCTK,BCTK,Baron Technology ETF,,,,,,,,,,nasdaq,https://api.nasdaq.com/api/screener/etf?download=true,True,,,
BCUS,BCUS,Exchange Listed Funds Trust Bancreek U.S. Large Cap ETF,,,,,,,,,,nasdaq,https://api.nasdaq.com/api/screener/etf?download=true,True,,,
BDBT,BDBT,Exchange Traded Concepts Trust Bluemonte Core Bond ETF,,,,,,,,,,nasdaq,https://api.nasdaq.com/api/screener/etf?download=true,True,,,
BDCX,BDCX,ETRACS Quarterly Pay 1.5x Leveraged MarketVector BDC Liquid In,0001114446,,,NYSE,,,,,,nasdaq,https://api.nasdaq.com/api/screener/etf?download=true,True,,,
BDCZ,BDCZ,ETRACS Linked to the Wells Fargo Business Development Company ,0001114446,,,NYSE,,,,,,nasdaq,https://api.nasdaq.com/api/screener/etf?download=true,True,,,
BDEC,BDEC,Innovator U.S. Equity Buffer ETF - December,,,,,,,,,,nasdaq,https://api.nasdaq.com/api/screener/etf?download=true,True,,,
BDGS,BDGS,Bridges Capital Tactical ETF,,,,,,,,,,nasdaq,https://api.nasdaq.com/api/screener/etf?download=true,True,,,
BDIV,BDIV,ETF Series Solutions AAM Brentview Dividend Growth ETF,,,,,,,,,,nasdaq,https://api.nasdaq.com/api/screener/etf?download=true,True,,,
BDRY,BDRY,Amplify Commodity Trust Breakwave Dry Bulk Shipping ETF,0001610940,,,NYSE,,,,,,nasdaq,https://api.nasdaq.com/api/screener/etf?download=true,True,,,
BDVG,BDVG,Litman Gregory Funds Trust IMGP Berkshire Dividend Growth ETF,,,,,,,,,,nasdaq,https://api.nasdaq.com/api/screener/etf?download=true,True,,,
BDVL,BDVL,iShares Disciplined Volatility Equity Active ETF,,,,,,,,,,nasdaq,https://api.nasdaq.com/api/screener/etf?download=true,True,,,
BDYN,BDYN,iShares Dynamic Equity Active ETF,,,,,,,,,,nasdaq,https://api.nasdaq.com/api/screener/etf?download=true,True,,,
BEDY,BEDY,BNY Mellon Enhanced Dividend and Income ETF,,,,,,,,,,nasdaq,https://api.nasdaq.com/api/screener/etf?download=true,True,,,
BEDZ,BEDZ,AdvisorShares Hotel ETF,,,,,,,,,,nasdaq,https://api.nasdaq.com/api/screener/etf?download=true,True,,,
BEEX,BEEX,The Beehive ETF,,,,,,,,,,nasdaq,https://api.nasdaq.com/api/screener/etf?download=true,True,,,
BEEZ,BEEZ,Honeytree U.S. Equity ETF,,,,,,,,,,nasdaq,https://api.nasdaq.com/api/screener/etf?download=true,True,,,
BEG,BEG,Leverage Shares 2x Long BE Daily ETF,,,,,,,,,,nasdaq,https://api.nasdaq.com/api/screener/etf?download=true,True,,,
BELT,BELT,iShares U.S. Select Equity Active ETF,,,,,,,,,,nasdaq,https://api.nasdaq.com/api/screener/etf?download=true,True,,,
BEMB,BEMB,iShares Trust iShares J.P. Morgan Broad USD Emerging Markets B,,,,,,,,,,nasdaq,https://api.nasdaq.com/api/screener/etf?download=true,True,,,
BENJ,BENJ,Horizon Funds Horizon Landmark ETF,,,,,,,,,,nasdaq,https://api.nasdaq.com/api/screener/etf?download=true,True,,,
BERZ,BERZ,MicroSectors FANG & Innovation -3x Inverse Leveraged ETN,0000927971,,,NYSE,,,,,,nasdaq,https://api.nasdaq.com/api/screener/etf?download=true,True,,,
BESF,BESF,EA Series Trust Bastion Energy ETF,,,,,,,,,,nasdaq,https://api.nasdaq.com/api/screener/etf?download=true,True,,,
BETE,BETE,ProShares Bitcoin & Ether Equal Weight ETF,,,,,,,,,,nasdaq,https://api.nasdaq.com/api/screener/etf?download=true,True,,,
BETH,BETH,ProShares Bitcoin & Ether Market Cap Weight ETF,,,,,,,,,,nasdaq,https://api.nasdaq.com/api/screener/etf?download=true,True,,,
BETZ,BETZ,Roundhill Sports Betting & iGaming ETF,,,,,,,,,,nasdaq,https://api.nasdaq.com/api/screener/etf?download=true,True,,,
BEX,BEX,Investment Managers Series Trust II Tradr 2X Long BE Daily ETF,,,,,,,,,,nasdaq,https://api.nasdaq.com/api/screener/etf?download=true,True,,,
BEZ,BEZ,Investment Managers Series Trust II Tradr 2X Short BE Daily ET,,,,,,,,,,nasdaq,https://api.nasdaq.com/api/screener/etf?download=true,True,,,
BFAP,BFAP,First Trust Exchange-Traded Fund FT Vest Bitcoin Strategy Floo,,,,,,,,,,nasdaq,https://api.nasdaq.com/api/screener/etf?download=true,True,,,
BFEB,BFEB,Innovator U.S. Equity Buffer ETF - February,,,,,,,,,,nasdaq,https://api.nasdaq.com/api/screener/etf?download=true,True,,,
BFIX,BFIX,Build Funds Trust Build Bond Innovation ETF,,,,,,,,,,nasdaq,https://api.nasdaq.com/api/screener/etf?download=true,True,,,
BFJL,BFJL,First Trust Exchange-Traded Fund FT Vest Bitcoin Strategy Floo,,,,,,,,,,nasdaq,https://api.nasdaq.com/api/screener/etf?download=true,True,,,
BFOR,BFOR,Barron's 400 ETF,,,,,,,,,,nasdaq,https://api.nasdaq.com/api/screener/etf?download=true,True,,,
BFRZ,BFRZ,Innovator ETFs Trust Innovator Equity Managed 100 Buffer ETF,,,,,,,,,,nasdaq,https://api.nasdaq.com/api/screener/etf?download=true,True,,,
BGDV,BGDV,ETF Series Solutions Bahl & Gaynor Dividend ETF,,,,,,,,,,nasdaq,https://api.nasdaq.com/api/screener/etf?download=true,True,,,
BGIG,BGIG,ETF Series Solutions Bahl & Gaynor Income Growth ETF,,,,,,,,,,nasdaq,https://api.nasdaq.com/api/screener/etf?download=true,True,,,
BGLD,BGLD,FT Vest Gold Strategy Quarterly Buffer ETF,,,,,,,,,,nasdaq,https://api.nasdaq.com/api/screener/etf?download=true,True,,,
BGRN,BGRN,iShares USD Green Bond ETF,,,,,,,,,,nasdaq,https://api.nasdaq.com/api/screener/etf?download=true,True,,,
BGRO,BGRO,iShares Large Cap Growth Active ETF,,,,,,,,,,nasdaq,https://api.nasdaq.com/api/screener/etf?download=true,True,,,
BHDG,BHDG,Nicholas Bitcoin Tail ETF,,,,,,,,,,nasdaq,https://api.nasdaq.com/api/screener/etf?download=true,True,,,
BHYB,BHYB,DBX ETF Trust Xtrackers USD High Yield BB-B ex Financials ETF,,,,,,,,,,nasdaq,https://api.nasdaq.com/api/screener/etf?download=true,True,,,
BIB,BIB,ProShares Ultra Nasdaq Biotechnology,,,,,,,,,,nasdaq,https://api.nasdaq.com/api/screener/etf?download=true,True,,,
BIBL,BIBL,Inspire 100 ETF,,,,,,,,,,nasdaq,https://api.nasdaq.com/api/screener/etf?download=true,True,,,
BIDD,BIDD,iShares International Dividend Active ETF,,,,,,,,,,nasdaq,https://api.nasdaq.com/api/screener/etf?download=true,True,,,
BIDG,BIDG,Leverage Shares 2X Long BIDU Daily ETF,,,,,,,,,,nasdaq,https://api.nasdaq.com/api/screener/etf?download=true,True,,,
BIGY,BIGY,Tidal Trust II YieldMax Target 12 Big 50 Option Income ETF,,,,,,,,,,nasdaq,https://api.nasdaq.com/api/screener/etf?download=true,True,,,
BIL,BIL,State Street SPDR Bloomberg 1-3 Month T-Bill ETF,,,,,,,,,,nasdaq,https://api.nasdaq.com/api/screener/etf?download=true,True,,,
BILD,BILD,Nomura Global Listed Infrastructure ETF,,,,,,,,,,nasdaq,https://api.nasdaq.com/api/screener/etf?download=true,True,,,
BILS,BILS,State Street SPDR Bloomberg 3-12 Month T-Bill ETF,,,,,,,,,,nasdaq,https://api.nasdaq.com/api/screener/etf?download=true,True,,,
BILT,BILT,BlackRock ETF Trust iShares Infrastructure Active ETF,,,,,,,,,,nasdaq,https://api.nasdaq.com/api/screener/etf?download=true,True,,,
BILZ,BILZ,PIMCO U.S. Treasury Index Fund PIMCO Ultra Short Government Ac,,,,,,,,,,nasdaq,https://api.nasdaq.com/api/screener/etf?download=true,True,,,
BINC,BINC,iShares Flexible Income Active ETF,,,,,,,,,,nasdaq,https://api.nasdaq.com/api/screener/etf?download=true,True,,,
BINT,BINT,Exchange Traded Concepts Trust Bluemonte Global Equity ETF,,,,,,,,,,nasdaq,https://api.nasdaq.com/api/screener/etf?download=true,True,,,
BINV,BINV,Brandes International ETF,,,,,,,,,,nasdaq,https://api.nasdaq.com/api/screener/etf?download=true,True,,,
BIS,BIS,ProShares UltraShort Nasdaq Biotechnology,,,,,,,,,,nasdaq,https://api.nasdaq.com/api/screener/etf?download=true,True,,,
BITB,BITB,Bitwise Bitcoin ETF Common Shares of Beneficial Interest,0001763415,,,NYSE,,,,,,nasdaq,https://api.nasdaq.com/api/screener/etf?download=true,True,,,
BITC,BITC,Bitwise Trendwise Bitcoin and Treasuries Rotation Strategy ETF,,,,,,,,,,nasdaq,https://api.nasdaq.com/api/screener/etf?download=true,True,,,
BITI,BITI,ProShares Short Bitcoin ETF,,,,,,,,,,nasdaq,https://api.nasdaq.com/api/screener/etf?download=true,True,,,
BITK,BITK,Tuttle Capital Bitcoin 0DTE Covered Call ETF,,,,,,,,,,nasdaq,https://api.nasdaq.com/api/screener/etf?download=true,True,,,
BITO,BITO,ProShares Bitcoin ETF,,,,,,,,,,nasdaq,https://api.nasdaq.com/api/screener/etf?download=true,True,,,
BITQ,BITQ,Bitwise Funds Trust Bitwise Crypto Industry Innovators ETF,,,,,,,,,,nasdaq,https://api.nasdaq.com/api/screener/etf?download=true,True,,,
BITS,BITS,Global X Blockchain & Bitcoin Strategy ETF,,,,,,,,,,nasdaq,https://api.nasdaq.com/api/screener/etf?download=true,True,,,
BITU,BITU,ProShares Trust ProShares Ultra Bitcoin ETF,,,,,,,,,,nasdaq,https://api.nasdaq.com/api/screener/etf?download=true,True,,,
BITW,BITW,Bitwise 10 Crypto Index ETF Common Shares of Beneficial Intere,0001723788,,,NYSE,,,,,,nasdaq,https://api.nasdaq.com/api/screener/etf?download=true,True,,,
BITX,BITX,Volatility Shares Trust 2x Bitcoin Strategy ETF,,,,,,,,,,nasdaq,https://api.nasdaq.com/api/screener/etf?download=true,True,,,
BITY,BITY,Amplify Bitcoin 2% Monthly Option Income ETF,,,,,,,,,,nasdaq,https://api.nasdaq.com/api/screener/etf?download=true,True,,,
BIV,BIV,Vanguard Intermediate-Term Bond ETF,,,,,,,,,,nasdaq,https://api.nasdaq.com/api/screener/etf?download=true,True,,,
BIZD,BIZD,VanEck BDC Income ETF ,,,,,,,,,,nasdaq,https://api.nasdaq.com/api/screener/etf?download=true,True,,,
BJAN,BJAN,Innovator U.S. Equity Buffer ETF - January,,,,,,,,,,nasdaq,https://api.nasdaq.com/api/screener/etf?download=true,True,,,
BJUL,BJUL,Innovator U.S. Equity Buffer ETF - July,,,,,,,,,,nasdaq,https://api.nasdaq.com/api/screener/etf?download=true,True,,,
BJUN,BJUN,Innovator U.S. Equity Buffer ETF - June,,,,,,,,,,nasdaq,https://api.nasdaq.com/api/screener/etf?download=true,True,,,
BKAG,BKAG,BNY Mellon Core Bond ETF,,,,,,,,,,nasdaq,https://api.nasdaq.com/api/screener/etf?download=true,True,,,
BKCG,BKCG,BNY Mellon ETF Trust II BNY Mellon Concentrated Growth ETF,,,,,,,,,,nasdaq,https://api.nasdaq.com/api/screener/etf?download=true,True,,,
BKCH,BKCH,Global X Blockchain ETF,,,,,,,,,,nasdaq,https://api.nasdaq.com/api/screener/etf?download=true,True,,,
BKCI,BKCI,BNY Mellon ETF Trust BNY Mellon Concentrated International ETF,,,,,,,,,,nasdaq,https://api.nasdaq.com/api/screener/etf?download=true,True,,,
BKDV,BKDV,BNY Mellon ETF Trust II BNY Mellon Dynamic Value ETF,,,,,,,,,,nasdaq,https://api.nasdaq.com/api/screener/etf?download=true,True,,,
BKEM,BKEM,BNY Mellon Emerging Markets Equity ETF,,,,,,,,,,nasdaq,https://api.nasdaq.com/api/screener/etf?download=true,True,,,
BKF,BKF,iShares MSCI BIC ETF,,,,,,,,,,nasdaq,https://api.nasdaq.com/api/screener/etf?download=true,True,,,
BKGI,BKGI,BNY Mellon ETF Trust BNY Mellon Global Infrastructure Income E,,,,,,,,,,nasdaq,https://api.nasdaq.com/api/screener/etf?download=true,True,,,
BKHY,BKHY,BNY Mellon High Yield ETF,,,,,,,,,,nasdaq,https://api.nasdaq.com/api/screener/etf?download=true,True,,,
BKIE,BKIE,BNY Mellon International Equity ETF,,,,,,,,,,nasdaq,https://api.nasdaq.com/api/screener/etf?download=true,True,,,
BKLC,BKLC,BNY Mellon US Large Cap Core Equity ETF,,,,,,,,,,nasdaq,https://api.nasdaq.com/api/screener/etf?download=true,True,,,
BKLN,BKLN,Invesco Senior Loan ETF,,,,,,,,,,nasdaq,https://api.nasdaq.com/api/screener/etf?download=true,True,,,
BKMC,BKMC,BNY Mellon US Mid Cap Core Equity ETF,,,,,,,,,,nasdaq,https://api.nasdaq.com/api/screener/etf?download=true,True,,,
BKMI,BKMI,BNY Mellon Municipal Intermediate ETF,,,,,,,,,,nasdaq,https://api.nasdaq.com/api/screener/etf?download=true,True,,,
BKMS,BKMS,BNY Mellon Municipal Short Duration ETF,,,,,,,,,,nasdaq,https://api.nasdaq.com/api/screener/etf?download=true,True,,,
BKSE,BKSE,BNY Mellon US Small Cap Core Equity ETF,,,,,,,,,,nasdaq,https://api.nasdaq.com/api/screener/etf?download=true,True,,,
BKUI,BKUI,BNY Mellon Ultra Short Income ETF,,,,,,,,,,nasdaq,https://api.nasdaq.com/api/screener/etf?download=true,True,,,
BLCN,BLCN,Siren NexGen Economy ETF,,,,,,,,,,nasdaq,https://api.nasdaq.com/api/screener/etf?download=true,True,,,
BLCR,BLCR,iShares Large Cap Core Active ETF,,,,,,,,,,nasdaq,https://api.nasdaq.com/api/screener/etf?download=true,True,,,
BLCV,BLCV,BlackRock ETF Trust iShares Large Cap Value Active ETF,,,,,,,,,,nasdaq,https://api.nasdaq.com/api/screener/etf?download=true,True,,,
BLDG,BLDG,Cambria Global Real Estate ETF,,,,,,,,,,nasdaq,https://api.nasdaq.com/api/screener/etf?download=true,True,,,
BLES,BLES,Inspire Global Hope ETF,,,,,,,,,,nasdaq,https://api.nasdaq.com/api/screener/etf?download=true,True,,,
BLGR,BLGR,Exchange Traded Concepts Trust Bluemonte Large Cap Growth ETF,,,,,,,,,,nasdaq,https://api.nasdaq.com/api/screener/etf?download=true,True,,,
BLOK,BLOK,Amplify Blockchain Technology ETF,,,,,,,,,,nasdaq,https://api.nasdaq.com/api/screener/etf?download=true,True,,,
BLOX,BLOX,Tidal Trust II Nicholas Crypto Income ETF,,,,,,,,,,nasdaq,https://api.nasdaq.com/api/screener/etf?download=true,True,,,
BLSG,BLSG,Leverage Shares 2X Long BLSH Daily ETF,,,,,,,,,,nasdaq,https://api.nasdaq.com/api/screener/etf?download=true,True,,,
BLST,BLST,Exchange Traded Concepts Trust Bluemonte Short Term Bond ETF,,,,,,,,,,nasdaq,https://api.nasdaq.com/api/screener/etf?download=true,True,,,
BLTD,BLTD,Exchange Traded Concepts Trust Bluemonte Long Term Bond ETF,,,,,,,,,,nasdaq,https://api.nasdaq.com/api/screener/etf?download=true,True,,,
BLUC,BLUC,Exchange Traded Concepts Trust Bluemonte Large Cap Core ETF,,,,,,,,,,nasdaq,https://api.nasdaq.com/api/screener/etf?download=true,True,,,
BLUI,BLUI,Exchange Traded Concepts Trust Bluemonte Diversified Income ET,,,,,,,,,,nasdaq,https://api.nasdaq.com/api/screener/etf?download=true,True,,,
BLUX,BLUX,Exchange Traded Concepts Trust Bluemonte Dynamic Total Market ,,,,,,,,,,nasdaq,https://api.nasdaq.com/api/screener/etf?download=true,True,,,
BLV,BLV,Vanguard Long-Term Bond ETF,,,,,,,,,,nasdaq,https://api.nasdaq.com/api/screener/etf?download=true,True,,,
BMAR,BMAR,Innovator U.S. Equity Buffer ETF - March,,,,,,,,,,nasdaq,https://api.nasdaq.com/api/screener/etf?download=true,True,,,
BMAY,BMAY,Innovator U.S. Equity Buffer ETF - May,,,,,,,,,,nasdaq,https://api.nasdaq.com/api/screener/etf?download=true,True,,,
BMED,BMED,iShares Health Innovation Active ETF,,,,,,,,,,nasdaq,https://api.nasdaq.com/api/screener/etf?download=true,True,,,
BMNG,BMNG,Leverage Shares 2X Long BMNR Daily ETF,,,,,,,,,,nasdaq,https://api.nasdaq.com/api/screener/etf?download=true,True,,,
BMNU,BMNU,ETF Opportunities Trust T-REX 2X Long BMNR Daily Target ETF,,,,,,,,,,nasdaq,https://api.nasdaq.com/api/screener/etf?download=true,True,,,
BMOP,BMOP,BNY Mellon Municipal Opportunities ETF,,,,,,,,,,nasdaq,https://api.nasdaq.com/api/screener/etf?download=true,True,,,
BMVP,BMVP,Invesco Bloomberg MVP Multi-factor ETF,,,,,,,,,,nasdaq,https://api.nasdaq.com/api/screener/etf?download=true,True,,,
BND,BND,Vanguard Total Bond Market ETF,,,,,,,,,,nasdaq,https://api.nasdaq.com/api/screener/etf?download=true,True,,,
BNDC,BNDC,FlexShares Core Select Bond Fund,,,,,,,,,,nasdaq,https://api.nasdaq.com/api/screener/etf?download=true,True,,,
BNDD,BNDD,Quadratic Deflation ETF,,,,,,,,,,nasdaq,https://api.nasdaq.com/api/screener/etf?download=true,True,,,
BNDI,BNDI,NEOS ETF Trust NEOS Enhanced Income Aggregate Bond ETF,,,,,,,,,,nasdaq,https://api.nasdaq.com/api/screener/etf?download=true,True,,,
BNDP,BNDP,Vanguard Core-Plus Bond Index ETF,,,,,,,,,,nasdaq,https://api.nasdaq.com/api/screener/etf?download=true,True,,,
BNDS,BNDS,Series Portfolios Trust Infrastructure Capital Bond Income ETF,,,,,,,,,,nasdaq,https://api.nasdaq.com/api/screener/etf?download=true,True,,,
BNDW,BNDW,Vanguard Total World Bond ETF,,,,,,,,,,nasdaq,https://api.nasdaq.com/api/screener/etf?download=true,True,,,
BNDX,BNDX,Vanguard Total International Bond ETF,,,,,,,,,,nasdaq,https://api.nasdaq.com/api/screener/etf?download=true,True,,,
BNDY,BNDY,Horizon Funds Horizon Core Bond ETF,,,,,,,,,,nasdaq,https://api.nasdaq.com/api/screener/etf?download=true,True,,,
FEBZ,FEBZ,TrueShares Structured Outcome (February) ETF,,,,,,,,,,nasdaq,https://api.nasdaq.com/api/screener/etf?download=true,True,,,
FEDM,FEDM,FlexShares ESG & Climate Developed Markets ex-US Core Index Fu,,,,,,,,,,nasdaq,https://api.nasdaq.com/api/screener/etf?download=true,True,,,
FEGE,FEGE,The RBB Fund Trust First Eagle Global Equity ETF,,,,,,,,,,nasdaq,https://api.nasdaq.com/api/screener/etf?download=true,True,,,
FEIG,FEIG,FlexShares ESG & Climate Investment Grade Corporate Core Index,,,,,,,,,,nasdaq,https://api.nasdaq.com/api/screener/etf?download=true,True,,,
FELC,FELC,Fidelity Covington Trust Fidelity Enhanced Large Cap Core ETF,,,,,,,,,,nasdaq,https://api.nasdaq.com/api/screener/etf?download=true,True,,,
FELG,FELG,Fidelity Covington Trust Fidelity Enhanced Large Cap Growth ET,,,,,,,,,,nasdaq,https://api.nasdaq.com/api/screener/etf?download=true,True,,,
FELV,FELV,Fidelity Covington Trust Fidelity Enhanced Large Cap Value ETF,,,,,,,,,,nasdaq,https://api.nasdaq.com/api/screener/etf?download=true,True,,,
FEM,FEM,First Trust Emerging Markets AlphaDEX Fund,,,,,,,,,,nasdaq,https://api.nasdaq.com/api/screener/etf?download=true,True,,,
FEMB,FEMB,First Trust Emerging Markets Local Currency Bond ETF,,,,,,,,,,nasdaq,https://api.nasdaq.com/api/screener/etf?download=true,True,,,
FEMR,FEMR,Fidelity Covington Trust Fidelity Enhanced Emerging Markets ET,,,,,,,,,,nasdaq,https://api.nasdaq.com/api/screener/etf?download=true,True,,,
FEMS,FEMS,First Trust Emerging Markets Small Cap AlphaDEX Fund,,,,,,,,,,nasdaq,https://api.nasdaq.com/api/screener/etf?download=true,True,,,
FENI,FENI,Fidelity Covington Trust Fidelity Enhanced International ETF,,,,,,,,,,nasdaq,https://api.nasdaq.com/api/screener/etf?download=true,True,,,
FENY,FENY,Fidelity MSCI Energy Index ETF,,,,,,,,,,nasdaq,https://api.nasdaq.com/api/screener/etf?download=true,True,,,
FEOE,FEOE,The RBB Fund Trust First Eagle Overseas Equity ETF,,,,,,,,,,nasdaq,https://api.nasdaq.com/api/screener/etf?download=true,True,,,
FEP,FEP,First Trust Europe AlphaDEX Fund,,,,,,,,,,nasdaq,https://api.nasdaq.com/api/screener/etf?download=true,True,,,
FEPI,FEPI,REX FANG & Innovation Equity Premium Income ETF,,,,,,,,,,nasdaq,https://api.nasdaq.com/api/screener/etf?download=true,True,,,
FESM,FESM,Fidelity Enhanced Small Cap Core ETF,,,,,,,,,,nasdaq,https://api.nasdaq.com/api/screener/etf?download=true,True,,,
FEUS,FEUS,FlexShares ESG & Climate US Large Cap Core Index Fund,,,,,,,,,,nasdaq,https://api.nasdaq.com/api/screener/etf?download=true,True,,,
FEUZ,FEUZ,First Trust Eurozone AlphaDEX ETF,,,,,,,,,,nasdaq,https://api.nasdaq.com/api/screener/etf?download=true,True,,,
FEX,FEX,First Trust Large Cap Core AlphaDEX Fund,,,,,,,,,,nasdaq,https://api.nasdaq.com/api/screener/etf?download=true,True,,,
FEZ,FEZ,State Street SPDR EURO STOXX 50 ETF,,,,,,,,,,nasdaq,https://api.nasdaq.com/api/screener/etf?download=true,True,,,
FFDI,FFDI,Fidelity Covington Trust Fidelity Fundamental Developed Intern,,,,,,,,,,nasdaq,https://api.nasdaq.com/api/screener/etf?download=true,True,,,
FFEB,FFEB,FT Vest U.S. Equity Buffer ETF - February,,,,,,,,,,nasdaq,https://api.nasdaq.com/api/screener/etf?download=true,True,,,
FFEM,FFEM,Fidelity Covington Trust Fidelity Fundamental Emerging Markets,,,,,,,,,,nasdaq,https://api.nasdaq.com/api/screener/etf?download=true,True,,,
FFGX,FFGX,Fidelity Covington Trust Fidelity Fundamental Global ex-U.S. E,,,,,,,,,,nasdaq,https://api.nasdaq.com/api/screener/etf?download=true,True,,,
FFIU,FFIU,UVA Unconstrained Medium-Term Fixed Income ETF,,,,,,,,,,nasdaq,https://api.nasdaq.com/api/screener/etf?download=true,True,,,
FFLC,FFLC,Fidelity Fundamental Large Cap Core ETF,,,,,,,,,,nasdaq,https://api.nasdaq.com/api/screener/etf?download=true,True,,,
FFLG,FFLG,Fidelity Fundamental Large Cap Growth ETF,,,,,,,,,,nasdaq,https://api.nasdaq.com/api/screener/etf?download=true,True,,,
FFLS,FFLS,Northern Lights Fund Trust II The Future Fund Long/Short ETF,,,,,,,,,,nasdaq,https://api.nasdaq.com/api/screener/etf?download=true,True,,,
FFLV,FFLV,Fidelity Covington Trust Fidelity Fundamental Large Cap Value ,,,,,,,,,,nasdaq,https://api.nasdaq.com/api/screener/etf?download=true,True,,,
FFND,FFND,One Global ETF,,,,,,,,,,nasdaq,https://api.nasdaq.com/api/screener/etf?download=true,True,,,
FFOG,FFOG,Franklin Templeton ETF Trust Franklin Focused Growth ETF,,,,,,,,,,nasdaq,https://api.nasdaq.com/api/screener/etf?download=true,True,,,
FFOX,FFOX,FundX Investment Trust FundX Future Fund Opportunities ETF,,,,,,,,,,nasdaq,https://api.nasdaq.com/api/screener/etf?download=true,True,,,
FFSM,FFSM,Fidelity Fundamental Small-Mid Cap ETF,,,,,,,,,,nasdaq,https://api.nasdaq.com/api/screener/etf?download=true,True,,,
FFTY,FFTY,Capital-Force ETF Trust CapForce IBD 50 ETF,,,,,,,,,,nasdaq,https://api.nasdaq.com/api/screener/etf?download=true,True,,,
FFUT,FFUT,Fidelity Managed Futures ETF,,,,,,,,,,nasdaq,https://api.nasdaq.com/api/screener/etf?download=true,True,,,
FGD,FGD,First Trust DJ Global Select Dividend,,,,,,,,,,nasdaq,https://api.nasdaq.com/api/screener/etf?download=true,True,,,
FGDL,FGDL,Franklin Templeton Holdings Trust Franklin Responsibly Sourced,0001858258,,,NYSE,,,,,,nasdaq,https://api.nasdaq.com/api/screener/etf?download=true,True,,,
FGM,FGM,First Trust Germany AlphaDEX Fund,,,,,,,,,,nasdaq,https://api.nasdaq.com/api/screener/etf?download=true,True,,,
FGSI,FGSI,FT Vest Growth Strength & Target Income ETF,,,,,,,,,,nasdaq,https://api.nasdaq.com/api/screener/etf?download=true,True,,,
FGSM,FGSM,The Advisors' Inner Circle Fund II Frontier Asset Global Small,,,,,,,,,,nasdaq,https://api.nasdaq.com/api/screener/etf?download=true,True,,,
FHDG,FHDG,First Trust Exchange-Traded Fund VIII FT Vest U.S. Equity Quar,,,,,,,,,,nasdaq,https://api.nasdaq.com/api/screener/etf?download=true,True,,,
FHEQ,FHEQ,Fidelity Hedged Equity ETF,,,,,,,,,,nasdaq,https://api.nasdaq.com/api/screener/etf?download=true,True,,,
FHLC,FHLC,Fidelity MSCI Health Care Index ETF,,,,,,,,,,nasdaq,https://api.nasdaq.com/api/screener/etf?download=true,True,,,
FHYS,FHYS,Federated Hermes ETF Trust Federated Hermes Short Duration Hig,,,,,,,,,,nasdaq,https://api.nasdaq.com/api/screener/etf?download=true,True,,,
FIAT,FIAT,Tidal Trust II YieldMax Short COIN Option Income Strategy ETF,,,,,,,,,,nasdaq,https://api.nasdaq.com/api/screener/etf?download=true,True,,,
FIAX,FIAX,Tidal ETF Trust II Nicholas Fixed Income Alternative ETF,,,,,,,,,,nasdaq,https://api.nasdaq.com/api/screener/etf?download=true,True,,,
FICS,FICS,First Trust International Developed Capital Strength ETF,,,,,,,,,,nasdaq,https://api.nasdaq.com/api/screener/etf?download=true,True,,,
FID,FID,First Trust S&P International Dividend Aristocrats ETF,,,,,,,,,,nasdaq,https://api.nasdaq.com/api/screener/etf?download=true,True,,,
FIDI,FIDI,Fidelity International High Dividend ETF,,,,,,,,,,nasdaq,https://api.nasdaq.com/api/screener/etf?download=true,True,,,
FIDU,FIDU,Fidelity MSCI Industrials Index ETF,,,,,,,,,,nasdaq,https://api.nasdaq.com/api/screener/etf?download=true,True,,,
FIGB,FIGB,Fidelity Investment Grade Bond ETF,,,,,,,,,,nasdaq,https://api.nasdaq.com/api/screener/etf?download=true,True,,,
FIGG,FIGG,Leverage Shares 2x Long FIG Daily ETF,,,,,,,,,,nasdaq,https://api.nasdaq.com/api/screener/etf?download=true,True,,,
FIIG,FIIG,First Trust Exchange-Traded Fund IV First Trust Intermediate D,,,,,,,,,,nasdaq,https://api.nasdaq.com/api/screener/etf?download=true,True,,,
FINT,FINT,The Advisors' Inner Circle Fund II Frontier Asset Total Intern,,,,,,,,,,nasdaq,https://api.nasdaq.com/api/screener/etf?download=true,True,,,
FINX,FINX,Global X FinTech ETF,,,,,,,,,,nasdaq,https://api.nasdaq.com/api/screener/etf?download=true,True,,,
FISR,FISR,State Street Fixed Income Sector Rotation ETF,,,,,,,,,,nasdaq,https://api.nasdaq.com/api/screener/etf?download=true,True,,,
FITE,FITE,State Street SPDR S&P Kensho Future Security ETF,,,,,,,,,,nasdaq,https://api.nasdaq.com/api/screener/etf?download=true,True,,,
FIVA,FIVA,Fidelity International Value Factor ETF,,,,,,,,,,nasdaq,https://api.nasdaq.com/api/screener/etf?download=true,True,,,
FIVY,FIVY,YieldMax Dorsey Wright Hybrid 5 Income ETF,,,,,,,,,,nasdaq,https://api.nasdaq.com/api/screener/etf?download=true,True,,,
FIW,FIW,First Trust Water ETF,,,,,,,,,,nasdaq,https://api.nasdaq.com/api/screener/etf?download=true,True,,,
FIXD,FIXD,First Trust Smith Opportunistic Fixed Income ETF,,,,,,,,,,nasdaq,https://api.nasdaq.com/api/screener/etf?download=true,True,,,
FIXP,FIXP,FolioBeyond Enhanced Fixed Income Premium ETF,,,,,,,,,,nasdaq,https://api.nasdaq.com/api/screener/etf?download=true,True,,,
FIXT,FIXT,TCW ETF Trust TCW Core Plus Bond ETF,,,,,,,,,,nasdaq,https://api.nasdaq.com/api/screener/etf?download=true,True,,,
FJAN,FJAN,FT Vest U.S. Equity Buffer ETF - January,,,,,,,,,,nasdaq,https://api.nasdaq.com/api/screener/etf?download=true,True,,,
FJP,FJP,First Trust Japan AlphaDEX Fund,,,,,,,,,,nasdaq,https://api.nasdaq.com/api/screener/etf?download=true,True,,,
FJUL,FJUL,FT Vest U.S. Equity Buffer ETF - July,,,,,,,,,,nasdaq,https://api.nasdaq.com/api/screener/etf?download=true,True,,,
FJUN,FJUN,FT Vest U.S. Equity Buffer ETF - June,,,,,,,,,,nasdaq,https://api.nasdaq.com/api/screener/etf?download=true,True,,,
FKU,FKU,First Trust United Kingdom AlphaDEX Fund,,,,,,,,,,nasdaq,https://api.nasdaq.com/api/screener/etf?download=true,True,,,
FLAG,FLAG,Global X Funds Global X S&P 500 U.S. Market Leaders Top 50 ETF,,,,,,,,,,nasdaq,https://api.nasdaq.com/api/screener/etf?download=true,True,,,
FLAO,FLAO,AIM ETF Products Trust AllianzIM U.S. Equity 6 Month Floor5 Ap,,,,,,,,,,nasdaq,https://api.nasdaq.com/api/screener/etf?download=true,True,,,
FLAU,FLAU,Franklin FTSE Australia ETF,,,,,,,,,,nasdaq,https://api.nasdaq.com/api/screener/etf?download=true,True,,,
FLAX,FLAX,Franklin FTSE Asia ex Japan ETF,,,,,,,,,,nasdaq,https://api.nasdaq.com/api/screener/etf?download=true,True,,,
FLBL,FLBL,Franklin Senior Loan ETF,,,,,,,,,,nasdaq,https://api.nasdaq.com/api/screener/etf?download=true,True,,,
FLBR,FLBR,Franklin FTSE Brazil ETF,,,,,,,,,,nasdaq,https://api.nasdaq.com/api/screener/etf?download=true,True,,,
FLCA,FLCA,Franklin FTSE Canada ETF,,,,,,,,,,nasdaq,https://api.nasdaq.com/api/screener/etf?download=true,True,,,
FLCB,FLCB,Franklin U.S. Core Bond ETF,,,,,,,,,,nasdaq,https://api.nasdaq.com/api/screener/etf?download=true,True,,,
FLCC,FLCC,Federated Hermes ETF Trust Federated Hermes MDT Large Cap Core,,,,,,,,,,nasdaq,https://api.nasdaq.com/api/screener/etf?download=true,True,,,
FLCE,FLCE,The Advisors' Inner Circle Fund II Frontier Asset U.S. Large C,,,,,,,,,,nasdaq,https://api.nasdaq.com/api/screener/etf?download=true,True,,,
FLCG,FLCG,Federated Hermes ETF Trust Federated Hermes MDT Large Cap Grow,,,,,,,,,,nasdaq,https://api.nasdaq.com/api/screener/etf?download=true,True,,,
FLCH,FLCH,Franklin FTSE China ETF,,,,,,,,,,nasdaq,https://api.nasdaq.com/api/screener/etf?download=true,True,,,
FLCO,FLCO,Franklin Investment Grade Corporate ETF,,,,,,,,,,nasdaq,https://api.nasdaq.com/api/screener/etf?download=true,True,,,
FLCV,FLCV,Federated Hermes ETF Trust Federated Hermes MDT Large Cap Valu,,,,,,,,,,nasdaq,https://api.nasdaq.com/api/screener/etf?download=true,True,,,
FLDB,FLDB,Fidelity Low Duration Bond ETF,,,,,,,,,,nasdaq,https://api.nasdaq.com/api/screener/etf?download=true,True,,,
FLDR,FLDR,Fidelity Low Duration Bond Factor ETF,,,,,,,,,,nasdaq,https://api.nasdaq.com/api/screener/etf?download=true,True,,,
FLDZ,FLDZ,RiverNorth Patriot ETF,,,,,,,,,,nasdaq,https://api.nasdaq.com/api/screener/etf?download=true,True,,,
FLEE,FLEE,Franklin FTSE Europe ETF,,,,,,,,,,nasdaq,https://api.nasdaq.com/api/screener/etf?download=true,True,,,
FLEU,FLEU,Franklin FTSE Eurozone ETF,,,,,,,,,,nasdaq,https://api.nasdaq.com/api/screener/etf?download=true,True,,,
FLGB,FLGB,Franklin FTSE United Kingdom ETF,,,,,,,,,,nasdaq,https://api.nasdaq.com/api/screener/etf?download=true,True,,,
FLGR,FLGR,Franklin FTSE Germany ETF,,,,,,,,,,nasdaq,https://api.nasdaq.com/api/screener/etf?download=true,True,,,
FLGV,FLGV,Franklin U.S. Treasury Bond ETF,,,,,,,,,,nasdaq,https://api.nasdaq.com/api/screener/etf?download=true,True,,,
FLHY,FLHY,Franklin High Yield Corporate ETF,,,,,,,,,,nasdaq,https://api.nasdaq.com/api/screener/etf?download=true,True,,,
FLIA,FLIA,Franklin International Aggregate Bond ETF,,,,,,,,,,nasdaq,https://api.nasdaq.com/api/screener/etf?download=true,True,,,
FLIN,FLIN,Franklin FTSE India ETF,,,,,,,,,,nasdaq,https://api.nasdaq.com/api/screener/etf?download=true,True,,,
FLJH,FLJH,Franklin FTSE Japan Hedged ETF,,,,,,,,,,nasdaq,https://api.nasdaq.com/api/screener/etf?download=true,True,,,
FLJJ,FLJJ,AIM ETF Products Trust AllianzIM U.S. Equity 6 Month Floor5 Ja,,,,,,,,,,nasdaq,https://api.nasdaq.com/api/screener/etf?download=true,True,,,
FLJP,FLJP,Franklin FTSE Japan ETF,,,,,,,,,,nasdaq,https://api.nasdaq.com/api/screener/etf?download=true,True,,,
FLKR,FLKR,Franklin FTSE South Korea ETF,,,,,,,,,,nasdaq,https://api.nasdaq.com/api/screener/etf?download=true,True,,,
FLLA,FLLA,Franklin FTSE Latin America ETF,,,,,,,,,,nasdaq,https://api.nasdaq.com/api/screener/etf?download=true,True,,,
FLMB,FLMB,Franklin Municipal Green Bond ETF,,,,,,,,,,nasdaq,https://api.nasdaq.com/api/screener/etf?download=true,True,,,
FLMI,FLMI,Franklin Dynamic Municipal Bond ETF,,,,,,,,,,nasdaq,https://api.nasdaq.com/api/screener/etf?download=true,True,,,
FLMX,FLMX,Franklin FTSE Mexico ETF,,,,,,,,,,nasdaq,https://api.nasdaq.com/api/screener/etf?download=true,True,,,
FLN,FLN,First Trust Latin America AlphaDEX Fund,,,,,,,,,,nasdaq,https://api.nasdaq.com/api/screener/etf?download=true,True,,,
FLOT,FLOT,iShares Floating Rate Bond ETF,,,,,,,,,,nasdaq,https://api.nasdaq.com/api/screener/etf?download=true,True,,,
FLOW,FLOW,Global X Funds Global X U.S. Cash Flow Kings 100 ETF,,,,,,,,,,nasdaq,https://api.nasdaq.com/api/screener/etf?download=true,True,,,
FLQL,FLQL,Franklin U.S. Large Cap Multifactor Index ETF,,,,,,,,,,nasdaq,https://api.nasdaq.com/api/screener/etf?download=true,True,,,
FLQM,FLQM,Franklin U.S. Mid Cap Multifactor Index ETF,,,,,,,,,,nasdaq,https://api.nasdaq.com/api/screener/etf?download=true,True,,,
FLQS,FLQS,Franklin U.S. Small Cap Multifactor Index ETF,,,,,,,,,,nasdaq,https://api.nasdaq.com/api/screener/etf?download=true,True,,,
FLRG,FLRG,Fidelity U.S. Multifactor ETF,,,,,,,,,,nasdaq,https://api.nasdaq.com/api/screener/etf?download=true,True,,,
FLRN,FLRN,State Street SPDR Bloomberg Investment Grade Floating Rate ETF,,,,,,,,,,nasdaq,https://api.nasdaq.com/api/screener/etf?download=true,True,,,
FLRT,FLRT,Pacer Aristotle Pacific Floating Rate High Income ETF,,,,,,,,,,nasdaq,https://api.nasdaq.com/api/screener/etf?download=true,True,,,
FLSA,FLSA,Franklin FTSE Saudi Arabia ETF,,,,,,,,,,nasdaq,https://api.nasdaq.com/api/screener/etf?download=true,True,,,
FLSP,FLSP,Franklin Systematic Style Premia ETF,,,,,,,,,,nasdaq,https://api.nasdaq.com/api/screener/etf?download=true,True,,,
FLSW,FLSW,Franklin FTSE Switzerland ETF,,,,,,,,,,nasdaq,https://api.nasdaq.com/api/screener/etf?download=true,True,,,
FLTB,FLTB,Fidelity Limited Term Bond ETF,,,,,,,,,,nasdaq,https://api.nasdaq.com/api/screener/etf?download=true,True,,,
FLTR,FLTR,VanEck ETF Trust VanEck IG Floating Rate ETF,,,,,,,,,,nasdaq,https://api.nasdaq.com/api/screener/etf?download=true,True,,,
FLTW,FLTW,Franklin FTSE Taiwan ETF,,,,,,,,,,nasdaq,https://api.nasdaq.com/api/screener/etf?download=true,True,,,
FLUD,FLUD,Franklin Ultra Short Bond ETF,,,,,,,,,,nasdaq,https://api.nasdaq.com/api/screener/etf?download=true,True,,,
FLV,FLV,American Century Focused Large Cap Value ETF,,,,,,,,,,nasdaq,https://api.nasdaq.com/api/screener/etf?download=true,True,,,
FLXN,FLXN,Horizon Funds Horizon Flexible Income ETF,,,,,,,,,,nasdaq,https://api.nasdaq.com/api/screener/etf?download=true,True,,,
FLXR,FLXR,TCW Flexible Income ETF,,,,,,,,,,nasdaq,https://api.nasdaq.com/api/screener/etf?download=true,True,,,
FLYD,FLYD,Bank of Montreal MicroSectors Travel -3x Inverse Leveraged ETN,0000927971,,,NYSE,,,,,,nasdaq,https://api.nasdaq.com/api/screener/etf?download=true,True,,,
FLYT,FLYT,Investment Managers Series Trust II Tradr 2X Long FLY Daily ET,,,,,,,,,,nasdaq,https://api.nasdaq.com/api/screener/etf?download=true,True,,,
FLYU,FLYU,Bank of Montreal MicroSectors Travel 3x Leveraged ETN,0000927971,,,NYSE,,,,,,nasdaq,https://api.nasdaq.com/api/screener/etf?download=true,True,,,
FMAG,FMAG,Fidelity Magellan ETF,,,,,,,,,,nasdaq,https://api.nasdaq.com/api/screener/etf?download=true,True,,,
FMAR,FMAR,FT Vest U.S. Equity Buffer ETF - March,,,,,,,,,,nasdaq,https://api.nasdaq.com/api/screener/etf?download=true,True,,,
FMAT,FMAT,Fidelity MSCI Materials Index ETF,,,,,,,,,,nasdaq,https://api.nasdaq.com/api/screener/etf?download=true,True,,,
FMAY,FMAY,FT Vest U.S. Equity Buffer ETF - May,,,,,,,,,,nasdaq,https://api.nasdaq.com/api/screener/etf?download=true,True,,,
FMB,FMB,First Trust Managed Municipal ETF,,,,,,,,,,nasdaq,https://api.nasdaq.com/api/screener/etf?download=true,True,,,
FMCE,FMCE,Northern Lights Fund Trust IV FM Compounders Equity ETF,,,,,,,,,,nasdaq,https://api.nasdaq.com/api/screener/etf?download=true,True,,,
FMCX,FMCX,FM Focus Equity ETF,,,,,,,,,,nasdaq,https://api.nasdaq.com/api/screener/etf?download=true,True,,,
FMDE,FMDE,Fidelity Enhanced Mid Cap Core ETF,,,,,,,,,,nasdaq,https://api.nasdaq.com/api/screener/etf?download=true,True,,,
FMED,FMED,Fidelity Disruptive Medicine ETF,,,,,,,,,,nasdaq,https://api.nasdaq.com/api/screener/etf?download=true,True,,,
FMET,FMET,Fidelity Metaverse ETF,,,,,,,,,,nasdaq,https://api.nasdaq.com/api/screener/etf?download=true,True,,,
FMF,FMF,First Trust Managed Futures Strategy Fund,,,,,,,,,,nasdaq,https://api.nasdaq.com/api/screener/etf?download=true,True,,,
FMHI,FMHI,First Trust Municipal High Income ETF,,,,,,,,,,nasdaq,https://api.nasdaq.com/api/screener/etf?download=true,True,,,
FMKT,FMKT,The Free Markets ETF,,,,,,,,,,nasdaq,https://api.nasdaq.com/api/screener/etf?download=true,True,,,
FMNY,FMNY,First Trust New York Municipal High Income ETF,,,,,,,,,,nasdaq,https://api.nasdaq.com/api/screener/etf?download=true,True,,,
FMQQ,FMQQ,FMQQ The Next Frontier Internet ETF,,,,,,,,,,nasdaq,https://api.nasdaq.com/api/screener/etf?download=true,True,,,
FMTM,FMTM,MarketDesk Focused U.S. Momentum ETF,,,,,,,,,,nasdaq,https://api.nasdaq.com/api/screener/etf?download=true,True,,,
FMUB,FMUB,Fidelity Municipal Bond Opportunities ETF,,,,,,,,,,nasdaq,https://api.nasdaq.com/api/screener/etf?download=true,True,,,
FMUN,FMUN,Fidelity Systematic Municipal Bond Index ETF,,,,,,,,,,nasdaq,https://api.nasdaq.com/api/screener/etf?download=true,True,,,
FNCL,FNCL,Fidelity MSCI Financials Index ETF,,,,,,,,,,nasdaq,https://api.nasdaq.com/api/screener/etf?download=true,True,,,
FNDA,FNDA,Schwab Fundamental U.S. Small Company ETF,,,,,,,,,,nasdaq,https://api.nasdaq.com/api/screener/etf?download=true,True,,,
FNDB,FNDB,Schwab Fundamental U.S. Broad Market ETF,,,,,,,,,,nasdaq,https://api.nasdaq.com/api/screener/etf?download=true,True,,,
FNDC,FNDC,Schwab Fundamental International Small Equity ETF,,,,,,,,,,nasdaq,https://api.nasdaq.com/api/screener/etf?download=true,True,,,
FNDE,FNDE,Schwab Fundamental Emerging Markets Equity ETF,,,,,,,,,,nasdaq,https://api.nasdaq.com/api/screener/etf?download=true,True,,,
FNDF,FNDF,Schwab Fundamental International Equity ETF,,,,,,,,,,nasdaq,https://api.nasdaq.com/api/screener/etf?download=true,True,,,
FNDX,FNDX,Schwab Fundamental U.S. Large Company ETF,,,,,,,,,,nasdaq,https://api.nasdaq.com/api/screener/etf?download=true,True,,,
FNGD,FNGD,MicroSectors FANG plus Index -3X Inverse Leveraged ETNs,0000927971,,,NYSE,,,,,,nasdaq,https://api.nasdaq.com/api/screener/etf?download=true,True,,,
FNGG,FNGG,Direxion Daily NYSE FANG+ Bull 2X ETF,,,,,,,,,,nasdaq,https://api.nasdaq.com/api/screener/etf?download=true,True,,,
FNGO,FNGO,MicroSectors FANG plus Index 2X Leveraged ETN,0000927971,,,NYSE,,,,,,nasdaq,https://api.nasdaq.com/api/screener/etf?download=true,True,,,
FNGS,FNGS,MicroSectors FANG  ETNs due January 8 2038,0000927971,,,NYSE,,,,,,nasdaq,https://api.nasdaq.com/api/screener/etf?download=true,True,,,
FNGU,FNGU,Bank Of Montreal MicroSectors FANG+ 3X Leveraged ETNs,0000927971,,,NYSE,,,,,,nasdaq,https://api.nasdaq.com/api/screener/etf?download=true,True,,,
FNK,FNK,First Trust Mid Cap Value AlphaDEX Fund,,,,,,,,,,nasdaq,https://api.nasdaq.com/api/screener/etf?download=true,True,,,
FNOV,FNOV,FT Vest U.S. Equity Buffer ETF - November,,,,,,,,,,nasdaq,https://api.nasdaq.com/api/screener/etf?download=true,True,,,
FNX,FNX,First Trust Mid Cap Core AlphaDEX Fund,,,,,,,,,,nasdaq,https://api.nasdaq.com/api/screener/etf?download=true,True,,,
FNY,FNY,First Trust Mid Cap Growth AlphaDEX Fund,,,,,,,,,,nasdaq,https://api.nasdaq.com/api/screener/etf?download=true,True,,,
FOCT,FOCT,FT Vest U.S. Equity Buffer ETF - October,,,,,,,,,,nasdaq,https://api.nasdaq.com/api/screener/etf?download=true,True,,,
FOPC,FOPC,The Advisors' Inner Circle Fund II Frontier Asset Opportunisti,,,,,,,,,,nasdaq,https://api.nasdaq.com/api/screener/etf?download=true,True,,,
FORH,FORH,Formidable ETF,,,,,,,,,,nasdaq,https://api.nasdaq.com/api/screener/etf?download=true,True,,,
FOWF,FOWF,Pacer Funds Trust Pacer Solactive Whitney Future of Warfare ET,,,,,,,,,,nasdaq,https://api.nasdaq.com/api/screener/etf?download=true,True,,,
FOXY,FOXY,Simplify Exchange Traded Funds Simplify Currency Strategy ETF,,,,,,,,,,nasdaq,https://api.nasdaq.com/api/screener/etf?download=true,True,,,
FPA,FPA,First Trust Asia Pacific Ex-Japan AlphaDEX Fund,,,,,,,,,,nasdaq,https://api.nasdaq.com/api/screener/etf?download=true,True,,,
FPAG,FPAG,Investment Managers Series Trust III FPA Global Equity ETF,,,,,,,,,,nasdaq,https://api.nasdaq.com/api/screener/etf?download=true,True,,,
FPAS,FPAS,Investment Managers Series Trust III FPA Short Duration Govern,,,,,,,,,,nasdaq,https://api.nasdaq.com/api/screener/etf?download=true,True,,,
FPE,FPE,First Trust Preferred Securities and Income ETF ETF,,,,,,,,,,nasdaq,https://api.nasdaq.com/api/screener/etf?download=true,True,,,
FPEI,FPEI,First Trust Institutional Preferred Securities and Income ETF,,,,,,,,,,nasdaq,https://api.nasdaq.com/api/screener/etf?download=true,True,,,
FPFD,FPFD,Fidelity Preferred Securities & Income ETF,,,,,,,,,,nasdaq,https://api.nasdaq.com/api/screener/etf?download=true,True,,,
FPRO,FPRO,Fidelity Real Estate Investment ETF,,,,,,,,,,nasdaq,https://api.nasdaq.com/api/screener/etf?download=true,True,,,
FPWR,FPWR,First Trust EIP Power Solutions ETF,,,,,,,,,,nasdaq,https://api.nasdaq.com/api/screener/etf?download=true,True,,,
FPX,FPX,First Trust US Equity Opportunities ETF,,,,,,,,,,nasdaq,https://api.nasdaq.com/api/screener/etf?download=true,True,,,
FPXE,FPXE,First Trust IPOX Europe Equity Opportunities ETF,,,,,,,,,,nasdaq,https://api.nasdaq.com/api/screener/etf?download=true,True,,,
FPXI,FPXI,First Trust International Equity Opportunities ETF,,,,,,,,,,nasdaq,https://api.nasdaq.com/api/screener/etf?download=true,True,,,
FQAL,FQAL,Fidelity Quality Factor ETF,,,,,,,,,,nasdaq,https://api.nasdaq.com/api/screener/etf?download=true,True,,,
FRDM,FRDM,Freedom 100 Emerging Markets ETF,,,,,,,,,,nasdaq,https://api.nasdaq.com/api/screener/etf?download=true,True,,,
FREL,FREL,Fidelity MSCI Real Estate Index ETF,,,,,,,,,,nasdaq,https://api.nasdaq.com/api/screener/etf?download=true,True,,,
FRI,FRI,First Trust S&P REIT Index Fund,,,,,,,,,,nasdaq,https://api.nasdaq.com/api/screener/etf?download=true,True,,,
FRIZ,FRIZ,Franklin Templeton ETF Trust Franklin Dividend Growth ETF,,,,,,,,,,nasdaq,https://api.nasdaq.com/api/screener/etf?download=true,True,,,
FRNW,FRNW,Fidelity Clean Energy ETF,,,,,,,,,,nasdaq,https://api.nasdaq.com/api/screener/etf?download=true,True,,,
FRTY,FRTY,Alger Mid Cap 40 ETF,,,,,,,,,,nasdaq,https://api.nasdaq.com/api/screener/etf?download=true,True,,,
FRWD,FRWD,Nomura Transformational Technologies ETF,,,,,,,,,,nasdaq,https://api.nasdaq.com/api/screener/etf?download=true,True,,,
FSCC,FSCC,Federated Hermes ETF Trust Federated Hermes MDT Small Cap Core,,,,,,,,,,nasdaq,https://api.nasdaq.com/api/screener/etf?download=true,True,,,
FSCS,FSCS,First Trust SMID Capital Strength ETF,,,,,,,,,,nasdaq,https://api.nasdaq.com/api/screener/etf?download=true,True,,,
FSEC,FSEC,Fidelity Investment Grade Securitized ETF,,,,,,,,,,nasdaq,https://api.nasdaq.com/api/screener/etf?download=true,True,,,
FSEP,FSEP,FT Vest U.S. Equity Buffer ETF - September,,,,,,,,,,nasdaq,https://api.nasdaq.com/api/screener/etf?download=true,True,,,
FSGS,FSGS,First Trust SMID Growth Strength ETF,,,,,,,,,,nasdaq,https://api.nasdaq.com/api/screener/etf?download=true,True,,,
FSIG,FSIG,First Trust Limited Duration Investment Grade Corporate ETF,,,,,,,,,,nasdaq,https://api.nasdaq.com/api/screener/etf?download=true,True,,,
FSMB,FSMB,First Trust Short Duration Managed Municipal ETF,,,,,,,,,,nasdaq,https://api.nasdaq.com/api/screener/etf?download=true,True,,,
FSMD,FSMD,Fidelity Small-Mid Multifactor ETF,,,,,,,,,,nasdaq,https://api.nasdaq.com/api/screener/etf?download=true,True,,,
FSTA,FSTA,Fidelity MSCI Consumer Staples Index ETF,,,,,,,,,,nasdaq,https://api.nasdaq.com/api/screener/etf?download=true,True,,,
FSYD,FSYD,Fidelity Covington Trust Fidelity Sustainable High Yield ETF,,,,,,,,,,nasdaq,https://api.nasdaq.com/api/screener/etf?download=true,True,,,
FSZ,FSZ,First Trust Switzerland AlphaDEX Fund,,,,,,,,,,nasdaq,https://api.nasdaq.com/api/screener/etf?download=true,True,,,
FTA,FTA,First Trust Large Cap Value AlphaDEX Fund,,,,,,,,,,nasdaq,https://api.nasdaq.com/api/screener/etf?download=true,True,,,
FTAG,FTAG,First Trust Indxx Global Agriculture ETF,,,,,,,,,,nasdaq,https://api.nasdaq.com/api/screener/etf?download=true,True,,,
FTBD,FTBD,Fidelity Merrimack Street Trust Fidelity Tactical Bond ETF,,,,,,,,,,nasdaq,https://api.nasdaq.com/api/screener/etf?download=true,True,,,
FTBI,FTBI,First Trust Exchange-Traded Fund VI First Trust Balanced Incom,,,,,,,,,,nasdaq,https://api.nasdaq.com/api/screener/etf?download=true,True,,,
FTC,FTC,First Trust Large Cap Growth AlphaDEX Fund,,,,,,,,,,nasdaq,https://api.nasdaq.com/api/screener/etf?download=true,True,,,
FTCB,FTCB,First Trust Exchange-Traded Fund IV First Trust Core Investmen,,,,,,,,,,nasdaq,https://api.nasdaq.com/api/screener/etf?download=true,True,,,
FTCE,FTCE,First Trust Exchange-Traded Fund VI First Trust New Constructs,,,,,,,,,,nasdaq,https://api.nasdaq.com/api/screener/etf?download=true,True,,,
FTCS,FTCS,First Trust Capital Strength ETF,,,,,,,,,,nasdaq,https://api.nasdaq.com/api/screener/etf?download=true,True,,,
FTDS,FTDS,First Trust Dividend Strength ETF,,,,,,,,,,nasdaq,https://api.nasdaq.com/api/screener/etf?download=true,True,,,
FTEC,FTEC,Fidelity MSCI Information Technology Index ETF,,,,,,,,,,nasdaq,https://api.nasdaq.com/api/screener/etf?download=true,True,,,
FTGC,FTGC,First Trust Global Tactical Commodity Strategy Fund,,,,,,,,,,nasdaq,https://api.nasdaq.com/api/screener/etf?download=true,True,,,
FTGS,FTGS,First Trust Growth Strength ETF,,,,,,,,,,nasdaq,https://api.nasdaq.com/api/screener/etf?download=true,True,,,
FTHF,FTHF,First Trust Exchange-Traded Fund II First Trust Emerging Marke,,,,,,,,,,nasdaq,https://api.nasdaq.com/api/screener/etf?download=true,True,,,
FTHI,FTHI,First Trust BuyWrite Income ETF,,,,,,,,,,nasdaq,https://api.nasdaq.com/api/screener/etf?download=true,True,,,
FTIF,FTIF,First Trust Exchange-Traded Fund First Trust Bloomberg Inflati,,,,,,,,,,nasdaq,https://api.nasdaq.com/api/screener/etf?download=true,True,,,
FTKI,FTKI,First Trust Exchange-Traded Fund VI First Trust Small Cap BuyW,,,,,,,,,,nasdaq,https://api.nasdaq.com/api/screener/etf?download=true,True,,,
FTLS,FTLS,First Trust Long/Short Equity,,,,,,,,,,nasdaq,https://api.nasdaq.com/api/screener/etf?download=true,True,,,
FTQI,FTQI,First Trust Nasdaq BuyWrite Income ETF,,,,,,,,,,nasdaq,https://api.nasdaq.com/api/screener/etf?download=true,True,,,
FTRB,FTRB,Federated Hermes ETF Trust Federated Hermes Total Return Bond ,,,,,,,,,,nasdaq,https://api.nasdaq.com/api/screener/etf?download=true,True,,,
FTRI,FTRI,First Trust Indxx Global Natural Resources Income ETF,,,,,,,,,,nasdaq,https://api.nasdaq.com/api/screener/etf?download=true,True,,,
FTSD,FTSD,Franklin Short Duration U.S. Government ETF,,,,,,,,,,nasdaq,https://api.nasdaq.com/api/screener/etf?download=true,True,,,
FTSL,FTSL,First Trust Senior Loan Fund,,,,,,,,,,nasdaq,https://api.nasdaq.com/api/screener/etf?download=true,True,,,
FTSM,FTSM,First Trust Enhanced Short Maturity ETF,,,,,,,,,,nasdaq,https://api.nasdaq.com/api/screener/etf?download=true,True,,,
FTWO,FTWO,Strive Natural Resources and Security ETF,,,,,,,,,,nasdaq,https://api.nasdaq.com/api/screener/etf?download=true,True,,,
FTXG,FTXG,First Trust Nasdaq Food & Beverage ETF,,,,,,,,,,nasdaq,https://api.nasdaq.com/api/screener/etf?download=true,True,,,
FTXH,FTXH,First Trust Nasdaq Pharmaceuticals ETF,,,,,,,,,,nasdaq,https://api.nasdaq.com/api/screener/etf?download=true,True,,,
FTXL,FTXL,First Trust Nasdaq Semiconductor ETF,,,,,,,,,,nasdaq,https://api.nasdaq.com/api/screener/etf?download=true,True,,,
FTXN,FTXN,First Trust Nasdaq Oil & Gas ETF,,,,,,,,,,nasdaq,https://api.nasdaq.com/api/screener/etf?download=true,True,,,
FTXO,FTXO,First Trust Nasdaq Bank ETF,,,,,,,,,,nasdaq,https://api.nasdaq.com/api/screener/etf?download=true,True,,,
FTXR,FTXR,First Trust Nasdaq Transportation ETF,,,,,,,,,,nasdaq,https://api.nasdaq.com/api/screener/etf?download=true,True,,,
FUMB,FUMB,First Trust Ultra Short Duration Municipal ETF,,,,,,,,,,nasdaq,https://api.nasdaq.com/api/screener/etf?download=true,True,,,
FUSI,FUSI,American Century ETF Trust American Century Multisector Floati,,,,,,,,,,nasdaq,https://api.nasdaq.com/api/screener/etf?download=true,True,,,
FUTG,FUTG,Leverage Shares 2x Long FUTU Daily ETF,,,,,,,,,,nasdaq,https://api.nasdaq.com/api/screener/etf?download=true,True,,,
FUTY,FUTY,Fidelity MSCI Utilities Index ETF,,,,,,,,,,nasdaq,https://api.nasdaq.com/api/screener/etf?download=true,True,,,
FV,FV,First Trust Dorsey Wright Focus 5 ETF,,,,,,,,,,nasdaq,https://api.nasdaq.com/api/screener/etf?download=true,True,,,
FVAL,FVAL,Fidelity Value Factor ETF,,,,,,,,,,nasdaq,https://api.nasdaq.com/api/screener/etf?download=true,True,,,
FVC,FVC,First Trust Dorsey Wright Dynamic Focus 5 ETF,,,,,,,,,,nasdaq,https://api.nasdaq.com/api/screener/etf?download=true,True,,,
FVD,FVD,First Trust VL Dividend,,,,,,,,,,nasdaq,https://api.nasdaq.com/api/screener/etf?download=true,True,,,
FWD,FWD,AB Active ETFs Inc. AB Disruptors ETF,,,,,,,,,,nasdaq,https://api.nasdaq.com/api/screener/etf?download=true,True,,,
FXA,FXA,Invesco CurrencyShares Australian Dollar Trust,0001353614,,,NYSE,,,,,,nasdaq,https://api.nasdaq.com/api/screener/etf?download=true,True,,,
FXB,FXB,Invesco CurrencyShares British Pound Sterling Trust,0001353611,,,NYSE,,,,,,nasdaq,https://api.nasdaq.com/api/screener/etf?download=true,True,,,
FXC,FXC,Invesco CurrencyShares Canadian Dollar Trust,0001353612,,,NYSE,,,,,,nasdaq,https://api.nasdaq.com/api/screener/etf?download=true,True,,,
FXD,FXD,First Trust Cons. Discret. AlphaDEX,,,,,,,,,,nasdaq,https://api.nasdaq.com/api/screener/etf?download=true,True,,,
FXE,FXE,Invesco CurrencyShares Euro Currency Trust,0001328598,,,NYSE,,,,,,nasdaq,https://api.nasdaq.com/api/screener/etf?download=true,True,,,
FXED,FXED,Sound Enhanced Fixed Income ETF,,,,,,,,,,nasdaq,https://api.nasdaq.com/api/screener/etf?download=true,True,,,
FXF,FXF,Invesco CurrencyShares Swiss Franc Trust,0001353615,,,NYSE,,,,,,nasdaq,https://api.nasdaq.com/api/screener/etf?download=true,True,,,
FXG,FXG,First Trust Cons. Staples AlphaDEX,,,,,,,,,,nasdaq,https://api.nasdaq.com/api/screener/etf?download=true,True,,,
FXH,FXH,First Trust Health Care AlphaDEX,,,,,,,,,,nasdaq,https://api.nasdaq.com/api/screener/etf?download=true,True,,,
FXI,FXI,iShares China Large-Cap ETF,,,,,,,,,,nasdaq,https://api.nasdaq.com/api/screener/etf?download=true,True,,,
FXL,FXL,First Trust Technology AlphaDEX,,,,,,,,,,nasdaq,https://api.nasdaq.com/api/screener/etf?download=true,True,,,
FXN,FXN,First Trust Energy AlphaDEX Fund,,,,,,,,,,nasdaq,https://api.nasdaq.com/api/screener/etf?download=true,True,,,
FXO,FXO,First Trust Financials AlphaDEX,,,,,,,,,,nasdaq,https://api.nasdaq.com/api/screener/etf?download=true,True,,,
FXP,FXP,ProShares UltraShort FTSE China 50,,,,,,,,,,nasdaq,https://api.nasdaq.com/api/screener/etf?download=true,True,,,
FXR,FXR,First Trust Industrials AlphaDEX,,,,,,,,,,nasdaq,https://api.nasdaq.com/api/screener/etf?download=true,True,,,
FXU,FXU,First Trust Utilities AlphaDEX Fund,,,,,,,,,,nasdaq,https://api.nasdaq.com/api/screener/etf?download=true,True,,,
FXY,FXY,Invesco CurrencyShares Japanese Yen Trust Common Units of Bene,0001353613,,,NYSE,,,,,,nasdaq,https://api.nasdaq.com/api/screener/etf?download=true,True,,,
FXZ,FXZ,First Trust Materials AlphaDEX Fund,,,,,,,,,,nasdaq,https://api.nasdaq.com/api/screener/etf?download=true,True,,,
FYC,FYC,First Trust Small Cap Growth AlphaDEX Fund,,,,,,,,,,nasdaq,https://api.nasdaq.com/api/screener/etf?download=true,True,,,
FYEE,FYEE,Fidelity Yield Enhanced Equity ETF,,,,,,,,,,nasdaq,https://api.nasdaq.com/api/screener/etf?download=true,True,,,
FYLD,FYLD,Cambria Foreign Shareholder Yield ETF,,,,,,,,,,nasdaq,https://api.nasdaq.com/api/screener/etf?download=true,True,,,
FYT,FYT,First Trust Small Cap Value AlphaDEX Fund,,,,,,,,,,nasdaq,https://api.nasdaq.com/api/screener/etf?download=true,True,,,
FYX,FYX,First Trust Small Cap Core AlphaDEX Fund,,,,,,,,,,nasdaq,https://api.nasdaq.com/api/screener/etf?download=true,True,,,
GAA,GAA,Cambria Global Asset Allocation ETF,,,,,,,,,,nasdaq,https://api.nasdaq.com/api/screener/etf?download=true,True,,,
GABF,GABF,Gabelli ETFs Trust Gabelli Financial Services Opportunities ET,,,,,,,,,,nasdaq,https://api.nasdaq.com/api/screener/etf?download=true,True,,,
GAEM,GAEM,Simplify Exchange Traded Funds Simplify Gamma Emerging Market ,,,,,,,,,,nasdaq,https://api.nasdaq.com/api/screener/etf?download=true,True,,,
GAL,GAL,State Street Global Allocation ETF,,,,,,,,,,nasdaq,https://api.nasdaq.com/api/screener/etf?download=true,True,,,
GAMR,GAMR,Amplify Video Game Leaders ETF,,,,,,,,,,nasdaq,https://api.nasdaq.com/api/screener/etf?download=true,True,,,
GAPR,GAPR,FT Vest U.S. Equity Moderate Buffer ETF - April,,,,,,,,,,nasdaq,https://api.nasdaq.com/api/screener/etf?download=true,True,,,
GARP,GARP,iShares MSCI USA Quality GARP ETF,,,,,,,,,,nasdaq,https://api.nasdaq.com/api/screener/etf?download=true,True,,,
GARY,GARY,Mango Growth ETF,,,,,,,,,,nasdaq,https://api.nasdaq.com/api/screener/etf?download=true,True,,,
GAUG,GAUG,FT Vest U.S. Equity Moderate Buffer ETF - August,,,,,,,,,,nasdaq,https://api.nasdaq.com/api/screener/etf?download=true,True,,,
GAVA,GAVA,Grayscale Avalanche Staking ETF,0002035053,,,Nasdaq,,,,,,nasdaq,https://api.nasdaq.com/api/screener/etf?download=true,True,,,
GBF,GBF,iShares Government/Credit Bond ETF,,,,,,,,,,nasdaq,https://api.nasdaq.com/api/screener/etf?download=true,True,,,
GBHI,GBHI,Gabelli ETFs Trust Gabelli High Income ETF,,,,,,,,,,nasdaq,https://api.nasdaq.com/api/screener/etf?download=true,True,,,
GBIL,GBIL,Goldman Sachs Access Treasury 0-1 Year ETF,,,,,,,,,,nasdaq,https://api.nasdaq.com/api/screener/etf?download=true,True,,,
GBND,GBND,Goldman Sachs ETF Trust Goldman Sachs Core Bond ETF,,,,,,,,,,nasdaq,https://api.nasdaq.com/api/screener/etf?download=true,True,,,
GBTC,GBTC,Grayscale Bitcoin Trust (BTC) Common Units of fractional undiv,0001588489,,,NYSE,,,,,,nasdaq,https://api.nasdaq.com/api/screener/etf?download=true,True,,,
GBUG,GBUG,Sprott Active Gold & Silver Miners ETF,0000312070,,,Nasdaq,,,,,,nasdaq,https://api.nasdaq.com/api/screener/etf?download=true,True,,,
GCAD,GCAD,Gabelli Commercial Aerospace and Defense ETF,,,,,,,,,,nasdaq,https://api.nasdaq.com/api/screener/etf?download=true,True,,,
GCAL,GCAL,Goldman Sachs ETF Trust Goldman Sachs Dynamic California Munic,,,,,,,,,,nasdaq,https://api.nasdaq.com/api/screener/etf?download=true,True,,,
GCC,GCC,WisdomTree EnhancedContinuous Commodity Index Fund,,,,,,,,,,nasdaq,https://api.nasdaq.com/api/screener/etf?download=true,True,,,
GCOR,GCOR,Goldman Sachs ETF Trust Goldman Sachs Access U.S. Aggregate Bo,,,,,,,,,,nasdaq,https://api.nasdaq.com/api/screener/etf?download=true,True,,,
GCOW,GCOW,Pacer Global Cash Cows Dividend ETF,,,,,,,,,,nasdaq,https://api.nasdaq.com/api/screener/etf?download=true,True,,,
GDEC,GDEC,FT Vest U.S. Equity Moderate Buffer ETF - December,,,,,,,,,,nasdaq,https://api.nasdaq.com/api/screener/etf?download=true,True,,,
GDIV,GDIV,Harbor ETF Trust Harbor Dividend Growth Leaders ETF,,,,,,,,,,nasdaq,https://api.nasdaq.com/api/screener/etf?download=true,True,,,
GDLC,GDLC,Grayscale CoinDesk Crypto 5 ETF,0001729997,,,NYSE,,,,,,nasdaq,https://api.nasdaq.com/api/screener/etf?download=true,True,,,
GDMA,GDMA,Gadsden Dynamic Multi-Asset ETF,,,,,,,,,,nasdaq,https://api.nasdaq.com/api/screener/etf?download=true,True,,,
GDOC,GDOC,Goldman Sachs Future Health Care Equity ETF,,,,,,,,,,nasdaq,https://api.nasdaq.com/api/screener/etf?download=true,True,,,
GDX,GDX,VanEck Gold Miners ETF ,,,,,,,,,,nasdaq,https://api.nasdaq.com/api/screener/etf?download=true,True,,,
GDXD,GDXD,MicroSectors Gold Miners -3X Inverse Leveraged ETNs,0000927971,,,NYSE,,,,,,nasdaq,https://api.nasdaq.com/api/screener/etf?download=true,True,,,
GDXJ,GDXJ,VanEck Junior Gold Miners ETF,,,,,,,,,,nasdaq,https://api.nasdaq.com/api/screener/etf?download=true,True,,,
GDXU,GDXU,MicroSectors Gold Miners 3X Leveraged ETN,0000927971,,,NYSE,,,,,,nasdaq,https://api.nasdaq.com/api/screener/etf?download=true,True,,,
GDXY,GDXY,Tidal Trust II YieldMax Gold Miners Option Income Strategy ETF,,,,,,,,,,nasdaq,https://api.nasdaq.com/api/screener/etf?download=true,True,,,
GEM,GEM,Goldman Sachs ActiveBeta Emerging Markets Equity ETF,,,,,,,,,,nasdaq,https://api.nasdaq.com/api/screener/etf?download=true,True,,,
GEMD,GEMD,Goldman Sachs ETF Trust Goldman Sachs Access Emerging Markets ,,,,,,,,,,nasdaq,https://api.nasdaq.com/api/screener/etf?download=true,True,,,
GEME,GEME,Pacific North of South EM Equity Active ETF,,,,,,,,,,nasdaq,https://api.nasdaq.com/api/screener/etf?download=true,True,,,
GEMG,GEMG,Leverage Shares 2X Long GEMI Daily ETF,,,,,,,,,,nasdaq,https://api.nasdaq.com/api/screener/etf?download=true,True,,,
GEND,GEND,Spinnaker ETF Series Genter Capital Dividend Income ETF,,,,,,,,,,nasdaq,https://api.nasdaq.com/api/screener/etf?download=true,True,,,
GENM,GENM,Spinnaker ETF Series Genter Capital Municipal Quality Intermed,,,,,,,,,,nasdaq,https://api.nasdaq.com/api/screener/etf?download=true,True,,,
GENT,GENT,Spinnaker ETF Series Genter Capital Taxable Quality Intermedia,,,,,,,,,,nasdaq,https://api.nasdaq.com/api/screener/etf?download=true,True,,,
GENW,GENW,Spinnaker ETF Series Genter Capital International Dividend ETF,,,,,,,,,,nasdaq,https://api.nasdaq.com/api/screener/etf?download=true,True,,,
GENZ,GENZ,VanEck Digital Native Economy ETF,,,,,,,,,,nasdaq,https://api.nasdaq.com/api/screener/etf?download=true,True,,,
GEVG,GEVG,Leverage Shares 2X Long GEV Daily ETF,,,,,,,,,,nasdaq,https://api.nasdaq.com/api/screener/etf?download=true,True,,,
GEVX,GEVX,Tradr 2X Long GEV Daily ETF,,,,,,,,,,nasdaq,https://api.nasdaq.com/api/screener/etf?download=true,True,,,
GEW,GEW,Cambria Global EW ETF,,,,,,,,,,nasdaq,https://api.nasdaq.com/api/screener/etf?download=true,True,,,
GFEB,GFEB,FT Vest U.S. Equity Moderate Buffer ETF - February,,,,,,,,,,nasdaq,https://api.nasdaq.com/api/screener/etf?download=true,True,,,
GFGF,GFGF,Guru Favorite Stocks ETF,,,,,,,,,,nasdaq,https://api.nasdaq.com/api/screener/etf?download=true,True,,,
GFLW,GFLW,VictoryShares Free Cash Flow Growth ETF,,,,,,,,,,nasdaq,https://api.nasdaq.com/api/screener/etf?download=true,True,,,
GGLL,GGLL,Direxion Daily GOOGL Bull 2X ETF,,,,,,,,,,nasdaq,https://api.nasdaq.com/api/screener/etf?download=true,True,,,
GGLS,GGLS,Direxion Daily GOOGL Bear 1X ETF,,,,,,,,,,nasdaq,https://api.nasdaq.com/api/screener/etf?download=true,True,,,
GGM,GGM,Northern Lights Fund Trust II GGM Macro Alignment ETF,,,,,,,,,,nasdaq,https://api.nasdaq.com/api/screener/etf?download=true,True,,,
GGME,GGME,Invesco Next Gen Media and Gaming ETF,,,,,,,,,,nasdaq,https://api.nasdaq.com/api/screener/etf?download=true,True,,,
GGOV,GGOV,BlackRock ETF Trust II iShares Global Government Bond USD Hedg,,,,,,,,,,nasdaq,https://api.nasdaq.com/api/screener/etf?download=true,True,,,
GGRW,GGRW,Gabelli Growth Innovators ETF,,,,,,,,,,nasdaq,https://api.nasdaq.com/api/screener/etf?download=true,True,,,
GGTL,GGTL,Gabelli Global Technology Leaders ETF,,,,,,,,,,nasdaq,https://api.nasdaq.com/api/screener/etf?download=true,True,,,
GGUS,GGUS,Goldman Sachs ETF Trust Goldman Sachs MarketBeta Russell 1000 ,,,,,,,,,,nasdaq,https://api.nasdaq.com/api/screener/etf?download=true,True,,,
GHTA,GHTA,Goose Hollow Tactical Allocation ETF,,,,,,,,,,nasdaq,https://api.nasdaq.com/api/screener/etf?download=true,True,,,
GHYB,GHYB,Goldman Sachs Access High Yield Corporate Bond ETF,,,,,,,,,,nasdaq,https://api.nasdaq.com/api/screener/etf?download=true,True,,,
GHYG,GHYG,iShares US & Intl High Yield Corp Bond ETF,,,,,,,,,,nasdaq,https://api.nasdaq.com/api/screener/etf?download=true,True,,,
MCOW,MCOW,Pacer Funds Trust Pacer S&P MidCap 400 Quality FCF Aristocrats,,,,,,,,,,nasdaq,https://api.nasdaq.com/api/screener/etf?download=true,True,,,
MDEV,MDEV,First Trust Indxx Medical Devices ETF,,,,,,,,,,nasdaq,https://api.nasdaq.com/api/screener/etf?download=true,True,,,
MDIV,MDIV,Multi-Asset Diversified Income Index Fund,,,,,,,,,,nasdaq,https://api.nasdaq.com/api/screener/etf?download=true,True,,,
MDLV,MDLV,EA Series Trust Morgan Dempsey Large Cap Value ETF,,,,,,,,,,nasdaq,https://api.nasdaq.com/api/screener/etf?download=true,True,,,
MDPL,MDPL,Northern Lights Fund Trust IV Monarch Dividend Plus Index ETF,,,,,,,,,,nasdaq,https://api.nasdaq.com/api/screener/etf?download=true,True,,,
MDST,MDST,Ultimus Managers Trust Westwood Salient Enhanced Midstream Inc,,,,,,,,,,nasdaq,https://api.nasdaq.com/api/screener/etf?download=true,True,,,
MDY,MDY,State Street SPDR S&P MIDCAP 400 ETF Trust,0000936958,,,NYSE,,,,,,nasdaq,https://api.nasdaq.com/api/screener/etf?download=true,True,,,
MDYG,MDYG,State Street SPDR S&P 400 Mid Cap Growth ETF,,,,,,,,,,nasdaq,https://api.nasdaq.com/api/screener/etf?download=true,True,,,
MDYV,MDYV,State Street SPDR S&P 400 Mid Cap Value ETF,,,,,,,,,,nasdaq,https://api.nasdaq.com/api/screener/etf?download=true,True,,,
MEAR,MEAR,iShares Short Maturity Municipal Bond Active ETF,,,,,,,,,,nasdaq,https://api.nasdaq.com/api/screener/etf?download=true,True,,,
MEDI,MEDI,Harbor ETF Trust Harbor Health Care ETF,,,,,,,,,,nasdaq,https://api.nasdaq.com/api/screener/etf?download=true,True,,,
MEDX,MEDX,Horizon Kinetics Medical ETF,,,,,,,,,,nasdaq,https://api.nasdaq.com/api/screener/etf?download=true,True,,,
MEM,MEM,Matthews International Funds Matthews Emerging Markets Equity ,,,,,,,,,,nasdaq,https://api.nasdaq.com/api/screener/etf?download=true,True,,,
MEMA,MEMA,Man Active Emerging Markets Alternative ETF,,,,,,,,,,nasdaq,https://api.nasdaq.com/api/screener/etf?download=true,True,,,
MEME,MEME,Roundhill ETF Trust Roundhill Meme Stock ETF,,,,,,,,,,nasdaq,https://api.nasdaq.com/api/screener/etf?download=true,True,,,
MEMS,MEMS,Matthews Emerging Markets Discovery Active ETF,,,,,,,,,,nasdaq,https://api.nasdaq.com/api/screener/etf?download=true,True,,,
MEMX,MEMX,Matthews International Funds Matthews Emerging Markets ex Chin,,,,,,,,,,nasdaq,https://api.nasdaq.com/api/screener/etf?download=true,True,,,
METD,METD,Direxion Daily META Bear 1X ETF,,,,,,,,,,nasdaq,https://api.nasdaq.com/api/screener/etf?download=true,True,,,
METL,METL,Sprott Active Metals & Miners ETF,,,,,,,,,,nasdaq,https://api.nasdaq.com/api/screener/etf?download=true,True,,,
METU,METU,Direxion Daily META Bull 2X ETF,,,,,,,,,,nasdaq,https://api.nasdaq.com/api/screener/etf?download=true,True,,,
METV,METV,Roundhill Ball Metaverse ETF,,,,,,,,,,nasdaq,https://api.nasdaq.com/api/screener/etf?download=true,True,,,
METW,METW,Roundhill ETF Trust Roundhill META WeeklyPay ETF,,,,,,,,,,nasdaq,https://api.nasdaq.com/api/screener/etf?download=true,True,,,
MEXX,MEXX,Direxion Daily MSCI Mexico Bull 3X ETF,,,,,,,,,,nasdaq,https://api.nasdaq.com/api/screener/etf?download=true,True,,,
MFDX,MFDX,PIMCO Equitiy Series PIMCO RAFI Dynamic Multi-Factor Internati,,,,,,,,,,nasdaq,https://api.nasdaq.com/api/screener/etf?download=true,True,,,
MFEM,MFEM,PIMCO Equitiy Series PIMCO RAFI Dynamic Multi-Factor Emerging ,,,,,,,,,,nasdaq,https://api.nasdaq.com/api/screener/etf?download=true,True,,,
MFIG,MFIG,Motley Fool Innovative Growth ETF,,,,,,,,,,nasdaq,https://api.nasdaq.com/api/screener/etf?download=true,True,,,
MFLX,MFLX,First Trust Flexible Municipal High Income ETF,,,,,,,,,,nasdaq,https://api.nasdaq.com/api/screener/etf?download=true,True,,,
MFMO,MFMO,Motley Fool Momentum Factor ETF,,,,,,,,,,nasdaq,https://api.nasdaq.com/api/screener/etf?download=true,True,,,
MFSB,MFSB,MFS Active Exchange Traded Funds Trust MFS Active Core Plus Bo,,,,,,,,,,nasdaq,https://api.nasdaq.com/api/screener/etf?download=true,True,,,
MFSG,MFSG,MFS Active Exchange Traded Funds Trust MFS Active Growth ETF,,,,,,,,,,nasdaq,https://api.nasdaq.com/api/screener/etf?download=true,True,,,
MFSI,MFSI,MFS Active Exchange Traded Funds Trust MFS Active Internationa,,,,,,,,,,nasdaq,https://api.nasdaq.com/api/screener/etf?download=true,True,,,
MFSM,MFSM,MFS Active Exchange Traded Funds Trust MFS Active Intermediate,,,,,,,,,,nasdaq,https://api.nasdaq.com/api/screener/etf?download=true,True,,,
MFSV,MFSV,MFS Active Exchange Traded Funds Trust MFS Active Value ETF,,,,,,,,,,nasdaq,https://api.nasdaq.com/api/screener/etf?download=true,True,,,
MFUL,MFUL,Mindful Conservative ETF,,,,,,,,,,nasdaq,https://api.nasdaq.com/api/screener/etf?download=true,True,,,
MFUS,MFUS,PIMCO Equitiy Series PIMCO RAFI Dynamic Multi-Factor U.S. Equi,,,,,,,,,,nasdaq,https://api.nasdaq.com/api/screener/etf?download=true,True,,,
MFUT,MFUT,Tidal Trust II Cambria Chesapeake Pure Trend ETF,,,,,,,,,,nasdaq,https://api.nasdaq.com/api/screener/etf?download=true,True,,,
MFVL,MFVL,Motley Fool Value Factor ETF,,,,,,,,,,nasdaq,https://api.nasdaq.com/api/screener/etf?download=true,True,,,
MGC,MGC,Vanguard Mega Cap ETF,,,,,,,,,,nasdaq,https://api.nasdaq.com/api/screener/etf?download=true,True,,,
MGK,MGK,Vanguard Mega Cap Growth ETF,,,,,,,,,,nasdaq,https://api.nasdaq.com/api/screener/etf?download=true,True,,,
MGMT,MGMT,Ballast Small/Mid Cap ETF,,,,,,,,,,nasdaq,https://api.nasdaq.com/api/screener/etf?download=true,True,,,
MGNR,MGNR,American Beacon Select Funds American Beacon GLG Natural Resou,,,,,,,,,,nasdaq,https://api.nasdaq.com/api/screener/etf?download=true,True,,,
MGOV,MGOV,First Trust Exchange-Traded Fund IV First Trust Intermediate G,,,,,,,,,,nasdaq,https://api.nasdaq.com/api/screener/etf?download=true,True,,,
MGV,MGV,Vanguard Mega Cap Value ETF,,,,,,,,,,nasdaq,https://api.nasdaq.com/api/screener/etf?download=true,True,,,
MHY,MHY,Man ETF Series Trust Man Active High Yield ETF,,,,,,,,,,nasdaq,https://api.nasdaq.com/api/screener/etf?download=true,True,,,
MID,MID,American Century Mid Cap Growth Impact ETF,,,,,,,,,,nasdaq,https://api.nasdaq.com/api/screener/etf?download=true,True,,,
MIDE,MIDE,Xtrackers S&P MidCap 400 Scored & Screened ETF,,,,,,,,,,nasdaq,https://api.nasdaq.com/api/screener/etf?download=true,True,,,
MIDU,MIDU,Direxion Daily Mid Cap Bull 3X ETF,,,,,,,,,,nasdaq,https://api.nasdaq.com/api/screener/etf?download=true,True,,,
MIG,MIG,VanEck Moody's Analytics IG Corporate Bond ETF,,,,,,,,,,nasdaq,https://api.nasdaq.com/api/screener/etf?download=true,True,,,
MILK,MILK,Pacer Funds Trust Pacer US Cash Cows Bond ETF,,,,,,,,,,nasdaq,https://api.nasdaq.com/api/screener/etf?download=true,True,,,
MILN,MILN,Global X Millennial Consumer ETF,,,,,,,,,,nasdaq,https://api.nasdaq.com/api/screener/etf?download=true,True,,,
MINO,MINO,PIMCO Municipal Income Opportunities Active Exchange-Traded Fu,,,,,,,,,,nasdaq,https://api.nasdaq.com/api/screener/etf?download=true,True,,,
MINT,MINT,PIMCO Enhanced Short Maturity Active Exchange-Traded Fund,,,,,,,,,,nasdaq,https://api.nasdaq.com/api/screener/etf?download=true,True,,,
MINV,MINV,Matthews International Funds Matthews Asia Innovators Active E,,,,,,,,,,nasdaq,https://api.nasdaq.com/api/screener/etf?download=true,True,,,
MISL,MISL,First Trust Exchange-Traded Fund First Trust Indxx Aerospace &,,,,,,,,,,nasdaq,https://api.nasdaq.com/api/screener/etf?download=true,True,,,
MJ,MJ,Amplify ETF Trust Amplify Alternative Harvest ETF,,,,,,,,,,nasdaq,https://api.nasdaq.com/api/screener/etf?download=true,True,,,
MJSC,MJSC,The RBB Fund Trust MUFG Japan Small Cap Active ETF,,,,,,,,,,nasdaq,https://api.nasdaq.com/api/screener/etf?download=true,True,,,
MKAM,MKAM,MKAM ETF,,,,,,,,,,nasdaq,https://api.nasdaq.com/api/screener/etf?download=true,True,,,
MKOR,MKOR,Matthews International Funds Matthews Korea Active ETF,,,,,,,,,,nasdaq,https://api.nasdaq.com/api/screener/etf?download=true,True,,,
MKTN,MKTN,Federated Hermes ETF Trust Federated Hermes MDT Market Neutral,,,,,,,,,,nasdaq,https://api.nasdaq.com/api/screener/etf?download=true,True,,,
MLDR,MLDR,Global X Funds Global X Intermediate-Term Treasury Ladder ETF,,,,,,,,,,nasdaq,https://api.nasdaq.com/api/screener/etf?download=true,True,,,
MLN,MLN,VanEck ETF Trust VanEck Long Muni ETF,,,,,,,,,,nasdaq,https://api.nasdaq.com/api/screener/etf?download=true,True,,,
MLPA,MLPA,Global X MLP ETF,,,,,,,,,,nasdaq,https://api.nasdaq.com/api/screener/etf?download=true,True,,,
MLPB,MLPB,ETRACS Alerian MLP Infrastructure Index ETN Series B,0001114446,,,NYSE,,,,,,nasdaq,https://api.nasdaq.com/api/screener/etf?download=true,True,,,
MLPD,MLPD,Global X Funds Global X MLP & Energy Infrastructure Covered Ca,,,,,,,,,,nasdaq,https://api.nasdaq.com/api/screener/etf?download=true,True,,,
MLPI,MLPI,NEOS ETF Trust NEOS MLP & Energy Infrastructure High Income ET,,,,,,,,,,nasdaq,https://api.nasdaq.com/api/screener/etf?download=true,True,,,
MLPR,MLPR,ETRACS Quarterly Pay 1.5X Leveraged Alerian MLP Index ETN,0001114446,,,NYSE,,,,,,nasdaq,https://api.nasdaq.com/api/screener/etf?download=true,True,,,
MLPX,MLPX,Global X MLP & Energy Infrastructure ETF,,,,,,,,,,nasdaq,https://api.nasdaq.com/api/screener/etf?download=true,True,,,
MMAX,MMAX,iShares Trust iShares Large Cap Max Buffer Mar ETF,,,,,,,,,,nasdaq,https://api.nasdaq.com/api/screener/etf?download=true,True,,,
MMCA,MMCA,NYLI MacKay California Muni Intermediate ETF,,,,,,,,,,nasdaq,https://api.nasdaq.com/api/screener/etf?download=true,True,,,
MMID,MMID,MFS Active Exchange Traded Funds Trust MFS Active Mid Cap ETF,,,,,,,,,,nasdaq,https://api.nasdaq.com/api/screener/etf?download=true,True,,,
MMIN,MMIN,NYLI MacKay Muni Insured ETF,,,,,,,,,,nasdaq,https://api.nasdaq.com/api/screener/etf?download=true,True,,,
MMIT,MMIT,NYLI MacKay Muni Intermediate ETF,,,,,,,,,,nasdaq,https://api.nasdaq.com/api/screener/etf?download=true,True,,,
MMKT,MMKT,Texas Capital Funds Trust Texas Capital Government Money Marke,,,,,,,,,,nasdaq,https://api.nasdaq.com/api/screener/etf?download=true,True,,,
MMLG,MMLG,First Trust Multi-Manager Large Growth ETF,,,,,,,,,,nasdaq,https://api.nasdaq.com/api/screener/etf?download=true,True,,,
MMSC,MMSC,First Trust Multi-Manager Small Cap Opportunities ETF,,,,,,,,,,nasdaq,https://api.nasdaq.com/api/screener/etf?download=true,True,,,
MMSD,MMSD,New York Life Investments Active ETF Trust NYLI MacKay Muni Sh,,,,,,,,,,nasdaq,https://api.nasdaq.com/api/screener/etf?download=true,True,,,
MMTM,MMTM,State Street SPDR S&P 1500 Momentum Tilt ETF,,,,,,,,,,nasdaq,https://api.nasdaq.com/api/screener/etf?download=true,True,,,
MNA,MNA,NYLI Merger Arbitrage ETF,,,,,,,,,,nasdaq,https://api.nasdaq.com/api/screener/etf?download=true,True,,,
MNBD,MNBD,ALPS BBH Intermediate Municipal Bond ETF,,,,,,,,,,nasdaq,https://api.nasdaq.com/api/screener/etf?download=true,True,,,
MNRS,MNRS,Grayscale Funds Trust Grayscale Bitcoin Miners ETF,,,,,,,,,,nasdaq,https://api.nasdaq.com/api/screener/etf?download=true,True,,,
MNVT,MNVT,Moonvest ETF,,,,,,,,,,nasdaq,https://api.nasdaq.com/api/screener/etf?download=true,True,,,
MNZL,MNZL,Manzil Russell Halal USA Broad Market ETF,,,,,,,,,,nasdaq,https://api.nasdaq.com/api/screener/etf?download=true,True,,,
MOAT,MOAT,VanEck Morningstar Wide Moat ETF,,,,,,,,,,nasdaq,https://api.nasdaq.com/api/screener/etf?download=true,True,,,
MODL,MODL,VictoryShares WestEnd U.S. Sector ETF,,,,,,,,,,nasdaq,https://api.nasdaq.com/api/screener/etf?download=true,True,,,
MOO,MOO,VanEck Agribusiness ETF ,,,,,,,,,,nasdaq,https://api.nasdaq.com/api/screener/etf?download=true,True,,,
MOOD,MOOD,Relative Sentiment Tactical Allocation ETF,,,,,,,,,,nasdaq,https://api.nasdaq.com/api/screener/etf?download=true,True,,,
MORT,MORT,VanEck Mortgage REIT Income ETF,,,,,,,,,,nasdaq,https://api.nasdaq.com/api/screener/etf?download=true,True,,,
MOTG,MOTG,VanEck Morningstar Global Wide Moat ETF,,,,,,,,,,nasdaq,https://api.nasdaq.com/api/screener/etf?download=true,True,,,
MOTI,MOTI,VanEck Morningstar International Moat ETF,,,,,,,,,,nasdaq,https://api.nasdaq.com/api/screener/etf?download=true,True,,,
MOTO,MOTO,Guinness Atkinson Smart Transportation & Technology ETF,,,,,,,,,,nasdaq,https://api.nasdaq.com/api/screener/etf?download=true,True,,,
MPG,MPG,Leverage Shares 2X Long MP Daily ETF,,,,,,,,,,nasdaq,https://api.nasdaq.com/api/screener/etf?download=true,True,,,
MPLY,MPLY,Strategy Shares Monopoly ETF,,,,,,,,,,nasdaq,https://api.nasdaq.com/api/screener/etf?download=true,True,,,
MPRO,MPRO,Monarch ProCap Index ETF,,,,,,,,,,nasdaq,https://api.nasdaq.com/api/screener/etf?download=true,True,,,
MQQQ,MQQQ,Tradr 2X Long Innovation 100 Monthly ETF,,,,,,,,,,nasdaq,https://api.nasdaq.com/api/screener/etf?download=true,True,,,
MRAL,MRAL,GraniteShares 2x Long MARA Daily ETF,,,,,,,,,,nasdaq,https://api.nasdaq.com/api/screener/etf?download=true,True,,,
MRCP,MRCP,PGIM S&P 500 Buffer 12 ETF - March,,,,,,,,,,nasdaq,https://api.nasdaq.com/api/screener/etf?download=true,True,,,
MRGR,MRGR,ProShares Merger ETF,,,,,,,,,,nasdaq,https://api.nasdaq.com/api/screener/etf?download=true,True,,,
MRNY,MRNY,Tidal Trust II YieldMax MRNA Option Income Strategy ETF,,,,,,,,,,nasdaq,https://api.nasdaq.com/api/screener/etf?download=true,True,,,
MRSK,MRSK,Toews Agility Shares Managed Risk ETF,,,,,,,,,,nasdaq,https://api.nasdaq.com/api/screener/etf?download=true,True,,,
MRVU,MRVU,Direxion Daily MRVL Bull 2X ETF,,,,,,,,,,nasdaq,https://api.nasdaq.com/api/screener/etf?download=true,True,,,
MSDD,MSDD,GraniteShares 2x Short MSTR Daily ETF,,,,,,,,,,nasdaq,https://api.nasdaq.com/api/screener/etf?download=true,True,,,
MSFD,MSFD,Direxion Daily MSFT Bear 1X ETF,,,,,,,,,,nasdaq,https://api.nasdaq.com/api/screener/etf?download=true,True,,,
MSFL,MSFL,GraniteShares 2x Long MSFT Daily ETF,,,,,,,,,,nasdaq,https://api.nasdaq.com/api/screener/etf?download=true,True,,,
MSFO,MSFO,Tidal ETF Trust II YieldMax MSFT Option Income Strategy ETF,,,,,,,,,,nasdaq,https://api.nasdaq.com/api/screener/etf?download=true,True,,,
MSFU,MSFU,Direxion Daily MSFT Bull 2X ETF,,,,,,,,,,nasdaq,https://api.nasdaq.com/api/screener/etf?download=true,True,,,
MSFW,MSFW,Roundhill ETF Trust Roundhill MSFT WeeklyPay ETF,,,,,,,,,,nasdaq,https://api.nasdaq.com/api/screener/etf?download=true,True,,,
MSFX,MSFX,ETF Opportunities Trust T-Rex 2X Long Microsoft Daily Target E,,,,,,,,,,nasdaq,https://api.nasdaq.com/api/screener/etf?download=true,True,,,
MSFY,MSFY,Kurv Yield Premium Strategy Microsoft (MSFT) ETF,,,,,,,,,,nasdaq,https://api.nasdaq.com/api/screener/etf?download=true,True,,,
MSII,MSII,REX MSTR Growth & Income ETF,,,,,,,,,,nasdaq,https://api.nasdaq.com/api/screener/etf?download=true,True,,,
MSLC,MSLC,Morgan Stanley Pathway Funds Morgan Stanley Pathway Large Cap ,,,,,,,,,,nasdaq,https://api.nasdaq.com/api/screener/etf?download=true,True,,,
MSMR,MSMR,ETF Series Solutions McElhenny Sheffield Managed Risk ETF,,,,,,,,,,nasdaq,https://api.nasdaq.com/api/screener/etf?download=true,True,,,
MSOO,MSOO,Themes ETF Trust Leverage Shares 2x Capped Accelerated MSTR Mo,,,,,,,,,,nasdaq,https://api.nasdaq.com/api/screener/etf?download=true,True,,,
MSOS,MSOS,AdvisorShares Trust AdvisorShares Pure US Cannabis ETF,,,,,,,,,,nasdaq,https://api.nasdaq.com/api/screener/etf?download=true,True,,,
MSOX,MSOX,AdvisorShares MSOS Daily Leveraged ETF,,,,,,,,,,nasdaq,https://api.nasdaq.com/api/screener/etf?download=true,True,,,
MSSM,MSSM,Morgan Stanley Pathway Funds Morgan Stanley Pathway Small-Mid ,,,,,,,,,,nasdaq,https://api.nasdaq.com/api/screener/etf?download=true,True,,,
MSSS,MSSS,Northern Lights Fund Trust IV Monarch Select Subsector Index E,,,,,,,,,,nasdaq,https://api.nasdaq.com/api/screener/etf?download=true,True,,,
MST,MST,Defiance Leveraged Long + Income MSTR ETF,,,,,,,,,,nasdaq,https://api.nasdaq.com/api/screener/etf?download=true,True,,,
MSTB,MSTB,Lha Market State Tactical Beta ETF,,,,,,,,,,nasdaq,https://api.nasdaq.com/api/screener/etf?download=true,True,,,
MSTI,MSTI,Madison ETFs Trust Madison Short Term Strategic Income ETF,,,,,,,,,,nasdaq,https://api.nasdaq.com/api/screener/etf?download=true,True,,,
MSTP,MSTP,GraniteShares 2x Long MSTR Daily ETF,,,,,,,,,,nasdaq,https://api.nasdaq.com/api/screener/etf?download=true,True,,,
MSTQ,MSTQ,ETF Series Solutions LHA Market State Tactical Q ETF,,,,,,,,,,nasdaq,https://api.nasdaq.com/api/screener/etf?download=true,True,,,
MSTU,MSTU,ETF Opportunities Trust T-Rex 2X Long MSTR Daily Target ETF,,,,,,,,,,nasdaq,https://api.nasdaq.com/api/screener/etf?download=true,True,,,
MSTW,MSTW,Roundhill ETF Trust Roundhill MSTR WeeklyPay ETF,,,,,,,,,,nasdaq,https://api.nasdaq.com/api/screener/etf?download=true,True,,,
MSTX,MSTX,Defiance Daily Target 2x Long MSTR ETF,,,,,,,,,,nasdaq,https://api.nasdaq.com/api/screener/etf?download=true,True,,,
MSTY,MSTY,Tidal Trust II YieldMax MSTR Option Income Strategy ETF,,,,,,,,,,nasdaq,https://api.nasdaq.com/api/screener/etf?download=true,True,,,
MSTZ,MSTZ,ETF Opportunities Trust T-Rex 2X Inverse MSTR Daily Target ETF,,,,,,,,,,nasdaq,https://api.nasdaq.com/api/screener/etf?download=true,True,,,
MTBA,MTBA,Simplify Exchange Traded Funds Simplify MBS ETF,,,,,,,,,,nasdaq,https://api.nasdaq.com/api/screener/etf?download=true,True,,,
MTGP,MTGP,WisdomTree Mortgage Plus Bond Fund,,,,,,,,,,nasdaq,https://api.nasdaq.com/api/screener/etf?download=true,True,,,
MTRA,MTRA,Invesco International Growth Focus ETF,,,,,,,,,,nasdaq,https://api.nasdaq.com/api/screener/etf?download=true,True,,,
MTUL,MTUL,ETRACS 2x Leveraged MSCI US Momentum Factor TR ETN,0001114446,,,NYSE,,,,,,nasdaq,https://api.nasdaq.com/api/screener/etf?download=true,True,,,
MTUM,MTUM,iShares MSCI USA Momentum Factor ETF,,,,,,,,,,nasdaq,https://api.nasdaq.com/api/screener/etf?download=true,True,,,
MTYY,MTYY,GraniteShares YieldBOOST MSTR ETF,,,,,,,,,,nasdaq,https://api.nasdaq.com/api/screener/etf?download=true,True,,,
MUB,MUB,iShares National Muni Bond ETF,,,,,,,,,,nasdaq,https://api.nasdaq.com/api/screener/etf?download=true,True,,,
MUD,MUD,Direxion Daily MU Bear 1X ETF,,,,,,,,,,nasdaq,https://api.nasdaq.com/api/screener/etf?download=true,True,,,
MULL,MULL,GraniteShares 2x Long MU Daily ETF,,,,,,,,,,nasdaq,https://api.nasdaq.com/api/screener/etf?download=true,True,,,
MULT,MULT,Franklin Multisector Income ETF,,,,,,,,,,nasdaq,https://api.nasdaq.com/api/screener/etf?download=true,True,,,
MUNA,MUNA,Northern Funds Northern Trust 2030 Tax-Exempt Distributing Lad,,,,,,,,,,nasdaq,https://api.nasdaq.com/api/screener/etf?download=true,True,,,
MUNB,MUNB,Northern Funds Northern Trust 2035 Tax-Exempt Distributing Lad,,,,,,,,,,nasdaq,https://api.nasdaq.com/api/screener/etf?download=true,True,,,
MUNC,MUNC,Northern Funds Northern Trust 2045 Tax-Exempt Distributing Lad,,,,,,,,,,nasdaq,https://api.nasdaq.com/api/screener/etf?download=true,True,,,
MUND,MUND,Northern Funds Northern Trust 2055 Tax-Exempt Distributing Lad,,,,,,,,,,nasdaq,https://api.nasdaq.com/api/screener/etf?download=true,True,,,
MUNI,MUNI,PIMCO Intermediate Municipal Bond Active Exchange-Traded Fund,,,,,,,,,,nasdaq,https://api.nasdaq.com/api/screener/etf?download=true,True,,,
MUNY,MUNY,Vanguard New York Tax-Exempt Bond ETF,,,,,,,,,,nasdaq,https://api.nasdaq.com/api/screener/etf?download=true,True,,,
MUSE,MUSE,TCW Multisector Credit Income ETF,,,,,,,,,,nasdaq,https://api.nasdaq.com/api/screener/etf?download=true,True,,,
MUSI,MUSI,American Century Multisector Income ETF,,,,,,,,,,nasdaq,https://api.nasdaq.com/api/screener/etf?download=true,True,,,
MUSQ,MUSQ,MUSQ Global Music Industry Index ETF,,,,,,,,,,nasdaq,https://api.nasdaq.com/api/screener/etf?download=true,True,,,
MUST,MUST,Columbia Multi-Sector Municipal Income ETF,,,,,,,,,,nasdaq,https://api.nasdaq.com/api/screener/etf?download=true,True,,,
MUU,MUU,Direxion Daily MU Bull 2X ETF,,,,,,,,,,nasdaq,https://api.nasdaq.com/api/screener/etf?download=true,True,,,
MVAL,MVAL,VanEck ETF Trust VanEck Morningstar Wide Moat Value ETF,,,,,,,,,,nasdaq,https://api.nasdaq.com/api/screener/etf?download=true,True,,,
MVFD,MVFD,Northern Lights Fund Trust IV Monarch Volume Factor Dividend T,,,,,,,,,,nasdaq,https://api.nasdaq.com/api/screener/etf?download=true,True,,,
MVFG,MVFG,Northern Lights Fund Trust IV Monarch Volume Factor Global Unc,,,,,,,,,,nasdaq,https://api.nasdaq.com/api/screener/etf?download=true,True,,,
MVLL,MVLL,GraniteShares 2x Long MRVL Daily ETF,,,,,,,,,,nasdaq,https://api.nasdaq.com/api/screener/etf?download=true,True,,,
MVPA,MVPA,Advisor Managed Portfolios Miller Value Partners Appreciation ,,,,,,,,,,nasdaq,https://api.nasdaq.com/api/screener/etf?download=true,True,,,
MVPL,MVPL,Advisor Managed Portfolios Miller Value Partners Leverage ETF,,,,,,,,,,nasdaq,https://api.nasdaq.com/api/screener/etf?download=true,True,,,
MVRL,MVRL,ETRACS Monthly Pay 1.5X Leveraged Mortgage REIT ETN,0001114446,,,NYSE,,,,,,nasdaq,https://api.nasdaq.com/api/screener/etf?download=true,True,,,
MVV,MVV,ProShares Ultra MidCap400,,,,,,,,,,nasdaq,https://api.nasdaq.com/api/screener/etf?download=true,True,,,
MXI,MXI,iShares Global Materials ETF,,,,,,,,,,nasdaq,https://api.nasdaq.com/api/screener/etf?download=true,True,,,
MYCF,MYCF,State Street My2026 Corporate Bond ETF,,,,,,,,,,nasdaq,https://api.nasdaq.com/api/screener/etf?download=true,True,,,
MYCG,MYCG,State Street My2027 Corporate Bond ETF,,,,,,,,,,nasdaq,https://api.nasdaq.com/api/screener/etf?download=true,True,,,
MYCH,MYCH,State Street My2028 Corporate Bond ETF,,,,,,,,,,nasdaq,https://api.nasdaq.com/api/screener/etf?download=true,True,,,
MYCI,MYCI,State Street My2029 Corporate Bond ETF,,,,,,,,,,nasdaq,https://api.nasdaq.com/api/screener/etf?download=true,True,,,
MYCJ,MYCJ,State Street My2030 Corporate Bond ETF,,,,,,,,,,nasdaq,https://api.nasdaq.com/api/screener/etf?download=true,True,,,
MYCK,MYCK,State Street My2031 Corporate Bond ETF,,,,,,,,,,nasdaq,https://api.nasdaq.com/api/screener/etf?download=true,True,,,
MYCL,MYCL,State Street My2032 Corporate Bond ETF,,,,,,,,,,nasdaq,https://api.nasdaq.com/api/screener/etf?download=true,True,,,
MYCM,MYCM,State Street My2033 Corporate Bond ETF,,,,,,,,,,nasdaq,https://api.nasdaq.com/api/screener/etf?download=true,True,,,
MYCN,MYCN,State Street My2034 Corporate Bond ETF,,,,,,,,,,nasdaq,https://api.nasdaq.com/api/screener/etf?download=true,True,,,
MYCO,MYCO,State Street My2035 Corporate Bond ETF,,,,,,,,,,nasdaq,https://api.nasdaq.com/api/screener/etf?download=true,True,,,
MYHA,MYHA,State Street My2027 High Yield Corporate Bond ETF,,,,,,,,,,nasdaq,https://api.nasdaq.com/api/screener/etf?download=true,True,,,
MYHB,MYHB,State Street My2028 High Yield Corporate Bond ETF,,,,,,,,,,nasdaq,https://api.nasdaq.com/api/screener/etf?download=true,True,,,
MYHC,MYHC,State Street My2029 High Yield Corporate Bond ETF,,,,,,,,,,nasdaq,https://api.nasdaq.com/api/screener/etf?download=true,True,,,
MYHD,MYHD,State Street My2030 High Yield Corporate Bond ETF,,,,,,,,,,nasdaq,https://api.nasdaq.com/api/screener/etf?download=true,True,,,
MYHE,MYHE,State Street My2031 High Yield Corporate Bond ETF,,,,,,,,,,nasdaq,https://api.nasdaq.com/api/screener/etf?download=true,True,,,
MYLD,MYLD,Cambria ETF Trust Cambria Micro and SmallCap Shareholder Yield,,,,,,,,,,nasdaq,https://api.nasdaq.com/api/screener/etf?download=true,True,,,
MYMF,MYMF,State Street My2026 Municipal Bond ETF,,,,,,,,,,nasdaq,https://api.nasdaq.com/api/screener/etf?download=true,True,,,
MYMG,MYMG,State Street My2027 Municipal Bond ETF,,,,,,,,,,nasdaq,https://api.nasdaq.com/api/screener/etf?download=true,True,,,
MYMH,MYMH,State Street My2028 Municipal Bond ETF,,,,,,,,,,nasdaq,https://api.nasdaq.com/api/screener/etf?download=true,True,,,
MYMI,MYMI,State Street My2029 Municipal Bond ETF,,,,,,,,,,nasdaq,https://api.nasdaq.com/api/screener/etf?download=true,True,,,
MYMJ,MYMJ,State Street My2030 Municipal Bond ETF,,,,,,,,,,nasdaq,https://api.nasdaq.com/api/screener/etf?download=true,True,,,
MYMK,MYMK,State Street My2031 Municipal Bond ETF,,,,,,,,,,nasdaq,https://api.nasdaq.com/api/screener/etf?download=true,True,,,
MYY,MYY,ProShares Short MidCap400,,,,,,,,,,nasdaq,https://api.nasdaq.com/api/screener/etf?download=true,True,,,
MZZ,MZZ,ProShares UltraShort MidCap400,,,,,,,,,,nasdaq,https://api.nasdaq.com/api/screener/etf?download=true,True,,,
NACP,NACP,Impact Shares Trust I Impact Shares NAACP Minority Empowerment,,,,,,,,,,nasdaq,https://api.nasdaq.com/api/screener/etf?download=true,True,,,
NAIL,NAIL,Direxion Daily Homebuilders & Supplies Bull 3X ETF,,,,,,,,,,nasdaq,https://api.nasdaq.com/api/screener/etf?download=true,True,,,
NANC,NANC,Unusual Whales Subversive Democratic Trading ETF,,,,,,,,,,nasdaq,https://api.nasdaq.com/api/screener/etf?download=true,True,,,
NANR,NANR,State Street SPDR S&P North American Natural Resources ETF,,,,,,,,,,nasdaq,https://api.nasdaq.com/api/screener/etf?download=true,True,,,
NAPR,NAPR,Innovator Growth-100 Power Buffer ETF - April,,,,,,,,,,nasdaq,https://api.nasdaq.com/api/screener/etf?download=true,True,,,
NATO,NATO,Themes Transatlantic Defense ETF,,,,,,,,,,nasdaq,https://api.nasdaq.com/api/screener/etf?download=true,True,,,
NAUG,NAUG,Innovator ETFs Trust Innovator Growth-100 Power Buffer ETF - A,,,,,,,,,,nasdaq,https://api.nasdaq.com/api/screener/etf?download=true,True,,,
NBCE,NBCE,Neuberger China Equity ETF,,,,,,,,,,nasdaq,https://api.nasdaq.com/api/screener/etf?download=true,True,,,
NBCM,NBCM,Neuberger Commodity Strategy ETF,,,,,,,,,,nasdaq,https://api.nasdaq.com/api/screener/etf?download=true,True,,,
NBCR,NBCR,Neuberger Core Equity ETF,,,,,,,,,,nasdaq,https://api.nasdaq.com/api/screener/etf?download=true,True,,,
NBDS,NBDS,Neuberger Disrupters ETF,,,,,,,,,,nasdaq,https://api.nasdaq.com/api/screener/etf?download=true,True,,,
NBET,NBET,Neuberger Energy Transition & Infrastructure ETF,,,,,,,,,,nasdaq,https://api.nasdaq.com/api/screener/etf?download=true,True,,,
NBFC,NBFC,Neuberger Flexible Credit Income ETF,,,,,,,,,,nasdaq,https://api.nasdaq.com/api/screener/etf?download=true,True,,,
NBFR,NBFR,Innovator ETFs Trust Innovator Nasdaq-100 Managed 10 Buffer ET,,,,,,,,,,nasdaq,https://api.nasdaq.com/api/screener/etf?download=true,True,,,
NBGX,NBGX,Neuberger Growth ETF,,,,,,,,,,nasdaq,https://api.nasdaq.com/api/screener/etf?download=true,True,,,
NBIG,NBIG,Leverage Shares 2x Long NBIS Daily ETF,,,,,,,,,,nasdaq,https://api.nasdaq.com/api/screener/etf?download=true,True,,,
NBIL,NBIL,GraniteShares 2x Long NBIS Daily ETF,,,,,,,,,,nasdaq,https://api.nasdaq.com/api/screener/etf?download=true,True,,,
NBIZ,NBIZ,Investment Managers Series Trust II Tradr 2X Short NBIS Daily ,,,,,,,,,,nasdaq,https://api.nasdaq.com/api/screener/etf?download=true,True,,,
NBJP,NBJP,Neuberger Japan Equity ETF,,,,,,,,,,nasdaq,https://api.nasdaq.com/api/screener/etf?download=true,True,,,
NBOS,NBOS,Neuberger Option Strategy ETF,,,,,,,,,,nasdaq,https://api.nasdaq.com/api/screener/etf?download=true,True,,,
NBSD,NBSD,Neuberger Short Duration Income ETF,,,,,,,,,,nasdaq,https://api.nasdaq.com/api/screener/etf?download=true,True,,,
NBSM,NBSM,Neuberger Small-Mid Cap ETF,,,,,,,,,,nasdaq,https://api.nasdaq.com/api/screener/etf?download=true,True,,,
NBTR,NBTR,Neuberger Total Return Bond ETF,,,,,,,,,,nasdaq,https://api.nasdaq.com/api/screener/etf?download=true,True,,,
NCIQ,NCIQ,Hashdex Nasdaq Crypto Index US ETF,0002031069,,,Nasdaq,,,,,,nasdaq,https://api.nasdaq.com/api/screener/etf?download=true,True,,,
NCLO,NCLO,NuShares ETF Trust Nuveen AA-BBB CLO ETF,,,,,,,,,,nasdaq,https://api.nasdaq.com/api/screener/etf?download=true,True,,,
NCPB,NCPB,Nuveen Core Plus Bond ETF,,,,,,,,,,nasdaq,https://api.nasdaq.com/api/screener/etf?download=true,True,,,
NDAA,NDAA,Ned Davis Research 360 Dynamic Allocation ETF,,,,,,,,,,nasdaq,https://api.nasdaq.com/api/screener/etf?download=true,True,,,
NDEC,NDEC,Innovator ETFs Trust Innovator Growth-100 Power Buffer ETF - D,,,,,,,,,,nasdaq,https://api.nasdaq.com/api/screener/etf?download=true,True,,,
NDIA,NDIA,Global X Funds Global X India Active ETF,,,,,,,,,,nasdaq,https://api.nasdaq.com/api/screener/etf?download=true,True,,,
NDIV,NDIV,Amplify Energy & Natural Resources Covered Call ETF,,,,,,,,,,nasdaq,https://api.nasdaq.com/api/screener/etf?download=true,True,,,
NDOW,NDOW,Collaborative Investment Series Trust Anydrus Advantage ETF,,,,,,,,,,nasdaq,https://api.nasdaq.com/api/screener/etf?download=true,True,,,
NEAR,NEAR,iShares Short Duration Bond Active ETF,,,,,,,,,,nasdaq,https://api.nasdaq.com/api/screener/etf?download=true,True,,,
NEBX,NEBX,Tradr 2X Long NBIS Daily ETF,,,,,,,,,,nasdaq,https://api.nasdaq.com/api/screener/etf?download=true,True,,,
NEMG,NEMG,Leverage Shares 2x Long NEM Daily ETF,,,,,,,,,,nasdaq,https://api.nasdaq.com/api/screener/etf?download=true,True,,,
NERD,NERD,Roundhill Video Games ETF,,,,,,,,,,nasdaq,https://api.nasdaq.com/api/screener/etf?download=true,True,,,
NETG,NETG,Leverage Shares 2X Long NET Daily ETF,,,,,,,,,,nasdaq,https://api.nasdaq.com/api/screener/etf?download=true,True,,,
NETL,NETL,Colterpoint Net Lease Real Estate ETF,,,,,,,,,,nasdaq,https://api.nasdaq.com/api/screener/etf?download=true,True,,,
NEWZ,NEWZ,StockSnips AI-Powered Sentiment US All Cap ETF,,,,,,,,,,nasdaq,https://api.nasdaq.com/api/screener/etf?download=true,True,,,
NFEB,NFEB,Innovator ETFs Trust Innovator Growth-100 Power Buffer ETF - F,,,,,,,,,,nasdaq,https://api.nasdaq.com/api/screener/etf?download=true,True,,,
NFLP,NFLP,Kurv Yield Premium Strategy Netflix (NFLX) ETF,,,,,,,,,,nasdaq,https://api.nasdaq.com/api/screener/etf?download=true,True,,,
NFLT,NFLT,Virtus Newfleet Multi-Sector Bond ETF,,,,,,,,,,nasdaq,https://api.nasdaq.com/api/screener/etf?download=true,True,,,
NFLU,NFLU,ETF Opportunities Trust T-Rex 2X Long NFLX Daily Target ETF,,,,,,,,,,nasdaq,https://api.nasdaq.com/api/screener/etf?download=true,True,,,
NFLW,NFLW,Roundhill ETF Trust Roundhill NFLX WeeklyPay ETF,,,,,,,,,,nasdaq,https://api.nasdaq.com/api/screener/etf?download=true,True,,,
NFLY,NFLY,Tidal ETF Trust II YieldMax NFLX Option Income Strategy ETF,,,,,,,,,,nasdaq,https://api.nasdaq.com/api/screener/etf?download=true,True,,,
NFRA,NFRA,FlexShares STOXX Global Broad Infrastructure Index Fund,,,,,,,,,,nasdaq,https://api.nasdaq.com/api/screener/etf?download=true,True,,,
NFRX,NFRX,Harrison Street Infrastructure Active ETF,,,,,,,,,,nasdaq,https://api.nasdaq.com/api/screener/etf?download=true,True,,,
NFTY,NFTY,First Trust India NIFTY 50 Equal Weight ETF,,,,,,,,,,nasdaq,https://api.nasdaq.com/api/screener/etf?download=true,True,,,
NFXL,NFXL,Direxion Daily NFLX Bull 2X ETF,,,,,,,,,,nasdaq,https://api.nasdaq.com/api/screener/etf?download=true,True,,,
NFXS,NFXS,Direxion Daily NFLX Bear 1X ETF,,,,,,,,,,nasdaq,https://api.nasdaq.com/api/screener/etf?download=true,True,,,
NHYB,NHYB,NuShares ETF Trust Nuveen High Yield Corporate Bond ETF,,,,,,,,,,nasdaq,https://api.nasdaq.com/api/screener/etf?download=true,True,,,
NHYM,NHYM,NuShares ETF Trust Nuveen High Yield Municipal Income ETF,,,,,,,,,,nasdaq,https://api.nasdaq.com/api/screener/etf?download=true,True,,,
NIHI,NIHI,NEOS ETF Trust NEOS MSCI EAFE High Income ETF,,,,,,,,,,nasdaq,https://api.nasdaq.com/api/screener/etf?download=true,True,,,
NIKL,NIKL,Sprott Nickel Miners ETF,,,,,,,,,,nasdaq,https://api.nasdaq.com/api/screener/etf?download=true,True,,,
NIOG,NIOG,Leverage Shares 2X Long NIO Daily ETF,,,,,,,,,,nasdaq,https://api.nasdaq.com/api/screener/etf?download=true,True,,,
NITE,NITE,Capitol Series Trust The Nightview Fund NITE,,,,,,,,,,nasdaq,https://api.nasdaq.com/api/screener/etf?download=true,True,,,
NIXT,NIXT,Research Affiliates Deletions ETF,,,,,,,,,,nasdaq,https://api.nasdaq.com/api/screener/etf?download=true,True,,,
NJAN,NJAN,Innovator Growth-100 Power Buffer ETF - January,,,,,,,,,,nasdaq,https://api.nasdaq.com/api/screener/etf?download=true,True,,,
NJNK,NJNK,Columbia U.S. High Yield ETF,,,,,,,,,,nasdaq,https://api.nasdaq.com/api/screener/etf?download=true,True,,,
NJUL,NJUL,Innovator Growth-100 Power Buffer ETF - July,,,,,,,,,,nasdaq,https://api.nasdaq.com/api/screener/etf?download=true,True,,,
NJUN,NJUN,Innovator Growth-100 Power Buffer ETF - June,,,,,,,,,,nasdaq,https://api.nasdaq.com/api/screener/etf?download=true,True,,,
NLR,NLR,VanEck Uranium and Nuclear ETF,,,,,,,,,,nasdaq,https://api.nasdaq.com/api/screener/etf?download=true,True,,,
NMAR,NMAR,Innovator ETFs Trust Innovator Growth-100 Power Buffer ETF - M,,,,,,,,,,nasdaq,https://api.nasdaq.com/api/screener/etf?download=true,True,,,
NMAY,NMAY,Innovator ETFs Trust Innovator Growth-100 Power Buffer ETF - M,,,,,,,,,,nasdaq,https://api.nasdaq.com/api/screener/etf?download=true,True,,,
NMB,NMB,Simplify Exchange Traded Funds Simplify National Muni Bond ETF,,,,,,,,,,nasdaq,https://api.nasdaq.com/api/screener/etf?download=true,True,,,
NNOV,NNOV,Innovator ETFs Trust Innovator Growth-100 Power Buffer ETF - N,,,,,,,,,,nasdaq,https://api.nasdaq.com/api/screener/etf?download=true,True,,,
NOBL,NOBL,ProShares S&P 500 Dividend Aristocrats ETF,,,,,,,,,,nasdaq,https://api.nasdaq.com/api/screener/etf?download=true,True,,,
NOCT,NOCT,Innovator Growth-100 Power Buffer ETF- October,,,,,,,,,,nasdaq,https://api.nasdaq.com/api/screener/etf?download=true,True,,,
NODE,NODE,VanEck Onchain Economy ETF,,,,,,,,,,nasdaq,https://api.nasdaq.com/api/screener/etf?download=true,True,,,
NOEQ,NOEQ,Northern Funds Northern Trust US Equity ETF,,,,,,,,,,nasdaq,https://api.nasdaq.com/api/screener/etf?download=true,True,,,
NORW,NORW,Global X MSCI Norway ETF,,,,,,,,,,nasdaq,https://api.nasdaq.com/api/screener/etf?download=true,True,,,
NOVM,NOVM,First Trust Exchange-Traded Fund VIII FT Vest U.S. Equity Max ,,,,,,,,,,nasdaq,https://api.nasdaq.com/api/screener/etf?download=true,True,,,
NOVP,NOVP,PGIM S&P 500 Buffer 12 ETF - November,,,,,,,,,,nasdaq,https://api.nasdaq.com/api/screener/etf?download=true,True,,,
NOVZ,NOVZ,TrueShares Structured Outcome (November) ETF,,,,,,,,,,nasdaq,https://api.nasdaq.com/api/screener/etf?download=true,True,,,
NOWL,NOWL,GraniteShares 2x Long NOW Daily ETF,,,,,,,,,,nasdaq,https://api.nasdaq.com/api/screener/etf?download=true,True,,,
NPFI,NPFI,Nuveen Preferred and Income ETF,,,,,,,,,,nasdaq,https://api.nasdaq.com/api/screener/etf?download=true,True,,,
NRES,NRES,Xtrackers RREEF Global Natural Resources ETF,,,,,,,,,,nasdaq,https://api.nasdaq.com/api/screener/etf?download=true,True,,,
NRGD,NRGD,Bank Of Montreal MicroSectors  U.S. Big Oil -3  Inverse Levera,0000927971,,,NYSE,,,,,,nasdaq,https://api.nasdaq.com/api/screener/etf?download=true,True,,,
NRGU,NRGU,Bank Of Montreal MicroSectors U.S. Big Oil 3 Leveraged ETNs du,0000927971,,,NYSE,,,,,,nasdaq,https://api.nasdaq.com/api/screener/etf?download=true,True,,,
NRSH,NRSH,Aztlan North America Nearshoring Stock Selection ETF,,,,,,,,,,nasdaq,https://api.nasdaq.com/api/screener/etf?download=true,True,,,
NSCI,NSCI,NuShares ETF Trust Nuveen Securitized Income ETF,,,,,,,,,,nasdaq,https://api.nasdaq.com/api/screener/etf?download=true,True,,,
NSEP,NSEP,Innovator Growth-100 Power Buffer ETF - September,,,,,,,,,,nasdaq,https://api.nasdaq.com/api/screener/etf?download=true,True,,,
NSI,NSI,National Security Emerging Markets Index ETF,,,,,,,,,,nasdaq,https://api.nasdaq.com/api/screener/etf?download=true,True,,,
NTSE,NTSE,WisdomTree Trust WisdomTree Emerging Markets Efficient Core Fu,,,,,,,,,,nasdaq,https://api.nasdaq.com/api/screener/etf?download=true,True,,,
NTSI,NTSI,WisdomTree Trust WisdomTree International Efficient Core Fund,,,,,,,,,,nasdaq,https://api.nasdaq.com/api/screener/etf?download=true,True,,,
NTSX,NTSX,WisdomTree U.S. Efficient Core Fund,,,,,,,,,,nasdaq,https://api.nasdaq.com/api/screener/etf?download=true,True,,,
NUAG,NUAG,Nuveen Enhanced Yield U.S. Aggregate Bond ETF,,,,,,,,,,nasdaq,https://api.nasdaq.com/api/screener/etf?download=true,True,,,
NUBD,NUBD,Nuveen ESG U.S. Aggregate Bond ETF,,,,,,,,,,nasdaq,https://api.nasdaq.com/api/screener/etf?download=true,True,,,
NUDM,NUDM,Nuveen ESG International Developed Markets Equity ETF,,,,,,,,,,nasdaq,https://api.nasdaq.com/api/screener/etf?download=true,True,,,
NUDV,NUDV,Nuveen ESG Dividend ETF,,,,,,,,,,nasdaq,https://api.nasdaq.com/api/screener/etf?download=true,True,,,
NUEM,NUEM,Nuveen ESG Emerging Markets Equity ETF,,,,,,,,,,nasdaq,https://api.nasdaq.com/api/screener/etf?download=true,True,,,
NUG,NUG,Leverage Shares 2X Long NU Daily ETF,,,,,,,,,,nasdaq,https://api.nasdaq.com/api/screener/etf?download=true,True,,,
NUGO,NUGO,Nuveen Growth Opportunities ETF,,,,,,,,,,nasdaq,https://api.nasdaq.com/api/screener/etf?download=true,True,,,
NUGT,NUGT,Direxion Daily Gold Miners Index Bull 2X ETF,,,,,,,,,,nasdaq,https://api.nasdaq.com/api/screener/etf?download=true,True,,,
NUGY,NUGY,GraniteShares YieldBOOST Gold Miners ETF,,,,,,,,,,nasdaq,https://api.nasdaq.com/api/screener/etf?download=true,True,,,
NUHY,NUHY,Nuveen ESG High Yield Corporate Bond ETF,,,,,,,,,,nasdaq,https://api.nasdaq.com/api/screener/etf?download=true,True,,,
NUKZ,NUKZ,Exchange Traded Concepts Trust Range Nuclear Renaissance Index,,,,,,,,,,nasdaq,https://api.nasdaq.com/api/screener/etf?download=true,True,,,
NULC,NULC,Nuveen ESG Large-Cap ETF,,,,,,,,,,nasdaq,https://api.nasdaq.com/api/screener/etf?download=true,True,,,
NULG,NULG,Nuveen ESG Large-Cap Growth ETF,,,,,,,,,,nasdaq,https://api.nasdaq.com/api/screener/etf?download=true,True,,,
NULV,NULV,Nuveen ESG Large-Cap Value ETF,,,,,,,,,,nasdaq,https://api.nasdaq.com/api/screener/etf?download=true,True,,,
NUMG,NUMG,Nuveen ESG Mid-Cap Growth ETF,,,,,,,,,,nasdaq,https://api.nasdaq.com/api/screener/etf?download=true,True,,,
NUMI,NUMI,NuShares ETF Trust Nuveen Municipal Income ETF,,,,,,,,,,nasdaq,https://api.nasdaq.com/api/screener/etf?download=true,True,,,
NUMV,NUMV,Nuveen ESG Mid-Cap Value ETF,,,,,,,,,,nasdaq,https://api.nasdaq.com/api/screener/etf?download=true,True,,,
NURE,NURE,Nuveen Short-Term REIT ETF,,,,,,,,,,nasdaq,https://api.nasdaq.com/api/screener/etf?download=true,True,,,
NUSA,NUSA,Nuveen ESG 1-5 Year U.S. Aggregate Bond ETF,,,,,,,,,,nasdaq,https://api.nasdaq.com/api/screener/etf?download=true,True,,,
NUSB,NUSB,Nuveen Ultra Short Income ETF,,,,,,,,,,nasdaq,https://api.nasdaq.com/api/screener/etf?download=true,True,,,
NUSC,NUSC,Nuveen ESG Small-Cap ETF,,,,,,,,,,nasdaq,https://api.nasdaq.com/api/screener/etf?download=true,True,,,
NVBT,NVBT,AIM ETF Products Trust AllianzIM U.S. Large Cap Buffer10 Nov E,,,,,,,,,,nasdaq,https://api.nasdaq.com/api/screener/etf?download=true,True,,,
NVBU,NVBU,AIM ETF Products Trust AllianzIM U.S. Equity Buffer15 Uncapped,,,,,,,,,,nasdaq,https://api.nasdaq.com/api/screener/etf?download=true,True,,,
NVBW,NVBW,AIM ETF Products Trust AllianzIM U.S. Large Cap Buffer20 Nov E,,,,,,,,,,nasdaq,https://api.nasdaq.com/api/screener/etf?download=true,True,,,
NVD,NVD,GraniteShares 2x Short NVDA Daily ETF,,,,,,,,,,nasdaq,https://api.nasdaq.com/api/screener/etf?download=true,True,,,
NVDD,NVDD,Direxion Daily NVDA Bear 1X ETF,,,,,,,,,,nasdaq,https://api.nasdaq.com/api/screener/etf?download=true,True,,,
NVDG,NVDG,Leverage Shares 2X Long NVDA Daily ETF,,,,,,,,,,nasdaq,https://api.nasdaq.com/api/screener/etf?download=true,True,,,
NVDL,NVDL,GraniteShares 2x Long NVDA Daily ETF,,,,,,,,,,nasdaq,https://api.nasdaq.com/api/screener/etf?download=true,True,,,
NVDO,NVDO,Themes ETF Trust Leverage Shares 2x Capped Accelerated NVDA Mo,,,,,,,,,,nasdaq,https://api.nasdaq.com/api/screener/etf?download=true,True,,,
NVDQ,NVDQ,ETF Opportunities Trust T-Rex 2X Inverse NVIDIA Daily Target E,,,,,,,,,,nasdaq,https://api.nasdaq.com/api/screener/etf?download=true,True,,,
NVDS,NVDS,Tradr 1.5X Short NVDA Daily ETF,,,,,,,,,,nasdaq,https://api.nasdaq.com/api/screener/etf?download=true,True,,,
NVDU,NVDU,Direxion Daily NVDA Bull 2X ETF,,,,,,,,,,nasdaq,https://api.nasdaq.com/api/screener/etf?download=true,True,,,
NVDX,NVDX,ETF Opportunities Trust T-Rex 2X Long NVIDIA Daily Target ETF,,,,,,,,,,nasdaq,https://api.nasdaq.com/api/screener/etf?download=true,True,,,
NVDY,NVDY,Tidal ETF Trust II YieldMax NVDA Option Income Strategy ETF,,,,,,,,,,nasdaq,https://api.nasdaq.com/api/screener/etf?download=true,True,,,
NVII,NVII,REX NVDA Growth & Income ETF,,,,,,,,,,nasdaq,https://api.nasdaq.com/api/screener/etf?download=true,True,,,
NVIR,NVIR,Listed Funds Trust Horizon Kinetics Energy and Remediation ETF,,,,,,,,,,nasdaq,https://api.nasdaq.com/api/screener/etf?download=true,True,,,
NVOH,NVOH,Precidian ETFs Trust Novo Nordisk A/S B Shares ADRhedged,,,,,,,,,,nasdaq,https://api.nasdaq.com/api/screener/etf?download=true,True,,,
NVOX,NVOX,Tidal Trust II Defiance Daily Target 2X Long NVO ETF,,,,,,,,,,nasdaq,https://api.nasdaq.com/api/screener/etf?download=true,True,,,
NVTX,NVTX,Tradr 2X Long NVTS Daily ETF,,,,,,,,,,nasdaq,https://api.nasdaq.com/api/screener/etf?download=true,True,,,
NVYY,NVYY,GraniteShares YieldBOOST NVDA ETF,,,,,,,,,,nasdaq,https://api.nasdaq.com/api/screener/etf?download=true,True,,,
NXTE,NXTE,Investment Managers Series Trust II AXS Green Alpha ETF,,,,,,,,,,nasdaq,https://api.nasdaq.com/api/screener/etf?download=true,True,,,
NXTG,NXTG,First Trust Indxx NextG ETF,,,,,,,,,,nasdaq,https://api.nasdaq.com/api/screener/etf?download=true,True,,,
NXTI,NXTI,Simplify Exchange Traded Funds Simplify Next Intangible Core I,,,,,,,,,,nasdaq,https://api.nasdaq.com/api/screener/etf?download=true,True,,,
NXUS,NXUS,NuShares ETF Trust Nuveen International Aggregate Bond ETF,,,,,,,,,,nasdaq,https://api.nasdaq.com/api/screener/etf?download=true,True,,,
NYF,NYF,iShares New York Muni Bond ETF,,,,,,,,,,nasdaq,https://api.nasdaq.com/api/screener/etf?download=true,True,,,
NZAC,NZAC,State Street SPDR MSCI ACWI Climate Paris Aligned ETF,,,,,,,,,,nasdaq,https://api.nasdaq.com/api/screener/etf?download=true,True,,,
OACP,OACP,Unified Series Trust OneAscent Core Plus Bond ETF,,,,,,,,,,nasdaq,https://api.nasdaq.com/api/screener/etf?download=true,True,,,
OAEM,OAEM,Unified Series Trust OneAscent Emerging Markets ETF,,,,,,,,,,nasdaq,https://api.nasdaq.com/api/screener/etf?download=true,True,,,
OAIM,OAIM,Unified Series Trust OneAscent International Equity ETF,,,,,,,,,,nasdaq,https://api.nasdaq.com/api/screener/etf?download=true,True,,,
OAKG,OAKG,Harris Oakmark ETF Trust Oakmark Global Large Cap ETF,,,,,,,,,,nasdaq,https://api.nasdaq.com/api/screener/etf?download=true,True,,,
OAKI,OAKI,Harris Oakmark ETF Trust Oakmark International Large Cap ETF,,,,,,,,,,nasdaq,https://api.nasdaq.com/api/screener/etf?download=true,True,,,
OAKM,OAKM,Harris Oakmark ETF Trust Oakmark U.S. Large Cap ETF,,,,,,,,,,nasdaq,https://api.nasdaq.com/api/screener/etf?download=true,True,,,
OALC,OALC,Unified Series Trust OneAscent Large Cap Core ETF,,,,,,,,,,nasdaq,https://api.nasdaq.com/api/screener/etf?download=true,True,,,
OARK,OARK,YieldMax Innovation Option Income Strategy ETF,,,,,,,,,,nasdaq,https://api.nasdaq.com/api/screener/etf?download=true,True,,,
OASC,OASC,OneAscent Enhanced Small and Mid Cap ETF,,,,,,,,,,nasdaq,https://api.nasdaq.com/api/screener/etf?download=true,True,,,
OBIL,OBIL,US Treasury 12 Month Bill ETF,,,,,,,,,,nasdaq,https://api.nasdaq.com/api/screener/etf?download=true,True,,,
OBND,OBND,State Street Loomis Sayles Opportunistic Bond ETF,,,,,,,,,,nasdaq,https://api.nasdaq.com/api/screener/etf?download=true,True,,,
STPZ,STPZ,PIMCO 1-5 Year U.S. TIPS Index Exchange-Traded Fund,,,,,,,,,,nasdaq,https://api.nasdaq.com/api/screener/etf?download=true,True,,,
STRN,STRN,Tidal Trust I SMART Trend 25 ETF,,,,,,,,,,nasdaq,https://api.nasdaq.com/api/screener/etf?download=true,True,,,
STRV,STRV,EA Series Trust Strive 500 ETF,,,,,,,,,,nasdaq,https://api.nasdaq.com/api/screener/etf?download=true,True,,,
STXD,STXD,EA Series Trust Strive 1000 Dividend Growth ETF,,,,,,,,,,nasdaq,https://api.nasdaq.com/api/screener/etf?download=true,True,,,
STXE,STXE,EA Series Trust Strive Emerging Markets Ex-China ETF,,,,,,,,,,nasdaq,https://api.nasdaq.com/api/screener/etf?download=true,True,,,
STXG,STXG,EA Series Trust Strive 1000 Growth ETF,,,,,,,,,,nasdaq,https://api.nasdaq.com/api/screener/etf?download=true,True,,,
STXK,STXK,EA Series Trust Strive Small-Cap ETF,,,,,,,,,,nasdaq,https://api.nasdaq.com/api/screener/etf?download=true,True,,,
STXT,STXT,EA Series Trust Strive Total Return Bond ETF,,,,,,,,,,nasdaq,https://api.nasdaq.com/api/screener/etf?download=true,True,,,
STXV,STXV,EA Series Trust Strive 1000 Value ETF,,,,,,,,,,nasdaq,https://api.nasdaq.com/api/screener/etf?download=true,True,,,
SUB,SUB,iShares Short-Term National Muni Bond ETF,,,,,,,,,,nasdaq,https://api.nasdaq.com/api/screener/etf?download=true,True,,,
SUIS,SUIS,Canary Staked SUIS ETF,0002060703,,,Nasdaq,,,,,,nasdaq,https://api.nasdaq.com/api/screener/etf?download=true,True,,,
SUPL,SUPL,ProShares Trust ProShares Supply Chain Logistics ETF,,,,,,,,,,nasdaq,https://api.nasdaq.com/api/screener/etf?download=true,True,,,
SUPP,SUPP,TCW Transform Supply Chain ETF,,,,,,,,,,nasdaq,https://api.nasdaq.com/api/screener/etf?download=true,True,,,
SURE,SURE,AdvisorShares Insider Advantage ETF,,,,,,,,,,nasdaq,https://api.nasdaq.com/api/screener/etf?download=true,True,,,
SURI,SURI,Simplify Exchange Traded Funds Simplify Propel Opportunities E,,,,,,,,,,nasdaq,https://api.nasdaq.com/api/screener/etf?download=true,True,,,
SUSA,SUSA,iShares ESG Optimized MSCI USA ETF,,,,,,,,,,nasdaq,https://api.nasdaq.com/api/screener/etf?download=true,True,,,
SUSB,SUSB,iShares ESG Aware 1-5 Year USD Corporate Bond ETF,,,,,,,,,,nasdaq,https://api.nasdaq.com/api/screener/etf?download=true,True,,,
SUSC,SUSC,iShares ESG Aware USD Corporate Bond ETF,,,,,,,,,,nasdaq,https://api.nasdaq.com/api/screener/etf?download=true,True,,,
SUSL,SUSL,iShares ESG MSCI USA Leaders ETF,,,,,,,,,,nasdaq,https://api.nasdaq.com/api/screener/etf?download=true,True,,,
SVAL,SVAL,iShares US Small Cap Value Factor ETF,,,,,,,,,,nasdaq,https://api.nasdaq.com/api/screener/etf?download=true,True,,,
SVIX,SVIX,VS TR -1x Short VIX Futures ETF,0001793497,,,CBOE,,,,,,nasdaq,https://api.nasdaq.com/api/screener/etf?download=true,True,,,
SVOL,SVOL,Simplify Volatility Premium ETF,,,,,,,,,,nasdaq,https://api.nasdaq.com/api/screener/etf?download=true,True,,,
SVXY,SVXY,ProShares Short VIX Short Term Futures ETF,0001415311,,,CBOE,,,,,,nasdaq,https://api.nasdaq.com/api/screener/etf?download=true,True,,,
SWAN,SWAN,Amplify ETF Trust Amplify BlackSwan Growth & Treasury Core ETF,,,,,,,,,,nasdaq,https://api.nasdaq.com/api/screener/etf?download=true,True,,,
SWP,SWP,SWP Growth & Income ETF,,,,,,,,,,nasdaq,https://api.nasdaq.com/api/screener/etf?download=true,True,,,
SXQG,SXQG,ETC 6 Meridian Quality Growth ETF,,,,,,,,,,nasdaq,https://api.nasdaq.com/api/screener/etf?download=true,True,,,
SYFI,SYFI,AB Active ETFs Inc. AB Short Duration High Yield ETF,,,,,,,,,,nasdaq,https://api.nasdaq.com/api/screener/etf?download=true,True,,,
SYLD,SYLD,Cambria Shareholder Yield ETF,,,,,,,,,,nasdaq,https://api.nasdaq.com/api/screener/etf?download=true,True,,,
SYSB,SYSB,iShares Systematic Bond ETF,,,,,,,,,,nasdaq,https://api.nasdaq.com/api/screener/etf?download=true,True,,,
SYZ,SYZ,Lazard US Systematic Small Cap Equity ETF,,,,,,,,,,nasdaq,https://api.nasdaq.com/api/screener/etf?download=true,True,,,
SZK,SZK,ProShares UltraShort Consumer Staples,,,,,,,,,,nasdaq,https://api.nasdaq.com/api/screener/etf?download=true,True,,,
TACK,TACK,Capitol Series Trust Fairlead Tactical Sector ETF,,,,,,,,,,nasdaq,https://api.nasdaq.com/api/screener/etf?download=true,True,,,
TAFI,TAFI,AB Active ETFs Inc. AB Tax-Aware Short Duration Municipal ETF,,,,,,,,,,nasdaq,https://api.nasdaq.com/api/screener/etf?download=true,True,,,
TAFL,TAFL,AB Active ETFs Inc. AB Tax-Aware Long Municipal ETF,,,,,,,,,,nasdaq,https://api.nasdaq.com/api/screener/etf?download=true,True,,,
TAFM,TAFM,AB Active ETFs Inc. AB Tax-Aware Intermediate Municipal ETF,,,,,,,,,,nasdaq,https://api.nasdaq.com/api/screener/etf?download=true,True,,,
TAGG,TAGG,T. Rowe Price QM U.S. Bond ETF,,,,,,,,,,nasdaq,https://api.nasdaq.com/api/screener/etf?download=true,True,,,
TAGS,TAGS,Teucrium Agricultural Fund ETV,0001471824,,,NYSE,,,,,,nasdaq,https://api.nasdaq.com/api/screener/etf?download=true,True,,,
TAIL,TAIL,Cambria Tail Risk ETF,,,,,,,,,,nasdaq,https://api.nasdaq.com/api/screener/etf?download=true,True,,,
TAN,TAN,Invesco Solar ETF,,,,,,,,,,nasdaq,https://api.nasdaq.com/api/screener/etf?download=true,True,,,
TAOZ,TAOZ,Thornburg American Opportunities Fund,,,,,,,,,,nasdaq,https://api.nasdaq.com/api/screener/etf?download=true,True,,,
TAPR,TAPR,Innovator ETFs Trust Innovator Equity Defined Protection ETF -,0000312070,,,CBOE,,,,,,nasdaq,https://api.nasdaq.com/api/screener/etf?download=true,True,,,
TARK,TARK,Tradr 2X Long Innovation ETF,,,,,,,,,,nasdaq,https://api.nasdaq.com/api/screener/etf?download=true,True,,,
TAX,TAX,Cambria Tax Aware ETF,,,,,,,,,,nasdaq,https://api.nasdaq.com/api/screener/etf?download=true,True,,,
TAXE,TAXE,Intermediate Municipal Income ETF,,,,,,,,,,nasdaq,https://api.nasdaq.com/api/screener/etf?download=true,True,,,
TAXF,TAXF,American Century Diversified Municipal Bond ETF,,,,,,,,,,nasdaq,https://api.nasdaq.com/api/screener/etf?download=true,True,,,
TAXI,TAXI,Northern Trust Intermediate Tax-Exempt Bond ETF,,,,,,,,,,nasdaq,https://api.nasdaq.com/api/screener/etf?download=true,True,,,
TAXM,TAXM,BondBloxx ETF Trust BondBloxx IR+M Tax-Aware ETF for Massachus,,,,,,,,,,nasdaq,https://api.nasdaq.com/api/screener/etf?download=true,True,,,
TAXS,TAXS,Northern Trust Short-Term Tax-Exempt Bond ETF,,,,,,,,,,nasdaq,https://api.nasdaq.com/api/screener/etf?download=true,True,,,
TAXT,TAXT,Northern Trust Tax-Exempt Bond ETF,,,,,,,,,,nasdaq,https://api.nasdaq.com/api/screener/etf?download=true,True,,,
TAXX,TAXX,BondBloxx ETF Trust BondBloxx IR+M Tax-Aware Short Duration ET,,,,,,,,,,nasdaq,https://api.nasdaq.com/api/screener/etf?download=true,True,,,
TBF,TBF,ProShares Short 20+ Year Treasury,,,,,,,,,,nasdaq,https://api.nasdaq.com/api/screener/etf?download=true,True,,,
TBFC,TBFC,ETF Series Solutions The Brinsmere Fund  Conservative ETF,,,,,,,,,,nasdaq,https://api.nasdaq.com/api/screener/etf?download=true,True,,,
TBFG,TBFG,ETF Series Solutions The Brinsmere Fund Growth ETF,,,,,,,,,,nasdaq,https://api.nasdaq.com/api/screener/etf?download=true,True,,,
TBG,TBG,EA Series Trust TBG Dividend Focus ETF,,,,,,,,,,nasdaq,https://api.nasdaq.com/api/screener/etf?download=true,True,,,
TBIL,TBIL,F/m US Treasury 3 Month Bill Fund,,,,,,,,,,nasdaq,https://api.nasdaq.com/api/screener/etf?download=true,True,,,
TBJL,TBJL,Innovator 20  Year Treasury Bond 9 Buffer ETF - July,,,,,,,,,,nasdaq,https://api.nasdaq.com/api/screener/etf?download=true,True,,,
TBLL,TBLL,Invesco Short Term Treasury ETF,,,,,,,,,,nasdaq,https://api.nasdaq.com/api/screener/etf?download=true,True,,,
TBLU,TBLU,Tortoise Global Water ETF,,,,,,,,,,nasdaq,https://api.nasdaq.com/api/screener/etf?download=true,True,,,
TBT,TBT,ProShares UltraShort Lehman 20  Year Treasury,,,,,,,,,,nasdaq,https://api.nasdaq.com/api/screener/etf?download=true,True,,,
TBUX,TBUX,T. Rowe Price Ultra Short-Term Bond ETF,,,,,,,,,,nasdaq,https://api.nasdaq.com/api/screener/etf?download=true,True,,,
TBX,TBX,ProShares Short 7 10 Year Treasury,,,,,,,,,,nasdaq,https://api.nasdaq.com/api/screener/etf?download=true,True,,,
TCAF,TCAF,T. Rowe Price Exchange-Traded Funds Inc. T. Rowe Price Capita,,,,,,,,,,nasdaq,https://api.nasdaq.com/api/screener/etf?download=true,True,,,
TCAI,TCAI,Tortoise Capital Series Trust Tortoise AI Infrastructure ETF,,,,,,,,,,nasdaq,https://api.nasdaq.com/api/screener/etf?download=true,True,,,
TCAL,TCAL,T. Rowe Price Exchange-Traded Funds Inc. T. Rowe Price Capita,,,,,,,,,,nasdaq,https://api.nasdaq.com/api/screener/etf?download=true,True,,,
TCAN,TCAN,21Shares Canton Network ETF,,,,,,,,,,nasdaq,https://api.nasdaq.com/api/screener/etf?download=true,True,,,
TCHI,TCHI,iShares MSCI China Multisector Tech ETF,,,,,,,,,,nasdaq,https://api.nasdaq.com/api/screener/etf?download=true,True,,,
TCHP,TCHP,T. Rowe Price Blue Chip Growth ETF,,,,,,,,,,nasdaq,https://api.nasdaq.com/api/screener/etf?download=true,True,,,
TCPB,TCPB,Thrivent ETF Trust Thrivent Core Plus Bond ETF,,,,,,,,,,nasdaq,https://api.nasdaq.com/api/screener/etf?download=true,True,,,
TCV,TCV,EA Series Trust Towle Value ETF,,,,,,,,,,nasdaq,https://api.nasdaq.com/api/screener/etf?download=true,True,,,
TDAQ,TDAQ,ETF Opportunities Trust TappAlpha Innovation 100 Growth & Dail,,,,,,,,,,nasdaq,https://api.nasdaq.com/api/screener/etf?download=true,True,,,
TDAX,TDAX,ETF Opportunities Trust TDAQ Lift ETF,,,,,,,,,,nasdaq,https://api.nasdaq.com/api/screener/etf?download=true,True,,,
TDEC,TDEC,First Trust Exchange-Traded Fund VIII FT Vest Emerging Markets,,,,,,,,,,nasdaq,https://api.nasdaq.com/api/screener/etf?download=true,True,,,
TDI,TDI,Touchstone Dynamic International ETF,,,,,,,,,,nasdaq,https://api.nasdaq.com/api/screener/etf?download=true,True,,,
TDIV,TDIV,First Trust NASDAQ Technology Dividend Index Fund,,,,,,,,,,nasdaq,https://api.nasdaq.com/api/screener/etf?download=true,True,,,
TDOG,TDOG,21Shares Dogecoin ETF,0002064314,,,Nasdaq,,,,,,nasdaq,https://api.nasdaq.com/api/screener/etf?download=true,True,,,
TDOT,TDOT,21shares Polkadot ETF,,,,,,,,,,nasdaq,https://api.nasdaq.com/api/screener/etf?download=true,True,,,
TDSB,TDSB,ETC Cabana Target Beta ETF,,,,,,,,,,nasdaq,https://api.nasdaq.com/api/screener/etf?download=true,True,,,
TDSC,TDSC,ETC Cabana Target Drawdown 10 ETF,,,,,,,,,,nasdaq,https://api.nasdaq.com/api/screener/etf?download=true,True,,,
TDTF,TDTF,FlexShares iBoxx 5 Year Target Duration TIPS Index Fund,,,,,,,,,,nasdaq,https://api.nasdaq.com/api/screener/etf?download=true,True,,,
TDTT,TDTT,FlexShares iBoxx 3 Year Target Duration TIPS Index Fund,,,,,,,,,,nasdaq,https://api.nasdaq.com/api/screener/etf?download=true,True,,,
TDV,TDV,ProShares S&P Technology Dividend Aristocrats ETF,,,,,,,,,,nasdaq,https://api.nasdaq.com/api/screener/etf?download=true,True,,,
TDVG,TDVG,T. Rowe Price Dividend Growth ETF,,,,,,,,,,nasdaq,https://api.nasdaq.com/api/screener/etf?download=true,True,,,
TDVI,TDVI,FT Vest Technology Dividend Target Income ETF,,,,,,,,,,nasdaq,https://api.nasdaq.com/api/screener/etf?download=true,True,,,
TEC,TEC,Harbor ETF Trust Harbor Transformative Technologies ETF,,,,,,,,,,nasdaq,https://api.nasdaq.com/api/screener/etf?download=true,True,,,
TECB,TECB,iShares U.S. Tech Breakthrough Multisector ETF,,,,,,,,,,nasdaq,https://api.nasdaq.com/api/screener/etf?download=true,True,,,
TECL,TECL,Direxion Daily Technology Bull 3X ETF,,,,,,,,,,nasdaq,https://api.nasdaq.com/api/screener/etf?download=true,True,,,
TECS,TECS,Direxion Daily Technology Bear 3X ETF,,,,,,,,,,nasdaq,https://api.nasdaq.com/api/screener/etf?download=true,True,,,
TEK,TEK,BlackRock ETF Trust iShares Technology Opportunities Active ET,,,,,,,,,,nasdaq,https://api.nasdaq.com/api/screener/etf?download=true,True,,,
TEKX,TEKX,State Street Galaxy Transformative Tech Accelerators ETF,,,,,,,,,,nasdaq,https://api.nasdaq.com/api/screener/etf?download=true,True,,,
TEKY,TEKY,Lazard Next Gen Technologies ETF,,,,,,,,,,nasdaq,https://api.nasdaq.com/api/screener/etf?download=true,True,,,
TEMT,TEMT,Tradr 2X Long TEM Daily ETF,,,,,,,,,,nasdaq,https://api.nasdaq.com/api/screener/etf?download=true,True,,,
TEMX,TEMX,Touchstone ETF Trust Touchstone Sands Capital Emerging Markets,,,,,,,,,,nasdaq,https://api.nasdaq.com/api/screener/etf?download=true,True,,,
TEQI,TEQI,T. Rowe Price Equity Income ETF,,,,,,,,,,nasdaq,https://api.nasdaq.com/api/screener/etf?download=true,True,,,
TERG,TERG,Leverage Shares 2x Long TER Daily ETF,,,,,,,,,,nasdaq,https://api.nasdaq.com/api/screener/etf?download=true,True,,,
TESL,TESL,Simplify Volt TSLA Revolution ETF,,,,,,,,,,nasdaq,https://api.nasdaq.com/api/screener/etf?download=true,True,,,
TETH,TETH,21Shares Ethereum ETF,0001992508,,,CBOE,,,,,,nasdaq,https://api.nasdaq.com/api/screener/etf?download=true,True,,,
TEXN,TEXN,iShares Texas Equity ETF,,,,,,,,,,nasdaq,https://api.nasdaq.com/api/screener/etf?download=true,True,,,
TEXX,TEXX,Horizon Kinetics Texas ETF,,,,,,,,,,nasdaq,https://api.nasdaq.com/api/screener/etf?download=true,True,,,
TFGZ,TFGZ,Thornburg Focus Growth Fund,,,,,,,,,,nasdaq,https://api.nasdaq.com/api/screener/etf?download=true,True,,,
TFI,TFI,State Street SPDR Nuveen ICE Municipal Bond ETF,,,,,,,,,,nasdaq,https://api.nasdaq.com/api/screener/etf?download=true,True,,,
TFJL,TFJL,Innovator 20  Year Treasury Bond 5 Floor ETF - July,,,,,,,,,,nasdaq,https://api.nasdaq.com/api/screener/etf?download=true,True,,,
TFLO,TFLO,iShares Treasury Floating Rate Bond ETF,,,,,,,,,,nasdaq,https://api.nasdaq.com/api/screener/etf?download=true,True,,,
TFLR,TFLR,T. Rowe Price Exchange-Traded Funds Inc. T. Rowe Price Floati,,,,,,,,,,nasdaq,https://api.nasdaq.com/api/screener/etf?download=true,True,,,
TFNS,TFNS,T. Rowe Price Financials ETF,,,,,,,,,,nasdaq,https://api.nasdaq.com/api/screener/etf?download=true,True,,,
TFPN,TFPN,Blueprint Chesapeake Multi-Asset Trend ETF,,,,,,,,,,nasdaq,https://api.nasdaq.com/api/screener/etf?download=true,True,,,
TGLB,TGLB,T. Rowe Price Exchange-Traded Funds Inc. T. Rowe Price Global,,,,,,,,,,nasdaq,https://api.nasdaq.com/api/screener/etf?download=true,True,,,
TGLR,TGLR,Wedbush Series Trust Wedbush LAFFER TENGLER New Era Value ETF,,,,,,,,,,nasdaq,https://api.nasdaq.com/api/screener/etf?download=true,True,,,
TGRT,TGRT,T. Rowe Price Exchange-Traded Funds Inc. T. Rowe Price Growth,,,,,,,,,,nasdaq,https://api.nasdaq.com/api/screener/etf?download=true,True,,,
TGRW,TGRW,T. Rowe Price Growth Stock ETF,,,,,,,,,,nasdaq,https://api.nasdaq.com/api/screener/etf?download=true,True,,,
THD,THD,iShares Inc iShares MSCI Thailand ETF,,,,,,,,,,nasdaq,https://api.nasdaq.com/api/screener/etf?download=true,True,,,
THEQ,THEQ,T. Rowe Price Exchange-Traded Funds Inc. T. Rowe Price Hedged,,,,,,,,,,nasdaq,https://api.nasdaq.com/api/screener/etf?download=true,True,,,
THIR,THIR,THOR Financial Technologies Trust THOR Index Rotation ETF,,,,,,,,,,nasdaq,https://api.nasdaq.com/api/screener/etf?download=true,True,,,
THLV,THLV,THOR Equal Weight Low Volatility ETF,,,,,,,,,,nasdaq,https://api.nasdaq.com/api/screener/etf?download=true,True,,,
THMZ,THMZ,Lazard Equity Megatrends ETF,,,,,,,,,,nasdaq,https://api.nasdaq.com/api/screener/etf?download=true,True,,,
THNQ,THNQ,ROBO Global Artificial Intelligence ETF,,,,,,,,,,nasdaq,https://api.nasdaq.com/api/screener/etf?download=true,True,,,
THNR,THNR,Amplify ETF Trust Amplify Weight Loss Drug & Treatment ETF,,,,,,,,,,nasdaq,https://api.nasdaq.com/api/screener/etf?download=true,True,,,
THRO,THRO,iShares U.S. Thematic Rotation Active ETF,,,,,,,,,,nasdaq,https://api.nasdaq.com/api/screener/etf?download=true,True,,,
THRV,THRV,Prospera Income ETF,,,,,,,,,,nasdaq,https://api.nasdaq.com/api/screener/etf?download=true,True,,,
THTA,THTA,SoFi Enhanced Yield ETF,,,,,,,,,,nasdaq,https://api.nasdaq.com/api/screener/etf?download=true,True,,,
THY,THY,Toews Agility Shares Dynamic Tactical Income ETF,,,,,,,,,,nasdaq,https://api.nasdaq.com/api/screener/etf?download=true,True,,,
THYF,THYF,T. Rowe Price Exchange-Traded Funds Inc. T. Rowe Price U.S. H,,,,,,,,,,nasdaq,https://api.nasdaq.com/api/screener/etf?download=true,True,,,
THYM,THYM,T. Rowe Price High Income Municipal ETF,,,,,,,,,,nasdaq,https://api.nasdaq.com/api/screener/etf?download=true,True,,,
THYP,THYP,21shares Hyperliquid ETF,0002090011,,,Nasdaq,,,,,,nasdaq,https://api.nasdaq.com/api/screener/etf?download=true,True,,,
TIER,TIER,T. Rowe Price Exchange-Traded Funds Inc. T. Rowe Price Intern,,,,,,,,,,nasdaq,https://api.nasdaq.com/api/screener/etf?download=true,True,,,
TIIV,TIIV,ETF Series Solutions AAM Todd International Intrinsic Value ET,,,,,,,,,,nasdaq,https://api.nasdaq.com/api/screener/etf?download=true,True,,,
TILL,TILL,Listed Funds Trust Teucrium Agricultural Strategy No K-1 ETF,,,,,,,,,,nasdaq,https://api.nasdaq.com/api/screener/etf?download=true,True,,,
TILT,TILT,FlexShares Mornigstar US Market Factors Tilt Index Fund ETF,,,,,,,,,,nasdaq,https://api.nasdaq.com/api/screener/etf?download=true,True,,,
TIME,TIME,Clockwise U.S. Core Equity ETF,,,,,,,,,,nasdaq,https://api.nasdaq.com/api/screener/etf?download=true,True,,,
TINT,TINT,ProShares Smart Materials ETF,,,,,,,,,,nasdaq,https://api.nasdaq.com/api/screener/etf?download=true,True,,,
TINY,TINY,ProShares Nanotechnology ETF,,,,,,,,,,nasdaq,https://api.nasdaq.com/api/screener/etf?download=true,True,,,
TIP,TIP,iShares TIPS Bond ETF,,,,,,,,,,nasdaq,https://api.nasdaq.com/api/screener/etf?download=true,True,,,
TIPA,TIPA,Northern Funds Northern Trust 2030 Inflation-Linked Distributi,,,,,,,,,,nasdaq,https://api.nasdaq.com/api/screener/etf?download=true,True,,,
TIPB,TIPB,Northern Funds Northern Trust 2035 Inflation-Linked Distributi,,,,,,,,,,nasdaq,https://api.nasdaq.com/api/screener/etf?download=true,True,,,
TIPC,TIPC,Northern Funds Northern Trust 2045 Inflation-Linked Distributi,,,,,,,,,,nasdaq,https://api.nasdaq.com/api/screener/etf?download=true,True,,,
TIPD,TIPD,Northern Funds Northern Trust 2055 Inflation-Linked Distributi,,,,,,,,,,nasdaq,https://api.nasdaq.com/api/screener/etf?download=true,True,,,
TIPX,TIPX,State Street SPDR Bloomberg 1a??10 Year TIPS ETF,,,,,,,,,,nasdaq,https://api.nasdaq.com/api/screener/etf?download=true,True,,,
TIPZ,TIPZ,PIMCO Broad U.S. TIPS Index Exchange-Traded Fund,,,,,,,,,,nasdaq,https://api.nasdaq.com/api/screener/etf?download=true,True,,,
TJAN,TJAN,Innovator ETFs Trust Innovator Equity Defined Protection ETF -,,,,,,,,,,nasdaq,https://api.nasdaq.com/api/screener/etf?download=true,True,,,
TJUL,TJUL,Innovator Equity Defined Protection ETF - 2 Yr to July 2027,,,,,,,,,,nasdaq,https://api.nasdaq.com/api/screener/etf?download=true,True,,,
TJUN,TJUN,First Trust Exchange-Traded Fund VIII FT Vest Emerging Markets,,,,,,,,,,nasdaq,https://api.nasdaq.com/api/screener/etf?download=true,True,,,
TKNS,TKNS,21Shares Active Crypto ETF,,,,,,,,,,nasdaq,https://api.nasdaq.com/api/screener/etf?download=true,True,,,
TLA,TLA,GraniteShares Autocallable TSLA ETF,,,,,,,,,,nasdaq,https://api.nasdaq.com/api/screener/etf?download=true,True,,,
TLCI,TLCI,Touchstone ETF Trust Touchstone International Equity ETF,,,,,,,,,,nasdaq,https://api.nasdaq.com/api/screener/etf?download=true,True,,,
TLG,TLG,Touchstone Large Company Growth ETF,,,,,,,,,,nasdaq,https://api.nasdaq.com/api/screener/etf?download=true,True,,,
TLH,TLH,iShares 10-20 Year Treasury Bond ETF,,,,,,,,,,nasdaq,https://api.nasdaq.com/api/screener/etf?download=true,True,,,
TLT,TLT,iShares 20+ Year Treasury Bond ETF,,,,,,,,,,nasdaq,https://api.nasdaq.com/api/screener/etf?download=true,True,,,
TLTD,TLTD,FlexShares Morningstar Developed Markets ex-US Factor Tilt Ind,,,,,,,,,,nasdaq,https://api.nasdaq.com/api/screener/etf?download=true,True,,,
TLTE,TLTE,FlexShares Morningstar Emerging Markets Factor Tilt Index Fund,,,,,,,,,,nasdaq,https://api.nasdaq.com/api/screener/etf?download=true,True,,,
TLTI,TLTI,NEOS ETF Trust NEOS Enhanced Income 20+ Year Treasury Bond ETF,,,,,,,,,,nasdaq,https://api.nasdaq.com/api/screener/etf?download=true,True,,,
TLTP,TLTP,Amplify TLT U.S. Treasury 12% Option Income ETF,,,,,,,,,,nasdaq,https://api.nasdaq.com/api/screener/etf?download=true,True,,,
TLTW,TLTW,iShares Trust iShares 20+ Year Treasury Bond BuyWrite Strategy,,,,,,,,,,nasdaq,https://api.nasdaq.com/api/screener/etf?download=true,True,,,
TLTX,TLTX,Global X Funds Global X Treasury Bond Enhanced Income ETF,,,,,,,,,,nasdaq,https://api.nasdaq.com/api/screener/etf?download=true,True,,,
TMAR,TMAR,First Trust Exchange-Traded Fund VIII FT Vest Emerging Markets,,,,,,,,,,nasdaq,https://api.nasdaq.com/api/screener/etf?download=true,True,,,
TMAT,TMAT,Main Thematic Innovation ETF,,,,,,,,,,nasdaq,https://api.nasdaq.com/api/screener/etf?download=true,True,,,
TMB,TMB,Thornburg Multi Sector Bond ETF,,,,,,,,,,nasdaq,https://api.nasdaq.com/api/screener/etf?download=true,True,,,
TMDV,TMDV,ProShares Russell US Dividend Growers ETF,,,,,,,,,,nasdaq,https://api.nasdaq.com/api/screener/etf?download=true,True,,,
TMED,TMED,T. Rowe Price Health Care ETF,,,,,,,,,,nasdaq,https://api.nasdaq.com/api/screener/etf?download=true,True,,,
TMET,TMET,iShares Transition-Enabling Metals ETF,,,,,,,,,,nasdaq,https://api.nasdaq.com/api/screener/etf?download=true,True,,,
TMF,TMF,Direxion Daily 20+ Year Treasury Bull 3X ETF,,,,,,,,,,nasdaq,https://api.nasdaq.com/api/screener/etf?download=true,True,,,
TMFC,TMFC,Motley Fool 100 Index ETF,,,,,,,,,,nasdaq,https://api.nasdaq.com/api/screener/etf?download=true,True,,,
TMFE,TMFE,The RBB Fund Inc. Motley Fool Capital Efficiency 100 Index ET,,,,,,,,,,nasdaq,https://api.nasdaq.com/api/screener/etf?download=true,True,,,
TMFG,TMFG,Motley Fool Global Opportunities ETF,,,,,,,,,,nasdaq,https://api.nasdaq.com/api/screener/etf?download=true,True,,,
TMFM,TMFM,Motley Fool Mid-Cap Growth ETF,,,,,,,,,,nasdaq,https://api.nasdaq.com/api/screener/etf?download=true,True,,,
TMFS,TMFS,Motley Fool Small-Cap Growth ETF,,,,,,,,,,nasdaq,https://api.nasdaq.com/api/screener/etf?download=true,True,,,
TMFX,TMFX,The RBB Fund Inc. Motley Fool Next Index ETF,,,,,,,,,,nasdaq,https://api.nasdaq.com/api/screener/etf?download=true,True,,,
TMH,TMH,Precidian ETFs Trust Toyota Motor Corporation ADRhedged,,,,,,,,,,nasdaq,https://api.nasdaq.com/api/screener/etf?download=true,True,,,
TMNL,TMNL,T. Rowe Price Long Municipal Income ETF,,,,,,,,,,nasdaq,https://api.nasdaq.com/api/screener/etf?download=true,True,,,
TMNS,TMNS,T. Rowe Price Short Municipal Income ETF,,,,,,,,,,nasdaq,https://api.nasdaq.com/api/screener/etf?download=true,True,,,
TMSF,TMSF,T. Rowe Price Multi-Sector Income ETF,,,,,,,,,,nasdaq,https://api.nasdaq.com/api/screener/etf?download=true,True,,,
TMSL,TMSL,T. Rowe Price Exchange-Traded Funds Inc. T. Rowe Price Small-,,,,,,,,,,nasdaq,https://api.nasdaq.com/api/screener/etf?download=true,True,,,
TMV,TMV,Direxion Daily 20+ Year Treasury Bear 3X ETF,,,,,,,,,,nasdaq,https://api.nasdaq.com/api/screener/etf?download=true,True,,,
TNA,TNA,Direxion Daily Small Cap Bull 3X ETF,,,,,,,,,,nasdaq,https://api.nasdaq.com/api/screener/etf?download=true,True,,,
TNXT,TNXT,T. Rowe Price Innovation Leaders ETF,,,,,,,,,,nasdaq,https://api.nasdaq.com/api/screener/etf?download=true,True,,,
TOAK,TOAK,Manager Directed Portfolios Twin Oak Short Horizon Absolute Re,,,,,,,,,,nasdaq,https://api.nasdaq.com/api/screener/etf?download=true,True,,,
TOCT,TOCT,Innovator ETFs Trust Innovator Equity Defined Protection ETF -,,,,,,,,,,nasdaq,https://api.nasdaq.com/api/screener/etf?download=true,True,,,
TOGA,TOGA,Managed Portfolio Series Tremblant Global ETF,,,,,,,,,,nasdaq,https://api.nasdaq.com/api/screener/etf?download=true,True,,,
TOK,TOK,iShares MSCI Kokusai ETF,,,,,,,,,,nasdaq,https://api.nasdaq.com/api/screener/etf?download=true,True,,,
TOLL,TOLL,Tema ETF Trust Tema Monopolies and Oligopolies ETF,,,,,,,,,,nasdaq,https://api.nasdaq.com/api/screener/etf?download=true,True,,,
TOLZ,TOLZ,ProShares DJ Brookfield Global Infrastructure ETF,,,,,,,,,,nasdaq,https://api.nasdaq.com/api/screener/etf?download=true,True,,,
TOPC,TOPC,iShares Trust iShares S&P 500 3% Capped ETF,,,,,,,,,,nasdaq,https://api.nasdaq.com/api/screener/etf?download=true,True,,,
TOPT,TOPT,iShares Trust iShares Top 20 U.S. Stocks ETF,,,,,,,,,,nasdaq,https://api.nasdaq.com/api/screener/etf?download=true,True,,,
TOPW,TOPW,Roundhill Top WeeklyPay ETF,,,,,,,,,,nasdaq,https://api.nasdaq.com/api/screener/etf?download=true,True,,,
TOT,TOT,Advisor Managed Portfolios LionShares U.S. Equity Total Return,,,,,,,,,,nasdaq,https://api.nasdaq.com/api/screener/etf?download=true,True,,,
TOTL,TOTL,State Street DoubleLine Total Return Tactical ETF,,,,,,,,,,nasdaq,https://api.nasdaq.com/api/screener/etf?download=true,True,,,
TOTR,TOTR,T. Rowe Price Total Return ETF,,,,,,,,,,nasdaq,https://api.nasdaq.com/api/screener/etf?download=true,True,,,
TOUS,TOUS,T. Rowe Price Exchange-Traded Funds Inc. T. Rowe Price Intern,,,,,,,,,,nasdaq,https://api.nasdaq.com/api/screener/etf?download=true,True,,,
TOV,TOV,EA Series Trust JLens 500 Jewish Advocacy U.S. ETF,,,,,,,,,,nasdaq,https://api.nasdaq.com/api/screener/etf?download=true,True,,,
TPHD,TPHD,Timothy Plan High Dividend Stock ETF,,,,,,,,,,nasdaq,https://api.nasdaq.com/api/screener/etf?download=true,True,,,
TPIF,TPIF,Timothy Plan International ETF,,,,,,,,,,nasdaq,https://api.nasdaq.com/api/screener/etf?download=true,True,,,
TPLC,TPLC,Timothy Plan US Large/Mid Cap Core ETF,,,,,,,,,,nasdaq,https://api.nasdaq.com/api/screener/etf?download=true,True,,,
TPLS,TPLS,Thornburg Core Plus Bond ETF,,,,,,,,,,nasdaq,https://api.nasdaq.com/api/screener/etf?download=true,True,,,
TPOR,TPOR,Direxion Daily Transportation Bull 3X ETF,,,,,,,,,,nasdaq,https://api.nasdaq.com/api/screener/etf?download=true,True,,,
TPSC,TPSC,Timothy Plan US Small Cap Core ETF,,,,,,,,,,nasdaq,https://api.nasdaq.com/api/screener/etf?download=true,True,,,
TPYP,TPYP,Tortoise North American Pipeline ETF,,,,,,,,,,nasdaq,https://api.nasdaq.com/api/screener/etf?download=true,True,,,
TPZ,TPZ,Tortoise Electrification Infrastructure ETF,,,,,,,,,,nasdaq,https://api.nasdaq.com/api/screener/etf?download=true,True,,,
TQQQ,TQQQ,ProShares UltraPro QQQ,,,,,,,,,,nasdaq,https://api.nasdaq.com/api/screener/etf?download=true,True,,,
TQQY,TQQY,GraniteShares YieldBOOST QQQ ETF,,,,,,,,,,nasdaq,https://api.nasdaq.com/api/screener/etf?download=true,True,,,
TRBF,TRBF,Angel Oak Total Return ETF,,,,,,,,,,nasdaq,https://api.nasdaq.com/api/screener/etf?download=true,True,,,
TRFK,TRFK,Pacer Funds Pacer Data and Digital Revolution ETF,,,,,,,,,,nasdaq,https://api.nasdaq.com/api/screener/etf?download=true,True,,,
TRFM,TRFM,ETF Series Solutions AAM Transformers ETF,,,,,,,,,,nasdaq,https://api.nasdaq.com/api/screener/etf?download=true,True,,,
TRIO,TRIO,EA Series Trust MC Trio Equity Buffered ETF,,,,,,,,,,nasdaq,https://api.nasdaq.com/api/screener/etf?download=true,True,,,
TRND,TRND,Pacer Trendpilot Fund of Funds ETF,,,,,,,,,,nasdaq,https://api.nasdaq.com/api/screener/etf?download=true,True,,,
TRPA,TRPA,Hartford AAA CLO ETF,,,,,,,,,,nasdaq,https://api.nasdaq.com/api/screener/etf?download=true,True,,,
TRSY,TRSY,DBX ETF Trust Xtrackers US 0-1 Year Treasury ETF,,,,,,,,,,nasdaq,https://api.nasdaq.com/api/screener/etf?download=true,True,,,
TRTY,TRTY,Cambria Trinity ETF,,,,,,,,,,nasdaq,https://api.nasdaq.com/api/screener/etf?download=true,True,,,
TRUC,TRUC,VanEck Communication Services TruSector ETF,,,,,,,,,,nasdaq,https://api.nasdaq.com/api/screener/etf?download=true,True,,,
TRUD,TRUD,VanEck Consumer Discretionary TruSector ETF,,,,,,,,,,nasdaq,https://api.nasdaq.com/api/screener/etf?download=true,True,,,
TRUT,TRUT,VanEck Technology TruSector ETF,,,,,,,,,,nasdaq,https://api.nasdaq.com/api/screener/etf?download=true,True,,,
TSCM,TSCM,TimesSquare Quality Mid Cap Growth ETF,,,,,,,,,,nasdaq,https://api.nasdaq.com/api/screener/etf?download=true,True,,,
TSDD,TSDD,GraniteShares 2x Short TSLA Daily ETF,,,,,,,,,,nasdaq,https://api.nasdaq.com/api/screener/etf?download=true,True,,,
TSEC,TSEC,Touchstone ETF Trust Touchstone Securitized Income ETF,,,,,,,,,,nasdaq,https://api.nasdaq.com/api/screener/etf?download=true,True,,,
TSEL,TSEL,Touchstone Sands Capital US Select Growth ETF,,,,,,,,,,nasdaq,https://api.nasdaq.com/api/screener/etf?download=true,True,,,
TSEP,TSEP,First Trust Exchange-Traded Fund VIII FT Vest Emerging Market ,,,,,,,,,,nasdaq,https://api.nasdaq.com/api/screener/etf?download=true,True,,,
TSII,TSII,REX TSLA Growth & Income ETF,,,,,,,,,,nasdaq,https://api.nasdaq.com/api/screener/etf?download=true,True,,,
TSL,TSL,GraniteShares 1.25x Long TSLA Daily ETF,,,,,,,,,,nasdaq,https://api.nasdaq.com/api/screener/etf?download=true,True,,,
TSLG,TSLG,Leverage Shares 2X Long TSLA Daily ETF,,,,,,,,,,nasdaq,https://api.nasdaq.com/api/screener/etf?download=true,True,,,
TSLL,TSLL,Direxion Daily TSLA Bull 2X ETF,,,,,,,,,,nasdaq,https://api.nasdaq.com/api/screener/etf?download=true,True,,,
TSLO,TSLO,Themes ETF Trust Leverage Shares 2x Capped Accelerated TSLA Mo,,,,,,,,,,nasdaq,https://api.nasdaq.com/api/screener/etf?download=true,True,,,
TSLP,TSLP,Kurv Yield Premium Strategy Tesla (TSLA) ETF,,,,,,,,,,nasdaq,https://api.nasdaq.com/api/screener/etf?download=true,True,,,
TSLQ,TSLQ,Tradr 2X Short TSLA Daily ETF,,,,,,,,,,nasdaq,https://api.nasdaq.com/api/screener/etf?download=true,True,,,
TSLR,TSLR,GraniteShares 2x Long TSLA Daily ETF,,,,,,,,,,nasdaq,https://api.nasdaq.com/api/screener/etf?download=true,True,,,
TSLS,TSLS,Direxion Daily TSLA Bear 1X ETF,,,,,,,,,,nasdaq,https://api.nasdaq.com/api/screener/etf?download=true,True,,,
TSLT,TSLT,ETF Opportunities Trust T-REX 2X Long Tesla Daily Target ETF,,,,,,,,,,nasdaq,https://api.nasdaq.com/api/screener/etf?download=true,True,,,
TSLW,TSLW,Roundhill ETF Trust Roundhill TSLA WeeklyPay ETF,,,,,,,,,,nasdaq,https://api.nasdaq.com/api/screener/etf?download=true,True,,,
TSLY,TSLY,Tidal ETF Trust II YieldMax TSLA Option Income Strategy ETF,,,,,,,,,,nasdaq,https://api.nasdaq.com/api/screener/etf?download=true,True,,,
TSLZ,TSLZ,ETF Opportunities Trust T-Rex 2X Inverse Tesla Daily Target ET,,,,,,,,,,nasdaq,https://api.nasdaq.com/api/screener/etf?download=true,True,,,
TSME,TSME,Thrivent Small-Mid Cap Equity ETF,,,,,,,,,,nasdaq,https://api.nasdaq.com/api/screener/etf?download=true,True,,,
TSMG,TSMG,Leverage Shares 2X Long TSM Daily ETF,,,,,,,,,,nasdaq,https://api.nasdaq.com/api/screener/etf?download=true,True,,,
TSMU,TSMU,GraniteShares 2x Long TSM Daily ETF,,,,,,,,,,nasdaq,https://api.nasdaq.com/api/screener/etf?download=true,True,,,
TSMX,TSMX,Direxion Daily TSM Bull 2X ETF,,,,,,,,,,nasdaq,https://api.nasdaq.com/api/screener/etf?download=true,True,,,
TSMY,TSMY,Tidal Trust II YieldMax TSM Option Income Strategy ETF,,,,,,,,,,nasdaq,https://api.nasdaq.com/api/screener/etf?download=true,True,,,
TSMZ,TSMZ,Direxion Daily TSM Bear 1X ETF,,,,,,,,,,nasdaq,https://api.nasdaq.com/api/screener/etf?download=true,True,,,
TSOL,TSOL,21shares Solana ETF,0002028834,,,CBOE,,,,,,nasdaq,https://api.nasdaq.com/api/screener/etf?download=true,True,,,
TSPA,TSPA,T. Rowe Price U.S. Equity Research ETF,,,,,,,,,,nasdaq,https://api.nasdaq.com/api/screener/etf?download=true,True,,,
TSPY,TSPY,TappAlpha S&P 500 Growth & Daily Income ETF,,,,,,,,,,nasdaq,https://api.nasdaq.com/api/screener/etf?download=true,True,,,
TSUI,TSUI,21Shares Sui ETF,0002061626,,,Nasdaq,,,,,,nasdaq,https://api.nasdaq.com/api/screener/etf?download=true,True,,,
TSYX,TSYX,TSPY Lift ETF,,,,,,,,,,nasdaq,https://api.nasdaq.com/api/screener/etf?download=true,True,,,
TSYY,TSYY,GraniteShares YieldBOOST TSLA ETF,,,,,,,,,,nasdaq,https://api.nasdaq.com/api/screener/etf?download=true,True,,,
TTDU,TTDU,ETF Opportunities Trust T-REX 2X Long TTD Daily Target ETF,,,,,,,,,,nasdaq,https://api.nasdaq.com/api/screener/etf?download=true,True,,,
TTEQ,TTEQ,T. Rowe Price Technology ETF,,,,,,,,,,nasdaq,https://api.nasdaq.com/api/screener/etf?download=true,True,,,
TTOP,TTOP,Listed Funds Trust 21Shares FTSE Crypto 10 Index ETF,,,,,,,,,,nasdaq,https://api.nasdaq.com/api/screener/etf?download=true,True,,,
TTT,TTT,ProShares UltraPro Short 20 Year Treasury,,,,,,,,,,nasdaq,https://api.nasdaq.com/api/screener/etf?download=true,True,,,
TUA,TUA,Simplify Exchange Traded Funds Simplify Short Term Treasury Fu,,,,,,,,,,nasdaq,https://api.nasdaq.com/api/screener/etf?download=true,True,,,
TUG,TUG,STF Tactical Growth ETF,,,,,,,,,,nasdaq,https://api.nasdaq.com/api/screener/etf?download=true,True,,,
TUGN,TUGN,STF Tactical Growth & Income ETF,,,,,,,,,,nasdaq,https://api.nasdaq.com/api/screener/etf?download=true,True,,,
TUR,TUR,iShares MSCI Turkey ETF,,,,,,,,,,nasdaq,https://api.nasdaq.com/api/screener/etf?download=true,True,,,
TURF,TURF,T. Rowe Price Natural Resources ETF,,,,,,,,,,nasdaq,https://api.nasdaq.com/api/screener/etf?download=true,True,,,
TUSB,TUSB,Thrivent ETF Trust Thrivent Ultra Short Bond ETF,,,,,,,,,,nasdaq,https://api.nasdaq.com/api/screener/etf?download=true,True,,,
TUSI,TUSI,Touchstone ETF Trust Touchstone Ultra Short Income ETF,,,,,,,,,,nasdaq,https://api.nasdaq.com/api/screener/etf?download=true,True,,,
TVAL,TVAL,T. Rowe Price Exchange-Traded Funds Inc. T. Rowe Price Value ,,,,,,,,,,nasdaq,https://api.nasdaq.com/api/screener/etf?download=true,True,,,
TWM,TWM,ProShares UltraShort Russell2000,,,,,,,,,,nasdaq,https://api.nasdaq.com/api/screener/etf?download=true,True,,,
TWOX,TWOX,iShares Large Cap Accelerated Outcome ETF,,,,,,,,,,nasdaq,https://api.nasdaq.com/api/screener/etf?download=true,True,,,
TXBC,TXBC,Listed Funds Trust 21Shares FTSE Crypto 10 ex-BTC Index ETF,,,,,,,,,,nasdaq,https://api.nasdaq.com/api/screener/etf?download=true,True,,,
TXS,TXS,Texas Capital Funds Trust Texas Capital Texas Equity Index ETF,,,,,,,,,,nasdaq,https://api.nasdaq.com/api/screener/etf?download=true,True,,,
TXUE,TXUE,Thornburg International Equity ETF,,,,,,,,,,nasdaq,https://api.nasdaq.com/api/screener/etf?download=true,True,,,
TXUG,TXUG,Thornburg International Growth Fund ETF,,,,,,,,,,nasdaq,https://api.nasdaq.com/api/screener/etf?download=true,True,,,
TXXD,TXXD,21Shares 2x Long Dogecoin ETF,,,,,,,,,,nasdaq,https://api.nasdaq.com/api/screener/etf?download=true,True,,,
TXXI,TXXI,BondBloxx ETF Trust BondBloxx IR+M Tax-Aware Intermediate Dura,,,,,,,,,,nasdaq,https://api.nasdaq.com/api/screener/etf?download=true,True,,,
TXXS,TXXS,21Shares 2x Long Sui ETF,,,,,,,,,,nasdaq,https://api.nasdaq.com/api/screener/etf?download=true,True,,,
TYA,TYA,Simplify Intermediate Term Treasury Futures Strategy ETF,,,,,,,,,,nasdaq,https://api.nasdaq.com/api/screener/etf?download=true,True,,,
TYD,TYD,Direxion Daily 7-10 Year Treasury Bull 3X ETF,,,,,,,,,,nasdaq,https://api.nasdaq.com/api/screener/etf?download=true,True,,,
TYLD,TYLD,Cambria ETF Trust Cambria Tactical Yield ETF,,,,,,,,,,nasdaq,https://api.nasdaq.com/api/screener/etf?download=true,True,,,
TYLG,TYLG,Global X Funds Global X Information Technology Covered Call & ,,,,,,,,,,nasdaq,https://api.nasdaq.com/api/screener/etf?download=true,True,,,
TYO,TYO,Direxion Daily 7-10 Year Treasury Bear 3X ETF,,,,,,,,,,nasdaq,https://api.nasdaq.com/api/screener/etf?download=true,True,,,
TZA,TZA,Direxion Daily Small Cap Bear 3X ETF,,,,,,,,,,nasdaq,https://api.nasdaq.com/api/screener/etf?download=true,True,,,
UAE,UAE,iShares MSCI UAE ETF,,,,,,,,,,nasdaq,https://api.nasdaq.com/api/screener/etf?download=true,True,,,
UAPR,UAPR,Innovator U.S. Equity Ultra Buffer ETF - April,,,,,,,,,,nasdaq,https://api.nasdaq.com/api/screener/etf?download=true,True,,,
UAUG,UAUG,Innovator U.S. Equity Ultra Buffer ETF - August,,,,,,,,,,nasdaq,https://api.nasdaq.com/api/screener/etf?download=true,True,,,
UBND,UBND,VictoryShares Core Plus Bond ETF,,,,,,,,,,nasdaq,https://api.nasdaq.com/api/screener/etf?download=true,True,,,
UBOT,UBOT,Direxion Daily Robotics Artificial Intelligence & Automation ,,,,,,,,,,nasdaq,https://api.nasdaq.com/api/screener/etf?download=true,True,,,
UBR,UBR,ProShares Ultra MSCI Brazil Capped,,,,,,,,,,nasdaq,https://api.nasdaq.com/api/screener/etf?download=true,True,,,
UBRL,UBRL,GraniteShares 2x Long UBER Daily ETF,,,,,,,,,,nasdaq,https://api.nasdaq.com/api/screener/etf?download=true,True,,,
UBT,UBT,ProShares Ultra 20+ Year Treasury,,,,,,,,,,nasdaq,https://api.nasdaq.com/api/screener/etf?download=true,True,,,
UCC,UCC,ProShares Ultra Consumer Discretionary,,,,,,,,,,nasdaq,https://api.nasdaq.com/api/screener/etf?download=true,True,,,
UCIB,UCIB,ETRACS CMCI Total Return ETN Series B,0001114446,,,NYSE,,,,,,nasdaq,https://api.nasdaq.com/api/screener/etf?download=true,True,,,
UCO,UCO,ProShares Ultra Bloomberg Crude Oil,0001415311,,,NYSE,,,,,,nasdaq,https://api.nasdaq.com/api/screener/etf?download=true,True,,,
UCON,UCON,First Trust Smith Unconstrained Bond ETF,,,,,,,,,,nasdaq,https://api.nasdaq.com/api/screener/etf?download=true,True,,,
UCRD,UCRD,VictoryShares Corporate Bond ETF,,,,,,,,,,nasdaq,https://api.nasdaq.com/api/screener/etf?download=true,True,,,
UCYB,UCYB,ProShares Ultra Nasdaq Cybersecurity,,,,,,,,,,nasdaq,https://api.nasdaq.com/api/screener/etf?download=true,True,,,
UDEC,UDEC,Innovator U.S. Equity Ultra Buffer ETF - December,,,,,,,,,,nasdaq,https://api.nasdaq.com/api/screener/etf?download=true,True,,,
UDI,UDI,USCF ETF Trust USCF Dividend Income Fund,,,,,,,,,,nasdaq,https://api.nasdaq.com/api/screener/etf?download=true,True,,,
UDIV,UDIV,Franklin U.S. Core Dividend Tilt Index ETF,,,,,,,,,,nasdaq,https://api.nasdaq.com/api/screener/etf?download=true,True,,,
UDN,UDN,Invesco DB USD Index Bearish ETF,0001383149,,,NYSE,,,,,,nasdaq,https://api.nasdaq.com/api/screener/etf?download=true,True,,,
UDOW,UDOW,ProShares UltraPro Dow30,,,,,,,,,,nasdaq,https://api.nasdaq.com/api/screener/etf?download=true,True,,,
UECG,UECG,Leverage Shares 2x Long UEC Daily ETF,,,,,,,,,,nasdaq,https://api.nasdaq.com/api/screener/etf?download=true,True,,,
UEVM,UEVM,VictoryShares Emerging Markets Value Momentum ETF,,,,,,,,,,nasdaq,https://api.nasdaq.com/api/screener/etf?download=true,True,,,
UFEB,UFEB,Innovator U.S. Equity Ultra Buffer ETF - February,,,,,,,,,,nasdaq,https://api.nasdaq.com/api/screener/etf?download=true,True,,,
UFIV,UFIV,US Treasury 5 Year Note ETF,,,,,,,,,,nasdaq,https://api.nasdaq.com/api/screener/etf?download=true,True,,,
UFO,UFO,Procure Space ETF,,,,,,,,,,nasdaq,https://api.nasdaq.com/api/screener/etf?download=true,True,,,
UFOX,UFOX,Defiance Connective Technologies ETF,,,,,,,,,,nasdaq,https://api.nasdaq.com/api/screener/etf?download=true,True,,,
UGA,UGA,United States Gasoline Fund LP,0001396878,,,NYSE,,,,,,nasdaq,https://api.nasdaq.com/api/screener/etf?download=true,True,,,
UGE,UGE,ProShares Ultra Consumer Staples,,,,,,,,,,nasdaq,https://api.nasdaq.com/api/screener/etf?download=true,True,,,
UGL,UGL,ProShares Ultra Gold,0001415311,,,NYSE,,,,,,nasdaq,https://api.nasdaq.com/api/screener/etf?download=true,True,,,
UITB,UITB,VictoryShares Core Intermediate Bond ETF,,,,,,,,,,nasdaq,https://api.nasdaq.com/api/screener/etf?download=true,True,,,
UIVM,UIVM,VictoryShares International Value Momentum ETF,,,,,,,,,,nasdaq,https://api.nasdaq.com/api/screener/etf?download=true,True,,,
UJAN,UJAN,Innovator U.S. Equity Ultra Buffer ETF - January,,,,,,,,,,nasdaq,https://api.nasdaq.com/api/screener/etf?download=true,True,,,
UJB,UJB,ProShares Ultra High Yield ETF,,,,,,,,,,nasdaq,https://api.nasdaq.com/api/screener/etf?download=true,True,,,
UJUL,UJUL,Innovator U.S. Equity Ultra Buffer ETF - July,,,,,,,,,,nasdaq,https://api.nasdaq.com/api/screener/etf?download=true,True,,,
UJUN,UJUN,Innovator U.S. Equity Ultra Buffer ETF - June,,,,,,,,,,nasdaq,https://api.nasdaq.com/api/screener/etf?download=true,True,,,
ULE,ULE,ProShares Ultra Euro,0001415311,,,NYSE,,,,,,nasdaq,https://api.nasdaq.com/api/screener/etf?download=true,True,,,
ULST,ULST,State Street Ultra Short Term Bond ETF,,,,,,,,,,nasdaq,https://api.nasdaq.com/api/screener/etf?download=true,True,,,
ULTI,ULTI,REX IncomeMax Option Strategy ETF,,,,,,,,,,nasdaq,https://api.nasdaq.com/api/screener/etf?download=true,True,,,
ULTY,ULTY,Tidal Trust II YieldMax Ultra Option Income Strategy ETF,,,,,,,,,,nasdaq,https://api.nasdaq.com/api/screener/etf?download=true,True,,,
ULVM,ULVM,VictoryShares US Value Momentum ETF,,,,,,,,,,nasdaq,https://api.nasdaq.com/api/screener/etf?download=true,True,,,
UMAR,UMAR,Innovator U.S. Equity Ultra Buffer ETF - March,,,,,,,,,,nasdaq,https://api.nasdaq.com/api/screener/etf?download=true,True,,,
UMAY,UMAY,Innovator U.S. Equity Ultra Buffer ETF - May,,,,,,,,,,nasdaq,https://api.nasdaq.com/api/screener/etf?download=true,True,,,
UMDD,UMDD,UltraPro MidCap400,,,,,,,,,,nasdaq,https://api.nasdaq.com/api/screener/etf?download=true,True,,,
UMI,UMI,USCF Midstream Energy Income Fund ETF,,,,,,,,,,nasdaq,https://api.nasdaq.com/api/screener/etf?download=true,True,,,
UMMA,UMMA,Wahed Dow Jones Islamic World ETF,,,,,,,,,,nasdaq,https://api.nasdaq.com/api/screener/etf?download=true,True,,,
UNG,UNG,United States Natural Gas Fund LP,0001376227,,,NYSE,,,,,,nasdaq,https://api.nasdaq.com/api/screener/etf?download=true,True,,,
UNHG,UNHG,Leverage Shares 2X Long UNH Daily ETF,,,,,,,,,,nasdaq,https://api.nasdaq.com/api/screener/etf?download=true,True,,,
UNIY,UNIY,WisdomTree Voya Yield Enhanced USD Universal Bond Fund,,,,,,,,,,nasdaq,https://api.nasdaq.com/api/screener/etf?download=true,True,,,
UNL,UNL,United States 12 Month Natural Gas Fund,0001405513,,,NYSE,,,,,,nasdaq,https://api.nasdaq.com/api/screener/etf?download=true,True,,,
UNOV,UNOV,Innovator U.S. Equity Ultra Buffer ETF - November,,,,,,,,,,nasdaq,https://api.nasdaq.com/api/screener/etf?download=true,True,,,
UNX,UNX,Investment Managers Series Trust II Tradr 2X Long U Daily ETF,,,,,,,,,,nasdaq,https://api.nasdaq.com/api/screener/etf?download=true,True,,,
UOCT,UOCT,Innovator U.S. Equity Ultra Buffer ETF - October,,,,,,,,,,nasdaq,https://api.nasdaq.com/api/screener/etf?download=true,True,,,
UPAR,UPAR,UPAR Ultra Risk Parity ETF,,,,,,,,,,nasdaq,https://api.nasdaq.com/api/screener/etf?download=true,True,,,
UPGD,UPGD,Invesco Bloomberg Analyst Rating Improvers ETF,,,,,,,,,,nasdaq,https://api.nasdaq.com/api/screener/etf?download=true,True,,,
UPGR,UPGR,Xtrackers US Green Infrastructure Select Equity ETF,,,,,,,,,,nasdaq,https://api.nasdaq.com/api/screener/etf?download=true,True,,,
UPRO,UPRO,ProShares UltraPro S&P 500,,,,,,,,,,nasdaq,https://api.nasdaq.com/api/screener/etf?download=true,True,,,
UPSD,UPSD,ETF Series Solutions Aptus Large Cap Upside ETF,,,,,,,,,,nasdaq,https://api.nasdaq.com/api/screener/etf?download=true,True,,,
UPSG,UPSG,Leverage Shares 2X Long UPS Daily ETF,,,,,,,,,,nasdaq,https://api.nasdaq.com/api/screener/etf?download=true,True,,,
UPSX,UPSX,Tradr 2X Long UPST Daily ETF,,,,,,,,,,nasdaq,https://api.nasdaq.com/api/screener/etf?download=true,True,,,
UPV,UPV,ProShares Ultra FTSE Europe,,,,,,,,,,nasdaq,https://api.nasdaq.com/api/screener/etf?download=true,True,,,
CRSH,CRSH,Tidal Trust II YieldMax Short TSLA Option Income Strategy ETF,,,,,,,,,,nasdaq,https://api.nasdaq.com/api/screener/etf?download=true,True,,,
CRTC,CRTC,DBX ETF Trust Xtrackers US National Critical Technologies ETF,,,,,,,,,,nasdaq,https://api.nasdaq.com/api/screener/etf?download=true,True,,,
CRWG,CRWG,Leverage Shares 2X Long CRWV Daily ETF,,,,,,,,,,nasdaq,https://api.nasdaq.com/api/screener/etf?download=true,True,,,
CRWL,CRWL,GraniteShares 2x Long CRWD Daily ETF,,,,,,,,,,nasdaq,https://api.nasdaq.com/api/screener/etf?download=true,True,,,
CRWU,CRWU,ETF Opportunities Trust T-REX 2X Long CRWV Daily Target ETF,,,,,,,,,,nasdaq,https://api.nasdaq.com/api/screener/etf?download=true,True,,,
CSB,CSB,VictoryShares US Small Cap High Div Volatility Wtd ETF,,,,,,,,,,nasdaq,https://api.nasdaq.com/api/screener/etf?download=true,True,,,
CSCL,CSCL,Direxion Daily CSCO Bull 2X ETF,,,,,,,,,,nasdaq,https://api.nasdaq.com/api/screener/etf?download=true,True,,,
CSCS,CSCS,Direxion Daily CSCO Bear 1X ETF,,,,,,,,,,nasdaq,https://api.nasdaq.com/api/screener/etf?download=true,True,,,
CSD,CSD,Invesco S&P Spin-Off ETF,,,,,,,,,,nasdaq,https://api.nasdaq.com/api/screener/etf?download=true,True,,,
CSEX,CSEX,Investment Managers Series Trust II Tradr 2X Long CLS Daily ET,,,,,,,,,,nasdaq,https://api.nasdaq.com/api/screener/etf?download=true,True,,,
CSHI,CSHI,NEOS Enhanced Income 1-3 Month T-Bill ETF,,,,,,,,,,nasdaq,https://api.nasdaq.com/api/screener/etf?download=true,True,,,
CSHP,CSHP,iShares Enhanced Short-Term Bond Active ETF,,,,,,,,,,nasdaq,https://api.nasdaq.com/api/screener/etf?download=true,True,,,
CSM,CSM,ProShares Large Cap Core Plus,,,,,,,,,,nasdaq,https://api.nasdaq.com/api/screener/etf?download=true,True,,,
CSMD,CSMD,Professionally Managed Portfolios Congress SMid Growth ETF,,,,,,,,,,nasdaq,https://api.nasdaq.com/api/screener/etf?download=true,True,,,
CSNR,CSNR,Cohen & Steers ETF Trust Cohen & Steers Natural Resources Acti,,,,,,,,,,nasdaq,https://api.nasdaq.com/api/screener/etf?download=true,True,,,
CSPF,CSPF,Cohen & Steers ETF Trust Cohen & Steers Preferred and Income O,,,,,,,,,,nasdaq,https://api.nasdaq.com/api/screener/etf?download=true,True,,,
CSRE,CSRE,Cohen & Steers ETF Trust Cohen & Steers Real Estate Active ETF,,,,,,,,,,nasdaq,https://api.nasdaq.com/api/screener/etf?download=true,True,,,
CSTK,CSTK,Invesco Comstock Contrarian Equity ETF,,,,,,,,,,nasdaq,https://api.nasdaq.com/api/screener/etf?download=true,True,,,
CTA,CTA,Simplify Exchange Traded Funds Simplify Managed Futures Strate,,,,,,,,,,nasdaq,https://api.nasdaq.com/api/screener/etf?download=true,True,,,
CTEC,CTEC,Global X ClimateTech ETF,,,,,,,,,,nasdaq,https://api.nasdaq.com/api/screener/etf?download=true,True,,,
CTEF,CTEF,EA Series Trust Castellan Targeted Equity ETF,,,,,,,,,,nasdaq,https://api.nasdaq.com/api/screener/etf?download=true,True,,,
CTEX,CTEX,ProShares S&P Kensho Cleantech ETF,,,,,,,,,,nasdaq,https://api.nasdaq.com/api/screener/etf?download=true,True,,,
CTIF,CTIF,EA Series Trust Castellan Targeted Income ETF,,,,,,,,,,nasdaq,https://api.nasdaq.com/api/screener/etf?download=true,True,,,
CURE,CURE,Direxion Daily Healthcare Bull 3X ETF,,,,,,,,,,nasdaq,https://api.nasdaq.com/api/screener/etf?download=true,True,,,
CUSD,CUSD,CrossingBridge Ultra-Short Duration ETF,,,,,,,,,,nasdaq,https://api.nasdaq.com/api/screener/etf?download=true,True,,,
CUT,CUT,Invesco MSCI Global Timber ETF,,,,,,,,,,nasdaq,https://api.nasdaq.com/api/screener/etf?download=true,True,,,
CVAR,CVAR,ETF Opportunities Trust Cultivar ETF,,,,,,,,,,nasdaq,https://api.nasdaq.com/api/screener/etf?download=true,True,,,
CVIE,CVIE,Morgan Stanley ETF Trust Calvert International Responsible Ind,,,,,,,,,,nasdaq,https://api.nasdaq.com/api/screener/etf?download=true,True,,,
CVLC,CVLC,Morgan Stanley ETF Trust Calvert US Large-Cap Core Responsible,,,,,,,,,,nasdaq,https://api.nasdaq.com/api/screener/etf?download=true,True,,,
CVMC,CVMC,Morgan Stanley ETF Trust Calvert US Mid-Cap Core Responsible I,,,,,,,,,,nasdaq,https://api.nasdaq.com/api/screener/etf?download=true,True,,,
CVNX,CVNX,Defiance Daily Target 2X Long CVNA ETF,,,,,,,,,,nasdaq,https://api.nasdaq.com/api/screener/etf?download=true,True,,,
CVNY,CVNY,Tidal Trust II YieldMax CVNA Option Income Strategy ETF,,,,,,,,,,nasdaq,https://api.nasdaq.com/api/screener/etf?download=true,True,,,
CVRD,CVRD,Madison ETFs Trust Madison Covered Call ETF,,,,,,,,,,nasdaq,https://api.nasdaq.com/api/screener/etf?download=true,True,,,
CVRT,CVRT,Calamos ETF Trust Calamos Convertible Equity Alternative ETF,,,,,,,,,,nasdaq,https://api.nasdaq.com/api/screener/etf?download=true,True,,,
CVSB,CVSB,Morgan Stanley ETF Trust Calvert Ultra-Short Investment Grade ,,,,,,,,,,nasdaq,https://api.nasdaq.com/api/screener/etf?download=true,True,,,
CVY,CVY,Invesco Zacks Multi-Asset Income ETF,,,,,,,,,,nasdaq,https://api.nasdaq.com/api/screener/etf?download=true,True,,,
CWB,CWB,State Street SPDR Bloomberg Convertible Securities ETF,,,,,,,,,,nasdaq,https://api.nasdaq.com/api/screener/etf?download=true,True,,,
CWEB,CWEB,Direxion Daily CSI China Internet Index Bull 2X ETF,,,,,,,,,,nasdaq,https://api.nasdaq.com/api/screener/etf?download=true,True,,,
CWI,CWI,State Street SPDR MSCI ACWI ex-US ETF,,,,,,,,,,nasdaq,https://api.nasdaq.com/api/screener/etf?download=true,True,,,
CWS,CWS,AdvisorShares Focused Equity ETF,,,,,,,,,,nasdaq,https://api.nasdaq.com/api/screener/etf?download=true,True,,,
CWVX,CWVX,Tradr 2X Long CRWV Daily ETF,,,,,,,,,,nasdaq,https://api.nasdaq.com/api/screener/etf?download=true,True,,,
CXRN,CXRN,Listed Funds Trust Teucrium 2x Daily Corn ETF,,,,,,,,,,nasdaq,https://api.nasdaq.com/api/screener/etf?download=true,True,,,
CXSE,CXSE,WisdomTree China ex-State-Owned Enterprises Fund,,,,,,,,,,nasdaq,https://api.nasdaq.com/api/screener/etf?download=true,True,,,
CZA,CZA,Invesco Zacks Mid-Cap ETF,,,,,,,,,,nasdaq,https://api.nasdaq.com/api/screener/etf?download=true,True,,,
CZAR,CZAR,Themes Natural Monopoly ETF,,,,,,,,,,nasdaq,https://api.nasdaq.com/api/screener/etf?download=true,True,,,
DABS,DABS,DoubleLine ETF Trust DoubleLine Asset-Backed Securities ETF,,,,,,,,,,nasdaq,https://api.nasdaq.com/api/screener/etf?download=true,True,,,
DADS,DADS,Digital Asset Debt Strategy ETF,,,,,,,,,,nasdaq,https://api.nasdaq.com/api/screener/etf?download=true,True,,,
DAK,DAK,Dakota Active Equity ETF,,,,,,,,,,nasdaq,https://api.nasdaq.com/api/screener/etf?download=true,True,,,
DALI,DALI,First Trust Dorsey Wright DALI Equity ETF,,,,,,,,,,nasdaq,https://api.nasdaq.com/api/screener/etf?download=true,True,,,
DAPP,DAPP,VanEck Digital Transformation ETF,,,,,,,,,,nasdaq,https://api.nasdaq.com/api/screener/etf?download=true,True,,,
DAPR,DAPR,FT Vest U.S. Equity Deep Buffer ETF - April,,,,,,,,,,nasdaq,https://api.nasdaq.com/api/screener/etf?download=true,True,,,
DARP,DARP,Grizzle Growth ETF,,,,,,,,,,nasdaq,https://api.nasdaq.com/api/screener/etf?download=true,True,,,
DAT,DAT,ProShares Big Data Refiners ETF,,,,,,,,,,nasdaq,https://api.nasdaq.com/api/screener/etf?download=true,True,,,
DAUG,DAUG,FT Vest U.S. Equity Deep Buffer ETF - August,,,,,,,,,,nasdaq,https://api.nasdaq.com/api/screener/etf?download=true,True,,,
DAX,DAX,Global X DAX Germany ETF,,,,,,,,,,nasdaq,https://api.nasdaq.com/api/screener/etf?download=true,True,,,
DBA,DBA,Invesco DB Agriculture Fund,0001383082,,,NYSE,,,,,,nasdaq,https://api.nasdaq.com/api/screener/etf?download=true,True,,,
DBAW,DBAW,Xtrackers MSCI All World ex US Hedged Equity ETF,,,,,,,,,,nasdaq,https://api.nasdaq.com/api/screener/etf?download=true,True,,,
DBB,DBB,Invesco DB Base Metals Fund,0001383084,,,NYSE,,,,,,nasdaq,https://api.nasdaq.com/api/screener/etf?download=true,True,,,
DBC,DBC,Invesco DB Commodity Index Tracking Fund,0001328237,,,NYSE,,,,,,nasdaq,https://api.nasdaq.com/api/screener/etf?download=true,True,,,
DBE,DBE,Invesco DB Energy Fund,0001383062,,,NYSE,,,,,,nasdaq,https://api.nasdaq.com/api/screener/etf?download=true,True,,,
DBEF,DBEF,Xtrackers MSCI EAFE Hedged Equity ETF,,,,,,,,,,nasdaq,https://api.nasdaq.com/api/screener/etf?download=true,True,,,
DBEM,DBEM,Xtrackers MSCI Emerging Markets Hedged Equity ETF,,,,,,,,,,nasdaq,https://api.nasdaq.com/api/screener/etf?download=true,True,,,
DBEU,DBEU,Xtrackers MSCI Europe Hedged Equity ETF,,,,,,,,,,nasdaq,https://api.nasdaq.com/api/screener/etf?download=true,True,,,
DBEZ,DBEZ,Xtrackers MSCI Eurozone Hedged Equity ETF,,,,,,,,,,nasdaq,https://api.nasdaq.com/api/screener/etf?download=true,True,,,
DBJP,DBJP,Xtrackers MSCI Japan Hedged Equity ETF,,,,,,,,,,nasdaq,https://api.nasdaq.com/api/screener/etf?download=true,True,,,
DBMF,DBMF,iMGP DBi Managed Futures Strategy ETF,,,,,,,,,,nasdaq,https://api.nasdaq.com/api/screener/etf?download=true,True,,,
DBND,DBND,DoubleLine Opportunistic Core Bond ETF,,,,,,,,,,nasdaq,https://api.nasdaq.com/api/screener/etf?download=true,True,,,
DBO,DBO,Invesco DB Oil Fund,0001383058,,,NYSE,,,,,,nasdaq,https://api.nasdaq.com/api/screener/etf?download=true,True,,,
DBP,DBP,Invesco DB Precious Metals Fund,0001383057,,,NYSE,,,,,,nasdaq,https://api.nasdaq.com/api/screener/etf?download=true,True,,,
DCMT,DCMT,DoubleLine ETF Trust DoubleLine Commodity Strategy ETF,,,,,,,,,,nasdaq,https://api.nasdaq.com/api/screener/etf?download=true,True,,,
DCOR,DCOR,Dimensional ETF Trust Dimensional US Core Equity 1 ETF,,,,,,,,,,nasdaq,https://api.nasdaq.com/api/screener/etf?download=true,True,,,
DCRE,DCRE,DoubleLine Commercial Real Estate Debt ETF,,,,,,,,,,nasdaq,https://api.nasdaq.com/api/screener/etf?download=true,True,,,
DDEC,DDEC,FT Vest U.S. Equity Deep Buffer ETF - December,,,,,,,,,,nasdaq,https://api.nasdaq.com/api/screener/etf?download=true,True,,,
DDFA,DDFA,Innovator ETFs Trust Innovator Equity Dual Directional 15 Buff,,,,,,,,,,nasdaq,https://api.nasdaq.com/api/screener/etf?download=true,True,,,
DDFD,DDFD,Innovator ETFs Trust Innovator Equity Dual Directional 15 Buff,,,,,,,,,,nasdaq,https://api.nasdaq.com/api/screener/etf?download=true,True,,,
DDFF,DDFF,Innovator ETFs Trust Innovator Equity Dual Directional 15 Buff,,,,,,,,,,nasdaq,https://api.nasdaq.com/api/screener/etf?download=true,True,,,
DDFJ,DDFJ,Innovator ETFs Trust Innovator Equity Dual Directional 15 Buff,,,,,,,,,,nasdaq,https://api.nasdaq.com/api/screener/etf?download=true,True,,,
DDFL,DDFL,Innovator ETFs Trust Innovator Equity Dual Directional 15 Buff,,,,,,,,,,nasdaq,https://api.nasdaq.com/api/screener/etf?download=true,True,,,
DDFM,DDFM,Innovator ETFs Trust Innovator Equity Dual Directional 15 Buff,,,,,,,,,,nasdaq,https://api.nasdaq.com/api/screener/etf?download=true,True,,,
DDFN,DDFN,Innovator ETFs Trust Innovator Equity Dual Directional 15 Buff,,,,,,,,,,nasdaq,https://api.nasdaq.com/api/screener/etf?download=true,True,,,
DDFO,DDFO,Innovator ETFs Trust Innovator Equity Dual Directional 15 Buff,,,,,,,,,,nasdaq,https://api.nasdaq.com/api/screener/etf?download=true,True,,,
DDFS,DDFS,Innovator ETFs Trust Innovator Equity Dual Directional 15 Buff,,,,,,,,,,nasdaq,https://api.nasdaq.com/api/screener/etf?download=true,True,,,
DDIV,DDIV,First Trust Dorsey Wright Momentum & Dividend ETF,,,,,,,,,,nasdaq,https://api.nasdaq.com/api/screener/etf?download=true,True,,,
DDLS,DDLS,WisdomTree Dynamic International SmallCap Equity Fund,,,,,,,,,,nasdaq,https://api.nasdaq.com/api/screener/etf?download=true,True,,,
DDM,DDM,ProShares Ultra Dow30,,,,,,,,,,nasdaq,https://api.nasdaq.com/api/screener/etf?download=true,True,,,
DDNQ,DDNQ,Innovator ETFs Trust Innovator Growth-100 Dual Directional 5 B,,,,,,,,,,nasdaq,https://api.nasdaq.com/api/screener/etf?download=true,True,,,
DDSQ,DDSQ,Innovator ETFs Trust Innovator Equity Dual Directional 5 Buffe,,,,,,,,,,nasdaq,https://api.nasdaq.com/api/screener/etf?download=true,True,,,
DDTA,DDTA,Innovator ETFs Trust Innovator Equity Dual Directional 10 Buff,,,,,,,,,,nasdaq,https://api.nasdaq.com/api/screener/etf?download=true,True,,,
DDTD,DDTD,Innovator ETFs Trust Innovator Equity Dual Directional 10 Buff,,,,,,,,,,nasdaq,https://api.nasdaq.com/api/screener/etf?download=true,True,,,
DDTF,DDTF,Innovator ETFs Trust Innovator Equity Dual Directional 10 Buff,,,,,,,,,,nasdaq,https://api.nasdaq.com/api/screener/etf?download=true,True,,,
DDTJ,DDTJ,Innovator ETFs Trust Innovator Equity Dual Directional 10 Buff,,,,,,,,,,nasdaq,https://api.nasdaq.com/api/screener/etf?download=true,True,,,
DDTL,DDTL,Innovator ETFs Trust Innovator Equity Dual Directional 10 Buff,,,,,,,,,,nasdaq,https://api.nasdaq.com/api/screener/etf?download=true,True,,,
DDTM,DDTM,Innovator ETFs Trust Innovator Equity Dual Directional 10 Buff,,,,,,,,,,nasdaq,https://api.nasdaq.com/api/screener/etf?download=true,True,,,
DDTN,DDTN,Innovator ETFs Trust Innovator Equity Dual Directional 10 Buff,,,,,,,,,,nasdaq,https://api.nasdaq.com/api/screener/etf?download=true,True,,,
DDTO,DDTO,Innovator ETFs Trust Innovator Equity Dual Directional 10 Buff,,,,,,,,,,nasdaq,https://api.nasdaq.com/api/screener/etf?download=true,True,,,
DDTS,DDTS,Innovator ETFs Trust Innovator Equity Dual Directional 10 Buff,,,,,,,,,,nasdaq,https://api.nasdaq.com/api/screener/etf?download=true,True,,,
DDWM,DDWM,WisdomTree Dynamic International Equity Fund,,,,,,,,,,nasdaq,https://api.nasdaq.com/api/screener/etf?download=true,True,,,
DDX,DDX,Defined Duration 10 ETF,,,,,,,,,,nasdaq,https://api.nasdaq.com/api/screener/etf?download=true,True,,,
DECM,DECM,First Trust Exchange-Traded Fund VIII FT Vest U.S. Equity Max ,,,,,,,,,,nasdaq,https://api.nasdaq.com/api/screener/etf?download=true,True,,,
DECO,DECO,State Street Galaxy Digital Asset Ecosystem ETF,,,,,,,,,,nasdaq,https://api.nasdaq.com/api/screener/etf?download=true,True,,,
DECP,DECP,PGIM S&P 500 Buffer 12 ETF - December,,,,,,,,,,nasdaq,https://api.nasdaq.com/api/screener/etf?download=true,True,,,
DECT,DECT,AIM ETF Products Trust AllianzIM U.S. Large Cap Buffer10 Dec E,,,,,,,,,,nasdaq,https://api.nasdaq.com/api/screener/etf?download=true,True,,,
DECU,DECU,AIM ETF Products Trust AllianzIM U.S. Equity Buffer15 Uncapped,,,,,,,,,,nasdaq,https://api.nasdaq.com/api/screener/etf?download=true,True,,,
DECW,DECW,AIM ETF Products Trust AllianzIM U.S. Large Cap Buffer20 Dec E,,,,,,,,,,nasdaq,https://api.nasdaq.com/api/screener/etf?download=true,True,,,
DECZ,DECZ,TrueShares Structured Outcome (December) ETF,,,,,,,,,,nasdaq,https://api.nasdaq.com/api/screener/etf?download=true,True,,,
DEED,DEED,First Trust Securitized Plus ETF,,,,,,,,,,nasdaq,https://api.nasdaq.com/api/screener/etf?download=true,True,,,
DEEF,DEEF,Xtrackers FTSE Developed ex US Multifactor ETF,,,,,,,,,,nasdaq,https://api.nasdaq.com/api/screener/etf?download=true,True,,,
DEEP,DEEP,Acquirers Small and Micro Deep Value ETF,,,,,,,,,,nasdaq,https://api.nasdaq.com/api/screener/etf?download=true,True,,,
DEFI,DEFI,Hashdex Commodities Trust Hashdex Bitcoin ETF,0001985840,,,NYSE,,,,,,nasdaq,https://api.nasdaq.com/api/screener/etf?download=true,True,,,
DEFR,DEFR,ETF Series Solutions Aptus Deferred Income ETF,,,,,,,,,,nasdaq,https://api.nasdaq.com/api/screener/etf?download=true,True,,,
DEHP,DEHP,Dimensional ETF Trust Dimensional Emerging Markets High Profit,,,,,,,,,,nasdaq,https://api.nasdaq.com/api/screener/etf?download=true,True,,,
DEM,DEM,WisdomTree Emerging Markets High Dividend Fund,,,,,,,,,,nasdaq,https://api.nasdaq.com/api/screener/etf?download=true,True,,,
DEMZ,DEMZ,Democratic Large Cap Core ETF,,,,,,,,,,nasdaq,https://api.nasdaq.com/api/screener/etf?download=true,True,,,
DES,DES,WisdomTree U.S. SmallCap Dividend Fund,,,,,,,,,,nasdaq,https://api.nasdaq.com/api/screener/etf?download=true,True,,,
DESK,DESK,VanEck ETF Trust VanEck Office and Commercial REIT ETF,,,,,,,,,,nasdaq,https://api.nasdaq.com/api/screener/etf?download=true,True,,,
DEUS,DEUS,Xtrackers Russell US Multifactor ETF,,,,,,,,,,nasdaq,https://api.nasdaq.com/api/screener/etf?download=true,True,,,
DEW,DEW,WisdomTree Global High Dividend Fund,,,,,,,,,,nasdaq,https://api.nasdaq.com/api/screener/etf?download=true,True,,,
DEXC,DEXC,Dimensional ETF Trust Dimensional Emerging Markets ex China Co,,,,,,,,,,nasdaq,https://api.nasdaq.com/api/screener/etf?download=true,True,,,
DFAC,DFAC,Dimensional ETF Trust Dimensional U.S. Core Equity 2 ETF,,,,,,,,,,nasdaq,https://api.nasdaq.com/api/screener/etf?download=true,True,,,
DFAE,DFAE,Dimensional Emerging Core Equity Market ETF,,,,,,,,,,nasdaq,https://api.nasdaq.com/api/screener/etf?download=true,True,,,
DFAI,DFAI,Dimensional International Core Equity Market ETF,,,,,,,,,,nasdaq,https://api.nasdaq.com/api/screener/etf?download=true,True,,,
DFAR,DFAR,Dimensional ETF Trust Dimensional US Real Estate ETF,,,,,,,,,,nasdaq,https://api.nasdaq.com/api/screener/etf?download=true,True,,,
DFAS,DFAS,Dimensional U.S. Small Cap ETF,,,,,,,,,,nasdaq,https://api.nasdaq.com/api/screener/etf?download=true,True,,,
DFAT,DFAT,Dimensional U.S. Targeted Value ETF,,,,,,,,,,nasdaq,https://api.nasdaq.com/api/screener/etf?download=true,True,,,
DFAU,DFAU,Dimensional US Core Equity Market ETF,,,,,,,,,,nasdaq,https://api.nasdaq.com/api/screener/etf?download=true,True,,,
DFAW,DFAW,Dimensional ETF Trust Dimensional World Equity ETF,,,,,,,,,,nasdaq,https://api.nasdaq.com/api/screener/etf?download=true,True,,,
DFAX,DFAX,Dimensional World ex U.S. Core Equity 2 ETF,,,,,,,,,,nasdaq,https://api.nasdaq.com/api/screener/etf?download=true,True,,,
DFCA,DFCA,Dimensional ETF Trust Dimensional California Municipal Bond ET,,,,,,,,,,nasdaq,https://api.nasdaq.com/api/screener/etf?download=true,True,,,
DFCF,DFCF,Dimensional ETF Trust Dimensional Core Fixed Income ETF,,,,,,,,,,nasdaq,https://api.nasdaq.com/api/screener/etf?download=true,True,,,
DFE,DFE,WisdomTree Europe SmallCap Dividend Fund,,,,,,,,,,nasdaq,https://api.nasdaq.com/api/screener/etf?download=true,True,,,
DFEB,DFEB,FT Vest U.S. Equity Deep Buffer ETF - February,,,,,,,,,,nasdaq,https://api.nasdaq.com/api/screener/etf?download=true,True,,,
DFEM,DFEM,Dimensional ETF Trust Dimensional Emerging Markets Core Equity,,,,,,,,,,nasdaq,https://api.nasdaq.com/api/screener/etf?download=true,True,,,
DFEN,DFEN,Direxion Daily Aerospace & Defense Bull 3X ETF,,,,,,,,,,nasdaq,https://api.nasdaq.com/api/screener/etf?download=true,True,,,
DFEV,DFEV,Dimensional ETF Trust Dimensional Emerging Markets Value ETF,,,,,,,,,,nasdaq,https://api.nasdaq.com/api/screener/etf?download=true,True,,,
DFGP,DFGP,Dimensional Global Core Plus Fixed Income ETF,,,,,,,,,,nasdaq,https://api.nasdaq.com/api/screener/etf?download=true,True,,,
DFGR,DFGR,Dimensional ETF Trust Dimensional Global Real Estate ETF,,,,,,,,,,nasdaq,https://api.nasdaq.com/api/screener/etf?download=true,True,,,
DFGX,DFGX,Dimensional International Core Fixed Income ETF,,,,,,,,,,nasdaq,https://api.nasdaq.com/api/screener/etf?download=true,True,,,
DFIC,DFIC,Dimensional ETF Trust Dimensional International Core Equity 2 ,,,,,,,,,,nasdaq,https://api.nasdaq.com/api/screener/etf?download=true,True,,,
DFII,DFII,First Trust Exchange-Traded Fund FT Vest Bitcoin Strategy & Ta,,,,,,,,,,nasdaq,https://api.nasdaq.com/api/screener/etf?download=true,True,,,
DFIP,DFIP,Dimensional ETF Trust Dimensional Inflation-Protected Securiti,,,,,,,,,,nasdaq,https://api.nasdaq.com/api/screener/etf?download=true,True,,,
DFIS,DFIS,Dimensional ETF Trust Dimensional International Small Cap ETF,,,,,,,,,,nasdaq,https://api.nasdaq.com/api/screener/etf?download=true,True,,,
DFIV,DFIV,Dimensional International Value ETF,,,,,,,,,,nasdaq,https://api.nasdaq.com/api/screener/etf?download=true,True,,,
DFJ,DFJ,WisdomTree Japan SmallCap Fund,,,,,,,,,,nasdaq,https://api.nasdaq.com/api/screener/etf?download=true,True,,,
DFLV,DFLV,Dimensional ETF Trust Dimensional US Large Cap Value ETF,,,,,,,,,,nasdaq,https://api.nasdaq.com/api/screener/etf?download=true,True,,,
DFNL,DFNL,Davis Fundamental ETF Trust Davis Select Financial ETF,,,,,,,,,,nasdaq,https://api.nasdaq.com/api/screener/etf?download=true,True,,,
DFNM,DFNM,Dimensional ETF Trust Dimensional National Municipal Bond ETF,,,,,,,,,,nasdaq,https://api.nasdaq.com/api/screener/etf?download=true,True,,,
DFSB,DFSB,Dimensional ETF Trust Dimensional Global Sustainability Fixed ,,,,,,,,,,nasdaq,https://api.nasdaq.com/api/screener/etf?download=true,True,,,
DFSD,DFSD,Dimensional ETF Trust Dimensional Short-Duration Fixed Income ,,,,,,,,,,nasdaq,https://api.nasdaq.com/api/screener/etf?download=true,True,,,
DFSE,DFSE,Dimensional ETF Trust Dimensional Emerging Markets Sustainabil,,,,,,,,,,nasdaq,https://api.nasdaq.com/api/screener/etf?download=true,True,,,
DFSI,DFSI,Dimensional ETF Trust Dimensional International Sustainability,,,,,,,,,,nasdaq,https://api.nasdaq.com/api/screener/etf?download=true,True,,,
DFSU,DFSU,Dimensional ETF Trust Dimensional US Sustainability Core 1 ETF,,,,,,,,,,nasdaq,https://api.nasdaq.com/api/screener/etf?download=true,True,,,
DFSV,DFSV,Dimensional ETF Trust Dimensional US Small Cap Value ETF,,,,,,,,,,nasdaq,https://api.nasdaq.com/api/screener/etf?download=true,True,,,
DFUS,DFUS,Dimensional U.S. Equity Market ETF,,,,,,,,,,nasdaq,https://api.nasdaq.com/api/screener/etf?download=true,True,,,
DFUV,DFUV,Dimensional ETF Trust Dimensional US Marketwide Value ETF,,,,,,,,,,nasdaq,https://api.nasdaq.com/api/screener/etf?download=true,True,,,
DFVE,DFVE,DoubleLine ETF Trust DoubleLine Fortune 500 Equal Weight ETF,,,,,,,,,,nasdaq,https://api.nasdaq.com/api/screener/etf?download=true,True,,,
DFVX,DFVX,Dimensional ETF Trust Dimensional US Large Cap Vector ETF,,,,,,,,,,nasdaq,https://api.nasdaq.com/api/screener/etf?download=true,True,,,
DGCB,DGCB,Dimensional Global Credit ETF,,,,,,,,,,nasdaq,https://api.nasdaq.com/api/screener/etf?download=true,True,,,
DGIN,DGIN,VanEck ETF Trust VanEck Digital India ETF,,,,,,,,,,nasdaq,https://api.nasdaq.com/api/screener/etf?download=true,True,,,
DGLO,DGLO,First Trust RBA Deglobalization ETF,,,,,,,,,,nasdaq,https://api.nasdaq.com/api/screener/etf?download=true,True,,,
DGP,DGP,PowerShares DB Gold Double Long ETN,0001159508,,,NYSE,,,,,,nasdaq,https://api.nasdaq.com/api/screener/etf?download=true,True,,,
DGRE,DGRE,WisdomTree Emerging Markets Quality Dividend Growth Fund,,,,,,,,,,nasdaq,https://api.nasdaq.com/api/screener/etf?download=true,True,,,
DGRO,DGRO,iShares Core Dividend Growth ETF,,,,,,,,,,nasdaq,https://api.nasdaq.com/api/screener/etf?download=true,True,,,
DGRS,DGRS,WisdomTree U.S. SmallCap Quality Dividend Growth Fund,,,,,,,,,,nasdaq,https://api.nasdaq.com/api/screener/etf?download=true,True,,,
DGRW,DGRW,WisdomTree U.S. Quality Dividend Growth Fund,,,,,,,,,,nasdaq,https://api.nasdaq.com/api/screener/etf?download=true,True,,,
DGS,DGS,WisdomTree Emerging Market SmallCap Fund,,,,,,,,,,nasdaq,https://api.nasdaq.com/api/screener/etf?download=true,True,,,
DGT,DGT,State Street SPDR Global Dow ETF,,,,,,,,,,nasdaq,https://api.nasdaq.com/api/screener/etf?download=true,True,,,
DGZ,DGZ,PowerShares DB Gold Short ETN,0001159508,,,NYSE,,,,,,nasdaq,https://api.nasdaq.com/api/screener/etf?download=true,True,,,
DHDG,DHDG,First Trust Exchange-Traded Fund VIII FT Vest U.S. Equity Quar,,,,,,,,,,nasdaq,https://api.nasdaq.com/api/screener/etf?download=true,True,,,
DHLX,DHLX,Diamond Hill Funds Diamond Hill Large Cap Concentrated ETF,,,,,,,,,,nasdaq,https://api.nasdaq.com/api/screener/etf?download=true,True,,,
DHS,DHS,WisdomTree U.S. High Dividend Fund,,,,,,,,,,nasdaq,https://api.nasdaq.com/api/screener/etf?download=true,True,,,
DHSB,DHSB,Strategy Shares Day Hagan Smart Buffer ETF,,,,,,,,,,nasdaq,https://api.nasdaq.com/api/screener/etf?download=true,True,,,
DIA,DIA,State Street SPDR Dow Jones Industrial Average ETF Trust Unit,0001041130,,,NYSE,,,,,,nasdaq,https://api.nasdaq.com/api/screener/etf?download=true,True,,,
DIAL,DIAL,Columbia Diversified Fixed Income Allocation ETF,,,,,,,,,,nasdaq,https://api.nasdaq.com/api/screener/etf?download=true,True,,,
DIEM,DIEM,Franklin Emerging Market Core Dividend Tilt Index ETF,,,,,,,,,,nasdaq,https://api.nasdaq.com/api/screener/etf?download=true,True,,,
DIG,DIG,ProShares Ultra Energy,,,,,,,,,,nasdaq,https://api.nasdaq.com/api/screener/etf?download=true,True,,,
DIHP,DIHP,Dimensional ETF Trust Dimensional International High Profitabi,,,,,,,,,,nasdaq,https://api.nasdaq.com/api/screener/etf?download=true,True,,,
DIM,DIM,WisdomTree International MidCap Dividend Fund,,,,,,,,,,nasdaq,https://api.nasdaq.com/api/screener/etf?download=true,True,,,
DIME,DIME,CoinShares Altcoins ETF,,,,,,,,,,nasdaq,https://api.nasdaq.com/api/screener/etf?download=true,True,,,
DINT,DINT,Davis Fundamental ETF Trust Davis Select International ETF,,,,,,,,,,nasdaq,https://api.nasdaq.com/api/screener/etf?download=true,True,,,
DIPS,DIPS,Tidal Trust II YieldMax Short NVDA Option Income Strategy ETF,,,,,,,,,,nasdaq,https://api.nasdaq.com/api/screener/etf?download=true,True,,,
DISO,DISO,Tidal ETF Trust II YieldMax DIS Option Income Strategy ETF,,,,,,,,,,nasdaq,https://api.nasdaq.com/api/screener/etf?download=true,True,,,
DISV,DISV,Dimensional ETF Trust Dimensional International Small Cap Valu,,,,,,,,,,nasdaq,https://api.nasdaq.com/api/screener/etf?download=true,True,,,
DIV,DIV,Global X Super Dividend ETF,,,,,,,,,,nasdaq,https://api.nasdaq.com/api/screener/etf?download=true,True,,,
DIVB,DIVB,iShares Core Dividend ETF,,,,,,,,,,nasdaq,https://api.nasdaq.com/api/screener/etf?download=true,True,,,
DIVD,DIVD,Altrius Global Dividend ETF,,,,,,,,,,nasdaq,https://api.nasdaq.com/api/screener/etf?download=true,True,,,
DIVE,DIVE,Tidal Trust I Dana Concentrated Dividend ETF,,,,,,,,,,nasdaq,https://api.nasdaq.com/api/screener/etf?download=true,True,,,
DIVG,DIVG,Invesco Exchange-Traded Fund Trust II Invesco S&P 500 High Div,,,,,,,,,,nasdaq,https://api.nasdaq.com/api/screener/etf?download=true,True,,,
DIVI,DIVI,Franklin International Core Dividend Tilt Index ETF,,,,,,,,,,nasdaq,https://api.nasdaq.com/api/screener/etf?download=true,True,,,
DIVL,DIVL,Madison ETFs Trust Madison Dividend Value ETF,,,,,,,,,,nasdaq,https://api.nasdaq.com/api/screener/etf?download=true,True,,,
DIVN,DIVN,Horizon Funds Horizon Dividend Income ETF,,,,,,,,,,nasdaq,https://api.nasdaq.com/api/screener/etf?download=true,True,,,
DIVO,DIVO,Amplify CWP Enhanced Dividend Income ETF,,,,,,,,,,nasdaq,https://api.nasdaq.com/api/screener/etf?download=true,True,,,
DIVP,DIVP,The Advisors Inner Circle Fund II Cullen Enhanced Equity Incom,,,,,,,,,,nasdaq,https://api.nasdaq.com/api/screener/etf?download=true,True,,,
DIVS,DIVS,Guinness Atkinson Dividend Builder ETF,,,,,,,,,,nasdaq,https://api.nasdaq.com/api/screener/etf?download=true,True,,,
DIVY,DIVY,Sound Equity Dividend Income ETF,,,,,,,,,,nasdaq,https://api.nasdaq.com/api/screener/etf?download=true,True,,,
DIVZ,DIVZ,Polen Dividend Income ETF,,,,,,,,,,nasdaq,https://api.nasdaq.com/api/screener/etf?download=true,True,,,
DJAN,DJAN,FT Vest U.S. Equity Deep Buffer ETF - January,,,,,,,,,,nasdaq,https://api.nasdaq.com/api/screener/etf?download=true,True,,,
DJD,DJD,Invesco Dow Jones Industrial Average Dividend ETF,,,,,,,,,,nasdaq,https://api.nasdaq.com/api/screener/etf?download=true,True,,,
DJIA,DJIA,Global X Funds Global X Dow 30 Covered Call ETF,,,,,,,,,,nasdaq,https://api.nasdaq.com/api/screener/etf?download=true,True,,,
DJP,DJP,iPath Bloomberg Commodity Index Total Return ETN,0000312070,,,NYSE,,,,,,nasdaq,https://api.nasdaq.com/api/screener/etf?download=true,True,,,
DJTU,DJTU,ETF Opportunities Trust T-REX 2X Long DJT Daily Target ETF,,,,,,,,,,nasdaq,https://api.nasdaq.com/api/screener/etf?download=true,True,,,
DJUL,DJUL,FT Vest U.S. Equity Deep Buffer ETF - July,,,,,,,,,,nasdaq,https://api.nasdaq.com/api/screener/etf?download=true,True,,,
DJUN,DJUN,FT Vest U.S. Equity Deep Buffer ETF - June,,,,,,,,,,nasdaq,https://api.nasdaq.com/api/screener/etf?download=true,True,,,
DKNX,DKNX,Defiance Daily Target 2X Long DKNG ETF,,,,,,,,,,nasdaq,https://api.nasdaq.com/api/screener/etf?download=true,True,,,
DLAG,DLAG,First Trust Exchange-Traded Fund VIII FT Vest U.S. Equity Dual,,,,,,,,,,nasdaq,https://api.nasdaq.com/api/screener/etf?download=true,True,,,
DLLL,DLLL,GraniteShares 2x Long DELL Daily ETF,,,,,,,,,,nasdaq,https://api.nasdaq.com/api/screener/etf?download=true,True,,,
DLN,DLN,WisdomTree U.S. LargeCap Dividend Fund,,,,,,,,,,nasdaq,https://api.nasdaq.com/api/screener/etf?download=true,True,,,
DLS,DLS,WisdomTree International SmallCap Fund,,,,,,,,,,nasdaq,https://api.nasdaq.com/api/screener/etf?download=true,True,,,
DMAR,DMAR,FT Vest U.S. Equity Deep Buffer ETF - March,,,,,,,,,,nasdaq,https://api.nasdaq.com/api/screener/etf?download=true,True,,,
DMAY,DMAY,FT Vest U.S. Equity Deep Buffer ETF - May,,,,,,,,,,nasdaq,https://api.nasdaq.com/api/screener/etf?download=true,True,,,
DMBS,DMBS,DoubleLine ETF Trust DoubleLine Mortgage ETF,,,,,,,,,,nasdaq,https://api.nasdaq.com/api/screener/etf?download=true,True,,,
DMX,DMX,DoubleLine ETF Trust DoubleLine Multi-Sector Income ETF,,,,,,,,,,nasdaq,https://api.nasdaq.com/api/screener/etf?download=true,True,,,
DMXF,DMXF,iShares ESG Advanced MSCI EAFE ETF,,,,,,,,,,nasdaq,https://api.nasdaq.com/api/screener/etf?download=true,True,,,
DNL,DNL,WisdomTree Global ex-U.S. Quality Growth Fund,,,,,,,,,,nasdaq,https://api.nasdaq.com/api/screener/etf?download=true,True,,,
DNNG,DNNG,Leverage Shares 2x Long DNN Daily ETF,,,,,,,,,,nasdaq,https://api.nasdaq.com/api/screener/etf?download=true,True,,,
DNOV,DNOV,FT Vest U.S. Equity Deep Buffer ETF - November,,,,,,,,,,nasdaq,https://api.nasdaq.com/api/screener/etf?download=true,True,,,
DOCT,DOCT,FT Vest U.S. Equity Deep Buffer ETF - October,,,,,,,,,,nasdaq,https://api.nasdaq.com/api/screener/etf?download=true,True,,,
DOG,DOG,ProShares Short Dow30,,,,,,,,,,nasdaq,https://api.nasdaq.com/api/screener/etf?download=true,True,,,
DOGG,DOGG,FT Vest DJIA Dogs 10 Target Income ETF,,,,,,,,,,nasdaq,https://api.nasdaq.com/api/screener/etf?download=true,True,,,
DOJE,DOJE,ETF Opportunities Trust REX-Osprey DOGE ETF,,,,,,,,,,nasdaq,https://api.nasdaq.com/api/screener/etf?download=true,True,,,
DOL,DOL,WisdomTree True Developed International Fund,,,,,,,,,,nasdaq,https://api.nasdaq.com/api/screener/etf?download=true,True,,,
DON,DON,WisdomTree U.S. MidCap Dividend Fund,,,,,,,,,,nasdaq,https://api.nasdaq.com/api/screener/etf?download=true,True,,,
DPST,DPST,Direxion Daily Regional Banks Bull 3X ETF,,,,,,,,,,nasdaq,https://api.nasdaq.com/api/screener/etf?download=true,True,,,
DRAI,DRAI,EA Series Trust Draco Evolution AI ETF,,,,,,,,,,nasdaq,https://api.nasdaq.com/api/screener/etf?download=true,True,,,
DRAM,DRAM,Roundhill ETF Trust Roundhill Memory ETF,,,,,,,,,,nasdaq,https://api.nasdaq.com/api/screener/etf?download=true,True,,,
DRAY,DRAY,Tidal Trust II YieldMax DKNG Option Income Strategy ETF,,,,,,,,,,nasdaq,https://api.nasdaq.com/api/screener/etf?download=true,True,,,
DRGN,DRGN,Themes ETF Trust Themes China Generative Artificial Intelligen,,,,,,,,,,nasdaq,https://api.nasdaq.com/api/screener/etf?download=true,True,,,
DRIP,DRIP,Direxion Daily S&P Oil & Gas Exp. & Prod. Bear 2X ETF,,,,,,,,,,nasdaq,https://api.nasdaq.com/api/screener/etf?download=true,True,,,
DRIV,DRIV,Global X Autonomous & Electric Vehicles ETF,,,,,,,,,,nasdaq,https://api.nasdaq.com/api/screener/etf?download=true,True,,,
DRLL,DRLL,EA Series Trust Strive U.S. Energy ETF,,,,,,,,,,nasdaq,https://api.nasdaq.com/api/screener/etf?download=true,True,,,
DRN,DRN,Direxion Daily Real Estate Bull 3X ETF,,,,,,,,,,nasdaq,https://api.nasdaq.com/api/screener/etf?download=true,True,,,
DRNZ,DRNZ,REX Drone ETF,,,,,,,,,,nasdaq,https://api.nasdaq.com/api/screener/etf?download=true,True,,,
DRSK,DRSK,Aptus Defined Risk ETF,,,,,,,,,,nasdaq,https://api.nasdaq.com/api/screener/etf?download=true,True,,,
DRUP,DRUP,GraniteShares Nasdaq Select Disruptors ETF,,,,,,,,,,nasdaq,https://api.nasdaq.com/api/screener/etf?download=true,True,,,
DRV,DRV,Direxion Daily Real Estate Bear 3X ETF,,,,,,,,,,nasdaq,https://api.nasdaq.com/api/screener/etf?download=true,True,,,
DSEP,DSEP,FT Vest U.S. Equity Deep Buffer ETF - September,,,,,,,,,,nasdaq,https://api.nasdaq.com/api/screener/etf?download=true,True,,,
DSI,DSI,iShares ESG MSCI KLD 400 ETF,,,,,,,,,,nasdaq,https://api.nasdaq.com/api/screener/etf?download=true,True,,,
DSMC,DSMC,ETF Series Solutions Distillate Small/Mid Cash Flow ETF,,,,,,,,,,nasdaq,https://api.nasdaq.com/api/screener/etf?download=true,True,,,
DSPY,DSPY,Tema ETF Trust Tema S&P 500  Historical Weight ETF Strategy,,,,,,,,,,nasdaq,https://api.nasdaq.com/api/screener/etf?download=true,True,,,
DSTL,DSTL,Distillate U.S. Fundamental Stability & Value ETF,,,,,,,,,,nasdaq,https://api.nasdaq.com/api/screener/etf?download=true,True,,,
DSTX,DSTX,Distillate International Fundamental Stability & Value ETF,,,,,,,,,,nasdaq,https://api.nasdaq.com/api/screener/etf?download=true,True,,,
DTAN,DTAN,EA Series Trust Sparkline International Intangible Value ETF,,,,,,,,,,nasdaq,https://api.nasdaq.com/api/screener/etf?download=true,True,,,
DTCR,DTCR,Global X Data Center & Digital Infrastructure ETF,,,,,,,,,,nasdaq,https://api.nasdaq.com/api/screener/etf?download=true,True,,,
DTD,DTD,WisdomTree U.S. Total Dividend Fund,,,,,,,,,,nasdaq,https://api.nasdaq.com/api/screener/etf?download=true,True,,,
DTEC,DTEC,ALPS ETF Trust ALPS Disruptive Technologies ETF,,,,,,,,,,nasdaq,https://api.nasdaq.com/api/screener/etf?download=true,True,,,
DTH,DTH,WisdomTree International High Dividend Fund,,,,,,,,,,nasdaq,https://api.nasdaq.com/api/screener/etf?download=true,True,,,
DTRE,DTRE,First Trust Alerian Disruptive Technology Real Estate ETF,,,,,,,,,,nasdaq,https://api.nasdaq.com/api/screener/etf?download=true,True,,,
DUBS,DUBS,ETF Series Solutions Aptus Large Cap Enhanced Yield ETF,,,,,,,,,,nasdaq,https://api.nasdaq.com/api/screener/etf?download=true,True,,,
DUG,DUG,ProShares UltraShort Energy,,,,,,,,,,nasdaq,https://api.nasdaq.com/api/screener/etf?download=true,True,,,
DUHP,DUHP,Dimensional ETF Trust Dimensional US High Profitability ETF,,,,,,,,,,nasdaq,https://api.nasdaq.com/api/screener/etf?download=true,True,,,
DUKH,DUKH,Ocean Park High Income ETF,,,,,,,,,,nasdaq,https://api.nasdaq.com/api/screener/etf?download=true,True,,,
DUKQ,DUKQ,Northern Lights Fund Trust Ocean Park Domestic ETF,,,,,,,,,,nasdaq,https://api.nasdaq.com/api/screener/etf?download=true,True,,,
DUKX,DUKX,Ocean Park International ETF,,,,,,,,,,nasdaq,https://api.nasdaq.com/api/screener/etf?download=true,True,,,
DUKZ,DUKZ,Northern Lights Fund Trust Ocean Park Diversified Income ETF,,,,,,,,,,nasdaq,https://api.nasdaq.com/api/screener/etf?download=true,True,,,
DULL,DULL,Bank Of Montreal MicroSectors Gold -3X Inverse Leveraged ETNs ,0000927971,,,NYSE,,,,,,nasdaq,https://api.nasdaq.com/api/screener/etf?download=true,True,,,
DUNK,DUNK,Tidal Trust I Dana Unconstrained Equity ETF,,,,,,,,,,nasdaq,https://api.nasdaq.com/api/screener/etf?download=true,True,,,
DUOG,DUOG,Leverage Shares 2X Long DUOL Daily ETF,,,,,,,,,,nasdaq,https://api.nasdaq.com/api/screener/etf?download=true,True,,,
DURA,DURA,VanEck Durable High Dividend ETF,,,,,,,,,,nasdaq,https://api.nasdaq.com/api/screener/etf?download=true,True,,,
DUSA,DUSA,Davis Fundamental ETF Trust Davis Select U.S. Equity ETF,,,,,,,,,,nasdaq,https://api.nasdaq.com/api/screener/etf?download=true,True,,,
DUSB,DUSB,Dimensional ETF Trust Dimensional Ultrashort Fixed Income ETF,,,,,,,,,,nasdaq,https://api.nasdaq.com/api/screener/etf?download=true,True,,,
DUSL,DUSL,Direxion Daily Industrials Bull 3X ETF,,,,,,,,,,nasdaq,https://api.nasdaq.com/api/screener/etf?download=true,True,,,
DUST,DUST,Direxion Daily Gold Miners Index Bear 2X ETF,,,,,,,,,,nasdaq,https://api.nasdaq.com/api/screener/etf?download=true,True,,,
DVAL,DVAL,BrandywineGLOBAL-Dynamic US Large Cap Value ETF,,,,,,,,,,nasdaq,https://api.nasdaq.com/api/screener/etf?download=true,True,,,
DVDN,DVDN,ETF Opportunities Trust Kingsbarn Dividend Opportunity ETF,,,,,,,,,,nasdaq,https://api.nasdaq.com/api/screener/etf?download=true,True,,,
DVGR,DVGR,DAC 3D Dividend Growth ETF,,,,,,,,,,nasdaq,https://api.nasdaq.com/api/screener/etf?download=true,True,,,
DVIN,DVIN,WEBs Industrials XLI Defined Volatility ETF,,,,,,,,,,nasdaq,https://api.nasdaq.com/api/screener/etf?download=true,True,,,
DVLU,DVLU,First Trust Dorsey Wright Momentum & Value ETF,,,,,,,,,,nasdaq,https://api.nasdaq.com/api/screener/etf?download=true,True,,,
DVND,DVND,Touchstone ETF Trust Touchstone Dividend Select ETF,,,,,,,,,,nasdaq,https://api.nasdaq.com/api/screener/etf?download=true,True,,,
DVOL,DVOL,First Trust Dorsey Wright Momentum & Low Volatility ETF,,,,,,,,,,nasdaq,https://api.nasdaq.com/api/screener/etf?download=true,True,,,
DVQQ,DVQQ,WEBs QQQ Defined Volatility ETF,,,,,,,,,,nasdaq,https://api.nasdaq.com/api/screener/etf?download=true,True,,,
DVRE,DVRE,WEBs Real Estate XLRE Defined Volatility ETF,,,,,,,,,,nasdaq,https://api.nasdaq.com/api/screener/etf?download=true,True,,,
DVSP,DVSP,WEBs SPY Defined Volatility ETF,,,,,,,,,,nasdaq,https://api.nasdaq.com/api/screener/etf?download=true,True,,,
DVUT,DVUT,WEBs Utilities XLU Defined Volatility ETF,,,,,,,,,,nasdaq,https://api.nasdaq.com/api/screener/etf?download=true,True,,,
DVXB,DVXB,WEBs Materials XLB Defined Volatility ETF,,,,,,,,,,nasdaq,https://api.nasdaq.com/api/screener/etf?download=true,True,,,
DVXC,DVXC,WEBs Communication Services XLC Defined Volatility ETF,,,,,,,,,,nasdaq,https://api.nasdaq.com/api/screener/etf?download=true,True,,,
DVXE,DVXE,WEBs Energy XLE Defined Volatility ETF,,,,,,,,,,nasdaq,https://api.nasdaq.com/api/screener/etf?download=true,True,,,
DVXF,DVXF,WEBs Financial XLF Defined Volatility ETF,,,,,,,,,,nasdaq,https://api.nasdaq.com/api/screener/etf?download=true,True,,,
DVXK,DVXK,WEBs Technology XLK Defined Volatility ETF,,,,,,,,,,nasdaq,https://api.nasdaq.com/api/screener/etf?download=true,True,,,
DVXP,DVXP,WEBs Consumer Staples XLP Defined Volatility ETF,,,,,,,,,,nasdaq,https://api.nasdaq.com/api/screener/etf?download=true,True,,,
DVXV,DVXV,WEBs Health Care XLV Defined Volatility ETF,,,,,,,,,,nasdaq,https://api.nasdaq.com/api/screener/etf?download=true,True,,,
DVXY,DVXY,WEBs Consumer Discretionary XLY Defined Volatility ETF,,,,,,,,,,nasdaq,https://api.nasdaq.com/api/screener/etf?download=true,True,,,
DVY,DVY,iShares Select Dividend ETF,,,,,,,,,,nasdaq,https://api.nasdaq.com/api/screener/etf?download=true,True,,,
DVYA,DVYA,iShares Asia / Pacific Dividend 30 Index Fund Exchange Traded ,,,,,,,,,,nasdaq,https://api.nasdaq.com/api/screener/etf?download=true,True,,,
DVYE,DVYE,iShares Emerging Markets Dividend Index Fund Exchange Traded F,,,,,,,,,,nasdaq,https://api.nasdaq.com/api/screener/etf?download=true,True,,,
DWAS,DWAS,Invesco Dorsey Wright SmallCap Momentum ETF,,,,,,,,,,nasdaq,https://api.nasdaq.com/api/screener/etf?download=true,True,,,
DWAW,DWAW,AdvisorShares Dorsey Wright FSM All Cap World ETF,,,,,,,,,,nasdaq,https://api.nasdaq.com/api/screener/etf?download=true,True,,,
DWLD,DWLD,Davis Fundamental ETF Trust Davis Select Worldwide ETF,,,,,,,,,,nasdaq,https://api.nasdaq.com/api/screener/etf?download=true,True,,,
DWM,DWM,WisdomTree International Equity Fund,,,,,,,,,,nasdaq,https://api.nasdaq.com/api/screener/etf?download=true,True,,,
DWMF,DWMF,WisdomTree International Multifactor Fund,,,,,,,,,,nasdaq,https://api.nasdaq.com/api/screener/etf?download=true,True,,,
DWSH,DWSH,AdvisorShares Dorsey Wright Short ETF,,,,,,,,,,nasdaq,https://api.nasdaq.com/api/screener/etf?download=true,True,,,
DWUS,DWUS,AdvisorShares Dorsey Wright FSM US Core ETF,,,,,,,,,,nasdaq,https://api.nasdaq.com/api/screener/etf?download=true,True,,,
DWX,DWX,State Street SPDR S&P International Dividend ETF,,,,,,,,,,nasdaq,https://api.nasdaq.com/api/screener/etf?download=true,True,,,
DXD,DXD,ProShares UltraShort Dow30,,,,,,,,,,nasdaq,https://api.nasdaq.com/api/screener/etf?download=true,True,,,
DXIV,DXIV,Dimensional ETF Trust Dimensional International Vector Equity ,,,,,,,,,,nasdaq,https://api.nasdaq.com/api/screener/etf?download=true,True,,,
DXJ,DXJ,WisdomTree Japan Hedged Equity Fund,,,,,,,,,,nasdaq,https://api.nasdaq.com/api/screener/etf?download=true,True,,,
DXUV,DXUV,Dimensional ETF Trust Dimensional US Vector Equity ETF,,,,,,,,,,nasdaq,https://api.nasdaq.com/api/screener/etf?download=true,True,,,
DYFI,DYFI,IDX Dynamic Fixed Income ETF,,,,,,,,,,nasdaq,https://api.nasdaq.com/api/screener/etf?download=true,True,,,
DYLD,DYLD,LeaderShares Dynamic Yield ETF,,,,,,,,,,nasdaq,https://api.nasdaq.com/api/screener/etf?download=true,True,,,
DYLG,DYLG,Global X Funds Global X Dow 30 Covered Call & Growth ETF,,,,,,,,,,nasdaq,https://api.nasdaq.com/api/screener/etf?download=true,True,,,
DYNB,DYNB,Hartford Dynamic Bond ETF,,,,,,,,,,nasdaq,https://api.nasdaq.com/api/screener/etf?download=true,True,,,
DYNF,DYNF,iShares U.S. Equity Factor Rotation Active ETF,,,,,,,,,,nasdaq,https://api.nasdaq.com/api/screener/etf?download=true,True,,,
DYTA,DYTA,SGI Dynamic Tactical ETF,,,,,,,,,,nasdaq,https://api.nasdaq.com/api/screener/etf?download=true,True,,,
DZZ,DZZ,PowerShares DB Gold Double Short ETN,0001159508,,,NYSE,,,,,,nasdaq,https://api.nasdaq.com/api/screener/etf?download=true,True,,,
EAFG,EAFG,Pacer Funds Trust Pacer Developed Markets Cash Cows Growth Lea,,,,,,,,,,nasdaq,https://api.nasdaq.com/api/screener/etf?download=true,True,,,
EAGG,EAGG,iShares ESG Aware U.S. Aggregate Bond ETF,,,,,,,,,,nasdaq,https://api.nasdaq.com/api/screener/etf?download=true,True,,,
EAGL,EAGL,The 2023 ETF Series Trust Eagle Capital Select Equity ETF,,,,,,,,,,nasdaq,https://api.nasdaq.com/api/screener/etf?download=true,True,,,
EALT,EALT,Innovator ETFs Trust Innovator U.S. Equity 5 to 15 Buffer ETF ,,,,,,,,,,nasdaq,https://api.nasdaq.com/api/screener/etf?download=true,True,,,
EAOA,EAOA,iShares ESG Aware 80/20 Aggressive Allocation ETF,,,,,,,,,,nasdaq,https://api.nasdaq.com/api/screener/etf?download=true,True,,,
EAOK,EAOK,iShares ESG Aware 30/70 Conservative Allocation ETF,,,,,,,,,,nasdaq,https://api.nasdaq.com/api/screener/etf?download=true,True,,,
EAOM,EAOM,iShares ESG Aware 40/60 Moderate Allocation ETF,,,,,,,,,,nasdaq,https://api.nasdaq.com/api/screener/etf?download=true,True,,,
IBRN,IBRN,iShares Trust iShares Neuroscience and Healthcare ETF,,,,,,,,,,nasdaq,https://api.nasdaq.com/api/screener/etf?download=true,True,,,
IBTG,IBTG,iShares iBonds Dec 2026 Term Treasury ETF,,,,,,,,,,nasdaq,https://api.nasdaq.com/api/screener/etf?download=true,True,,,
IBTH,IBTH,iShares iBonds Dec 2027 Term Treasury ETF,,,,,,,,,,nasdaq,https://api.nasdaq.com/api/screener/etf?download=true,True,,,
IBTI,IBTI,iShares iBonds Dec 2028 Term Treasury ETF,,,,,,,,,,nasdaq,https://api.nasdaq.com/api/screener/etf?download=true,True,,,
IBTJ,IBTJ,iShares iBonds Dec 2029 Term Treasury ETF,,,,,,,,,,nasdaq,https://api.nasdaq.com/api/screener/etf?download=true,True,,,
IBTK,IBTK,iShares iBonds Dec 2030 Term Treasury ETF,,,,,,,,,,nasdaq,https://api.nasdaq.com/api/screener/etf?download=true,True,,,
IBTL,IBTL,iShares iBonds Dec 2031 Term Treasury ETF,,,,,,,,,,nasdaq,https://api.nasdaq.com/api/screener/etf?download=true,True,,,
IBTM,IBTM,iShares iBonds Dec 2032 Term Treasury ETF,,,,,,,,,,nasdaq,https://api.nasdaq.com/api/screener/etf?download=true,True,,,
IBTO,IBTO,iShares iBonds Dec 2033 Term Treasury ETF,,,,,,,,,,nasdaq,https://api.nasdaq.com/api/screener/etf?download=true,True,,,
IBTP,IBTP,iShares iBonds Dec 2034 Term Treasury ETF,,,,,,,,,,nasdaq,https://api.nasdaq.com/api/screener/etf?download=true,True,,,
IBTQ,IBTQ,iShares iBonds Dec 2035 Term Treasury ETF,,,,,,,,,,nasdaq,https://api.nasdaq.com/api/screener/etf?download=true,True,,,
IBTR,IBTR,iShares iBonds Dec 2036 Term Treasury ETF,,,,,,,,,,nasdaq,https://api.nasdaq.com/api/screener/etf?download=true,True,,,
IBUF,IBUF,Innovator International Developed 10 Buffer ETF - Quarterly,,,,,,,,,,nasdaq,https://api.nasdaq.com/api/screener/etf?download=true,True,,,
IBUY,IBUY,Amplify ETF Trust Amplify Online Retail ETF,,,,,,,,,,nasdaq,https://api.nasdaq.com/api/screener/etf?download=true,True,,,
IBX,IBX,Investment Managers Series Trust II Tradr 2X Long IBM Daily ET,,,,,,,,,,nasdaq,https://api.nasdaq.com/api/screener/etf?download=true,True,,,
ICAP,ICAP,Infrastructure Capital Equity Income ETF,,,,,,,,,,nasdaq,https://api.nasdaq.com/api/screener/etf?download=true,True,,,
ICF,ICF,iShares Select U.S. REIT ETF,,,,,,,,,,nasdaq,https://api.nasdaq.com/api/screener/etf?download=true,True,,,
ICLN,ICLN,iShares Global Clean Energy ETF,,,,,,,,,,nasdaq,https://api.nasdaq.com/api/screener/etf?download=true,True,,,
ICLO,ICLO,Invesco Actively Managed Exchange-Traded Fund Trus Invesco AAA,,,,,,,,,,nasdaq,https://api.nasdaq.com/api/screener/etf?download=true,True,,,
ICOI,ICOI,Bitwise Funds Trust Bitwise COIN Option Income Strategy ETF,,,,,,,,,,nasdaq,https://api.nasdaq.com/api/screener/etf?download=true,True,,,
ICOP,ICOP,iShares Copper and Metals Mining ETF,,,,,,,,,,nasdaq,https://api.nasdaq.com/api/screener/etf?download=true,True,,,
ICOW,ICOW,Pacer Developed Markets International Cash Cows 100 ETF,,,,,,,,,,nasdaq,https://api.nasdaq.com/api/screener/etf?download=true,True,,,
ICPY,ICPY,The RBB Fund Trust Tweedy Browne International Insider + Valu,,,,,,,,,,nasdaq,https://api.nasdaq.com/api/screener/etf?download=true,True,,,
ICSH,ICSH,iShares Ultra Short Duration Bond Active ETF,,,,,,,,,,nasdaq,https://api.nasdaq.com/api/screener/etf?download=true,True,,,
ICVT,ICVT,iShares Convertible Bond ETF,,,,,,,,,,nasdaq,https://api.nasdaq.com/api/screener/etf?download=true,True,,,
IDEC,IDEC,Innovator ETFs Trust Innovator International Developed Power B,,,,,,,,,,nasdaq,https://api.nasdaq.com/api/screener/etf?download=true,True,,,
IDEF,IDEF,iShares Defense Industrials Active ETF,,,,,,,,,,nasdaq,https://api.nasdaq.com/api/screener/etf?download=true,True,,,
IDEQ,IDEQ,Lazard Active ETF Trust Lazard International Dynamic Equity ET,,,,,,,,,,nasdaq,https://api.nasdaq.com/api/screener/etf?download=true,True,,,
IDEV,IDEV,iShares Core MSCI International Developed Markets ETF,,,,,,,,,,nasdaq,https://api.nasdaq.com/api/screener/etf?download=true,True,,,
IDGT,IDGT,iShares U.S. Digital Infrastructure and Real Estate ETF,,,,,,,,,,nasdaq,https://api.nasdaq.com/api/screener/etf?download=true,True,,,
IDHQ,IDHQ,Invesco S&P International Developed Quality ETF,,,,,,,,,,nasdaq,https://api.nasdaq.com/api/screener/etf?download=true,True,,,
IDLV,IDLV,Invesco S&P International Developed Low Volatility ETF,,,,,,,,,,nasdaq,https://api.nasdaq.com/api/screener/etf?download=true,True,,,
IDMO,IDMO,Invesco S&P International Developed Momentum ETF,,,,,,,,,,nasdaq,https://api.nasdaq.com/api/screener/etf?download=true,True,,,
IDNA,IDNA,iShares Genomics Immunology and Healthcare ETF,,,,,,,,,,nasdaq,https://api.nasdaq.com/api/screener/etf?download=true,True,,,
IDOG,IDOG,ALPS International Sector Dividend Dogs ETF,,,,,,,,,,nasdaq,https://api.nasdaq.com/api/screener/etf?download=true,True,,,
IDRV,IDRV,iShares Self-Driving EV and Tech ETF,,,,,,,,,,nasdaq,https://api.nasdaq.com/api/screener/etf?download=true,True,,,
IDU,IDU,iShares U.S. Utilities ETF,,,,,,,,,,nasdaq,https://api.nasdaq.com/api/screener/etf?download=true,True,,,
IDUB,IDUB,Aptus International Enhanced Yield ETF,,,,,,,,,,nasdaq,https://api.nasdaq.com/api/screener/etf?download=true,True,,,
IDV,IDV,iShares International Select Dividend ETF,,,,,,,,,,nasdaq,https://api.nasdaq.com/api/screener/etf?download=true,True,,,
IDVO,IDVO,Amplify CWP International Enhanced Dividend Income ETF,,,,,,,,,,nasdaq,https://api.nasdaq.com/api/screener/etf?download=true,True,,,
IDVY,IDVY,First Trust International Rising Dividend Achievers ETF,,,,,,,,,,nasdaq,https://api.nasdaq.com/api/screener/etf?download=true,True,,,
IDVZ,IDVZ,Polen International Dividend Income Fund,,,,,,,,,,nasdaq,https://api.nasdaq.com/api/screener/etf?download=true,True,,,
IDX,IDX,VanEck Indonesia Index ETF,,,,,,,,,,nasdaq,https://api.nasdaq.com/api/screener/etf?download=true,True,,,
IDYN,IDYN,BlackRock ETF Trust iShares International Equity Factor Rotati,,,,,,,,,,nasdaq,https://api.nasdaq.com/api/screener/etf?download=true,True,,,
IEDI,IEDI,iShares U.S. Consumer Focused ETF,,,,,,,,,,nasdaq,https://api.nasdaq.com/api/screener/etf?download=true,True,,,
IEF,IEF,iShares 7-10 Year Treasury Bond ETF,,,,,,,,,,nasdaq,https://api.nasdaq.com/api/screener/etf?download=true,True,,,
IEFA,IEFA,iShares Core MSCI EAFE ETF,,,,,,,,,,nasdaq,https://api.nasdaq.com/api/screener/etf?download=true,True,,,
IEI,IEI,iShares 3-7 Year Treasury Bond ETF,,,,,,,,,,nasdaq,https://api.nasdaq.com/api/screener/etf?download=true,True,,,
IEMG,IEMG,iShares Core MSCI Emerging Markets ETF,,,,,,,,,,nasdaq,https://api.nasdaq.com/api/screener/etf?download=true,True,,,
IEO,IEO,iShares U.S. Oil & Gas Exploration & Production ETF,,,,,,,,,,nasdaq,https://api.nasdaq.com/api/screener/etf?download=true,True,,,
IETC,IETC,iShares U.S. Tech Independence Focused ETF,,,,,,,,,,nasdaq,https://api.nasdaq.com/api/screener/etf?download=true,True,,,
IEUR,IEUR,iShares Core MSCI Europe ETF,,,,,,,,,,nasdaq,https://api.nasdaq.com/api/screener/etf?download=true,True,,,
IEUS,IEUS,iShares MSCI Europe Small-Cap ETF,,,,,,,,,,nasdaq,https://api.nasdaq.com/api/screener/etf?download=true,True,,,
IEV,IEV,iShares Europe ETF,,,,,,,,,,nasdaq,https://api.nasdaq.com/api/screener/etf?download=true,True,,,
IEZ,IEZ,iShares U.S. Oil Equipment & Services ETF,,,,,,,,,,nasdaq,https://api.nasdaq.com/api/screener/etf?download=true,True,,,
IFEB,IFEB,Innovator ETFs Trust Innovator International Developed Power B,,,,,,,,,,nasdaq,https://api.nasdaq.com/api/screener/etf?download=true,True,,,
IFED,IFED,ETRACS IFED Invest with the Fed TR Index ETN,0001114446,,,NYSE,,,,,,nasdaq,https://api.nasdaq.com/api/screener/etf?download=true,True,,,
IFGL,IFGL,iShares International Developed Real Estate ETF,,,,,,,,,,nasdaq,https://api.nasdaq.com/api/screener/etf?download=true,True,,,
IFLN,IFLN,Invesco Bloomberg Enhanced Fallen Angels ETF,,,,,,,,,,nasdaq,https://api.nasdaq.com/api/screener/etf?download=true,True,,,
IFLO,IFLO,VictoryShares International Free Cash Flow ETF,,,,,,,,,,nasdaq,https://api.nasdaq.com/api/screener/etf?download=true,True,,,
IFLR,IFLR,Innovator ETFs Trust Innovator International Developed Managed,,,,,,,,,,nasdaq,https://api.nasdaq.com/api/screener/etf?download=true,True,,,
IFRA,IFRA,iShares U.S. Infrastructure ETF,,,,,,,,,,nasdaq,https://api.nasdaq.com/api/screener/etf?download=true,True,,,
IFV,IFV,First Trust Dorsey Wright International Focus 5 ETF,,,,,,,,,,nasdaq,https://api.nasdaq.com/api/screener/etf?download=true,True,,,
IG,IG,Principal Investment Grade Corporate Active ETF,,,,,,,,,,nasdaq,https://api.nasdaq.com/api/screener/etf?download=true,True,,,
IGBH,IGBH,iShares Interest Rate Hedged Long-Term Corporate Bond ETF,,,,,,,,,,nasdaq,https://api.nasdaq.com/api/screener/etf?download=true,True,,,
IGCB,IGCB,TCW Corporate Bond ETF,,,,,,,,,,nasdaq,https://api.nasdaq.com/api/screener/etf?download=true,True,,,
IGE,IGE,iShares North American Natural Resources ETF,,,,,,,,,,nasdaq,https://api.nasdaq.com/api/screener/etf?download=true,True,,,
IGEB,IGEB,iShares Investment Grade Systematic Bond ETF,,,,,,,,,,nasdaq,https://api.nasdaq.com/api/screener/etf?download=true,True,,,
IGF,IGF,iShares Global Infrastructure ETF,,,,,,,,,,nasdaq,https://api.nasdaq.com/api/screener/etf?download=true,True,,,
IGGY,IGGY,AB Active ETFs Inc. AB International Growth ETF,,,,,,,,,,nasdaq,https://api.nasdaq.com/api/screener/etf?download=true,True,,,
IGHG,IGHG,ProShares Investment Grade-Interest Rate Hedged,,,,,,,,,,nasdaq,https://api.nasdaq.com/api/screener/etf?download=true,True,,,
IGIB,IGIB,iShares 5-10 Year Investment Grade Corporate Bond ETF,,,,,,,,,,nasdaq,https://api.nasdaq.com/api/screener/etf?download=true,True,,,
IGLB,IGLB,iShares 10  Year Investment Grade Corporate Bond ETF,,,,,,,,,,nasdaq,https://api.nasdaq.com/api/screener/etf?download=true,True,,,
IGLD,IGLD,FT Vest Gold Strategy Target Income ETF,,,,,,,,,,nasdaq,https://api.nasdaq.com/api/screener/etf?download=true,True,,,
IGM,IGM,iShares Expanded Tech Sector ETF,,,,,,,,,,nasdaq,https://api.nasdaq.com/api/screener/etf?download=true,True,,,
IGME,IGME,Bitwise Funds Trust Bitwise GME Option Income Strategy ETF,,,,,,,,,,nasdaq,https://api.nasdaq.com/api/screener/etf?download=true,True,,,
IGOV,IGOV,iShares International Treasury Bond ETF,,,,,,,,,,nasdaq,https://api.nasdaq.com/api/screener/etf?download=true,True,,,
IGPT,IGPT,Invesco AI and Next Gen Software ETF,,,,,,,,,,nasdaq,https://api.nasdaq.com/api/screener/etf?download=true,True,,,
IGRO,IGRO,iShares International Dividend Growth ETF,,,,,,,,,,nasdaq,https://api.nasdaq.com/api/screener/etf?download=true,True,,,
IGSB,IGSB,iShares 1-5 Year Investment Grade Corporate Bond ETF,,,,,,,,,,nasdaq,https://api.nasdaq.com/api/screener/etf?download=true,True,,,
IGTR,IGTR,Innovator ETFs Trust Innovator Gradient Tactical Rotation Stra,,,,,,,,,,nasdaq,https://api.nasdaq.com/api/screener/etf?download=true,True,,,
IGV,IGV,iShares Expanded Tech-Software Sector ETF,,,,,,,,,,nasdaq,https://api.nasdaq.com/api/screener/etf?download=true,True,,,
IHAK,IHAK,iShares Cybersecurity and Tech ETF,,,,,,,,,,nasdaq,https://api.nasdaq.com/api/screener/etf?download=true,True,,,
IHDG,IHDG,WisdomTree International Hedged Quality Dividend Growth Fund,,,,,,,,,,nasdaq,https://api.nasdaq.com/api/screener/etf?download=true,True,,,
IHE,IHE,iShares U.S. Pharmaceutical ETF,,,,,,,,,,nasdaq,https://api.nasdaq.com/api/screener/etf?download=true,True,,,
IHF,IHF,iShares U.S. Health Care Providers ETF,,,,,,,,,,nasdaq,https://api.nasdaq.com/api/screener/etf?download=true,True,,,
IHI,IHI,iShares U.S. Medical Devices ETF,,,,,,,,,,nasdaq,https://api.nasdaq.com/api/screener/etf?download=true,True,,,
IHY,IHY,VanEck International High Yield Bond ETF,,,,,,,,,,nasdaq,https://api.nasdaq.com/api/screener/etf?download=true,True,,,
IIGD,IIGD,Invesco Investment Grade Defensive ETF,,,,,,,,,,nasdaq,https://api.nasdaq.com/api/screener/etf?download=true,True,,,
IJAN,IJAN,Innovator International Developed Power Buffer ETF January,,,,,,,,,,nasdaq,https://api.nasdaq.com/api/screener/etf?download=true,True,,,
IJH,IJH,iShares Core S&P Mid-Cap ETF,,,,,,,,,,nasdaq,https://api.nasdaq.com/api/screener/etf?download=true,True,,,
IJJ,IJJ,iShares S&P Mid-Cap 400 Value ETF,,,,,,,,,,nasdaq,https://api.nasdaq.com/api/screener/etf?download=true,True,,,
IJK,IJK,iShares S&P Mid-Cap 400 Growth ETF,,,,,,,,,,nasdaq,https://api.nasdaq.com/api/screener/etf?download=true,True,,,
IJR,IJR,iShares Core S&P Small-Cap ETF,,,,,,,,,,nasdaq,https://api.nasdaq.com/api/screener/etf?download=true,True,,,
IJS,IJS,iShares S&P SmallCap 600 Value ETF,,,,,,,,,,nasdaq,https://api.nasdaq.com/api/screener/etf?download=true,True,,,
IJT,IJT,iShares S&P SmallCap 600 Growth ETF,,,,,,,,,,nasdaq,https://api.nasdaq.com/api/screener/etf?download=true,True,,,
IJUL,IJUL,Innovator International Developed Power Buffer ETF  July,,,,,,,,,,nasdaq,https://api.nasdaq.com/api/screener/etf?download=true,True,,,
IJUN,IJUN,Innovator International Developed Power Buffer ETF  June,,,,,,,,,,nasdaq,https://api.nasdaq.com/api/screener/etf?download=true,True,,,
ILCB,ILCB,iShares Morningstar Large-Cap ETF,,,,,,,,,,nasdaq,https://api.nasdaq.com/api/screener/etf?download=true,True,,,
ILCG,ILCG,iShares Morningstar Large-Cap Growth ETF,,,,,,,,,,nasdaq,https://api.nasdaq.com/api/screener/etf?download=true,True,,,
ILCV,ILCV,iShares Morningstar Large-Cap  Value ETF,,,,,,,,,,nasdaq,https://api.nasdaq.com/api/screener/etf?download=true,True,,,
ILDR,ILDR,First Trust Innovation Leaders ETF,,,,,,,,,,nasdaq,https://api.nasdaq.com/api/screener/etf?download=true,True,,,
ILF,ILF,iShares Latin America 40 ETF,,,,,,,,,,nasdaq,https://api.nasdaq.com/api/screener/etf?download=true,True,,,
ILIT,ILIT,iShares Lithium Miners and Producers ETF,,,,,,,,,,nasdaq,https://api.nasdaq.com/api/screener/etf?download=true,True,,,
ILOW,ILOW,AB Active ETFs Inc. AB International Low Volatility Equity ET,,,,,,,,,,nasdaq,https://api.nasdaq.com/api/screener/etf?download=true,True,,,
ILS,ILS,ETF Opportunities Trust Brookmont Catastrophic Bond ETF,,,,,,,,,,nasdaq,https://api.nasdaq.com/api/screener/etf?download=true,True,,,
ILTB,ILTB,iShares Core 10  Year USD Bond ETF,,,,,,,,,,nasdaq,https://api.nasdaq.com/api/screener/etf?download=true,True,,,
IMAR,IMAR,Innovator ETFs Trust Innovator International Developed Power B,,,,,,,,,,nasdaq,https://api.nasdaq.com/api/screener/etf?download=true,True,,,
IMAY,IMAY,Innovator International Developed Power Buffer ETF - May,,,,,,,,,,nasdaq,https://api.nasdaq.com/api/screener/etf?download=true,True,,,
IMCB,IMCB,iShares Morningstar Mid-Cap ETF,,,,,,,,,,nasdaq,https://api.nasdaq.com/api/screener/etf?download=true,True,,,
IMCG,IMCG,iShares Morningstar Mid-Cap Growth ETF,,,,,,,,,,nasdaq,https://api.nasdaq.com/api/screener/etf?download=true,True,,,
IMCV,IMCV,iShares Morningstar Mid-Cap Value ETF,,,,,,,,,,nasdaq,https://api.nasdaq.com/api/screener/etf?download=true,True,,,
IMF,IMF,Invesco Managed Futures Strategy ETF,,,,,,,,,,nasdaq,https://api.nasdaq.com/api/screener/etf?download=true,True,,,
IMOM,IMOM,Alpha Architect International Quantitative Momentum ETF,,,,,,,,,,nasdaq,https://api.nasdaq.com/api/screener/etf?download=true,True,,,
IMRA,IMRA,Bitwise Funds Trust Bitwise MARA Option Income Strategy ETF,,,,,,,,,,nasdaq,https://api.nasdaq.com/api/screener/etf?download=true,True,,,
IMST,IMST,Bitwise Funds Trust Bitwise MSTR Option Income Strategy ETF,,,,,,,,,,nasdaq,https://api.nasdaq.com/api/screener/etf?download=true,True,,,
IMTB,IMTB,iShares Core 5-10 Year USD Bond ETF,,,,,,,,,,nasdaq,https://api.nasdaq.com/api/screener/etf?download=true,True,,,
IMTM,IMTM,iShares MSCI Intl Momentum Factor ETF,,,,,,,,,,nasdaq,https://api.nasdaq.com/api/screener/etf?download=true,True,,,
IMVP,IMVP,Invesco India ETF,,,,,,,,,,nasdaq,https://api.nasdaq.com/api/screener/etf?download=true,True,,,
INCE,INCE,Franklin Income Equity Focus ETF,,,,,,,,,,nasdaq,https://api.nasdaq.com/api/screener/etf?download=true,True,,,
INCM,INCM,Franklin Templeton ETF Trust Franklin Income Focus ETF,,,,,,,,,,nasdaq,https://api.nasdaq.com/api/screener/etf?download=true,True,,,
INCO,INCO,Columbia India Consumer ETF,,,,,,,,,,nasdaq,https://api.nasdaq.com/api/screener/etf?download=true,True,,,
IND,IND,Xtrackers Nifty 500 India ETF,,,,,,,,,,nasdaq,https://api.nasdaq.com/api/screener/etf?download=true,True,,,
INDA,INDA,iShares MSCI India ETF,,,,,,,,,,nasdaq,https://api.nasdaq.com/api/screener/etf?download=true,True,,,
INDE,INDE,Matthews International Funds Matthews India Active ETF,,,,,,,,,,nasdaq,https://api.nasdaq.com/api/screener/etf?download=true,True,,,
INDH,INDH,WisdomTree India Hedged Equity Fund,,,,,,,,,,nasdaq,https://api.nasdaq.com/api/screener/etf?download=true,True,,,
INDL,INDL,Direxion Daily MSCI India Bull 2X ETF,,,,,,,,,,nasdaq,https://api.nasdaq.com/api/screener/etf?download=true,True,,,
INDS,INDS,Pacer Industrial Real Estate ETF,,,,,,,,,,nasdaq,https://api.nasdaq.com/api/screener/etf?download=true,True,,,
INDY,INDY,iShares India 50 ETF,,,,,,,,,,nasdaq,https://api.nasdaq.com/api/screener/etf?download=true,True,,,
INEQ,INEQ,Columbia International Equity Income ETF,,,,,,,,,,nasdaq,https://api.nasdaq.com/api/screener/etf?download=true,True,,,
INFL,INFL,Horizon Kinetics Inflation Beneficiaries ETF,,,,,,,,,,nasdaq,https://api.nasdaq.com/api/screener/etf?download=true,True,,,
INFO,INFO,Harbor ETF Trust Harbor PanAgora Dynamic Large Cap Core ETF,,,,,,,,,,nasdaq,https://api.nasdaq.com/api/screener/etf?download=true,True,,,
INKM,INKM,State Street Income Allocation ETF,,,,,,,,,,nasdaq,https://api.nasdaq.com/api/screener/etf?download=true,True,,,
INMU,INMU,iShares Intermediate Muni Income Active ETF,,,,,,,,,,nasdaq,https://api.nasdaq.com/api/screener/etf?download=true,True,,,
INOV,INOV,Innovator ETFs Trust Innovator International Developed Power B,,,,,,,,,,nasdaq,https://api.nasdaq.com/api/screener/etf?download=true,True,,,
INQQ,INQQ,INQQ The India Internet ETF,,,,,,,,,,nasdaq,https://api.nasdaq.com/api/screener/etf?download=true,True,,,
INRO,INRO,iShares U.S. Industry Rotation Active ETF,,,,,,,,,,nasdaq,https://api.nasdaq.com/api/screener/etf?download=true,True,,,
INTF,INTF,iShares International Equity Factor ETF,,,,,,,,,,nasdaq,https://api.nasdaq.com/api/screener/etf?download=true,True,,,
INTM,INTM,Invesco Intermediate Municipal ETF,,,,,,,,,,nasdaq,https://api.nasdaq.com/api/screener/etf?download=true,True,,,
INTW,INTW,GraniteShares 2x Long INTC Daily ETF,,,,,,,,,,nasdaq,https://api.nasdaq.com/api/screener/etf?download=true,True,,,
INVG,INVG,The 2023 ETF Series Trust II GMO Systematic Investment Grade C,,,,,,,,,,nasdaq,https://api.nasdaq.com/api/screener/etf?download=true,True,,,
INVN,INVN,The Alger ETF Trust Alger Russell Innovation ETF,,,,,,,,,,nasdaq,https://api.nasdaq.com/api/screener/etf?download=true,True,,,
IOCT,IOCT,Innovator International Developed Power Buffer ETF - October,,,,,,,,,,nasdaq,https://api.nasdaq.com/api/screener/etf?download=true,True,,,
ION,ION,ProShares Trust ProShares S&P Global Core Battery Metals ETF,,,,,,,,,,nasdaq,https://api.nasdaq.com/api/screener/etf?download=true,True,,,
IONL,IONL,GraniteShares 2x Long IONQ Daily ETF,,,,,,,,,,nasdaq,https://api.nasdaq.com/api/screener/etf?download=true,True,,,
IONX,IONX,Defiance Daily Target 2X Long IONQ ETF,,,,,,,,,,nasdaq,https://api.nasdaq.com/api/screener/etf?download=true,True,,,
IONZ,IONZ,Defiance Daily Target 2X Short IONQ ETF,,,,,,,,,,nasdaq,https://api.nasdaq.com/api/screener/etf?download=true,True,,,
IOO,IOO,iShares Global 100 ETF,,,,,,,,,,nasdaq,https://api.nasdaq.com/api/screener/etf?download=true,True,,,
IOPP,IOPP,Simplify Exchange Traded Funds Simplify Tara India Opportuniti,,,,,,,,,,nasdaq,https://api.nasdaq.com/api/screener/etf?download=true,True,,,
IOYY,IOYY,GraniteShares YieldBOOST IONQ ETF,,,,,,,,,,nasdaq,https://api.nasdaq.com/api/screener/etf?download=true,True,,,
IPAC,IPAC,iShares Core MSCI Pacific ETF,,,,,,,,,,nasdaq,https://api.nasdaq.com/api/screener/etf?download=true,True,,,
IPAV,IPAV,Global X Funds Global X Infrastructure Development ex-U.S. ETF,,,,,,,,,,nasdaq,https://api.nasdaq.com/api/screener/etf?download=true,True,,,
IPAY,IPAY,Amplify Digital Payments ETF,,,,,,,,,,nasdaq,https://api.nasdaq.com/api/screener/etf?download=true,True,,,
IPKW,IPKW,Invesco International BuyBack Achievers ETF,,,,,,,,,,nasdaq,https://api.nasdaq.com/api/screener/etf?download=true,True,,,
IPO,IPO,Renaissance IPO ETF,,,,,,,,,,nasdaq,https://api.nasdaq.com/api/screener/etf?download=true,True,,,
IPOS,IPOS,Renaissance Capital Greenwich Fund,,,,,,,,,,nasdaq,https://api.nasdaq.com/api/screener/etf?download=true,True,,,
IQDF,IQDF,FlexShares International Quality Dividend Index Fund,,,,,,,,,,nasdaq,https://api.nasdaq.com/api/screener/etf?download=true,True,,,
IQDG,IQDG,WisdomTree International Quality Dividend Growth Fund,,,,,,,,,,nasdaq,https://api.nasdaq.com/api/screener/etf?download=true,True,,,
IQDY,IQDY,FlexShares International Quality Dividend Dynamic Index Fund,,,,,,,,,,nasdaq,https://api.nasdaq.com/api/screener/etf?download=true,True,,,
IQHI,IQHI,NYLI MacKay High Income ETF,,,,,,,,,,nasdaq,https://api.nasdaq.com/api/screener/etf?download=true,True,,,
IQLT,IQLT,iShares MSCI Intl Quality Factor ETF,,,,,,,,,,nasdaq,https://api.nasdaq.com/api/screener/etf?download=true,True,,,
IQM,IQM,Franklin Intelligent Machines ETF,,,,,,,,,,nasdaq,https://api.nasdaq.com/api/screener/etf?download=true,True,,,
IQQQ,IQQQ,ProShares Nasdaq-100 High Income ETF,,,,,,,,,,nasdaq,https://api.nasdaq.com/api/screener/etf?download=true,True,,,
IQRA,IQRA,NYLI CBRE Real Assets ETF,,,,,,,,,,nasdaq,https://api.nasdaq.com/api/screener/etf?download=true,True,,,
IQSI,IQSI,NYLI Candriam International Equity ETF,,,,,,,,,,nasdaq,https://api.nasdaq.com/api/screener/etf?download=true,True,,,
IQSM,IQSM,NYLI Candriam U.S. Mid Cap Equity ETF,,,,,,,,,,nasdaq,https://api.nasdaq.com/api/screener/etf?download=true,True,,,
IQSU,IQSU,NYLI Candriam U.S. Large Cap Equity ETF,,,,,,,,,,nasdaq,https://api.nasdaq.com/api/screener/etf?download=true,True,,,
IQSZ,IQSZ,Invesco Global Equity Net Zero ETF,,,,,,,,,,nasdaq,https://api.nasdaq.com/api/screener/etf?download=true,True,,,
IREG,IREG,Leverage Shares 2X Long IREN Daily ETF,,,,,,,,,,nasdaq,https://api.nasdaq.com/api/screener/etf?download=true,True,,,
IREX,IREX,Investment Managers Series Trust II Tradr 2X Long IREN Daily E,,,,,,,,,,nasdaq,https://api.nasdaq.com/api/screener/etf?download=true,True,,,
IREZ,IREZ,Investment Managers Series Trust II Tradr 2X Short IREN Daily ,,,,,,,,,,nasdaq,https://api.nasdaq.com/api/screener/etf?download=true,True,,,
IROC,IROC,Invesco Rochester High Yield Municipal ETF,,,,,,,,,,nasdaq,https://api.nasdaq.com/api/screener/etf?download=true,True,,,
IRTR,IRTR,iShares Trust iShares LifePath Retirement ETF,,,,,,,,,,nasdaq,https://api.nasdaq.com/api/screener/etf?download=true,True,,,
IRVH,IRVH,Global X Funds Global X Interest Rate Volatility & Inflation H,,,,,,,,,,nasdaq,https://api.nasdaq.com/api/screener/etf?download=true,True,,,
ISCB,ISCB,iShares Morningstar Small-Cap ETF,,,,,,,,,,nasdaq,https://api.nasdaq.com/api/screener/etf?download=true,True,,,
ISCF,ISCF,iShares International Small-Cap Equity Factor ETF,,,,,,,,,,nasdaq,https://api.nasdaq.com/api/screener/etf?download=true,True,,,
ISCG,ISCG,iShares Morningstar Small-Cap Growth ETF,,,,,,,,,,nasdaq,https://api.nasdaq.com/api/screener/etf?download=true,True,,,
ISCV,ISCV,iShares Morningstar Small-Cap Value ETF,,,,,,,,,,nasdaq,https://api.nasdaq.com/api/screener/etf?download=true,True,,,
ISEP,ISEP,Innovator ETFs Trust Innovator International Developed Power B,,,,,,,,,,nasdaq,https://api.nasdaq.com/api/screener/etf?download=true,True,,,
ISHG,ISHG,iShares 1-3 Year International Treasury Bond ETF,,,,,,,,,,nasdaq,https://api.nasdaq.com/api/screener/etf?download=true,True,,,
ISHP,ISHP,First Trust S-Network E-Commerce ETF,,,,,,,,,,nasdaq,https://api.nasdaq.com/api/screener/etf?download=true,True,,,
ISMD,ISMD,Inspire Small/Mid Cap ETF,,,,,,,,,,nasdaq,https://api.nasdaq.com/api/screener/etf?download=true,True,,,
ISMF,ISMF,BlackRock ETF Trust iShares Managed Futures Active ETF,,,,,,,,,,nasdaq,https://api.nasdaq.com/api/screener/etf?download=true,True,,,
ISPY,ISPY,ProShares Trust ProShares S&P 500 High Income ETF,,,,,,,,,,nasdaq,https://api.nasdaq.com/api/screener/etf?download=true,True,,,
ISRA,ISRA,VanEck Israel ETF,,,,,,,,,,nasdaq,https://api.nasdaq.com/api/screener/etf?download=true,True,,,
ISTB,ISTB,iShares Core 1-5 Year USD Bond ETF,,,,,,,,,,nasdaq,https://api.nasdaq.com/api/screener/etf?download=true,True,,,
ISUL,ISUL,GraniteShares 2x Long ISRG Daily ETF,,,,,,,,,,nasdaq,https://api.nasdaq.com/api/screener/etf?download=true,True,,,
ISVL,ISVL,iShares Trust iShares International Developed Small Cap Value ,,,,,,,,,,nasdaq,https://api.nasdaq.com/api/screener/etf?download=true,True,,,
ISWN,ISWN,Amplify BlackSwan ISWN ETF,,,,,,,,,,nasdaq,https://api.nasdaq.com/api/screener/etf?download=true,True,,,
ITA,ITA,iShares U.S. Aerospace & Defense ETF,,,,,,,,,,nasdaq,https://api.nasdaq.com/api/screener/etf?download=true,True,,,
ITAN,ITAN,Sparkline Intangible Value ETF,,,,,,,,,,nasdaq,https://api.nasdaq.com/api/screener/etf?download=true,True,,,
ITB,ITB,iShares U.S. Home Construction ETF,,,,,,,,,,nasdaq,https://api.nasdaq.com/api/screener/etf?download=true,True,,,
ITDB,ITDB,iShares Trust iShares LifePath Target Date 2030 ETF,,,,,,,,,,nasdaq,https://api.nasdaq.com/api/screener/etf?download=true,True,,,
ITDC,ITDC,iShares Trust iShares LifePath Target Date 2035 ETF,,,,,,,,,,nasdaq,https://api.nasdaq.com/api/screener/etf?download=true,True,,,
ITDD,ITDD,iShares Trust iShares LifePath Target Date 2040 ETF,,,,,,,,,,nasdaq,https://api.nasdaq.com/api/screener/etf?download=true,True,,,
ITDE,ITDE,iShares Trust iShares LifePath Target Date 2045 ETF,,,,,,,,,,nasdaq,https://api.nasdaq.com/api/screener/etf?download=true,True,,,
ITDF,ITDF,iShares Trust iShares LifePath Target Date 2050 ETF,,,,,,,,,,nasdaq,https://api.nasdaq.com/api/screener/etf?download=true,True,,,
ITDG,ITDG,iShares Trust iShares LifePath Target Date 2055 ETF,,,,,,,,,,nasdaq,https://api.nasdaq.com/api/screener/etf?download=true,True,,,
ITDH,ITDH,iShares Trust iShares LifePath Target Date 2060 ETF,,,,,,,,,,nasdaq,https://api.nasdaq.com/api/screener/etf?download=true,True,,,
ITDI,ITDI,iShares Trust iShares LifePath Target Date 2065 ETF,,,,,,,,,,nasdaq,https://api.nasdaq.com/api/screener/etf?download=true,True,,,
ITDJ,ITDJ,iShares Trust iShares LifePath Target Date 2070 ETF,,,,,,,,,,nasdaq,https://api.nasdaq.com/api/screener/etf?download=true,True,,,
ITEQ,ITEQ,Amplify ETF Trust Amplify BlueStar Israel Technology ETF,,,,,,,,,,nasdaq,https://api.nasdaq.com/api/screener/etf?download=true,True,,,
ITM,ITM,VanEck ETF Trust VanEck Intermediate Muni ETF,,,,,,,,,,nasdaq,https://api.nasdaq.com/api/screener/etf?download=true,True,,,
ITOT,ITOT,iShares Core S&P Total U.S. Stock Market ETF,,,,,,,,,,nasdaq,https://api.nasdaq.com/api/screener/etf?download=true,True,,,
ITWO,ITWO,ProShares Trust ProShares Russell 2000 High Income ETF,,,,,,,,,,nasdaq,https://api.nasdaq.com/api/screener/etf?download=true,True,,,
IUS,IUS,Invesco RAFI Strategic US ETF,,,,,,,,,,nasdaq,https://api.nasdaq.com/api/screener/etf?download=true,True,,,
IUSB,IUSB,iShares Core Universal USD Bond ETF,,,,,,,,,,nasdaq,https://api.nasdaq.com/api/screener/etf?download=true,True,,,
IUSG,IUSG,iShares Core S&P U.S. Growth ETF,,,,,,,,,,nasdaq,https://api.nasdaq.com/api/screener/etf?download=true,True,,,
IUSV,IUSV,iShares Core S&P U.S. Value ETF,,,,,,,,,,nasdaq,https://api.nasdaq.com/api/screener/etf?download=true,True,,,
IVAL,IVAL,Alpha Architect International Quantitative Value ETF,,,,,,,,,,nasdaq,https://api.nasdaq.com/api/screener/etf?download=true,True,,,
IVE,IVE,iShares S&P 500 Value ETF,,,,,,,,,,nasdaq,https://api.nasdaq.com/api/screener/etf?download=true,True,,,
IVES,IVES,Wedbush Series Trust Dan IVES Wedbush AI Revolution ETF,,,,,,,,,,nasdaq,https://api.nasdaq.com/api/screener/etf?download=true,True,,,
IVLU,IVLU,iShares MSCI Intl Value Factor ETF,,,,,,,,,,nasdaq,https://api.nasdaq.com/api/screener/etf?download=true,True,,,
IVOG,IVOG,Vanguard S&P Mid-Cap 400 Growth ETF,,,,,,,,,,nasdaq,https://api.nasdaq.com/api/screener/etf?download=true,True,,,
IVOL,IVOL,Quadratic Interest Rate Volatility and Inflation Hedge ETF,,,,,,,,,,nasdaq,https://api.nasdaq.com/api/screener/etf?download=true,True,,,
IVOO,IVOO,Vanguard S&P Mid-Cap 400 ETF,,,,,,,,,,nasdaq,https://api.nasdaq.com/api/screener/etf?download=true,True,,,
IVOV,IVOV,Vanguard S&P Mid-Cap 400 Value ETF,,,,,,,,,,nasdaq,https://api.nasdaq.com/api/screener/etf?download=true,True,,,
IVRS,IVRS,iShares Trust iShares Future Metaverse Tech and Communications,,,,,,,,,,nasdaq,https://api.nasdaq.com/api/screener/etf?download=true,True,,,
IVSI,IVSI,Applied Finance IVS International Large ETF,,,,,,,,,,nasdaq,https://api.nasdaq.com/api/screener/etf?download=true,True,,,
IVSS,IVSS,Applied Finance IVS US SMID ETF,,,,,,,,,,nasdaq,https://api.nasdaq.com/api/screener/etf?download=true,True,,,
IVSX,IVSX,Applied Finance IVS International SMID ETF,,,,,,,,,,nasdaq,https://api.nasdaq.com/api/screener/etf?download=true,True,,,
IVV,IVV,iShares Core S&P 500 ETF,,,,,,,,,,nasdaq,https://api.nasdaq.com/api/screener/etf?download=true,True,,,
IVVB,IVVB,iShares Large Cap Deep Quarterly Laddered ETF,,,,,,,,,,nasdaq,https://api.nasdaq.com/api/screener/etf?download=true,True,,,
IVVM,IVVM,iShares Large Cap Moderate Quarterly Laddered ETF,,,,,,,,,,nasdaq,https://api.nasdaq.com/api/screener/etf?download=true,True,,,
IVVW,IVVW,iShares Trust iShares S&P 500 BuyWrite ETF,,,,,,,,,,nasdaq,https://api.nasdaq.com/api/screener/etf?download=true,True,,,
IVW,IVW,iShares S&P 500 Growth ETF,,,,,,,,,,nasdaq,https://api.nasdaq.com/api/screener/etf?download=true,True,,,
IWB,IWB,iShares Russell 1000 ETF,,,,,,,,,,nasdaq,https://api.nasdaq.com/api/screener/etf?download=true,True,,,
IWC,IWC,iShares Microcap ETF,,,,,,,,,,nasdaq,https://api.nasdaq.com/api/screener/etf?download=true,True,,,
IWD,IWD,iShares Russell 1000 Value ETF,,,,,,,,,,nasdaq,https://api.nasdaq.com/api/screener/etf?download=true,True,,,
IWDL,IWDL,ETRACS 2x Leveraged US Value Factor TR ETN,0001114446,,,NYSE,,,,,,nasdaq,https://api.nasdaq.com/api/screener/etf?download=true,True,,,
IWF,IWF,iShares Russell 1000 Growth ETF,,,,,,,,,,nasdaq,https://api.nasdaq.com/api/screener/etf?download=true,True,,,
IWFG,IWFG,NYLI Winslow Focused Large Cap Growth ETF,,,,,,,,,,nasdaq,https://api.nasdaq.com/api/screener/etf?download=true,True,,,
IWFL,IWFL,ETRACS 2x Leveraged US Growth Factor TR ETN,0001114446,,,NYSE,,,,,,nasdaq,https://api.nasdaq.com/api/screener/etf?download=true,True,,,
IWL,IWL,iShares Russell Top 200 ETF,,,,,,,,,,nasdaq,https://api.nasdaq.com/api/screener/etf?download=true,True,,,
IWLG,IWLG,NYLI Winslow Large Cap Growth ETF,,,,,,,,,,nasdaq,https://api.nasdaq.com/api/screener/etf?download=true,True,,,
IWM,IWM,iShares Russell 2000 ETF,,,,,,,,,,nasdaq,https://api.nasdaq.com/api/screener/etf?download=true,True,,,
IWMI,IWMI,NEOS ETF Trust NEOS Russell 2000 High Income ETF,,,,,,,,,,nasdaq,https://api.nasdaq.com/api/screener/etf?download=true,True,,,
IWML,IWML,ETRACS 2x Leveraged US Size Factor TR ETN,0001114446,,,NYSE,,,,,,nasdaq,https://api.nasdaq.com/api/screener/etf?download=true,True,,,
IWMW,IWMW,iShares Trust iShares Russell 2000 BuyWrite ETF,,,,,,,,,,nasdaq,https://api.nasdaq.com/api/screener/etf?download=true,True,,,
IWMY,IWMY,Defiance R2000 Weekly Distribution ETF,,,,,,,,,,nasdaq,https://api.nasdaq.com/api/screener/etf?download=true,True,,,
IWN,IWN,iShares Russell 2000 Value ETF,,,,,,,,,,nasdaq,https://api.nasdaq.com/api/screener/etf?download=true,True,,,
IWO,IWO,iShares Russell 2000 Growth ETF,,,,,,,,,,nasdaq,https://api.nasdaq.com/api/screener/etf?download=true,True,,,
IWP,IWP,iShares Russell Midcap Growth ETF,,,,,,,,,,nasdaq,https://api.nasdaq.com/api/screener/etf?download=true,True,,,
IWR,IWR,iShares Russell Mid-Cap ETF,,,,,,,,,,nasdaq,https://api.nasdaq.com/api/screener/etf?download=true,True,,,
IWS,IWS,iShares Russell Mid-Cap Value ETF,,,,,,,,,,nasdaq,https://api.nasdaq.com/api/screener/etf?download=true,True,,,
IWV,IWV,iShares Russell 3000 ETF,,,,,,,,,,nasdaq,https://api.nasdaq.com/api/screener/etf?download=true,True,,,
IWX,IWX,iShares Russell Top 200 Value ETF,,,,,,,,,,nasdaq,https://api.nasdaq.com/api/screener/etf?download=true,True,,,
IWY,IWY,iShares Russell Top 200 Growth ETF,,,,,,,,,,nasdaq,https://api.nasdaq.com/api/screener/etf?download=true,True,,,
IXC,IXC,iShares Global Energy ETF,,,,,,,,,,nasdaq,https://api.nasdaq.com/api/screener/etf?download=true,True,,,
IXG,IXG,iShares Global Financial ETF,,,,,,,,,,nasdaq,https://api.nasdaq.com/api/screener/etf?download=true,True,,,
IXJ,IXJ,iShares Global Healthcare ETF,,,,,,,,,,nasdaq,https://api.nasdaq.com/api/screener/etf?download=true,True,,,
IXN,IXN,iShares Global Tech ETF,,,,,,,,,,nasdaq,https://api.nasdaq.com/api/screener/etf?download=true,True,,,
IXP,IXP,iShares Global Comm Services ETF,,,,,,,,,,nasdaq,https://api.nasdaq.com/api/screener/etf?download=true,True,,,
IXUS,IXUS,iShares Core MSCI Total International Stock ETF,,,,,,,,,,nasdaq,https://api.nasdaq.com/api/screener/etf?download=true,True,,,
IYC,IYC,iShares U.S. Consumer Discretionary ETF,,,,,,,,,,nasdaq,https://api.nasdaq.com/api/screener/etf?download=true,True,,,
IYE,IYE,iShares U.S. Energy ETF,,,,,,,,,,nasdaq,https://api.nasdaq.com/api/screener/etf?download=true,True,,,
IYF,IYF,iShares U.S. Financial ETF,,,,,,,,,,nasdaq,https://api.nasdaq.com/api/screener/etf?download=true,True,,,
IYG,IYG,iShares U.S. Financial Services ETF,,,,,,,,,,nasdaq,https://api.nasdaq.com/api/screener/etf?download=true,True,,,
IYH,IYH,iShares U.S. Healthcare ETF,,,,,,,,,,nasdaq,https://api.nasdaq.com/api/screener/etf?download=true,True,,,
IYJ,IYJ,iShares U.S. Industrials ETF,,,,,,,,,,nasdaq,https://api.nasdaq.com/api/screener/etf?download=true,True,,,
IYK,IYK,iShares U.S. Consumer Staples ETF,,,,,,,,,,nasdaq,https://api.nasdaq.com/api/screener/etf?download=true,True,,,
IYLD,IYLD,iShares Morningstar Multi-Asset Income ETF,,,,,,,,,,nasdaq,https://api.nasdaq.com/api/screener/etf?download=true,True,,,
IYM,IYM,iShares U.S. Basic Materials ETF,,,,,,,,,,nasdaq,https://api.nasdaq.com/api/screener/etf?download=true,True,,,
IYR,IYR,iShares U.S. Real Estate ETF,,,,,,,,,,nasdaq,https://api.nasdaq.com/api/screener/etf?download=true,True,,,
IYRI,IYRI,NEOS ETF Trust NEOS Real Estate High Income ETF,,,,,,,,,,nasdaq,https://api.nasdaq.com/api/screener/etf?download=true,True,,,
IYT,IYT,iShares Trust iShares U.S. Transportation ETF,,,,,,,,,,nasdaq,https://api.nasdaq.com/api/screener/etf?download=true,True,,,
IYW,IYW,iShares U.S. Technology ETF,,,,,,,,,,nasdaq,https://api.nasdaq.com/api/screener/etf?download=true,True,,,
IYY,IYY,iShares Dow Jones U.S. ETF,,,,,,,,,,nasdaq,https://api.nasdaq.com/api/screener/etf?download=true,True,,,
IYZ,IYZ,iShares U.S. Telecommunications ETF,,,,,,,,,,nasdaq,https://api.nasdaq.com/api/screener/etf?download=true,True,,,
IZRL,IZRL,ARK Israel Innovative Technology ETF,,,,,,,,,,nasdaq,https://api.nasdaq.com/api/screener/etf?download=true,True,,,
JAAA,JAAA,Janus Henderson AAA CLO ETF,,,,,,,,,,nasdaq,https://api.nasdaq.com/api/screener/etf?download=true,True,,,
JABS,JABS,Janus Detroit Street Trust Janus Henderson Asset-Backed Securi,,,,,,,,,,nasdaq,https://api.nasdaq.com/api/screener/etf?download=true,True,,,
JADE,JADE,J.P. Morgan Exchange-Traded Fund Trust JPMorgan Active Develop,,,,,,,,,,nasdaq,https://api.nasdaq.com/api/screener/etf?download=true,True,,,
JAJL,JAJL,Innovator Equity Defined Protection ETF - 6mo Jan/Jul,,,,,,,,,,nasdaq,https://api.nasdaq.com/api/screener/etf?download=true,True,,,
JANH,JANH,Innovator ETFs Trust Innovator Premium Income 20 Barrier ETF -,,,,,,,,,,nasdaq,https://api.nasdaq.com/api/screener/etf?download=true,True,,,
JANJ,JANJ,Innovator ETFs Trust Innovator Premium Income 30 Barrier ETF -,,,,,,,,,,nasdaq,https://api.nasdaq.com/api/screener/etf?download=true,True,,,
JANM,JANM,First Trust Exchange-Traded Fund VIII FT Vest U.S. Equity Max ,,,,,,,,,,nasdaq,https://api.nasdaq.com/api/screener/etf?download=true,True,,,
JANP,JANP,PGIM S&P 500 Buffer 12 ETF - January,,,,,,,,,,nasdaq,https://api.nasdaq.com/api/screener/etf?download=true,True,,,
JANT,JANT,AllianzIM U.S. Large Cap Buffer10 Jan ETF,,,,,,,,,,nasdaq,https://api.nasdaq.com/api/screener/etf?download=true,True,,,
JANU,JANU,AIM ETF Products Trust AllianzIM U.S. Equity Buffer15 Uncapped,,,,,,,,,,nasdaq,https://api.nasdaq.com/api/screener/etf?download=true,True,,,
JANW,JANW,AllianzIM U.S. Large Cap Buffer20 Jan ETF,,,,,,,,,,nasdaq,https://api.nasdaq.com/api/screener/etf?download=true,True,,,
JANZ,JANZ,TrueShares Structured Outcome (January) ETF,,,,,,,,,,nasdaq,https://api.nasdaq.com/api/screener/etf?download=true,True,,,
JAPN,JAPN,Horizon Kinetics Japan Owner Operator ETF,,,,,,,,,,nasdaq,https://api.nasdaq.com/api/screener/etf?download=true,True,,,
JAVA,JAVA,JPMorgan Active Value ETF,,,,,,,,,,nasdaq,https://api.nasdaq.com/api/screener/etf?download=true,True,,,
JBBB,JBBB,Janus Detroit Street Trust Janus Henderson B-BBB CLO ETF,,,,,,,,,,nasdaq,https://api.nasdaq.com/api/screener/etf?download=true,True,,,
JBND,JBND,J.P. Morgan Exchange-Traded Fund Trust JPMorgan Active Bond ET,,,,,,,,,,nasdaq,https://api.nasdaq.com/api/screener/etf?download=true,True,,,
JCHI,JCHI,J.P. Morgan Exchange-Traded Fund Trust JPMorgan Active China E,,,,,,,,,,nasdaq,https://api.nasdaq.com/api/screener/etf?download=true,True,,,
JCPB,JCPB,JPMorgan Core Plus Bond ETF,,,,,,,,,,nasdaq,https://api.nasdaq.com/api/screener/etf?download=true,True,,,
JCPI,JCPI,JPMorgan Inflation Managed Bond ETF,,,,,,,,,,nasdaq,https://api.nasdaq.com/api/screener/etf?download=true,True,,,
JDIV,JDIV,J.P. Morgan Exchange-Traded Fund Trust JPMorgan Dividend Leade,,,,,,,,,,nasdaq,https://api.nasdaq.com/api/screener/etf?download=true,True,,,
JDOC,JDOC,JPMorgan Healthcare Leaders ETF,,,,,,,,,,nasdaq,https://api.nasdaq.com/api/screener/etf?download=true,True,,,
JDST,JDST,Direxion Daily Junior Gold Miners Index Bear 2X ETF,,,,,,,,,,nasdaq,https://api.nasdaq.com/api/screener/etf?download=true,True,,,
JDVI,JDVI,John Hancock Exchange-Traded Fund Trust John Hancock Disciplin,,,,,,,,,,nasdaq,https://api.nasdaq.com/api/screener/etf?download=true,True,,,
JDVL,JDVL,John Hancock Exchange-Traded Fund Trust John Hancock Disciplin,,,,,,,,,,nasdaq,https://api.nasdaq.com/api/screener/etf?download=true,True,,,
JEDI,JEDI,ETF Series Solutions Defiance Drone and Modern Warfare ETF,,,,,,,,,,nasdaq,https://api.nasdaq.com/api/screener/etf?download=true,True,,,
JEMA,JEMA,JPMorgan ActiveBuilders Emerging Markets Equity ETF,,,,,,,,,,nasdaq,https://api.nasdaq.com/api/screener/etf?download=true,True,,,
JEMB,JEMB,Janus Detroit Street Trust Janus Henderson Emerging Markets De,,,,,,,,,,nasdaq,https://api.nasdaq.com/api/screener/etf?download=true,True,,,
JEPI,JEPI,JPMorgan Equity Premium Income ETF,,,,,,,,,,nasdaq,https://api.nasdaq.com/api/screener/etf?download=true,True,,,
JEPQ,JEPQ,JPMorgan Nasdaq Equity Premium Income ETF,,,,,,,,,,nasdaq,https://api.nasdaq.com/api/screener/etf?download=true,True,,,
JETD,JETD,Bank Of Montreal MAX Airlines -3X Inverse Leveraged ETNs,0000927971,,,NYSE,,,,,,nasdaq,https://api.nasdaq.com/api/screener/etf?download=true,True,,,
JETS,JETS,U.S. Global Jets ETF,,,,,,,,,,nasdaq,https://api.nasdaq.com/api/screener/etf?download=true,True,,,
JETU,JETU,Bank Of Montreal MAX Airlines 3X Leveraged ETNs,0000927971,,,NYSE,,,,,,nasdaq,https://api.nasdaq.com/api/screener/etf?download=true,True,,,
JFLI,JFLI,J.P. Morgan Exchange-Traded Fund Trust JPMorgan Flexible Incom,,,,,,,,,,nasdaq,https://api.nasdaq.com/api/screener/etf?download=true,True,,,
JFLX,JFLX,J.P. Morgan Exchange-Traded Fund Trust JPMorgan Flexible Debt ,,,,,,,,,,nasdaq,https://api.nasdaq.com/api/screener/etf?download=true,True,,,
JGLO,JGLO,JPMorgan Global Select Equity ETF,,,,,,,,,,nasdaq,https://api.nasdaq.com/api/screener/etf?download=true,True,,,
JGRO,JGRO,J.P. Morgan Exchange-Traded Fund Trust JPMorgan Active Growth ,,,,,,,,,,nasdaq,https://api.nasdaq.com/api/screener/etf?download=true,True,,,
PYPG,PYPG,Leverage Shares 2X Long PYPL Daily ETF,,,,,,,,,,nasdaq,https://api.nasdaq.com/api/screener/etf?download=true,True,,,
PYPY,PYPY,Tidal Trust II YieldMax PYPL Option Income Strategy ETF,,,,,,,,,,nasdaq,https://api.nasdaq.com/api/screener/etf?download=true,True,,,
PYZ,PYZ,Invesco Dorsey Wright Basic Materials Momentum ETF,,,,,,,,,,nasdaq,https://api.nasdaq.com/api/screener/etf?download=true,True,,,
PZA,PZA,Invesco National AMT-Free Municipal Bond ETFo,,,,,,,,,,nasdaq,https://api.nasdaq.com/api/screener/etf?download=true,True,,,
PZT,PZT,Invesco New York AMT-Free Municipal Bond ETF,,,,,,,,,,nasdaq,https://api.nasdaq.com/api/screener/etf?download=true,True,,,
QABA,QABA,First Trust NASDAQ ABA Community Bank Index Fund,,,,,,,,,,nasdaq,https://api.nasdaq.com/api/screener/etf?download=true,True,,,
QAI,QAI,NYLI Hedge Multi-Strategy Tracker ETF,,,,,,,,,,nasdaq,https://api.nasdaq.com/api/screener/etf?download=true,True,,,
QALT,QALT,SEI DBi Multi-Strategy Alternative ETF,,,,,,,,,,nasdaq,https://api.nasdaq.com/api/screener/etf?download=true,True,,,
QARP,QARP,Xtrackers Russell 1000 US Quality at a Reasonable Price ETF ET,,,,,,,,,,nasdaq,https://api.nasdaq.com/api/screener/etf?download=true,True,,,
QAT,QAT,iShares MSCI Qatar ETF,,,,,,,,,,nasdaq,https://api.nasdaq.com/api/screener/etf?download=true,True,,,
QB,QB,ProShares Nasdaq-100 Dynamic Buffer ETF,,,,,,,,,,nasdaq,https://api.nasdaq.com/api/screener/etf?download=true,True,,,
QBER,QBER,Elevation Series Trust TrueShares Quarterly Bear Hedge ETF,,,,,,,,,,nasdaq,https://api.nasdaq.com/api/screener/etf?download=true,True,,,
QBF,QBF,Innovator ETFs Trust Innovator Uncapped Bitcoin 20 Floor ETF -,,,,,,,,,,nasdaq,https://api.nasdaq.com/api/screener/etf?download=true,True,,,
QBIG,QBIG,Invesco Top QQQ ETF,,,,,,,,,,nasdaq,https://api.nasdaq.com/api/screener/etf?download=true,True,,,
QBSF,QBSF,AIM ETF Products Trust AllianzIM U.S. Equity Buffer15 ETF,,,,,,,,,,nasdaq,https://api.nasdaq.com/api/screener/etf?download=true,True,,,
QBTX,QBTX,Tradr 2X Long QBTS Daily ETF,,,,,,,,,,nasdaq,https://api.nasdaq.com/api/screener/etf?download=true,True,,,
QBTZ,QBTZ,Defiance Daily Target 2x Short QBTS ETF,,,,,,,,,,nasdaq,https://api.nasdaq.com/api/screener/etf?download=true,True,,,
QBUF,QBUF,Innovator Nasdaq-100 10 Buffer ETF Quarterly,,,,,,,,,,nasdaq,https://api.nasdaq.com/api/screener/etf?download=true,True,,,
QBUL,QBUL,Elevation Series Trust TrueShares Quarterly Bull Hedge ETF,,,,,,,,,,nasdaq,https://api.nasdaq.com/api/screener/etf?download=true,True,,,
QBY,QBY,GraniteShares YieldBoost QBTS ETF,,,,,,,,,,nasdaq,https://api.nasdaq.com/api/screener/etf?download=true,True,,,
QCAP,QCAP,First Trust Exchange-Traded Fund VIII FT Vest Nasdaq-100 Conse,,,,,,,,,,nasdaq,https://api.nasdaq.com/api/screener/etf?download=true,True,,,
QCJA,QCJA,First Trust Exchange-Traded Fund VIII FT Vest Nasdaq-100 Conse,,,,,,,,,,nasdaq,https://api.nasdaq.com/api/screener/etf?download=true,True,,,
QCJL,QCJL,First Trust Exchange-Traded Fund VIII FT Vest Nasdaq-100 Conse,,,,,,,,,,nasdaq,https://api.nasdaq.com/api/screener/etf?download=true,True,,,
QCLN,QCLN,First Trust NASDAQ Clean Edge Green Energy Index Fund,,,,,,,,,,nasdaq,https://api.nasdaq.com/api/screener/etf?download=true,True,,,
QCLR,QCLR,Global X Nasdaq 100 Collar 95-110 ETF,,,,,,,,,,nasdaq,https://api.nasdaq.com/api/screener/etf?download=true,True,,,
QCMD,QCMD,Direxion Daily QCOM Bear 1X ETF,,,,,,,,,,nasdaq,https://api.nasdaq.com/api/screener/etf?download=true,True,,,
QCML,QCML,GraniteShares 2x Long QCOM Daily ETF,,,,,,,,,,nasdaq,https://api.nasdaq.com/api/screener/etf?download=true,True,,,
QCMU,QCMU,Direxion Daily QCOM Bull 2X ETF,,,,,,,,,,nasdaq,https://api.nasdaq.com/api/screener/etf?download=true,True,,,
QCOC,QCOC,First Trust Exchange-Traded Fund VIII FT Vest Nasdaq-100 Conse,,,,,,,,,,nasdaq,https://api.nasdaq.com/api/screener/etf?download=true,True,,,
QDEC,QDEC,FT Vest Nasdaq-100 Buffer ETF - December,,,,,,,,,,nasdaq,https://api.nasdaq.com/api/screener/etf?download=true,True,,,
QDEF,QDEF,FlexShares Quality Dividend Defensive Index Fund,,,,,,,,,,nasdaq,https://api.nasdaq.com/api/screener/etf?download=true,True,,,
QDF,QDF,FlexShares Quality Dividend Index Fund,,,,,,,,,,nasdaq,https://api.nasdaq.com/api/screener/etf?download=true,True,,,
QDIV,QDIV,Global X S&P 500 Quality Dividend ETF,,,,,,,,,,nasdaq,https://api.nasdaq.com/api/screener/etf?download=true,True,,,
QDPL,QDPL,Pacer Metaurus US Large Cap Dividend Multiplier 400 ETF,,,,,,,,,,nasdaq,https://api.nasdaq.com/api/screener/etf?download=true,True,,,
QDTE,QDTE,Roundhill Innovation-100 0DTE Covered Call Strategy ETF,,,,,,,,,,nasdaq,https://api.nasdaq.com/api/screener/etf?download=true,True,,,
QDTY,QDTY,YieldMax Nasdaq 100 0DTE Covered Call Strategy ETF,,,,,,,,,,nasdaq,https://api.nasdaq.com/api/screener/etf?download=true,True,,,
QDVO,QDVO,Amplify ETF Trust Amplify CWP Growth & Income ETF,,,,,,,,,,nasdaq,https://api.nasdaq.com/api/screener/etf?download=true,True,,,
QEFA,QEFA,State Street SPDR MSCI EAFE StrategicFactors ETF,,,,,,,,,,nasdaq,https://api.nasdaq.com/api/screener/etf?download=true,True,,,
QEMM,QEMM,State Street SPDR MSCI Emerging Markets StrategicFactors ETF,,,,,,,,,,nasdaq,https://api.nasdaq.com/api/screener/etf?download=true,True,,,
QETH,QETH,Invesco Galaxy Ethereum ETF,0001995569,,,CBOE,,,,,,nasdaq,https://api.nasdaq.com/api/screener/etf?download=true,True,,,
QEW,QEW,Invesco QQQ Equal Weight ETF,,,,,,,,,,nasdaq,https://api.nasdaq.com/api/screener/etf?download=true,True,,,
QFLR,QFLR,Innovator ETFs Trust Innovator Nasdaq-100 Managed Floor ETF,,,,,,,,,,nasdaq,https://api.nasdaq.com/api/screener/etf?download=true,True,,,
QGRD,QGRD,Horizon Nasdaq-100 Defined Risk ETF,,,,,,,,,,nasdaq,https://api.nasdaq.com/api/screener/etf?download=true,True,,,
QGRO,QGRO,American Century U.S. Quality Growth ETF,,,,,,,,,,nasdaq,https://api.nasdaq.com/api/screener/etf?download=true,True,,,
QGRW,QGRW,WisdomTree Trust WisdomTree U.S. Quality Growth Fund,,,,,,,,,,nasdaq,https://api.nasdaq.com/api/screener/etf?download=true,True,,,
QHDG,QHDG,Innovator Hedged Nasdaq-100 ETF,,,,,,,,,,nasdaq,https://api.nasdaq.com/api/screener/etf?download=true,True,,,
QHY,QHY,WisdomTree U.S. High Yield Corporate Bond Fund,,,,,,,,,,nasdaq,https://api.nasdaq.com/api/screener/etf?download=true,True,,,
QID,QID,ProShares UltraShort QQQ,,,,,,,,,,nasdaq,https://api.nasdaq.com/api/screener/etf?download=true,True,,,
QIDX,QIDX,Spinnaker ETF Series Indexperts Quality Earnings Focused ETF,,,,,,,,,,nasdaq,https://api.nasdaq.com/api/screener/etf?download=true,True,,,
QIG,QIG,WisdomTree U.S. Corporate Bond Fund,,,,,,,,,,nasdaq,https://api.nasdaq.com/api/screener/etf?download=true,True,,,
QINT,QINT,American Century Quality Diversified International ETF,,,,,,,,,,nasdaq,https://api.nasdaq.com/api/screener/etf?download=true,True,,,
QIS,QIS,Simplify Exchange Traded Funds Simplify Multi-QIS Alternative ,,,,,,,,,,nasdaq,https://api.nasdaq.com/api/screener/etf?download=true,True,,,
QJUN,QJUN,FT Vest Nasdaq-100 Buffer ETF - June,,,,,,,,,,nasdaq,https://api.nasdaq.com/api/screener/etf?download=true,True,,,
QLC,QLC,FlexShares Trust FlexShares US Quality Large Cap Index Fund,,,,,,,,,,nasdaq,https://api.nasdaq.com/api/screener/etf?download=true,True,,,
QLD,QLD,ProShares Ultra QQQ,,,,,,,,,,nasdaq,https://api.nasdaq.com/api/screener/etf?download=true,True,,,
QLDY,QLDY,Defiance Nasdaq 100 LightningSpread Income ETF,,,,,,,,,,nasdaq,https://api.nasdaq.com/api/screener/etf?download=true,True,,,
QLTA,QLTA,iShares Aaa A Rated Corporate Bond ETF,,,,,,,,,,nasdaq,https://api.nasdaq.com/api/screener/etf?download=true,True,,,
QLTI,QLTI,The 2023 ETF Series Trust II GMO International Quality ETF,,,,,,,,,,nasdaq,https://api.nasdaq.com/api/screener/etf?download=true,True,,,
QLTY,QLTY,The 2023 ETF Series Trust II GMO U.S. Quality ETF,,,,,,,,,,nasdaq,https://api.nasdaq.com/api/screener/etf?download=true,True,,,
QLV,QLV,FlexShares US Quality Low Volatility Index Fund,,,,,,,,,,nasdaq,https://api.nasdaq.com/api/screener/etf?download=true,True,,,
QLVD,QLVD,FlexShares Developed Markets ex-US Quality Low Volatility Inde,,,,,,,,,,nasdaq,https://api.nasdaq.com/api/screener/etf?download=true,True,,,
QLVE,QLVE,FlexShares Emerging Markets  Quality Low Volatility Index Fund,,,,,,,,,,nasdaq,https://api.nasdaq.com/api/screener/etf?download=true,True,,,
QMAG,QMAG,First Trust Exchange-Traded Fund VIII FT Vest Nasdaq-100 Moder,,,,,,,,,,nasdaq,https://api.nasdaq.com/api/screener/etf?download=true,True,,,
QMAR,QMAR,FT Vest Nasdaq-100 Buffer ETF - March,,,,,,,,,,nasdaq,https://api.nasdaq.com/api/screener/etf?download=true,True,,,
QMFE,QMFE,First Trust Exchange-Traded Fund VIII FT Vest Nasdaq-100 Moder,,,,,,,,,,nasdaq,https://api.nasdaq.com/api/screener/etf?download=true,True,,,
QMID,QMID,WisdomTree U.S. MidCap Quality Growth Fund,,,,,,,,,,nasdaq,https://api.nasdaq.com/api/screener/etf?download=true,True,,,
QMMY,QMMY,First Trust Exchange-Traded Fund VIII FT Vest Nasdaq-100 Moder,,,,,,,,,,nasdaq,https://api.nasdaq.com/api/screener/etf?download=true,True,,,
QMNV,QMNV,First Trust Exchange-Traded Fund VIII FT Vest Nasdaq-100 Moder,,,,,,,,,,nasdaq,https://api.nasdaq.com/api/screener/etf?download=true,True,,,
QMOM,QMOM,Alpha Architect U.S. Quantitative Momentum ETF,,,,,,,,,,nasdaq,https://api.nasdaq.com/api/screener/etf?download=true,True,,,
QNXT,QNXT,iShares Nasdaq-100 ex Top 30 ETF,,,,,,,,,,nasdaq,https://api.nasdaq.com/api/screener/etf?download=true,True,,,
QOWZ,QOWZ,Invesco Nasdaq Free Cash Flow Achievers ETF,,,,,,,,,,nasdaq,https://api.nasdaq.com/api/screener/etf?download=true,True,,,
QPUX,QPUX,Defiance 2X Daily Long Pure Quantum ETF,,,,,,,,,,nasdaq,https://api.nasdaq.com/api/screener/etf?download=true,True,,,
QPX,QPX,AdvisorShares Q Dynamic Growth ETF,,,,,,,,,,nasdaq,https://api.nasdaq.com/api/screener/etf?download=true,True,,,
QQA,QQA,Invesco QQQ Income Advantage ETF,,,,,,,,,,nasdaq,https://api.nasdaq.com/api/screener/etf?download=true,True,,,
QQDN,QQDN,ProShares UltraShort QQQ Mega,,,,,,,,,,nasdaq,https://api.nasdaq.com/api/screener/etf?download=true,True,,,
QQEW,QQEW,First Trust Nasdaq-100 Select Equal Weight ETF,,,,,,,,,,nasdaq,https://api.nasdaq.com/api/screener/etf?download=true,True,,,
QQH,QQH,HCM Defender 100 Index ETF,,,,,,,,,,nasdaq,https://api.nasdaq.com/api/screener/etf?download=true,True,,,
QQHG,QQHG,Invesco QQQ Hedged Advantage ETF,,,,,,,,,,nasdaq,https://api.nasdaq.com/api/screener/etf?download=true,True,,,
QQLV,QQLV,Invesco QQQ Low Volatility ETF,,,,,,,,,,nasdaq,https://api.nasdaq.com/api/screener/etf?download=true,True,,,
QQMG,QQMG,Invesco ESG NASDAQ 100 ETF,,,,,,,,,,nasdaq,https://api.nasdaq.com/api/screener/etf?download=true,True,,,
QQQ,QQQ,Invesco QQQ Trust Series 1,0001067839,,,Nasdaq,,,,,,nasdaq,https://api.nasdaq.com/api/screener/etf?download=true,True,,,
QQQA,QQQA,ProShares Nasdaq-100 Dorsey Wright Momentum ETF,,,,,,,,,,nasdaq,https://api.nasdaq.com/api/screener/etf?download=true,True,,,
QQQD,QQQD,Direxion Daily Magnificent 7 Bear 1X ETF,,,,,,,,,,nasdaq,https://api.nasdaq.com/api/screener/etf?download=true,True,,,
QQQE,QQQE,Direxion NASDAQ-100 Equal Weighted Index ETF,,,,,,,,,,nasdaq,https://api.nasdaq.com/api/screener/etf?download=true,True,,,
QQQG,QQQG,Pacer Nasdaq 100 Top 50 Cash Cows Growth Leaders ETF,,,,,,,,,,nasdaq,https://api.nasdaq.com/api/screener/etf?download=true,True,,,
QQQH,QQQH,NEOS Nasdaq-100 Hedged Equity Income ETF,,,,,,,,,,nasdaq,https://api.nasdaq.com/api/screener/etf?download=true,True,,,
QQQI,QQQI,NEOS Nasdaq 100 High Income ETF,,,,,,,,,,nasdaq,https://api.nasdaq.com/api/screener/etf?download=true,True,,,
QQQJ,QQQJ,Invesco NASDAQ Next Gen 100 ETF,,,,,,,,,,nasdaq,https://api.nasdaq.com/api/screener/etf?download=true,True,,,
QQQM,QQQM,Invesco NASDAQ 100 ETF,,,,,,,,,,nasdaq,https://api.nasdaq.com/api/screener/etf?download=true,True,,,
QQQP,QQQP,Tradr 2X Long Innovation 100 Quarterly ETF,,,,,,,,,,nasdaq,https://api.nasdaq.com/api/screener/etf?download=true,True,,,
QQQS,QQQS,Invesco Nasdaq Future Gen 200 ETF,,,,,,,,,,nasdaq,https://api.nasdaq.com/api/screener/etf?download=true,True,,,
QQQT,QQQT,Defiance Nasdaq 100 Income Target ETF,,,,,,,,,,nasdaq,https://api.nasdaq.com/api/screener/etf?download=true,True,,,
QQQU,QQQU,Direxion Daily Magnificent 7 Bull 2X ETF,,,,,,,,,,nasdaq,https://api.nasdaq.com/api/screener/etf?download=true,True,,,
QQQY,QQQY,Defiance Nasdaq 100 Weekly Distribution ETF,,,,,,,,,,nasdaq,https://api.nasdaq.com/api/screener/etf?download=true,True,,,
QQUP,QQUP,ProShares Ultra QQQ Mega,,,,,,,,,,nasdaq,https://api.nasdaq.com/api/screener/etf?download=true,True,,,
QQWZ,QQWZ,Pacer Cash COWZ 100-Nasdaq 100 Rotator ETF,,,,,,,,,,nasdaq,https://api.nasdaq.com/api/screener/etf?download=true,True,,,
QQXL,QQXL,ProShares Ultra QQQ Top 30,,,,,,,,,,nasdaq,https://api.nasdaq.com/api/screener/etf?download=true,True,,,
QQXT,QQXT,First Trust NASDAQ-100 Ex-Technology Sector Index Fund,,,,,,,,,,nasdaq,https://api.nasdaq.com/api/screener/etf?download=true,True,,,
QRFT,QRFT,QRAFT AI-Enhanced U.S. Large Cap ETF,,,,,,,,,,nasdaq,https://api.nasdaq.com/api/screener/etf?download=true,True,,,
QRMI,QRMI,Global X Nasdaq 100 Risk Managed Income ETF,,,,,,,,,,nasdaq,https://api.nasdaq.com/api/screener/etf?download=true,True,,,
QSIG,QSIG,WisdomTree U.S. Short Term Corporate Bond Fund,,,,,,,,,,nasdaq,https://api.nasdaq.com/api/screener/etf?download=true,True,,,
QSIX,QSIX,Pacer Metaurus Nasdaq 100 Dividend Multiplier 600 ETF,,,,,,,,,,nasdaq,https://api.nasdaq.com/api/screener/etf?download=true,True,,,
QSML,QSML,WisdomTree U.S. SmallCap Quality Growth Fund,,,,,,,,,,nasdaq,https://api.nasdaq.com/api/screener/etf?download=true,True,,,
QSPT,QSPT,FT Vest Nasdaq-100 Buffer ETF - September,,,,,,,,,,nasdaq,https://api.nasdaq.com/api/screener/etf?download=true,True,,,
QTAP,QTAP,Innovator Growth Accelerated Plus ETF - April,,,,,,,,,,nasdaq,https://api.nasdaq.com/api/screener/etf?download=true,True,,,
QTEC,QTEC,First Trust NASDAQ-100-Technology Sector Index Fund,,,,,,,,,,nasdaq,https://api.nasdaq.com/api/screener/etf?download=true,True,,,
QTJA,QTJA,Innovator ETFs Trust Innovator Growth Accelerated Plus ETF - J,,,,,,,,,,nasdaq,https://api.nasdaq.com/api/screener/etf?download=true,True,,,
QTJL,QTJL,Innovator Growth Accelerated Plus ETF - July,,,,,,,,,,nasdaq,https://api.nasdaq.com/api/screener/etf?download=true,True,,,
QTOC,QTOC,Innovator Growth Accelerated Plus ETF - October,,,,,,,,,,nasdaq,https://api.nasdaq.com/api/screener/etf?download=true,True,,,
QTOP,QTOP,iShares Nasdaq Top 30 Stocks ETF,,,,,,,,,,nasdaq,https://api.nasdaq.com/api/screener/etf?download=true,True,,,
QTPI,QTPI,Exchange Place Advisors Trust North Square RCIM Tax-Advantaged,,,,,,,,,,nasdaq,https://api.nasdaq.com/api/screener/etf?download=true,True,,,
QTR,QTR,Global X Nasdaq 100 Tail Risk ETF,,,,,,,,,,nasdaq,https://api.nasdaq.com/api/screener/etf?download=true,True,,,
QTUM,QTUM,Defiance Quantum ETF,,,,,,,,,,nasdaq,https://api.nasdaq.com/api/screener/etf?download=true,True,,,
QUAL,QUAL,iShares MSCI USA Quality Factor ETF,,,,,,,,,,nasdaq,https://api.nasdaq.com/api/screener/etf?download=true,True,,,
QUBX,QUBX,Tradr 2X Long QUBT Daily ETF,,,,,,,,,,nasdaq,https://api.nasdaq.com/api/screener/etf?download=true,True,,,
QUIZ,QUIZ,Zacks Trust Zacks Quality International ETF,,,,,,,,,,nasdaq,https://api.nasdaq.com/api/screener/etf?download=true,True,,,
QULL,QULL,ETRACS 2x Leveraged MSCI US Quality Factor TR ETN,0001114446,,,NYSE,,,,,,nasdaq,https://api.nasdaq.com/api/screener/etf?download=true,True,,,
QUS,QUS,State Street SPDR MSCI USA StrategicFactors ETF,,,,,,,,,,nasdaq,https://api.nasdaq.com/api/screener/etf?download=true,True,,,
QUSA,QUSA,Tidal Trust III VistaShares Target 15 USA Quality Income ETF,,,,,,,,,,nasdaq,https://api.nasdaq.com/api/screener/etf?download=true,True,,,
QVAL,QVAL,Alpha Architect U.S. Quantitative Value ETF,,,,,,,,,,nasdaq,https://api.nasdaq.com/api/screener/etf?download=true,True,,,
QVML,QVML,Invesco S&P 500 QVM Multi-factor ETF,,,,,,,,,,nasdaq,https://api.nasdaq.com/api/screener/etf?download=true,True,,,
QVMM,QVMM,Invesco S&P MidCap 400 QVM Multi-factor ETF,,,,,,,,,,nasdaq,https://api.nasdaq.com/api/screener/etf?download=true,True,,,
QVMS,QVMS,Invesco S&P SmallCap 600 QVM Multi-factor ETF,,,,,,,,,,nasdaq,https://api.nasdaq.com/api/screener/etf?download=true,True,,,
QVMT,QVMT,Invesco S&P 500 Concentrated QVM ETF,,,,,,,,,,nasdaq,https://api.nasdaq.com/api/screener/etf?download=true,True,,,
QVOY,QVOY,Q3 Active Rotation ETF ,,,,,,,,,,nasdaq,https://api.nasdaq.com/api/screener/etf?download=true,True,,,
QWLD,QWLD,State Street SPDR MSCI World StrategicFactors ETF,,,,,,,,,,nasdaq,https://api.nasdaq.com/api/screener/etf?download=true,True,,,
QXQ,QXQ,SGI Enhanced Nasdaq-100 ETF,,,,,,,,,,nasdaq,https://api.nasdaq.com/api/screener/etf?download=true,True,,,
QYLD,QYLD,Global X Nasdaq 100 Covered Call ETF,,,,,,,,,,nasdaq,https://api.nasdaq.com/api/screener/etf?download=true,True,,,
QYLG,QYLG,Global X Nasdaq 100 Covered Call & Growth ETF,,,,,,,,,,nasdaq,https://api.nasdaq.com/api/screener/etf?download=true,True,,,
RAA,RAA,SMI 3Fourteen REAL Asset Allocation ETF,,,,,,,,,,nasdaq,https://api.nasdaq.com/api/screener/etf?download=true,True,,,
RAAA,RAAA,Reckoner Yield Enhanced AAA CLO ETF,,,,,,,,,,nasdaq,https://api.nasdaq.com/api/screener/etf?download=true,True,,,
RAAX,RAAX,VanEck Real Assets ETF,,,,,,,,,,nasdaq,https://api.nasdaq.com/api/screener/etf?download=true,True,,,
RAFE,RAFE,PIMCO RAFI ESG U.S. ETF,,,,,,,,,,nasdaq,https://api.nasdaq.com/api/screener/etf?download=true,True,,,
RAUS,RAUS,RACWI US ETF,,,,,,,,,,nasdaq,https://api.nasdaq.com/api/screener/etf?download=true,True,,,
RAVI,RAVI,FlexShares Ultra-Short Income Fund,,,,,,,,,,nasdaq,https://api.nasdaq.com/api/screener/etf?download=true,True,,,
RAYJ,RAYJ,The Advisors' Inner Circle Fund III Rayliant SMDAM Japan Equit,,,,,,,,,,nasdaq,https://api.nasdaq.com/api/screener/etf?download=true,True,,,
RB,RB,ProShares Trust ProShares Russell 2000 Dynamic Buffer ETF,,,,,,,,,,nasdaq,https://api.nasdaq.com/api/screener/etf?download=true,True,,,
RBIL,RBIL,F/m Ultrashort Treasury Inflation-Protected Security (TIPS) ET,,,,,,,,,,nasdaq,https://api.nasdaq.com/api/screener/etf?download=true,True,,,
RBLD,RBLD,First Trust Alerian US NextGen Infrastructure ETF,,,,,,,,,,nasdaq,https://api.nasdaq.com/api/screener/etf?download=true,True,,,
RBLU,RBLU,ETF Opportunities Trust T-REX 2X Long RBLX Daily Target ETF,,,,,,,,,,nasdaq,https://api.nasdaq.com/api/screener/etf?download=true,True,,,
RBLY,RBLY,Tidal Trust II YieldMax RBLX Option Income Strategy ETF,,,,,,,,,,nasdaq,https://api.nasdaq.com/api/screener/etf?download=true,True,,,
RBUF,RBUF,Innovator U.S. Small Cap 10 Buffer ETF - Quarterly,,,,,,,,,,nasdaq,https://api.nasdaq.com/api/screener/etf?download=true,True,,,
RCAX,RCAX,Defiance Daily Target 2x Long RCAT ETF,,,,,,,,,,nasdaq,https://api.nasdaq.com/api/screener/etf?download=true,True,,,
RCGE,RCGE,RockCreek Global Equality ETF,,,,,,,,,,nasdaq,https://api.nasdaq.com/api/screener/etf?download=true,True,,,
RCTR,RCTR,First Trust Exchange-Traded Fund II First Trust Bloomberg Nucl,,,,,,,,,,nasdaq,https://api.nasdaq.com/api/screener/etf?download=true,True,,,
RDFI,RDFI,Rareview Dynamic Fixed Income ETF,,,,,,,,,,nasdaq,https://api.nasdaq.com/api/screener/etf?download=true,True,,,
RDIV,RDIV,Invesco Exchange-Traded Fund Trust II Invesco S&P Ultra Divide,,,,,,,,,,nasdaq,https://api.nasdaq.com/api/screener/etf?download=true,True,,,
RDOG,RDOG,ALPS ETF Trust ALPS REIT Dividend Dogs ETF,,,,,,,,,,nasdaq,https://api.nasdaq.com/api/screener/etf?download=true,True,,,
RDTE,RDTE,Roundhill Russell 2000 0DTE Covered Call Strategy ETF,,,,,,,,,,nasdaq,https://api.nasdaq.com/api/screener/etf?download=true,True,,,
RDTL,RDTL,GraniteShares 2x Long RDDT Daily ETF,,,,,,,,,,nasdaq,https://api.nasdaq.com/api/screener/etf?download=true,True,,,
RDTY,RDTY,YieldMax R2000 0DTE Covered Strategy ETF,,,,,,,,,,nasdaq,https://api.nasdaq.com/api/screener/etf?download=true,True,,,
RDVI,RDVI,FT Vest Rising Dividend Achievers Target Income ETF,,,,,,,,,,nasdaq,https://api.nasdaq.com/api/screener/etf?download=true,True,,,
RDVY,RDVY,First Trust Rising Dividend Achievers ETF,,,,,,,,,,nasdaq,https://api.nasdaq.com/api/screener/etf?download=true,True,,,
RDYY,RDYY,Tidal Trust II YieldMax RDDT Option Income Strategy ETF,,,,,,,,,,nasdaq,https://api.nasdaq.com/api/screener/etf?download=true,True,,,
REAI,REAI,Intelligent Real Estate ETF,,,,,,,,,,nasdaq,https://api.nasdaq.com/api/screener/etf?download=true,True,,,
RECS,RECS,Columbia Research Enhanced Core ETF,,,,,,,,,,nasdaq,https://api.nasdaq.com/api/screener/etf?download=true,True,,,
REET,REET,iShares Trust iShares Global REIT ETF,,,,,,,,,,nasdaq,https://api.nasdaq.com/api/screener/etf?download=true,True,,,
REGL,REGL,ProShares S&P MidCap 400 Dividend Aristocrats ETF,,,,,,,,,,nasdaq,https://api.nasdaq.com/api/screener/etf?download=true,True,,,
REIT,REIT,ALPS Active REIT ETF,,,,,,,,,,nasdaq,https://api.nasdaq.com/api/screener/etf?download=true,True,,,
REK,REK,ProShares Short Real Estate,,,,,,,,,,nasdaq,https://api.nasdaq.com/api/screener/etf?download=true,True,,,
REM,REM,iShares Trust iShares Mortgage Real Estate ETF,,,,,,,,,,nasdaq,https://api.nasdaq.com/api/screener/etf?download=true,True,,,
REMG,REMG,Russell Investments Emerging Markets Equity ETF,,,,,,,,,,nasdaq,https://api.nasdaq.com/api/screener/etf?download=true,True,,,
REMX,REMX,VanEck Rare Earth and Strategic Metals ETF,,,,,,,,,,nasdaq,https://api.nasdaq.com/api/screener/etf?download=true,True,,,
RETL,RETL,Direxion Daily Retail Bull 3X ETF,,,,,,,,,,nasdaq,https://api.nasdaq.com/api/screener/etf?download=true,True,,,
REVS,REVS,Columbia Research Enhanced Value ETF,,,,,,,,,,nasdaq,https://api.nasdaq.com/api/screener/etf?download=true,True,,,
REW,REW,ProShares UltraShort Technology,,,,,,,,,,nasdaq,https://api.nasdaq.com/api/screener/etf?download=true,True,,,
REZ,REZ,iShares Residential and Multisector Real Estate ETF,,,,,,,,,,nasdaq,https://api.nasdaq.com/api/screener/etf?download=true,True,,,
RFCI,RFCI,ALPS Dynamic Core Income ETF,,,,,,,,,,nasdaq,https://api.nasdaq.com/api/screener/etf?download=true,True,,,
RFDA,RFDA,ALPS Dynamic US Dividend Advantage ETF,,,,,,,,,,nasdaq,https://api.nasdaq.com/api/screener/etf?download=true,True,,,
RFDI,RFDI,First Trust RiverFront Dynamic Developed International ETF,,,,,,,,,,nasdaq,https://api.nasdaq.com/api/screener/etf?download=true,True,,,
RFEM,RFEM,First Trust RiverFront Dynamic Emerging Markets ETF,,,,,,,,,,nasdaq,https://api.nasdaq.com/api/screener/etf?download=true,True,,,
RFFC,RFFC,ALPS Active Equity Opportunity ETF,,,,,,,,,,nasdaq,https://api.nasdaq.com/api/screener/etf?download=true,True,,,
RFG,RFG,Invesco S&P MidCap 400 Pure Growth ETF,,,,,,,,,,nasdaq,https://api.nasdaq.com/api/screener/etf?download=true,True,,,
RFIX,RFIX,Simplify Bond Bull ETF,,,,,,,,,,nasdaq,https://api.nasdaq.com/api/screener/etf?download=true,True,,,
RFLR,RFLR,Innovator U.S. Small Cap Managed Floor ETF,,,,,,,,,,nasdaq,https://api.nasdaq.com/api/screener/etf?download=true,True,,,
RFV,RFV,Invesco S&P MidCap 400 Pure Value ETF,,,,,,,,,,nasdaq,https://api.nasdaq.com/api/screener/etf?download=true,True,,,
RGEF,RGEF,Tidal Trust III Rockefeller Global Equity ETF,,,,,,,,,,nasdaq,https://api.nasdaq.com/api/screener/etf?download=true,True,,,
RGLO,RGLO,Russell Investments Global Equity ETF,,,,,,,,,,nasdaq,https://api.nasdaq.com/api/screener/etf?download=true,True,,,
RGTU,RGTU,Tradr 2X Long RGTI Daily ETF,,,,,,,,,,nasdaq,https://api.nasdaq.com/api/screener/etf?download=true,True,,,
RGTX,RGTX,Defiance Daily Target 2X Long RGTI ETF,,,,,,,,,,nasdaq,https://api.nasdaq.com/api/screener/etf?download=true,True,,,
RGTZ,RGTZ,Defiance Daily Target 2x Short RGTI ETF,,,,,,,,,,nasdaq,https://api.nasdaq.com/api/screener/etf?download=true,True,,,
RGYY,RGYY,GraniteShares YieldBoost RGTI ETF,,,,,,,,,,nasdaq,https://api.nasdaq.com/api/screener/etf?download=true,True,,,
RHRX,RHRX,RH Tactical Rotation ETF,,,,,,,,,,nasdaq,https://api.nasdaq.com/api/screener/etf?download=true,True,,,
RHTX,RHTX,RH Tactical Outlook ETF,,,,,,,,,,nasdaq,https://api.nasdaq.com/api/screener/etf?download=true,True,,,
RIET,RIET,Hoya Capital High Dividend Yield ETF,,,,,,,,,,nasdaq,https://api.nasdaq.com/api/screener/etf?download=true,True,,,
RIFR,RIFR,Russell Investments Global Infrastructure ETF,,,,,,,,,,nasdaq,https://api.nasdaq.com/api/screener/etf?download=true,True,,,
RIGS,RIGS,Riverfront Strategic Income Fund,,,,,,,,,,nasdaq,https://api.nasdaq.com/api/screener/etf?download=true,True,,,
RILA,RILA,Spinnaker ETF Series Indexperts Gorilla Aggressive Growth ETF,,,,,,,,,,nasdaq,https://api.nasdaq.com/api/screener/etf?download=true,True,,,
RINF,RINF,ProShares Inflation Expectations ETF,,,,,,,,,,nasdaq,https://api.nasdaq.com/api/screener/etf?download=true,True,,,
RING,RING,iShares MSCI Global Gold Miners ETF,,,,,,,,,,nasdaq,https://api.nasdaq.com/api/screener/etf?download=true,True,,,
RINT,RINT,Russell Investments International Developed Equity ETF,,,,,,,,,,nasdaq,https://api.nasdaq.com/api/screener/etf?download=true,True,,,
RIOX,RIOX,Tidal Trust II Defiance Daily Target 2X Long RIOT ETF,,,,,,,,,,nasdaq,https://api.nasdaq.com/api/screener/etf?download=true,True,,,
RISN,RISN,Inspire Capital Appreciation ETF,,,,,,,,,,nasdaq,https://api.nasdaq.com/api/screener/etf?download=true,True,,,
RISR,RISR,FolioBeyond Alternative Income and Interest Rate Hedge ETF,,,,,,,,,,nasdaq,https://api.nasdaq.com/api/screener/etf?download=true,True,,,
RITA,RITA,ETF Series Solutions ETFB Green SRI REITs ETF,,,,,,,,,,nasdaq,https://api.nasdaq.com/api/screener/etf?download=true,True,,,
RKLX,RKLX,Defiance Daily Target 2X Long RKLB ETF,,,,,,,,,,nasdaq,https://api.nasdaq.com/api/screener/etf?download=true,True,,,
RKLZ,RKLZ,Defiance Daily Target 2x Short RKLB ETF,,,,,,,,,,nasdaq,https://api.nasdaq.com/api/screener/etf?download=true,True,,,
RKNG,RKNG,Defiance Retail Kings ETF,,,,,,,,,,nasdaq,https://api.nasdaq.com/api/screener/etf?download=true,True,,,
RLY,RLY,State Street Multi-Asset Real Return ETF,,,,,,,,,,nasdaq,https://api.nasdaq.com/api/screener/etf?download=true,True,,,
RMCA,RMCA,Tidal Trust III Rockefeller California Municipal Bond ETF,,,,,,,,,,nasdaq,https://api.nasdaq.com/api/screener/etf?download=true,True,,,
RMIF,RMIF,ETF Series Solutions LHA Risk-Managed Income ETF,,,,,,,,,,nasdaq,https://api.nasdaq.com/api/screener/etf?download=true,True,,,
RMNY,RMNY,Tidal Trust III Rockefeller New York Municipal Bond ETF,,,,,,,,,,nasdaq,https://api.nasdaq.com/api/screener/etf?download=true,True,,,
RMOP,RMOP,Tidal Trust III Rockefeller Opportunistic Municipal Bond ETF,,,,,,,,,,nasdaq,https://api.nasdaq.com/api/screener/etf?download=true,True,,,
RND,RND,First Trust Exchange-Traded Fund VI First Trust Bloomberg R&D ,,,,,,,,,,nasdaq,https://api.nasdaq.com/api/screener/etf?download=true,True,,,
RNEM,RNEM,Emerging Markets Equity Select ETF,,,,,,,,,,nasdaq,https://api.nasdaq.com/api/screener/etf?download=true,True,,,
RNIN,RNIN,Bushido Capital US SMID Cap Equity ETF,,,,,,,,,,nasdaq,https://api.nasdaq.com/api/screener/etf?download=true,True,,,
RNRG,RNRG,Global X Renewable Energy Producers ETF,,,,,,,,,,nasdaq,https://api.nasdaq.com/api/screener/etf?download=true,True,,,
RNTY,RNTY,Tidal Trust II YieldMax  Target 12  Real Estate Option Income ,,,,,,,,,,nasdaq,https://api.nasdaq.com/api/screener/etf?download=true,True,,,
RNWZ,RNWZ,Listed Funds Trust TrueShares Eagle Global Renewable Energy In,,,,,,,,,,nasdaq,https://api.nasdaq.com/api/screener/etf?download=true,True,,,
ROAM,ROAM,Hartford Multifactor Emerging Markets ETF,,,,,,,,,,nasdaq,https://api.nasdaq.com/api/screener/etf?download=true,True,,,
ROBN,ROBN,ETF Opportunities Trust T-Rex 2X Long HOOD Daily Target ETF,,,,,,,,,,nasdaq,https://api.nasdaq.com/api/screener/etf?download=true,True,,,
ROBO,ROBO,Exchange Traded Concepts Trust ROBO Global Robotics and Automa,,,,,,,,,,nasdaq,https://api.nasdaq.com/api/screener/etf?download=true,True,,,
ROBT,ROBT,First Trust Nasdaq Artificial Intelligence and Robotics ETF,,,,,,,,,,nasdaq,https://api.nasdaq.com/api/screener/etf?download=true,True,,,
ROCQ,ROCQ,JPMorgan Nasdaq Equity Premium Yield ETF,,,,,,,,,,nasdaq,https://api.nasdaq.com/api/screener/etf?download=true,True,,,
ROCY,ROCY,JPMorgan Equity Premium Yield ETF,,,,,,,,,,nasdaq,https://api.nasdaq.com/api/screener/etf?download=true,True,,,
RODM,RODM,Hartford Multifactor Developed Markets (ex-US) ETF,,,,,,,,,,nasdaq,https://api.nasdaq.com/api/screener/etf?download=true,True,,,
ROE,ROE,Astoria US Equal Weight Quality Kings ETF,,,,,,,,,,nasdaq,https://api.nasdaq.com/api/screener/etf?download=true,True,,,
ROKT,ROKT,State Street SPDR S&P Kensho Final Frontiers ETF,,,,,,,,,,nasdaq,https://api.nasdaq.com/api/screener/etf?download=true,True,,,
ROM,ROM,ProShares Ultra Technology,,,,,,,,,,nasdaq,https://api.nasdaq.com/api/screener/etf?download=true,True,,,
ROMO,ROMO,Strategy Shares Newfound/ReSolve Robust Momentum ETF,,,,,,,,,,nasdaq,https://api.nasdaq.com/api/screener/etf?download=true,True,,,
RONB,RONB,Baron ETF Trust Baron First Principles ETF,,,,,,,,,,nasdaq,https://api.nasdaq.com/api/screener/etf?download=true,True,,,
ROPE,ROPE,EA Series Trust Coastal Compass 100 ETF,,,,,,,,,,nasdaq,https://api.nasdaq.com/api/screener/etf?download=true,True,,,
ROSC,ROSC,Hartford Multifactor Small Cap ETF,,,,,,,,,,nasdaq,https://api.nasdaq.com/api/screener/etf?download=true,True,,,
ROUS,ROUS,Hartford Multifactor U.S. Equity ETF,,,,,,,,,,nasdaq,https://api.nasdaq.com/api/screener/etf?download=true,True,,,
RPAR,RPAR,RPAR Risk Parity ETF,,,,,,,,,,nasdaq,https://api.nasdaq.com/api/screener/etf?download=true,True,,,
RPG,RPG,Invesco S&P 500 Pure Growth ETF,,,,,,,,,,nasdaq,https://api.nasdaq.com/api/screener/etf?download=true,True,,,
RPHS,RPHS,Two Roads Shared Trust Regents Park Hedged Market Strategy ETF,,,,,,,,,,nasdaq,https://api.nasdaq.com/api/screener/etf?download=true,True,,,
RPV,RPV,Invesco S&P 500 Pure Value ETF,,,,,,,,,,nasdaq,https://api.nasdaq.com/api/screener/etf?download=true,True,,,
RSBA,RSBA,Tidal Trust II Return Stacked Bonds & Merger Arbitrage ETF,,,,,,,,,,nasdaq,https://api.nasdaq.com/api/screener/etf?download=true,True,,,
RSBT,RSBT,Return Stacked Bonds & Managed Futures ETF,,,,,,,,,,nasdaq,https://api.nasdaq.com/api/screener/etf?download=true,True,,,
RSBY,RSBY,Tidal Trust II Return Stacked Bonds & Futures Yield ETF,,,,,,,,,,nasdaq,https://api.nasdaq.com/api/screener/etf?download=true,True,,,
RSDE,RSDE,First Trust Exchange-Traded Fund VIII FT Vest U.S. Equity Equa,,,,,,,,,,nasdaq,https://api.nasdaq.com/api/screener/etf?download=true,True,,,
RSHO,RSHO,Tema ETF Trust Tema American Reshoring ETF,,,,,,,,,,nasdaq,https://api.nasdaq.com/api/screener/etf?download=true,True,,,
RSJN,RSJN,First Trust Exchange-Traded Fund VIII FT Vest U.S. Equity Equa,,,,,,,,,,nasdaq,https://api.nasdaq.com/api/screener/etf?download=true,True,,,
RSMC,RSMC,Tidal Trust III Rockefeller U.S. Small-Mid Cap ETF,,,,,,,,,,nasdaq,https://api.nasdaq.com/api/screener/etf?download=true,True,,,
RSMR,RSMR,First Trust Exchange-Traded Fund VIII FT Vest U.S. Equity Equa,,,,,,,,,,nasdaq,https://api.nasdaq.com/api/screener/etf?download=true,True,,,
RSMV,RSMV,Listed Funds Trust Relative Strength Managed Volatility Strate,,,,,,,,,,nasdaq,https://api.nasdaq.com/api/screener/etf?download=true,True,,,
RSP,RSP,Invesco S&P 500 Equal Weight ETF,,,,,,,,,,nasdaq,https://api.nasdaq.com/api/screener/etf?download=true,True,,,
RSPA,RSPA,Invesco Actively Managed Exchange-Traded Fund Trus Invesco S&P,,,,,,,,,,nasdaq,https://api.nasdaq.com/api/screener/etf?download=true,True,,,
RSPC,RSPC,Invesco S&P 500 Equal Weight Communication Services ETF,,,,,,,,,,nasdaq,https://api.nasdaq.com/api/screener/etf?download=true,True,,,
RSPD,RSPD,Invesco S&P 500 Equal Weight Consumer Discretionary ETF,,,,,,,,,,nasdaq,https://api.nasdaq.com/api/screener/etf?download=true,True,,,
RSPE,RSPE,Invesco ESG S&P 500 Equal Weight ETF,,,,,,,,,,nasdaq,https://api.nasdaq.com/api/screener/etf?download=true,True,,,
RSPF,RSPF,Invesco S&P 500 Equal Weight Financial ETF,,,,,,,,,,nasdaq,https://api.nasdaq.com/api/screener/etf?download=true,True,,,
RSPG,RSPG,Invesco S&P 500 Equal Weight Energy ETF,,,,,,,,,,nasdaq,https://api.nasdaq.com/api/screener/etf?download=true,True,,,
RSPH,RSPH,Invesco S&P 500 Equal Weight Health Care ETF,,,,,,,,,,nasdaq,https://api.nasdaq.com/api/screener/etf?download=true,True,,,
RSPM,RSPM,Invesco S&P 500 Equal Weight Materials ETF,,,,,,,,,,nasdaq,https://api.nasdaq.com/api/screener/etf?download=true,True,,,
RSPN,RSPN,Invesco S&P 500 Equal Weight Industrials Portfolio,,,,,,,,,,nasdaq,https://api.nasdaq.com/api/screener/etf?download=true,True,,,
RSPR,RSPR,Invesco S&P 500 Equal Weight Real Estate ETF,,,,,,,,,,nasdaq,https://api.nasdaq.com/api/screener/etf?download=true,True,,,
RSPS,RSPS,Invesco S&P 500 Equal Weight Consumer Staples ETF,,,,,,,,,,nasdaq,https://api.nasdaq.com/api/screener/etf?download=true,True,,,
RSPT,RSPT,Invesco S&P 500 Equal Weight Technology ETF,,,,,,,,,,nasdaq,https://api.nasdaq.com/api/screener/etf?download=true,True,,,
RSPU,RSPU,Invesco S&P 500 Equal Weight Utilities ETF,,,,,,,,,,nasdaq,https://api.nasdaq.com/api/screener/etf?download=true,True,,,
RSSB,RSSB,Tidal Trust II Return Stacked Global Stocks & Bonds ETF,,,,,,,,,,nasdaq,https://api.nasdaq.com/api/screener/etf?download=true,True,,,
RSSE,RSSE,First Trust Exchange-Traded Fund VIII FT Vest U.S. Equity Equa,,,,,,,,,,nasdaq,https://api.nasdaq.com/api/screener/etf?download=true,True,,,
RSSL,RSSL,Global X Funds Global X Russell 2000 ETF,,,,,,,,,,nasdaq,https://api.nasdaq.com/api/screener/etf?download=true,True,,,
RSST,RSST,Tidal Trust II Return Stacked U.S. Stocks & Managed Futures ET,,,,,,,,,,nasdaq,https://api.nasdaq.com/api/screener/etf?download=true,True,,,
RSSY,RSSY,Tidal Trust II Return Stacked U.S. Stocks & Futures Yield ETF,,,,,,,,,,nasdaq,https://api.nasdaq.com/api/screener/etf?download=true,True,,,
RTAI,RTAI,Rareview Tax Advantaged Income ETF,,,,,,,,,,nasdaq,https://api.nasdaq.com/api/screener/etf?download=true,True,,,
RTH,RTH,VanEck Retail ETF,,,,,,,,,,nasdaq,https://api.nasdaq.com/api/screener/etf?download=true,True,,,
RTRE,RTRE,Collaborative Investment Series Trust Rareview Total Return Bo,,,,,,,,,,nasdaq,https://api.nasdaq.com/api/screener/etf?download=true,True,,,
RTXG,RTXG,Leverage Shares 2X Long RTX Daily ETF,,,,,,,,,,nasdaq,https://api.nasdaq.com/api/screener/etf?download=true,True,,,
RTYY,RTYY,GraniteShares YieldBoost RIOT ETF,,,,,,,,,,nasdaq,https://api.nasdaq.com/api/screener/etf?download=true,True,,,
RULE,RULE,Adaptive Core ETF,,,,,,,,,,nasdaq,https://api.nasdaq.com/api/screener/etf?download=true,True,,,
RUNN,RUNN,Running Oak Efficient Growth ETF,,,,,,,,,,nasdaq,https://api.nasdaq.com/api/screener/etf?download=true,True,,,
RUSC,RUSC,Russell Investments U.S. Small Cap Equity ETF,,,,,,,,,,nasdaq,https://api.nasdaq.com/api/screener/etf?download=true,True,,,
RVER,RVER,Advisor Managed Portfolios Trenchless Fund ETF,,,,,,,,,,nasdaq,https://api.nasdaq.com/api/screener/etf?download=true,True,,,
RVNL,RVNL,GraniteShares 2x Long RIVN Daily ETF,,,,,,,,,,nasdaq,https://api.nasdaq.com/api/screener/etf?download=true,True,,,
RVNU,RVNU,Xtrackers Municipal Infrastructure Revenue Bond ETF,,,,,,,,,,nasdaq,https://api.nasdaq.com/api/screener/etf?download=true,True,,,
RW,RW,EA Series Trust Rainwater Equity ETF,,,,,,,,,,nasdaq,https://api.nasdaq.com/api/screener/etf?download=true,True,,,
RWEM,RWEM,Rayliant NxtGen Multifactor Emerging Markets Equity ETF,,,,,,,,,,nasdaq,https://api.nasdaq.com/api/screener/etf?download=true,True,,,
RWIN,RWIN,Rayliant NxtGen Multifactor International Equity ETF,,,,,,,,,,nasdaq,https://api.nasdaq.com/api/screener/etf?download=true,True,,,
RWJ,RWJ,Invesco Exchange-Traded Fund Trust II Invesco S&P SmallCap 600,,,,,,,,,,nasdaq,https://api.nasdaq.com/api/screener/etf?download=true,True,,,
RWK,RWK,Invesco Exchange-Traded Fund Trust II Invesco S&P MidCap 400 R,,,,,,,,,,nasdaq,https://api.nasdaq.com/api/screener/etf?download=true,True,,,
RWL,RWL,Invesco Exchange-Traded Fund Trust II Invesco S&P 500 Revenue ,,,,,,,,,,nasdaq,https://api.nasdaq.com/api/screener/etf?download=true,True,,,
RWLC,RWLC,Rayliant NxtGen Multifactor US Equity ETF,,,,,,,,,,nasdaq,https://api.nasdaq.com/api/screener/etf?download=true,True,,,
RWM,RWM,ProShares Short Russell2000,,,,,,,,,,nasdaq,https://api.nasdaq.com/api/screener/etf?download=true,True,,,
RWO,RWO,State Street SPDR Dow Jones Global Real Estate ETF,,,,,,,,,,nasdaq,https://api.nasdaq.com/api/screener/etf?download=true,True,,,
RWR,RWR,State Street SPDR Dow Jones REIT ETF,,,,,,,,,,nasdaq,https://api.nasdaq.com/api/screener/etf?download=true,True,,,
RWX,RWX,State Street SPDR Dow Jones International Real Estate ETF,,,,,,,,,,nasdaq,https://api.nasdaq.com/api/screener/etf?download=true,True,,,
RXD,RXD,ProShares UltraShort Health Care,,,,,,,,,,nasdaq,https://api.nasdaq.com/api/screener/etf?download=true,True,,,
RXI,RXI,iShares Global Consumer Discretionary ETF,,,,,,,,,,nasdaq,https://api.nasdaq.com/api/screener/etf?download=true,True,,,
RXL,RXL,ProShares Ultra Health Care,,,,,,,,,,nasdaq,https://api.nasdaq.com/api/screener/etf?download=true,True,,,
RYLD,RYLD,Global X Russell 2000 Covered Call ETF,,,,,,,,,,nasdaq,https://api.nasdaq.com/api/screener/etf?download=true,True,,,
RYLG,RYLG,Global X Funds Global X Russell 2000 Covered Call & Growth ETF,,,,,,,,,,nasdaq,https://api.nasdaq.com/api/screener/etf?download=true,True,,,
RZG,RZG,Invesco S&P SmallCap 600 Pure Growth ETF,,,,,,,,,,nasdaq,https://api.nasdaq.com/api/screener/etf?download=true,True,,,
RZV,RZV,Invesco S&P SmallCap 600 Pure Value ETF,,,,,,,,,,nasdaq,https://api.nasdaq.com/api/screener/etf?download=true,True,,,
SAA,SAA,ProShares Ultra SmallCap600,,,,,,,,,,nasdaq,https://api.nasdaq.com/api/screener/etf?download=true,True,,,
SAEF,SAEF,Schwab Ariel Opportunities ETF,,,,,,,,,,nasdaq,https://api.nasdaq.com/api/screener/etf?download=true,True,,,
SAGP,SAGP,The Advisors' Inner Circle Fund III Strategas Global Policy Op,,,,,,,,,,nasdaq,https://api.nasdaq.com/api/screener/etf?download=true,True,,,
SAMM,SAMM,The Advisors' Inner Circle Fund III Strategas Macro Momentum E,,,,,,,,,,nasdaq,https://api.nasdaq.com/api/screener/etf?download=true,True,,,
SAMT,SAMT,The Advisors' Inner Circle Fund III Strategas Macro Thematic O,,,,,,,,,,nasdaq,https://api.nasdaq.com/api/screener/etf?download=true,True,,,
SAPH,SAPH,Precidian ETFs Trust SAP SE ADRhedged,,,,,,,,,,nasdaq,https://api.nasdaq.com/api/screener/etf?download=true,True,,,
SARK,SARK,Tradr 1X Short Innovation Daily ETF,,,,,,,,,,nasdaq,https://api.nasdaq.com/api/screener/etf?download=true,True,,,
SATG,SATG,Leverage Shares 2X Long SATS Daily ETF,,,,,,,,,,nasdaq,https://api.nasdaq.com/api/screener/etf?download=true,True,,,
SATO,SATO,Invesco Alerian Galaxy Crypto Economy ETF,,,,,,,,,,nasdaq,https://api.nasdaq.com/api/screener/etf?download=true,True,,,
SAUG,SAUG,FT Vest U.S. Small Cap Moderate Buffer ETF - August,,,,,,,,,,nasdaq,https://api.nasdaq.com/api/screener/etf?download=true,True,,,
SAWG,SAWG,ETF Series Solutions AAM Sawgrass US Large Cap Quality Growth ,,,,,,,,,,nasdaq,https://api.nasdaq.com/api/screener/etf?download=true,True,,,
SAWS,SAWS,ETF Series Solutions AAM Sawgrass US Small Cap Quality Growth ,,,,,,,,,,nasdaq,https://api.nasdaq.com/api/screener/etf?download=true,True,,,
SBAR,SBAR,Simplify Exchange Traded Funds Simplify Barrier Income ETF,,,,,,,,,,nasdaq,https://api.nasdaq.com/api/screener/etf?download=true,True,,,
SBB,SBB,ProShares Short SmallCap600,,,,,,,,,,nasdaq,https://api.nasdaq.com/api/screener/etf?download=true,True,,,
SBIL,SBIL,Simplify Exchange Traded Funds Simplify Government Money Marke,,,,,,,,,,nasdaq,https://api.nasdaq.com/api/screener/etf?download=true,True,,,
SBIO,SBIO,ALPS Medical Breakthroughs ETF,,,,,,,,,,nasdaq,https://api.nasdaq.com/api/screener/etf?download=true,True,,,
SBIT,SBIT,ProShares Trust ProShares UltraShort Bitcoin ETF,,,,,,,,,,nasdaq,https://api.nasdaq.com/api/screener/etf?download=true,True,,,
SBND,SBND,Columbia Short Duration Bond ETF,,,,,,,,,,nasdaq,https://api.nasdaq.com/api/screener/etf?download=true,True,,,
SBU,SBU,Leverage Shares 2x Long SBUX Daily ETF,,,,,,,,,,nasdaq,https://api.nasdaq.com/api/screener/etf?download=true,True,,,
SCAP,SCAP,Infrastructure Capital Small Cap Income ETF,,,,,,,,,,nasdaq,https://api.nasdaq.com/api/screener/etf?download=true,True,,,
SCC,SCC,ProShares UltraShort Consumer Discretionary,,,,,,,,,,nasdaq,https://api.nasdaq.com/api/screener/etf?download=true,True,,,
SCCR,SCCR,Schwab Strategic Trust Schwab Core Bond ETF,,,,,,,,,,nasdaq,https://api.nasdaq.com/api/screener/etf?download=true,True,,,
SCDL,SCDL,ETRACS 2x Leveraged US Dividend Factor TR ETN,0001114446,,,NYSE,,,,,,nasdaq,https://api.nasdaq.com/api/screener/etf?download=true,True,,,
SCDS,SCDS,JPMorgan Fundamental Data Science Small Core ETF,,,,,,,,,,nasdaq,https://api.nasdaq.com/api/screener/etf?download=true,True,,,
SCDV,SCDV,ETF Series Solutions Bahl & Gaynor Small Cap Dividend ETF,,,,,,,,,,nasdaq,https://api.nasdaq.com/api/screener/etf?download=true,True,,,
SCEC,SCEC,Capitol Series Trust Sterling Capital Enhanced Core Bond ETF,,,,,,,,,,nasdaq,https://api.nasdaq.com/api/screener/etf?download=true,True,,,
XIDE,XIDE,FT Vest U.S. Equity Buffer & Premium Income  ETF - December,,,,,,,,,,nasdaq,https://api.nasdaq.com/api/screener/etf?download=true,True,,,
XIDV,XIDV,Franklin International Dividend Booster Index ETF,,,,,,,,,,nasdaq,https://api.nasdaq.com/api/screener/etf?download=true,True,,,
XIJN,XIJN,First Trust Exchange-Traded Fund VIII FT Vest U.S. Equity Buff,,,,,,,,,,nasdaq,https://api.nasdaq.com/api/screener/etf?download=true,True,,,
XIMR,XIMR,First Trust Exchange-Traded Fund VIII FT Vest U.S. Equity Buff,,,,,,,,,,nasdaq,https://api.nasdaq.com/api/screener/etf?download=true,True,,,
XISE,XISE,FT Vest U.S. Equity Buffer & Premium Income ETF - September,,,,,,,,,,nasdaq,https://api.nasdaq.com/api/screener/etf?download=true,True,,,
XITK,XITK,State Street SPDR FactSet Innovative Technology ETF,,,,,,,,,,nasdaq,https://api.nasdaq.com/api/screener/etf?download=true,True,,,
XJAN,XJAN,First Trust Exchange-Traded Fund VIII FT Vest U.S. Equity Enha,,,,,,,,,,nasdaq,https://api.nasdaq.com/api/screener/etf?download=true,True,,,
XJH,XJH,iShares ESG Select Screened S&P Mid-Cap ETF,,,,,,,,,,nasdaq,https://api.nasdaq.com/api/screener/etf?download=true,True,,,
XJR,XJR,iShares ESG Select Screened S&P Small-Cap ETF,,,,,,,,,,nasdaq,https://api.nasdaq.com/api/screener/etf?download=true,True,,,
XJUL,XJUL,FT Vest U.S. Equity Enhance & Moderate Buffer ETF - July,,,,,,,,,,nasdaq,https://api.nasdaq.com/api/screener/etf?download=true,True,,,
XJUN,XJUN,FT Vest U.S. Equity Enhance & Moderate Buffer ETF - June,,,,,,,,,,nasdaq,https://api.nasdaq.com/api/screener/etf?download=true,True,,,
XLB,XLB,State Street Materials Select Sector SPDR ETF,,,,,,,,,,nasdaq,https://api.nasdaq.com/api/screener/etf?download=true,True,,,
XLBI,XLBI,State Street Materials Select Sector SPDR Premium Income ETF,,,,,,,,,,nasdaq,https://api.nasdaq.com/api/screener/etf?download=true,True,,,
XLC,XLC,State Street Communication Services Select Sector SPDR ETF,,,,,,,,,,nasdaq,https://api.nasdaq.com/api/screener/etf?download=true,True,,,
XLCI,XLCI,State Street Communication Services Select Sector SPDR Premium,,,,,,,,,,nasdaq,https://api.nasdaq.com/api/screener/etf?download=true,True,,,
XLE,XLE,State Street Energy Select Sector SPDR ETF,,,,,,,,,,nasdaq,https://api.nasdaq.com/api/screener/etf?download=true,True,,,
XLEI,XLEI,State Street Energy Select Sector SPDR Premium Income ETF,,,,,,,,,,nasdaq,https://api.nasdaq.com/api/screener/etf?download=true,True,,,
XLF,XLF,State Street Financial Select Sector SPDR ETF,,,,,,,,,,nasdaq,https://api.nasdaq.com/api/screener/etf?download=true,True,,,
XLFI,XLFI,State Street Financial Select Sector SPDR Premium Income ETF,,,,,,,,,,nasdaq,https://api.nasdaq.com/api/screener/etf?download=true,True,,,
XLG,XLG,Invesco S&P 500 Top 50 ETF,,,,,,,,,,nasdaq,https://api.nasdaq.com/api/screener/etf?download=true,True,,,
XLI,XLI,State Street Industrial Select Sector SPDR ETF,,,,,,,,,,nasdaq,https://api.nasdaq.com/api/screener/etf?download=true,True,,,
XLII,XLII,State Street Industrial Select Sector SPDR Premium Income ETF,,,,,,,,,,nasdaq,https://api.nasdaq.com/api/screener/etf?download=true,True,,,
XLK,XLK,State Street Technology Select Sector SPDR ETF,,,,,,,,,,nasdaq,https://api.nasdaq.com/api/screener/etf?download=true,True,,,
XLKI,XLKI,State Street Technology Select Sector SPDR Premium Income ETF,,,,,,,,,,nasdaq,https://api.nasdaq.com/api/screener/etf?download=true,True,,,
XLP,XLP,State Street Consumer Staples Select Sector SPDR ETF,,,,,,,,,,nasdaq,https://api.nasdaq.com/api/screener/etf?download=true,True,,,
XLRE,XLRE,State Street Real Estate Select Sector SPDR ETF,,,,,,,,,,nasdaq,https://api.nasdaq.com/api/screener/etf?download=true,True,,,
XLRI,XLRI,State Street Real Estate Select Sector SPDR Premium Income ETF,,,,,,,,,,nasdaq,https://api.nasdaq.com/api/screener/etf?download=true,True,,,
XLSI,XLSI,State Street Consumer Staples Select Sector SPDR Premium Incom,,,,,,,,,,nasdaq,https://api.nasdaq.com/api/screener/etf?download=true,True,,,
XLSR,XLSR,State Street US Sector Rotation ETF,,,,,,,,,,nasdaq,https://api.nasdaq.com/api/screener/etf?download=true,True,,,
XLU,XLU,State Street Utilities Select Sector SPDR ETF,,,,,,,,,,nasdaq,https://api.nasdaq.com/api/screener/etf?download=true,True,,,
XLUI,XLUI,State Street Utilities Select Sector SPDR Premium Income ETF,,,,,,,,,,nasdaq,https://api.nasdaq.com/api/screener/etf?download=true,True,,,
XLV,XLV,State Street Health Care Select Sector SPDR ETF,,,,,,,,,,nasdaq,https://api.nasdaq.com/api/screener/etf?download=true,True,,,
XLVI,XLVI,State Street Health Care Select Sector SPDR Premium Income ETF,,,,,,,,,,nasdaq,https://api.nasdaq.com/api/screener/etf?download=true,True,,,
XLY,XLY,State Street Consumer Discretionary Select Sector SPDR ETF,,,,,,,,,,nasdaq,https://api.nasdaq.com/api/screener/etf?download=true,True,,,
XLYI,XLYI,State Street Consumer Discretionary Select Sector SPDR Premium,,,,,,,,,,nasdaq,https://api.nasdaq.com/api/screener/etf?download=true,True,,,
XMAG,XMAG,DeFiance Large Cap Ex-Mag 7 ETF,,,,,,,,,,nasdaq,https://api.nasdaq.com/api/screener/etf?download=true,True,,,
XMAR,XMAR,FT Vest U.S. Equity Enhance & Moderate Buffer ETF - March,,,,,,,,,,nasdaq,https://api.nasdaq.com/api/screener/etf?download=true,True,,,
XMAY,XMAY,First Trust Exchange-Traded Fund VIII FT Vest U.S. Equity Enha,,,,,,,,,,nasdaq,https://api.nasdaq.com/api/screener/etf?download=true,True,,,
XME,XME,State Street SPDR S&P Metals & Mining ETF,,,,,,,,,,nasdaq,https://api.nasdaq.com/api/screener/etf?download=true,True,,,
XMHQ,XMHQ,Invesco S&P MidCap Quality ETF,,,,,,,,,,nasdaq,https://api.nasdaq.com/api/screener/etf?download=true,True,,,
XMLV,XMLV,Invesco S&P MidCap Low Volatility ETF,,,,,,,,,,nasdaq,https://api.nasdaq.com/api/screener/etf?download=true,True,,,
XMMO,XMMO,Invesco S&P MidCap Momentum ETF,,,,,,,,,,nasdaq,https://api.nasdaq.com/api/screener/etf?download=true,True,,,
XMPT,XMPT,VanEck CEF Muni Income ETF,,,,,,,,,,nasdaq,https://api.nasdaq.com/api/screener/etf?download=true,True,,,
XMVM,XMVM,Invesco S&P MidCap Value with Momentum ETF,,,,,,,,,,nasdaq,https://api.nasdaq.com/api/screener/etf?download=true,True,,,
XNAV,XNAV,FundX Investment Trust FundX Aggressive ETF,,,,,,,,,,nasdaq,https://api.nasdaq.com/api/screener/etf?download=true,True,,,
XNOV,XNOV,FT Vest U.S. Equity Enhance & Moderate Buffer ETF - November,,,,,,,,,,nasdaq,https://api.nasdaq.com/api/screener/etf?download=true,True,,,
XNTK,XNTK,State Street SPDR NYSE Technology ETF,,,,,,,,,,nasdaq,https://api.nasdaq.com/api/screener/etf?download=true,True,,,
XOCT,XOCT,FT Vest U.S. Equity Enhance & Moderate Buffer ETF - October,,,,,,,,,,nasdaq,https://api.nasdaq.com/api/screener/etf?download=true,True,,,
XOEF,XOEF,iShares Trust iShares S&P 500 ex S&P 100 ETF,,,,,,,,,,nasdaq,https://api.nasdaq.com/api/screener/etf?download=true,True,,,
XOEX,XOEX,Xtrackers S&P 100 Ex Top 20 ETF,,,,,,,,,,nasdaq,https://api.nasdaq.com/api/screener/etf?download=true,True,,,
XOMO,XOMO,Tidal ETF Trust II YieldMax XOM Option Income Strategy ETF,,,,,,,,,,nasdaq,https://api.nasdaq.com/api/screener/etf?download=true,True,,,
XOMX,XOMX,Direxion Daily XOM Bull 2X ETF,,,,,,,,,,nasdaq,https://api.nasdaq.com/api/screener/etf?download=true,True,,,
XONE,XONE,BondBloxx ETF Trust BondBloxx Bloomberg One Year Target Durati,,,,,,,,,,nasdaq,https://api.nasdaq.com/api/screener/etf?download=true,True,,,
XOP,XOP,State Street SPDR S&P Oil & Gas Exploration & Production ETF,,,,,,,,,,nasdaq,https://api.nasdaq.com/api/screener/etf?download=true,True,,,
XOVR,XOVR,ERShares Private-Public Crossover ETF,,,,,,,,,,nasdaq,https://api.nasdaq.com/api/screener/etf?download=true,True,,,
XPAY,XPAY,Roundhill ETF Trust Roundhill S&P 500 Target 20 Managed Distri,,,,,,,,,,nasdaq,https://api.nasdaq.com/api/screener/etf?download=true,True,,,
XPEG,XPEG,Leverage Shares 2X Long XPEV Daily ETF,,,,,,,,,,nasdaq,https://api.nasdaq.com/api/screener/etf?download=true,True,,,
XPH,XPH,State Street SPDR S&P Pharmaceuticals ETF,,,,,,,,,,nasdaq,https://api.nasdaq.com/api/screener/etf?download=true,True,,,
XPND,XPND,First Trust Expanded Technology ETF,,,,,,,,,,nasdaq,https://api.nasdaq.com/api/screener/etf?download=true,True,,,
XPP,XPP,ProShares Ultra FTSE China 50,,,,,,,,,,nasdaq,https://api.nasdaq.com/api/screener/etf?download=true,True,,,
XQQI,XQQI,NEOS Boosted Nasdaq-100 High Income ETF,,,,,,,,,,nasdaq,https://api.nasdaq.com/api/screener/etf?download=true,True,,,
XRLX,XRLX,FundX Investment Trust FundX Conservative ETF,,,,,,,,,,nasdaq,https://api.nasdaq.com/api/screener/etf?download=true,True,,,
XRMI,XRMI,Global X Funds Global X S&P 500 Risk Managed Income ETF,,,,,,,,,,nasdaq,https://api.nasdaq.com/api/screener/etf?download=true,True,,,
XRP,XRP,Bitwise XRP ETF Bitwise XRP ETF,0002039525,,,NYSE,,,,,,nasdaq,https://api.nasdaq.com/api/screener/etf?download=true,True,,,
XRPC,XRPC,Canary XRP ETF,,,,,,,,,,nasdaq,https://api.nasdaq.com/api/screener/etf?download=true,True,,,
XRPI,XRPI,Volatility Shares Trust XRP ETF,,,,,,,,,,nasdaq,https://api.nasdaq.com/api/screener/etf?download=true,True,,,
XRPR,XRPR,ETF Opportunities Trust REX-Osprey XRP ETF,,,,,,,,,,nasdaq,https://api.nasdaq.com/api/screener/etf?download=true,True,,,
XRPT,XRPT,Volatility Shares Trust XRP 2X ETF,,,,,,,,,,nasdaq,https://api.nasdaq.com/api/screener/etf?download=true,True,,,
XRT,XRT,State Street SPDR S&P Retail ETF,,,,,,,,,,nasdaq,https://api.nasdaq.com/api/screener/etf?download=true,True,,,
XSD,XSD,State Street SPDR S&P Semiconductor ETF,,,,,,,,,,nasdaq,https://api.nasdaq.com/api/screener/etf?download=true,True,,,
XSEP,XSEP,FT Vest U.S. Equity Enhance & Moderate Buffer ETF - September,,,,,,,,,,nasdaq,https://api.nasdaq.com/api/screener/etf?download=true,True,,,
XSHD,XSHD,Invesco S&P SmallCap High Dividend Low Volatility ETF,,,,,,,,,,nasdaq,https://api.nasdaq.com/api/screener/etf?download=true,True,,,
XSHQ,XSHQ,Invesco S&P SmallCap Quality ETF,,,,,,,,,,nasdaq,https://api.nasdaq.com/api/screener/etf?download=true,True,,,
XSLV,XSLV,Invesco S&P SmallCap Low Volatility ETF,,,,,,,,,,nasdaq,https://api.nasdaq.com/api/screener/etf?download=true,True,,,
XSMO,XSMO,Invesco S&P SmallCap Momentum ETF,,,,,,,,,,nasdaq,https://api.nasdaq.com/api/screener/etf?download=true,True,,,
XSOE,XSOE,WisdomTree Emerging Markets Ex-State Owned Enterprises Fund,,,,,,,,,,nasdaq,https://api.nasdaq.com/api/screener/etf?download=true,True,,,
XSPI,XSPI,NEOS Boosted S&P 500 High Income ETF,,,,,,,,,,nasdaq,https://api.nasdaq.com/api/screener/etf?download=true,True,,,
XSVM,XSVM,Invesco S&P SmallCap Value with Momentum ETF,,,,,,,,,,nasdaq,https://api.nasdaq.com/api/screener/etf?download=true,True,,,
XSVN,XSVN,BondBloxx ETF Trust BondBloxx Bloomberg Seven Year Target Dura,,,,,,,,,,nasdaq,https://api.nasdaq.com/api/screener/etf?download=true,True,,,
XSW,XSW,State Street SPDR S&P Software & Services ETF,,,,,,,,,,nasdaq,https://api.nasdaq.com/api/screener/etf?download=true,True,,,
XT,XT,iShares Future Exponential Technologies ETF,,,,,,,,,,nasdaq,https://api.nasdaq.com/api/screener/etf?download=true,True,,,
XTAP,XTAP,Innovator U.S. Equity Accelerated Plus ETF - April,,,,,,,,,,nasdaq,https://api.nasdaq.com/api/screener/etf?download=true,True,,,
XTEN,XTEN,BondBloxx ETF Trust BondBloxx Bloomberg Ten Year Target Durati,,,,,,,,,,nasdaq,https://api.nasdaq.com/api/screener/etf?download=true,True,,,
XTJA,XTJA,Innovator ETFs Trust Innovator U.S. Equity Accelerated Plus ET,,,,,,,,,,nasdaq,https://api.nasdaq.com/api/screener/etf?download=true,True,,,
XTJL,XTJL,Innovator U.S. Equity Accelerated Plus ETF - July,,,,,,,,,,nasdaq,https://api.nasdaq.com/api/screener/etf?download=true,True,,,
XTL,XTL,State Street SPDR S&P Telecom ETF,,,,,,,,,,nasdaq,https://api.nasdaq.com/api/screener/etf?download=true,True,,,
XTN,XTN,State Street SPDR S&P Transportation ETF,,,,,,,,,,nasdaq,https://api.nasdaq.com/api/screener/etf?download=true,True,,,
XTOC,XTOC,Innovator U.S. Equity Accelerated Plus ETF - October,,,,,,,,,,nasdaq,https://api.nasdaq.com/api/screener/etf?download=true,True,,,
XTR,XTR,Global X Funds Global X S&P 500 Tail Risk ETF,,,,,,,,,,nasdaq,https://api.nasdaq.com/api/screener/etf?download=true,True,,,
XTRE,XTRE,BondBloxx ETF Trust BondBloxx Bloomberg Three Year Target Dura,,,,,,,,,,nasdaq,https://api.nasdaq.com/api/screener/etf?download=true,True,,,
XTWO,XTWO,BondBloxx ETF Trust BondBloxx Bloomberg Two Year Target Durati,,,,,,,,,,nasdaq,https://api.nasdaq.com/api/screener/etf?download=true,True,,,
XTWY,XTWY,BondBloxx ETF Trust BondBloxx Bloomberg Twenty Year Target Dur,,,,,,,,,,nasdaq,https://api.nasdaq.com/api/screener/etf?download=true,True,,,
XUDV,XUDV,Franklin U.S. Dividend Booster Index ETF,,,,,,,,,,nasdaq,https://api.nasdaq.com/api/screener/etf?download=true,True,,,
XUSP,XUSP,Innovator ETFs Trust Innovator Uncapped Accelerated U.S. Equit,,,,,,,,,,nasdaq,https://api.nasdaq.com/api/screener/etf?download=true,True,,,
XV,XV,Simplify Exchange Traded Funds Simplify Target 15 Distribution,,,,,,,,,,nasdaq,https://api.nasdaq.com/api/screener/etf?download=true,True,,,
XVV,XVV,iShares ESG Select Screened S&P 500 ETF,,,,,,,,,,nasdaq,https://api.nasdaq.com/api/screener/etf?download=true,True,,,
XXRP,XXRP,Listed Funds Trust Teucrium 2x Long Daily XRP ETF,,,,,,,,,,nasdaq,https://api.nasdaq.com/api/screener/etf?download=true,True,,,
XXX,XXX,CYBER HORNET S&P 500 and XRP 75/25 Strategy ETF,,,,,,,,,,nasdaq,https://api.nasdaq.com/api/screener/etf?download=true,True,,,
XYLD,XYLD,Global X Funds Global X S&P 500 Covered Call ETF,,,,,,,,,,nasdaq,https://api.nasdaq.com/api/screener/etf?download=true,True,,,
XYLG,XYLG,Global X S&P 500 Covered Call & Growth ETF,,,,,,,,,,nasdaq,https://api.nasdaq.com/api/screener/etf?download=true,True,,,
XYZG,XYZG,Leverage Shares 2X Long XYZ Daily ETF,,,,,,,,,,nasdaq,https://api.nasdaq.com/api/screener/etf?download=true,True,,,
XYZY,XYZY,Tidal Trust II YieldMax XYZ Option Income Strategy ETF,,,,,,,,,,nasdaq,https://api.nasdaq.com/api/screener/etf?download=true,True,,,
YALL,YALL,God Bless America ETF,,,,,,,,,,nasdaq,https://api.nasdaq.com/api/screener/etf?download=true,True,,,
YANG,YANG,Direxion Daily FTSE China Bear 3X ETF,,,,,,,,,,nasdaq,https://api.nasdaq.com/api/screener/etf?download=true,True,,,
YBIT,YBIT,Tidal Trust II YieldMax Bitcoin Option Income Strategy ETF,,,,,,,,,,nasdaq,https://api.nasdaq.com/api/screener/etf?download=true,True,,,
YBMN,YBMN,Defiance BMNR Option Income ETF,,,,,,,,,,nasdaq,https://api.nasdaq.com/api/screener/etf?download=true,True,,,
YBST,YBST,GraniteShares YieldBoost Single Stock Universe ETF,,,,,,,,,,nasdaq,https://api.nasdaq.com/api/screener/etf?download=true,True,,,
YBTC,YBTC,Roundhill ETF Trust Roundhill Bitcoin Covered Call Strategy ET,,,,,,,,,,nasdaq,https://api.nasdaq.com/api/screener/etf?download=true,True,,,
YBTY,YBTY,GraniteShares YieldBoost TopYielders ETF,,,,,,,,,,nasdaq,https://api.nasdaq.com/api/screener/etf?download=true,True,,,
YCL,YCL,ProShares Ultra Yen,0001415311,,,NYSE,,,,,,nasdaq,https://api.nasdaq.com/api/screener/etf?download=true,True,,,
YCS,YCS,ProShares UltraShort Yen New,0001415311,,,NYSE,,,,,,nasdaq,https://api.nasdaq.com/api/screener/etf?download=true,True,,,
YDEC,YDEC,FT Vest International Equity Moderate Buffer ETF - December,,,,,,,,,,nasdaq,https://api.nasdaq.com/api/screener/etf?download=true,True,,,
YEAR,YEAR,AB Active ETFs Inc. AB Ultra Short Income ETF,,,,,,,,,,nasdaq,https://api.nasdaq.com/api/screener/etf?download=true,True,,,
YETH,YETH,Roundhill ETF Trust Roundhill Ether Covered Call Strategy ETF,,,,,,,,,,nasdaq,https://api.nasdaq.com/api/screener/etf?download=true,True,,,
YFFI,YFFI,Spinnaker ETF Series Indexperts Yield Focused Fixed Income ETF,,,,,,,,,,nasdaq,https://api.nasdaq.com/api/screener/etf?download=true,True,,,
YFYA,YFYA,Yields for You Income Strategy A ETF,,,,,,,,,,nasdaq,https://api.nasdaq.com/api/screener/etf?download=true,True,,,
YGLD,YGLD,Simplify Exchange Traded Funds Simplify Gold Strategy PLUS Inc,,,,,,,,,,nasdaq,https://api.nasdaq.com/api/screener/etf?download=true,True,,,
YINN,YINN,Direxion Daily FTSE China Bull 3X ETF,,,,,,,,,,nasdaq,https://api.nasdaq.com/api/screener/etf?download=true,True,,,
YJUN,YJUN,FT Vest International Equity Moderate Buffer ETF - June,,,,,,,,,,nasdaq,https://api.nasdaq.com/api/screener/etf?download=true,True,,,
YLD,YLD,Principal Active High Yield ETF,,,,,,,,,,nasdaq,https://api.nasdaq.com/api/screener/etf?download=true,True,,,
YLDE,YLDE,Franklin ClearBridge Enhanced Income ETF,,,,,,,,,,nasdaq,https://api.nasdaq.com/api/screener/etf?download=true,True,,,
YMAG,YMAG,Tidal Trust II YieldMax Magnificent 7 Fund of Option Income ET,,,,,,,,,,nasdaq,https://api.nasdaq.com/api/screener/etf?download=true,True,,,
YMAR,YMAR,FT Vest International Equity Moderate Buffer ETF - March,,,,,,,,,,nasdaq,https://api.nasdaq.com/api/screener/etf?download=true,True,,,
YMAX,YMAX,Tidal Trust II YieldMax Universe Fund of Option Income ETFs,,,,,,,,,,nasdaq,https://api.nasdaq.com/api/screener/etf?download=true,True,,,
YNOT,YNOT,Horizon Digital Frontier ETF,,,,,,,,,,nasdaq,https://api.nasdaq.com/api/screener/etf?download=true,True,,,
YOKE,YOKE,YOKE Core ETF,,,,,,,,,,nasdaq,https://api.nasdaq.com/api/screener/etf?download=true,True,,,
YOLO,YOLO,AdvisorShares Pure Cannabis ETF,,,,,,,,,,nasdaq,https://api.nasdaq.com/api/screener/etf?download=true,True,,,
YQQQ,YQQQ,YieldMax Short N100 Option Income Strategy ETF,,,,,,,,,,nasdaq,https://api.nasdaq.com/api/screener/etf?download=true,True,,,
YSEP,YSEP,FT Vest International Equity Buffer ETF - September,,,,,,,,,,nasdaq,https://api.nasdaq.com/api/screener/etf?download=true,True,,,
YSPY,YSPY,GraniteShares YieldBOOST SPY ETF,,,,,,,,,,nasdaq,https://api.nasdaq.com/api/screener/etf?download=true,True,,,
YXI,YXI,ProShares Short FTSE China 50,,,,,,,,,,nasdaq,https://api.nasdaq.com/api/screener/etf?download=true,True,,,
YYY,YYY,Amplify CEF High Income ETF,,,,,,,,,,nasdaq,https://api.nasdaq.com/api/screener/etf?download=true,True,,,
ZALT,ZALT,Innovator ETFs Trust Innovator U.S. Equity 10 Buffer ETF - Qua,,,,,,,,,,nasdaq,https://api.nasdaq.com/api/screener/etf?download=true,True,,,
ZAP,ZAP,Global X U.S. Electrification ETF,,,,,,,,,,nasdaq,https://api.nasdaq.com/api/screener/etf?download=true,True,,,
ZAPR,ZAPR,Innovator ETFs Trust Innovator Equity Defined Protection ETF -,,,,,,,,,,nasdaq,https://api.nasdaq.com/api/screener/etf?download=true,True,,,
ZAUG,ZAUG,Innovator ETFs Trust Innovator Equity Defined Protection ETF -,,,,,,,,,,nasdaq,https://api.nasdaq.com/api/screener/etf?download=true,True,,,
ZDEK,ZDEK,Innovator ETFs Trust Innovator Equity Defined Protection ETF -,,,,,,,,,,nasdaq,https://api.nasdaq.com/api/screener/etf?download=true,True,,,
ZECP,ZECP,Zacks Trust Zacks Earnings Consistent Portfolio ETF,,,,,,,,,,nasdaq,https://api.nasdaq.com/api/screener/etf?download=true,True,,,
ZFEB,ZFEB,Innovator ETFs Trust Innovator Equity Defined Protection ETF -,,,,,,,,,,nasdaq,https://api.nasdaq.com/api/screener/etf?download=true,True,,,
ZHDG,ZHDG,ZEGA Buy and Hedge ETF,,,,,,,,,,nasdaq,https://api.nasdaq.com/api/screener/etf?download=true,True,,,
ZHOG,ZHOG,F/m Opportunistic Income ETF,,,,,,,,,,nasdaq,https://api.nasdaq.com/api/screener/etf?download=true,True,,,
ZIG,ZIG,The Acquirers Fund,,,,,,,,,,nasdaq,https://api.nasdaq.com/api/screener/etf?download=true,True,,,
ZJAN,ZJAN,Innovator ETFs Trust Innovator Equity Defined Protection ETF -,,,,,,,,,,nasdaq,https://api.nasdaq.com/api/screener/etf?download=true,True,,,
ZJUL,ZJUL,Innovator Equity Defined Protection ETF - 1 Yr July,,,,,,,,,,nasdaq,https://api.nasdaq.com/api/screener/etf?download=true,True,,,
ZJUN,ZJUN,Innovator ETFs Trust Innovator Equity Defined Protection ETF -,,,,,,,,,,nasdaq,https://api.nasdaq.com/api/screener/etf?download=true,True,,,
ZMAR,ZMAR,Innovator ETFs Trust Innovator Equity Defined Protection ETF -,,,,,,,,,,nasdaq,https://api.nasdaq.com/api/screener/etf?download=true,True,,,
ZMAY,ZMAY,Innovator ETFs Trust Innovator Equity Defined Protection ETF -,,,,,,,,,,nasdaq,https://api.nasdaq.com/api/screener/etf?download=true,True,,,
ZMUN,ZMUN,F/m Ultrashort Tax-Free Municipal ETF,,,,,,,,,,nasdaq,https://api.nasdaq.com/api/screener/etf?download=true,True,,,
ZNOV,ZNOV,Innovator ETFs Trust Innovator Equity Defined Protection ETF -,,,,,,,,,,nasdaq,https://api.nasdaq.com/api/screener/etf?download=true,True,,,
ZOCT,ZOCT,Innovator Equity Defined Protection ETF - 1 Yr October,,,,,,,,,,nasdaq,https://api.nasdaq.com/api/screener/etf?download=true,True,,,
ZROZ,ZROZ,PIMCO 25  Year Zero Coupon U.S. Treasury Index Exchange-Traded,,,,,,,,,,nasdaq,https://api.nasdaq.com/api/screener/etf?download=true,True,,,
ZSB,ZSB,USCF ETF Trust USCF Sustainable Battery Metals Strategy Fund,,,,,,,,,,nasdaq,https://api.nasdaq.com/api/screener/etf?download=true,True,,,
ZSC,ZSC,USCF ETF Trust USCF Sustainable Commodity Strategy Fund,,,,,,,,,,nasdaq,https://api.nasdaq.com/api/screener/etf?download=true,True,,,
ZSEP,ZSEP,Innovator Equity Defined Protection ETF - 1 Yr September,,,,,,,,,,nasdaq,https://api.nasdaq.com/api/screener/etf?download=true,True,,,
ZSL,ZSL,ProShares UltraShort Silver,0001415311,,,NYSE,,,,,,nasdaq,https://api.nasdaq.com/api/screener/etf?download=true,True,,,
ZTAX,ZTAX,X-Square Municipal Income ETF,,,,,,,,,,nasdaq,https://api.nasdaq.com/api/screener/etf?download=true,True,,,
ZTEN,ZTEN,F/m 10-Year Investment Grade Corporate Bond ETF,,,,,,,,,,nasdaq,https://api.nasdaq.com/api/screener/etf?download=true,True,,,
ZTOP,ZTOP,F/m High Yield 100 ETF,,,,,,,,,,nasdaq,https://api.nasdaq.com/api/screener/etf?download=true,True,,,
ZTRE,ZTRE,F/m 3-Year Investment Grade Corporate Bond ETF,,,,,,,,,,nasdaq,https://api.nasdaq.com/api/screener/etf?download=true,True,,,
ZTWO,ZTWO,F/m 2-Year Investment Grade Corporate Bond ETF,,,,,,,,,,nasdaq,https://api.nasdaq.com/api/screener/etf?download=true,True,,,
ZVOL,ZVOL,Volatility Premium Plus ETF,,,,,,,,,,nasdaq,https://api.nasdaq.com/api/screener/etf?download=true,True,,,
EAOR,EAOR,iShares ESG Aware 60/40 Balanced Allocation ETF,,,,,,,,,,nasdaq,https://api.nasdaq.com/api/screener/etf?download=true,True,,,
EAPR,EAPR,Innovator Emerging Markets Power Buffer ETF April,,,,,,,,,,nasdaq,https://api.nasdaq.com/api/screener/etf?download=true,True,,,
EART,EART,Global X Rare Earth & Critical Materials ETF,,,,,,,,,,nasdaq,https://api.nasdaq.com/api/screener/etf?download=true,True,,,
EASG,EASG,Xtrackers MSCI EAFE Selection Equity ETF,,,,,,,,,,nasdaq,https://api.nasdaq.com/api/screener/etf?download=true,True,,,
EASY,EASY,Liberty One Defensive Dividend Growth ETF,,,,,,,,,,nasdaq,https://api.nasdaq.com/api/screener/etf?download=true,True,,,
EBI,EBI,Longview Advantage ETF,,,,,,,,,,nasdaq,https://api.nasdaq.com/api/screener/etf?download=true,True,,,
EBIT,EBIT,Harbor ETF Trust Harbor AlphaEdge Small Cap Earners ETF,,,,,,,,,,nasdaq,https://api.nasdaq.com/api/screener/etf?download=true,True,,,
EBIZ,EBIZ,Global X E-commerce ETF,,,,,,,,,,nasdaq,https://api.nasdaq.com/api/screener/etf?download=true,True,,,
EBND,EBND,State Street SPDR Bloomberg Emerging Markets Local Bond ETF,,,,,,,,,,nasdaq,https://api.nasdaq.com/api/screener/etf?download=true,True,,,
EBUF,EBUF,Innovator Emerging Markets 10 Buffer ETF - Quarterly,,,,,,,,,,nasdaq,https://api.nasdaq.com/api/screener/etf?download=true,True,,,
ECH,ECH,iShares Inc. iShares MSCI Chile ETF,,,,,,,,,,nasdaq,https://api.nasdaq.com/api/screener/etf?download=true,True,,,
ECML,ECML,EA Series Trust Euclidean Fundamental Value ETF,,,,,,,,,,nasdaq,https://api.nasdaq.com/api/screener/etf?download=true,True,,,
ECNS,ECNS,iShares MSCI China Small-Cap ETF,,,,,,,,,,nasdaq,https://api.nasdaq.com/api/screener/etf?download=true,True,,,
ECON,ECON,Columbia Research Enhanced Emerging Economies ETF,,,,,,,,,,nasdaq,https://api.nasdaq.com/api/screener/etf?download=true,True,,,
ECOW,ECOW,Pacer Emerging Markets Cash Cows 100 ETF,,,,,,,,,,nasdaq,https://api.nasdaq.com/api/screener/etf?download=true,True,,,
EDC,EDC,Direxion Daily MSCI Emerging Markets Bull 3X ETF,,,,,,,,,,nasdaq,https://api.nasdaq.com/api/screener/etf?download=true,True,,,
EDEN,EDEN,iShares Inc iShares MSCI Denmark ETF,,,,,,,,,,nasdaq,https://api.nasdaq.com/api/screener/etf?download=true,True,,,
EDGE,EDGE,EA Series Trust MRBL Enhanced Equity ETF,,,,,,,,,,nasdaq,https://api.nasdaq.com/api/screener/etf?download=true,True,,,
EDGF,EDGF,The Advisors Inner Circle Fund II 3EDGE Dynamic Fixed Income E,,,,,,,,,,nasdaq,https://api.nasdaq.com/api/screener/etf?download=true,True,,,
EDGH,EDGH,The Advisors Inner Circle Fund II 3EDGE Dynamic Hard Assets ET,,,,,,,,,,nasdaq,https://api.nasdaq.com/api/screener/etf?download=true,True,,,
EDGI,EDGI,The Advisors Inner Circle Fund II 3EDGE Dynamic International ,,,,,,,,,,nasdaq,https://api.nasdaq.com/api/screener/etf?download=true,True,,,
EDGU,EDGU,The Advisors Inner Circle Fund II 3EDGE Dynamic US Equity ETF,,,,,,,,,,nasdaq,https://api.nasdaq.com/api/screener/etf?download=true,True,,,
EDIV,EDIV,State Street SPDR S&P Emerging Markets Dividend ETF,,,,,,,,,,nasdaq,https://api.nasdaq.com/api/screener/etf?download=true,True,,,
EDOG,EDOG,ALPS Emerging Sector Dividend Dogs ETF,,,,,,,,,,nasdaq,https://api.nasdaq.com/api/screener/etf?download=true,True,,,
EDOW,EDOW,First Trust Dow 30 Equal Weight ETF,,,,,,,,,,nasdaq,https://api.nasdaq.com/api/screener/etf?download=true,True,,,
EDV,EDV,Vanguard Extended Duration Treasury ETF,,,,,,,,,,nasdaq,https://api.nasdaq.com/api/screener/etf?download=true,True,,,
EDZ,EDZ,Direxion Daily MSCI Emerging Markets Bear 3X ETF,,,,,,,,,,nasdaq,https://api.nasdaq.com/api/screener/etf?download=true,True,,,
EEE,EEE,CYBER HORNET S&P 500 and Ethereum 75/25 Strategy ETF,,,,,,,,,,nasdaq,https://api.nasdaq.com/api/screener/etf?download=true,True,,,
EELV,EELV,Invesco S&P Emerging Markets Low Volatility ETF,,,,,,,,,,nasdaq,https://api.nasdaq.com/api/screener/etf?download=true,True,,,
EEM,EEM,iShares MSCI Emerging Index Fund,,,,,,,,,,nasdaq,https://api.nasdaq.com/api/screener/etf?download=true,True,,,
EEMA,EEMA,iShares MSCI Emerging Markets Asia ETF,,,,,,,,,,nasdaq,https://api.nasdaq.com/api/screener/etf?download=true,True,,,
EEMO,EEMO,Invesco S&P Emerging Markets Momentum ETF,,,,,,,,,,nasdaq,https://api.nasdaq.com/api/screener/etf?download=true,True,,,
EEMS,EEMS,iShares MSCI Emerging Markets Small Cap ETF,,,,,,,,,,nasdaq,https://api.nasdaq.com/api/screener/etf?download=true,True,,,
EEMV,EEMV,iShares MSCI Emerging Markets Min Vol Factor ETF,,,,,,,,,,nasdaq,https://api.nasdaq.com/api/screener/etf?download=true,True,,,
EEMX,EEMX,State Street SPDR MSCI Emerging Markets Fossil Fuel Reserves F,,,,,,,,,,nasdaq,https://api.nasdaq.com/api/screener/etf?download=true,True,,,
EES,EES,WisdomTree U.S. SmallCap Fund,,,,,,,,,,nasdaq,https://api.nasdaq.com/api/screener/etf?download=true,True,,,
EET,EET,ProShares Ultra MSCI Emerging Markets,,,,,,,,,,nasdaq,https://api.nasdaq.com/api/screener/etf?download=true,True,,,
EETH,EETH,ProShares Ether ETF,,,,,,,,,,nasdaq,https://api.nasdaq.com/api/screener/etf?download=true,True,,,
EEV,EEV,ProShares UltraShort MSCI Emerging Markets,,,,,,,,,,nasdaq,https://api.nasdaq.com/api/screener/etf?download=true,True,,,
EFA,EFA,iShares MSCI EAFE ETF,,,,,,,,,,nasdaq,https://api.nasdaq.com/api/screener/etf?download=true,True,,,
EFAA,EFAA,Invesco Actively Managed Exchange-Traded Fund Trus Invesco MSC,,,,,,,,,,nasdaq,https://api.nasdaq.com/api/screener/etf?download=true,True,,,
EFAD,EFAD,ProShares Trust ProShares MSCI EAFE Dividend Growers ETF,,,,,,,,,,nasdaq,https://api.nasdaq.com/api/screener/etf?download=true,True,,,
EFAS,EFAS,Global X MSCI SuperDividend EAFE ETF,,,,,,,,,,nasdaq,https://api.nasdaq.com/api/screener/etf?download=true,True,,,
EFAV,EFAV,iShares MSCI EAFE Min Vol Factor ETF,,,,,,,,,,nasdaq,https://api.nasdaq.com/api/screener/etf?download=true,True,,,
EFAX,EFAX,State Street SPDR MSCI EAFE Fossil Fuel Reserves Free ETF,,,,,,,,,,nasdaq,https://api.nasdaq.com/api/screener/etf?download=true,True,,,
EFFE,EFFE,Harbor ETF Trust Harbor Osmosis Emerging Markets Resource Effi,,,,,,,,,,nasdaq,https://api.nasdaq.com/api/screener/etf?download=true,True,,,
EFFI,EFFI,Harbor ETF Trust Harbor Osmosis International Resource Efficie,,,,,,,,,,nasdaq,https://api.nasdaq.com/api/screener/etf?download=true,True,,,
EFG,EFG,iShares MSCI EAFE Growth ETF,,,,,,,,,,nasdaq,https://api.nasdaq.com/api/screener/etf?download=true,True,,,
EFIV,EFIV,State Street SPDR S&P 500 ESG ETF,,,,,,,,,,nasdaq,https://api.nasdaq.com/api/screener/etf?download=true,True,,,
EFNL,EFNL,iShares Inc iShares MSCI Finland ETF,,,,,,,,,,nasdaq,https://api.nasdaq.com/api/screener/etf?download=true,True,,,
EFO,EFO,ProShares Ultra MSCI EAFE,,,,,,,,,,nasdaq,https://api.nasdaq.com/api/screener/etf?download=true,True,,,
EFRA,EFRA,iShares Environmental Infrastructure and Industrials ETF,,,,,,,,,,nasdaq,https://api.nasdaq.com/api/screener/etf?download=true,True,,,
EFU,EFU,ProShares UltraShort MSCI EAFE,,,,,,,,,,nasdaq,https://api.nasdaq.com/api/screener/etf?download=true,True,,,
EFV,EFV,iShares MSCI EAFE Value ETF,,,,,,,,,,nasdaq,https://api.nasdaq.com/api/screener/etf?download=true,True,,,
EFZ,EFZ,ProShares Short MSCI EAFE,,,,,,,,,,nasdaq,https://api.nasdaq.com/api/screener/etf?download=true,True,,,
EGGQ,EGGQ,NestYield Visionary ETF,,,,,,,,,,nasdaq,https://api.nasdaq.com/api/screener/etf?download=true,True,,,
EGGS,EGGS,Tidal Trust III NestYield Total Return Guard ETF,,,,,,,,,,nasdaq,https://api.nasdaq.com/api/screener/etf?download=true,True,,,
EGGY,EGGY,NestYield Dynamic Income ETF,,,,,,,,,,nasdaq,https://api.nasdaq.com/api/screener/etf?download=true,True,,,
EGLE,EGLE,Global X Funds Global X S&P 500 U.S. Revenue Leaders ETF,,,,,,,,,,nasdaq,https://api.nasdaq.com/api/screener/etf?download=true,True,,,
EGUS,EGUS,iShares Trust iShares ESG Aware MSCI USA Growth ETF,,,,,,,,,,nasdaq,https://api.nasdaq.com/api/screener/etf?download=true,True,,,
EHLS,EHLS,Even Herd Long Short ETF,,,,,,,,,,nasdaq,https://api.nasdaq.com/api/screener/etf?download=true,True,,,
EIDO,EIDO,iShares MSCI Indonesia ETF,,,,,,,,,,nasdaq,https://api.nasdaq.com/api/screener/etf?download=true,True,,,
EINC,EINC,VanEck Energy Income ETF,,,,,,,,,,nasdaq,https://api.nasdaq.com/api/screener/etf?download=true,True,,,
EIPI,EIPI,First Trust Exchange-Traded Fund VIII FT Energy Income Partner,,,,,,,,,,nasdaq,https://api.nasdaq.com/api/screener/etf?download=true,True,,,
EIPX,EIPX,First Trust Exchange-Traded Fund IV FT Energy Income Partners ,,,,,,,,,,nasdaq,https://api.nasdaq.com/api/screener/etf?download=true,True,,,
EIRL,EIRL,iShares Trust iShares MSCI Ireland ETF,,,,,,,,,,nasdaq,https://api.nasdaq.com/api/screener/etf?download=true,True,,,
EIS,EIS,iShares Inc iShares MSCI Israel ETF,,,,,,,,,,nasdaq,https://api.nasdaq.com/api/screener/etf?download=true,True,,,
EJAN,EJAN,Innovator Emerging Markets Power Buffer ETF January,,,,,,,,,,nasdaq,https://api.nasdaq.com/api/screener/etf?download=true,True,,,
EJUL,EJUL,Innovator Emerging Markets Power Buffer ETF July,,,,,,,,,,nasdaq,https://api.nasdaq.com/api/screener/etf?download=true,True,,,
EKG,EKG,First Trust Nasdaq Lux Digital Health Solutions ETF,,,,,,,,,,nasdaq,https://api.nasdaq.com/api/screener/etf?download=true,True,,,
ELCV,ELCV,Strategy Shares Eventide High Dividend ETF,,,,,,,,,,nasdaq,https://api.nasdaq.com/api/screener/etf?download=true,True,,,
ELD,ELD,WisdomTree Emerging Markets Local Debt Fund,,,,,,,,,,nasdaq,https://api.nasdaq.com/api/screener/etf?download=true,True,,,
ELFY,ELFY,ALPS Electrification Infrastructure ETF,,,,,,,,,,nasdaq,https://api.nasdaq.com/api/screener/etf?download=true,True,,,
ELIL,ELIL,Direxion Daily LLY Bull 2X ETF,,,,,,,,,,nasdaq,https://api.nasdaq.com/api/screener/etf?download=true,True,,,
ELM,ELM,Series Portfolios Trust Elm Market Navigator ETF,,,,,,,,,,nasdaq,https://api.nasdaq.com/api/screener/etf?download=true,True,,,
EMB,EMB,iShares J.P. Morgan USD Emerging Markets Bond ETF,,,,,,,,,,nasdaq,https://api.nasdaq.com/api/screener/etf?download=true,True,,,
EMBD,EMBD,Global X Emerging Markets Bond ETF,,,,,,,,,,nasdaq,https://api.nasdaq.com/api/screener/etf?download=true,True,,,
EMC,EMC,Global X Funds Global X Emerging Markets Great Consumer ETF,,,,,,,,,,nasdaq,https://api.nasdaq.com/api/screener/etf?download=true,True,,,
EMCB,EMCB,WisdomTree Emerging Markets Corporate Bond Fund,,,,,,,,,,nasdaq,https://api.nasdaq.com/api/screener/etf?download=true,True,,,
EMCR,EMCR,Xtrackers Emerging Markets Carbon Reduction and Climate Improv,,,,,,,,,,nasdaq,https://api.nasdaq.com/api/screener/etf?download=true,True,,,
EMCS,EMCS,Xtrackers MSCI Emerging Markets Climate Selection ETF,,,,,,,,,,nasdaq,https://api.nasdaq.com/api/screener/etf?download=true,True,,,
EMDM,EMDM,First Trust Exchange-Traded Fund II First Trust Bloomberg Emer,,,,,,,,,,nasdaq,https://api.nasdaq.com/api/screener/etf?download=true,True,,,
EMDV,EMDV,ProShares MSCI Emerging Markets Dividend Growers ETF,,,,,,,,,,nasdaq,https://api.nasdaq.com/api/screener/etf?download=true,True,,,
EMEQ,EMEQ,Nomura Focused Emerging Markets Equity ETF,,,,,,,,,,nasdaq,https://api.nasdaq.com/api/screener/etf?download=true,True,,,
EMES,EMES,Harbor ETF Trust Harbor Emerging Markets Select ETF,,,,,,,,,,nasdaq,https://api.nasdaq.com/api/screener/etf?download=true,True,,,
EMET,EMET,VanEck Copper and Green Metals ETF,,,,,,,,,,nasdaq,https://api.nasdaq.com/api/screener/etf?download=true,True,,,
EMGF,EMGF,iShares Emerging Markets Equity Factor ETF,,,,,,,,,,nasdaq,https://api.nasdaq.com/api/screener/etf?download=true,True,,,
EMHC,EMHC,State Street SPDR Bloomberg Emerging Markets USD Bond ETF,,,,,,,,,,nasdaq,https://api.nasdaq.com/api/screener/etf?download=true,True,,,
EMHY,EMHY,iShares J.P. Morgan EM High Yield Bond ETF,,,,,,,,,,nasdaq,https://api.nasdaq.com/api/screener/etf?download=true,True,,,
EMIF,EMIF,iShares Emerging Markets Infrastructure ETF,,,,,,,,,,nasdaq,https://api.nasdaq.com/api/screener/etf?download=true,True,,,
EMLC,EMLC,VanEck J. P. Morgan EM Local Currency Bond ET,,,,,,,,,,nasdaq,https://api.nasdaq.com/api/screener/etf?download=true,True,,,
EMLP,EMLP,First Trust North American Energy Infrastructure Fund,,,,,,,,,,nasdaq,https://api.nasdaq.com/api/screener/etf?download=true,True,,,
EMM,EMM,Global X Funds Global X Emerging Markets ex-China ETF,,,,,,,,,,nasdaq,https://api.nasdaq.com/api/screener/etf?download=true,True,,,
EMMF,EMMF,WisdomTree Emerging Markets Multifactor Fund,,,,,,,,,,nasdaq,https://api.nasdaq.com/api/screener/etf?download=true,True,,,
EMNT,EMNT,PIMCO Enhanced Short Maturity Active ESG Exchange-Traded Fund,,,,,,,,,,nasdaq,https://api.nasdaq.com/api/screener/etf?download=true,True,,,
EMOP,EMOP,AB Active ETFs Inc. AB Emerging Markets Opportunities ETF,,,,,,,,,,nasdaq,https://api.nasdaq.com/api/screener/etf?download=true,True,,,
EMOT,EMOT,First Trust Exchange-Traded Fund VI First Trust S&P 500 Econom,,,,,,,,,,nasdaq,https://api.nasdaq.com/api/screener/etf?download=true,True,,,
EMPB,EMPB,EA Series Trust Efficient Market Portfolio Plus ETF,,,,,,,,,,nasdaq,https://api.nasdaq.com/api/screener/etf?download=true,True,,,
EMQQ,EMQQ,EMQQ The Emerging Markets Internet ETF,,,,,,,,,,nasdaq,https://api.nasdaq.com/api/screener/etf?download=true,True,,,
EMSF,EMSF,Matthews International Funds Matthews Emerging Markets Sustain,,,,,,,,,,nasdaq,https://api.nasdaq.com/api/screener/etf?download=true,True,,,
EMTL,EMTL,State Street DoubleLine Emerging Markets Fixed Income ETF,,,,,,,,,,nasdaq,https://api.nasdaq.com/api/screener/etf?download=true,True,,,
EMTY,EMTY,ProShares Decline of the Retail Store ETF,,,,,,,,,,nasdaq,https://api.nasdaq.com/api/screener/etf?download=true,True,,,
EMXC,EMXC,iShares MSCI Emerging Markets ex China ETF,,,,,,,,,,nasdaq,https://api.nasdaq.com/api/screener/etf?download=true,True,,,
EMXF,EMXF,iShares ESG Advanced MSCI EM ETF,,,,,,,,,,nasdaq,https://api.nasdaq.com/api/screener/etf?download=true,True,,,
ENDW,ENDW,Cambria Endowment Style ETF,,,,,,,,,,nasdaq,https://api.nasdaq.com/api/screener/etf?download=true,True,,,
ENFR,ENFR,Alerian Energy Infrastructure ETF,,,,,,,,,,nasdaq,https://api.nasdaq.com/api/screener/etf?download=true,True,,,
ENHI,ENHI,iShares Enhanced International Active ETF,,,,,,,,,,nasdaq,https://api.nasdaq.com/api/screener/etf?download=true,True,,,
ENHU,ENHU,iShares Enhanced Large Cap Core Active ETF,,,,,,,,,,nasdaq,https://api.nasdaq.com/api/screener/etf?download=true,True,,,
ENOR,ENOR,iShares Inc iShares MSCI Norway ETF,,,,,,,,,,nasdaq,https://api.nasdaq.com/api/screener/etf?download=true,True,,,
ENZL,ENZL,iShares MSCI New Zealand ETF,,,,,,,,,,nasdaq,https://api.nasdaq.com/api/screener/etf?download=true,True,,,
EOCT,EOCT,Innovator Emerging Markets Power Buffer ETF - October,,,,,,,,,,nasdaq,https://api.nasdaq.com/api/screener/etf?download=true,True,,,
EPEM,EPEM,Harbor ETF Trust Harbor Emerging Markets Equity ETF,,,,,,,,,,nasdaq,https://api.nasdaq.com/api/screener/etf?download=true,True,,,
EPHE,EPHE,iShares MSCI Philippines ETF,,,,,,,,,,nasdaq,https://api.nasdaq.com/api/screener/etf?download=true,True,,,
EPI,EPI,WisdomTree India Earnings Fund,,,,,,,,,,nasdaq,https://api.nasdaq.com/api/screener/etf?download=true,True,,,
EPIN,EPIN,Harbor ETF Trust Harbor International Equity ETF,,,,,,,,,,nasdaq,https://api.nasdaq.com/api/screener/etf?download=true,True,,,
EPMB,EPMB,Harbor ETF Trust Harbor Mid Cap Core ETF,,,,,,,,,,nasdaq,https://api.nasdaq.com/api/screener/etf?download=true,True,,,
EPMV,EPMV,Harbor ETF Trust Harbor Mid Cap Value ETF,,,,,,,,,,nasdaq,https://api.nasdaq.com/api/screener/etf?download=true,True,,,
EPOL,EPOL,iShares Trust iShares MSCI Poland ETF,,,,,,,,,,nasdaq,https://api.nasdaq.com/api/screener/etf?download=true,True,,,
EPP,EPP,iShares MSCI Pacific Ex-Japan Index Fund,,,,,,,,,,nasdaq,https://api.nasdaq.com/api/screener/etf?download=true,True,,,
EPRF,EPRF,Innovator S&P Investment Grade Preferred ETF,,,,,,,,,,nasdaq,https://api.nasdaq.com/api/screener/etf?download=true,True,,,
EPS,EPS,WisdomTree U.S. LargeCap Fund,,,,,,,,,,nasdaq,https://api.nasdaq.com/api/screener/etf?download=true,True,,,
EPSB,EPSB,Harbor ETF Trust Harbor SMID Cap Core ETF,,,,,,,,,,nasdaq,https://api.nasdaq.com/api/screener/etf?download=true,True,,,
EPSV,EPSV,Harbor ETF Trust Harbor SMID Cap Value ETF,,,,,,,,,,nasdaq,https://api.nasdaq.com/api/screener/etf?download=true,True,,,
EPU,EPU,iShares MSCI Peru and Global Exposure ETF,,,,,,,,,,nasdaq,https://api.nasdaq.com/api/screener/etf?download=true,True,,,
EPV,EPV,ProShares UltraShort FTSE Europe ETF,,,,,,,,,,nasdaq,https://api.nasdaq.com/api/screener/etf?download=true,True,,,
EQAL,EQAL,Invesco Russell 1000 Equal Weight ETF,,,,,,,,,,nasdaq,https://api.nasdaq.com/api/screener/etf?download=true,True,,,
EQIN,EQIN,Columbia U.S. Equity Income ETF,,,,,,,,,,nasdaq,https://api.nasdaq.com/api/screener/etf?download=true,True,,,
EQL,EQL,ALPS Equal Sector Weight ETF,,,,,,,,,,nasdaq,https://api.nasdaq.com/api/screener/etf?download=true,True,,,
EQLT,EQLT,iShares Trust iShares MSCI Emerging Markets Quality Factor ETF,,,,,,,,,,nasdaq,https://api.nasdaq.com/api/screener/etf?download=true,True,,,
EQRR,EQRR,ProShares Equities for Rising Rates ETF,,,,,,,,,,nasdaq,https://api.nasdaq.com/api/screener/etf?download=true,True,,,
EQTY,EQTY,Valued Advisers Trust Kovitz Core Equity ETF,,,,,,,,,,nasdaq,https://api.nasdaq.com/api/screener/etf?download=true,True,,,
EQWL,EQWL,Invesco S&P 100 Equal Weight ETF,,,,,,,,,,nasdaq,https://api.nasdaq.com/api/screener/etf?download=true,True,,,
ERET,ERET,iShares Environmentally Aware Real Estate ETF,,,,,,,,,,nasdaq,https://api.nasdaq.com/api/screener/etf?download=true,True,,,
ERTH,ERTH,Invesco MSCI Sustainable Future ETF,,,,,,,,,,nasdaq,https://api.nasdaq.com/api/screener/etf?download=true,True,,,
ERX,ERX,Direxion Daily Energy Bull 2X ETF,,,,,,,,,,nasdaq,https://api.nasdaq.com/api/screener/etf?download=true,True,,,
ERY,ERY,Direxion Daily Energy Bear 2X ETF,,,,,,,,,,nasdaq,https://api.nasdaq.com/api/screener/etf?download=true,True,,,
ESG,ESG,FlexShares STOXX US ESG Select Index Fund,,,,,,,,,,nasdaq,https://api.nasdaq.com/api/screener/etf?download=true,True,,,
ESGD,ESGD,iShares ESG Aware MSCI EAFE ETF,,,,,,,,,,nasdaq,https://api.nasdaq.com/api/screener/etf?download=true,True,,,
ESGE,ESGE,iShares ESG Aware MSCI EM ETF,,,,,,,,,,nasdaq,https://api.nasdaq.com/api/screener/etf?download=true,True,,,
ESGG,ESGG,FlexShares STOXX Global ESG Select Index Fund,,,,,,,,,,nasdaq,https://api.nasdaq.com/api/screener/etf?download=true,True,,,
ESGU,ESGU,iShares ESG Aware MSCI USA ETF,,,,,,,,,,nasdaq,https://api.nasdaq.com/api/screener/etf?download=true,True,,,
ESGV,ESGV,Vanguard ESG U.S. Stock ETF,,,,,,,,,,nasdaq,https://api.nasdaq.com/api/screener/etf?download=true,True,,,
ESIM,ESIM,Strategy Shares Eventide International ETF,,,,,,,,,,nasdaq,https://api.nasdaq.com/api/screener/etf?download=true,True,,,
ESK,ESK,ETF Opportunities Trust REX-Osprey ETH + Staking ETF,,,,,,,,,,nasdaq,https://api.nasdaq.com/api/screener/etf?download=true,True,,,
ESLG,ESLG,Strategy Shares Eventide Large Cap Growth ETF,,,,,,,,,,nasdaq,https://api.nasdaq.com/api/screener/etf?download=true,True,,,
ESLV,ESLV,Strategy Shares Eventide Large Cap Value ETF,,,,,,,,,,nasdaq,https://api.nasdaq.com/api/screener/etf?download=true,True,,,
ESML,ESML,iShares ESG Aware MSCI USA Small-Cap ETF,,,,,,,,,,nasdaq,https://api.nasdaq.com/api/screener/etf?download=true,True,,,
ESMV,ESMV,iShares ESG Optimized MSCI USA Min Vol Factor ETF,,,,,,,,,,nasdaq,https://api.nasdaq.com/api/screener/etf?download=true,True,,,
ESN,ESN,Essential 40 Stock ETF,,,,,,,,,,nasdaq,https://api.nasdaq.com/api/screener/etf?download=true,True,,,
ESPO,ESPO,VanEck Video Gaming and eSports ETF,,,,,,,,,,nasdaq,https://api.nasdaq.com/api/screener/etf?download=true,True,,,
ESSC,ESSC,Strategy Shares Eventide Small Cap ETF,,,,,,,,,,nasdaq,https://api.nasdaq.com/api/screener/etf?download=true,True,,,
ESUM,ESUM,Strategy Shares Eventide US Market ETF,,,,,,,,,,nasdaq,https://api.nasdaq.com/api/screener/etf?download=true,True,,,
ETCO,ETCO,Grayscale Funds Trust Grayscale Ethereum Covered Call ETF,,,,,,,,,,nasdaq,https://api.nasdaq.com/api/screener/etf?download=true,True,,,
ETEC,ETEC,iShares Breakthrough Environmental Solutions ETF,,,,,,,,,,nasdaq,https://api.nasdaq.com/api/screener/etf?download=true,True,,,
ETH,ETH,Grayscale Ethereum Staking Mini ETF Shares,0002020455,,,NYSE,,,,,,nasdaq,https://api.nasdaq.com/api/screener/etf?download=true,True,,,
ETHA,ETHA,iShares Ethereum Trust ETF,0002000638,,,Nasdaq,,,,,,nasdaq,https://api.nasdaq.com/api/screener/etf?download=true,True,,,
ETHB,ETHB,iShares Staked Ethereum Trust ETF,0002099103,,,Nasdaq,,,,,,nasdaq,https://api.nasdaq.com/api/screener/etf?download=true,True,,,
ETHD,ETHD,ProShares Trust ProShares UltraShort Ether ETF,,,,,,,,,,nasdaq,https://api.nasdaq.com/api/screener/etf?download=true,True,,,
ETHE,ETHE,Grayscale Ethereum Staking ETF Shares,0001725210,,,NYSE,,,,,,nasdaq,https://api.nasdaq.com/api/screener/etf?download=true,True,,,
ETHO,ETHO,Amplify ETF Trust Amplify Etho Climate Leadership U.S. ETF,,,,,,,,,,nasdaq,https://api.nasdaq.com/api/screener/etf?download=true,True,,,
ETHT,ETHT,ProShares Trust ProShares Ultra Ether ETF,,,,,,,,,,nasdaq,https://api.nasdaq.com/api/screener/etf?download=true,True,,,
ETHU,ETHU,Volatility Shares Trust 2x Ether ETF,,,,,,,,,,nasdaq,https://api.nasdaq.com/api/screener/etf?download=true,True,,,
ETHV,ETHV,VanEck Ethereum ETF,0001860788,,,CBOE,,,,,,nasdaq,https://api.nasdaq.com/api/screener/etf?download=true,True,,,
ETHW,ETHW,Bitwise Ethereum ETF Common shares of beneficial interest,0002013744,,,NYSE,,,,,,nasdaq,https://api.nasdaq.com/api/screener/etf?download=true,True,,,
ETRL,ETRL,GraniteShares 2x Long ETOR Daily ETF,,,,,,,,,,nasdaq,https://api.nasdaq.com/api/screener/etf?download=true,True,,,
ETU,ETU,T-REX 2X Long Ether Daily Target ETF,,,,,,,,,,nasdaq,https://api.nasdaq.com/api/screener/etf?download=true,True,,,
EUAD,EUAD,Spinnaker ETF Series Select STOXX Europe Aerospace & Defense E,,,,,,,,,,nasdaq,https://api.nasdaq.com/api/screener/etf?download=true,True,,,
EUDG,EUDG,WisdomTree Europe Quality Dividend Growth Fund,,,,,,,,,,nasdaq,https://api.nasdaq.com/api/screener/etf?download=true,True,,,
EUDV,EUDV,ProShares MSCI Europe Dividend Growers ETF,,,,,,,,,,nasdaq,https://api.nasdaq.com/api/screener/etf?download=true,True,,,
EUFN,EUFN,iShares MSCI Europe Financials ETF,,,,,,,,,,nasdaq,https://api.nasdaq.com/api/screener/etf?download=true,True,,,
EUHY,EUHY,iShares Euro High Yield Corporate Bond USD Hedged ETF,,,,,,,,,,nasdaq,https://api.nasdaq.com/api/screener/etf?download=true,True,,,
EUM,EUM,ProShares Short MSCI Emerging Markets,,,,,,,,,,nasdaq,https://api.nasdaq.com/api/screener/etf?download=true,True,,,
EUO,EUO,ProShares UltraShort Euro,0001415311,,,NYSE,,,,,,nasdaq,https://api.nasdaq.com/api/screener/etf?download=true,True,,,
EURL,EURL,Direxion Daily FTSE Europe Bull 3X ETF,,,,,,,,,,nasdaq,https://api.nasdaq.com/api/screener/etf?download=true,True,,,
EUSA,EUSA,iShares MSCI USA Equal Weighted ETF,,,,,,,,,,nasdaq,https://api.nasdaq.com/api/screener/etf?download=true,True,,,
EUSB,EUSB,iShares ESG Advanced Universal USD Bond ETF,,,,,,,,,,nasdaq,https://api.nasdaq.com/api/screener/etf?download=true,True,,,
EVHY,EVHY,Morgan Stanley ETF Trust Eaton Vance High Yield ETF,,,,,,,,,,nasdaq,https://api.nasdaq.com/api/screener/etf?download=true,True,,,
EVIM,EVIM,Morgan Stanley ETF Trust Eaton Vance Intermediate Municipal In,,,,,,,,,,nasdaq,https://api.nasdaq.com/api/screener/etf?download=true,True,,,
EVLN,EVLN,Morgan Stanley ETF Trust Eaton Vance Floating-Rate ETF,,,,,,,,,,nasdaq,https://api.nasdaq.com/api/screener/etf?download=true,True,,,
EVLU,EVLU,iShares Trust iShares MSCI Emerging Markets Value Factor ETF,,,,,,,,,,nasdaq,https://api.nasdaq.com/api/screener/etf?download=true,True,,,
EVMO,EVMO,Morgan Stanley ETF Trust Eaton Vance Mortgage Opportunities ET,,,,,,,,,,nasdaq,https://api.nasdaq.com/api/screener/etf?download=true,True,,,
EVMT,EVMT,Invesco Electric Vehicle Metals Commodity Strategy No K-1 ETF,,,,,,,,,,nasdaq,https://api.nasdaq.com/api/screener/etf?download=true,True,,,
EVNT,EVNT,AltShares Event-Driven ETF,,,,,,,,,,nasdaq,https://api.nasdaq.com/api/screener/etf?download=true,True,,,
EVPF,EVPF,Eaton Vance Preferred Securities and Income ETF,,,,,,,,,,nasdaq,https://api.nasdaq.com/api/screener/etf?download=true,True,,,
EVSB,EVSB,Morgan Stanley ETF Trust Eaton Vance Ultra-Short Income ETF,,,,,,,,,,nasdaq,https://api.nasdaq.com/api/screener/etf?download=true,True,,,
EVSD,EVSD,Eaton Vance Short Duration Income ETF,,,,,,,,,,nasdaq,https://api.nasdaq.com/api/screener/etf?download=true,True,,,
EVSM,EVSM,Morgan Stanley ETF Trust Eaton Vance Short Duration Municipal ,,,,,,,,,,nasdaq,https://api.nasdaq.com/api/screener/etf?download=true,True,,,
EVTR,EVTR,Morgan Stanley ETF Trust Eaton Vance Total Return Bond ETF,,,,,,,,,,nasdaq,https://api.nasdaq.com/api/screener/etf?download=true,True,,,
EVUS,EVUS,iShares Trust iShares ESG Aware MSCI USA Value ETF,,,,,,,,,,nasdaq,https://api.nasdaq.com/api/screener/etf?download=true,True,,,
EVX,EVX,VanEck Environmental Services ETF,,,,,,,,,,nasdaq,https://api.nasdaq.com/api/screener/etf?download=true,True,,,
EVYM,EVYM,Eaton Vance High Income Municipal ETF,,,,,,,,,,nasdaq,https://api.nasdaq.com/api/screener/etf?download=true,True,,,
EWA,EWA,iShares MSCI Australia Index Fund,,,,,,,,,,nasdaq,https://api.nasdaq.com/api/screener/etf?download=true,True,,,
EWC,EWC,iShares MSCI Canada Index Fund,,,,,,,,,,nasdaq,https://api.nasdaq.com/api/screener/etf?download=true,True,,,
EWD,EWD,iShares Inc iShares MSCI Sweden ETF,,,,,,,,,,nasdaq,https://api.nasdaq.com/api/screener/etf?download=true,True,,,
EWG,EWG,iShares MSCI Germany Index Fund,,,,,,,,,,nasdaq,https://api.nasdaq.com/api/screener/etf?download=true,True,,,
EWH,EWH,iShares MSCI Hong Kong Index Fund,,,,,,,,,,nasdaq,https://api.nasdaq.com/api/screener/etf?download=true,True,,,
EWI,EWI,iShares Inc iShares MSCI Italy ETF,,,,,,,,,,nasdaq,https://api.nasdaq.com/api/screener/etf?download=true,True,,,
EWJ,EWJ,iShares MSCI Japan Index Fund,,,,,,,,,,nasdaq,https://api.nasdaq.com/api/screener/etf?download=true,True,,,
EWJV,EWJV,iShares MSCI Japan Value ETF,,,,,,,,,,nasdaq,https://api.nasdaq.com/api/screener/etf?download=true,True,,,
EWK,EWK,iShares Inc iShares MSCI Belgium ETF,,,,,,,,,,nasdaq,https://api.nasdaq.com/api/screener/etf?download=true,True,,,
EWL,EWL,iShares Inc iShares MSCI Switzerland ETF,,,,,,,,,,nasdaq,https://api.nasdaq.com/api/screener/etf?download=true,True,,,
EWM,EWM,iShares MSCI Malaysia Index Fund,,,,,,,,,,nasdaq,https://api.nasdaq.com/api/screener/etf?download=true,True,,,
EWN,EWN,iShares MSCI Netherlands Index Fund,,,,,,,,,,nasdaq,https://api.nasdaq.com/api/screener/etf?download=true,True,,,
EWO,EWO,iShares Inc iShares MSCI Austria ETF,,,,,,,,,,nasdaq,https://api.nasdaq.com/api/screener/etf?download=true,True,,,
EWP,EWP,iShares Inc iShares MSCI Spain ETF,,,,,,,,,,nasdaq,https://api.nasdaq.com/api/screener/etf?download=true,True,,,
EWQ,EWQ,iShares MSCI France Index Fund,,,,,,,,,,nasdaq,https://api.nasdaq.com/api/screener/etf?download=true,True,,,
EWS,EWS,iShares Inc iShares MSCI Singapore ETF,,,,,,,,,,nasdaq,https://api.nasdaq.com/api/screener/etf?download=true,True,,,
EWT,EWT,iShares Inc iShares MSCI Taiwan ETF,,,,,,,,,,nasdaq,https://api.nasdaq.com/api/screener/etf?download=true,True,,,
EWU,EWU,iShares MSCI United Kingdom ETF,,,,,,,,,,nasdaq,https://api.nasdaq.com/api/screener/etf?download=true,True,,,
EWUS,EWUS,iShares MSCI United Kingdom Small Cap ETF,,,,,,,,,,nasdaq,https://api.nasdaq.com/api/screener/etf?download=true,True,,,
EWV,EWV,ProShares UltraShort MSCI Japan,,,,,,,,,,nasdaq,https://api.nasdaq.com/api/screener/etf?download=true,True,,,
EWW,EWW,iShares Inc iShares MSCI Mexico ETF,,,,,,,,,,nasdaq,https://api.nasdaq.com/api/screener/etf?download=true,True,,,
EWX,EWX,State Street SPDR S&P Emerging Markets Small Cap ETF,,,,,,,,,,nasdaq,https://api.nasdaq.com/api/screener/etf?download=true,True,,,
EWY,EWY,iShares Inc iShares MSCI South Korea ETF,,,,,,,,,,nasdaq,https://api.nasdaq.com/api/screener/etf?download=true,True,,,
EWZ,EWZ,iShares Inc iShares MSCI Brazil ETF,,,,,,,,,,nasdaq,https://api.nasdaq.com/api/screener/etf?download=true,True,,,
EWZS,EWZS,iShares MSCI Brazil Small-Cap ETF,,,,,,,,,,nasdaq,https://api.nasdaq.com/api/screener/etf?download=true,True,,,
EXI,EXI,iShares Global Industrials ETF,,,,,,,,,,nasdaq,https://api.nasdaq.com/api/screener/etf?download=true,True,,,
EXUS,EXUS,Nomura Focused International Core ETF,,,,,,,,,,nasdaq,https://api.nasdaq.com/api/screener/etf?download=true,True,,,
EYEG,EYEG,AB Corporate Bond ETF,,,,,,,,,,nasdaq,https://api.nasdaq.com/api/screener/etf?download=true,True,,,
EYLD,EYLD,Cambria ETF Trust Cambria Emerging Shareholder Yield ETF,,,,,,,,,,nasdaq,https://api.nasdaq.com/api/screener/etf?download=true,True,,,
EZA,EZA,iShares MSCI South Africa Index Fund,,,,,,,,,,nasdaq,https://api.nasdaq.com/api/screener/etf?download=true,True,,,
EZBC,EZBC,Franklin Templeton Digital Holdings Trust Shares of Franklin B,0001992870,,,CBOE,,,,,,nasdaq,https://api.nasdaq.com/api/screener/etf?download=true,True,,,
EZET,EZET,Franklin Ethereum ETF,0002011535,,,CBOE,,,,,,nasdaq,https://api.nasdaq.com/api/screener/etf?download=true,True,,,
EZJ,EZJ,ProShares Ultra MSCI Japan,,,,,,,,,,nasdaq,https://api.nasdaq.com/api/screener/etf?download=true,True,,,
EZM,EZM,WisdomTree U.S. MidCap Fund,,,,,,,,,,nasdaq,https://api.nasdaq.com/api/screener/etf?download=true,True,,,
EZMO,EZMO,AlphaDroid Broad Markets Momentum ETF,,,,,,,,,,nasdaq,https://api.nasdaq.com/api/screener/etf?download=true,True,,,
EZPZ,EZPZ,Franklin Crypto Index ETF,0002033807,,,CBOE,,,,,,nasdaq,https://api.nasdaq.com/api/screener/etf?download=true,True,,,
EZRO,EZRO,AlphaDroid Defensive Sector Rotation ETF,,,,,,,,,,nasdaq,https://api.nasdaq.com/api/screener/etf?download=true,True,,,
EZU,EZU,iShares MSCI Eurozone ETF,,,,,,,,,,nasdaq,https://api.nasdaq.com/api/screener/etf?download=true,True,,,
FAAA,FAAA,Fidelity AAA CLO ETF,,,,,,,,,,nasdaq,https://api.nasdaq.com/api/screener/etf?download=true,True,,,
FAAR,FAAR,First Trust Alternative Absolute Return Strategy ETF,,,,,,,,,,nasdaq,https://api.nasdaq.com/api/screener/etf?download=true,True,,,
FAB,FAB,First Trust Multi Cap Value AlphaDEX Fund,,,,,,,,,,nasdaq,https://api.nasdaq.com/api/screener/etf?download=true,True,,,
FAD,FAD,First Trust Multi Cap Growth AlphaDEX Fund,,,,,,,,,,nasdaq,https://api.nasdaq.com/api/screener/etf?download=true,True,,,
FAI,FAI,First Trust Exchange-Traded Fund II First Trust Bloomberg Arti,,,,,,,,,,nasdaq,https://api.nasdaq.com/api/screener/etf?download=true,True,,,
FALN,FALN,iShares Fallen Angels USD Bond ETF,,,,,,,,,,nasdaq,https://api.nasdaq.com/api/screener/etf?download=true,True,,,
FAN,FAN,First Trust Global Wind Energy ETF,,,,,,,,,,nasdaq,https://api.nasdaq.com/api/screener/etf?download=true,True,,,
FAPR,FAPR,FT Vest U.S. Equity Buffer ETF - April,,,,,,,,,,nasdaq,https://api.nasdaq.com/api/screener/etf?download=true,True,,,
FARX,FARX,The Advisors' Inner Circle Fund II Frontier Asset Absolute Ret,,,,,,,,,,nasdaq,https://api.nasdaq.com/api/screener/etf?download=true,True,,,
FAS,FAS,Direxion Daily Financial Bull 3X ETF,,,,,,,,,,nasdaq,https://api.nasdaq.com/api/screener/etf?download=true,True,,,
FAUG,FAUG,FT Vest U.S. Equity Buffer ETF - August,,,,,,,,,,nasdaq,https://api.nasdaq.com/api/screener/etf?download=true,True,,,
FAZ,FAZ,Direxion Daily Financial Bear 3X ETF,,,,,,,,,,nasdaq,https://api.nasdaq.com/api/screener/etf?download=true,True,,,
FB,FB,ProShares Trust ProShares S&P 500 Dynamic Buffer ETF,,,,,,,,,,nasdaq,https://api.nasdaq.com/api/screener/etf?download=true,True,,,
FBCG,FBCG,Fidelity Blue Chip Growth ETF,,,,,,,,,,nasdaq,https://api.nasdaq.com/api/screener/etf?download=true,True,,,
FBCV,FBCV,Fidelity Blue Chip Value ETF,,,,,,,,,,nasdaq,https://api.nasdaq.com/api/screener/etf?download=true,True,,,
FBDC,FBDC,First Trust Exchange-Traded Fund VIII FT Confluence BDC & Spec,,,,,,,,,,nasdaq,https://api.nasdaq.com/api/screener/etf?download=true,True,,,
FBL,FBL,GraniteShares 2x Long META Daily ETF,,,,,,,,,,nasdaq,https://api.nasdaq.com/api/screener/etf?download=true,True,,,
FBND,FBND,Fidelity Total Bond ETF,,,,,,,,,,nasdaq,https://api.nasdaq.com/api/screener/etf?download=true,True,,,
FBOT,FBOT,Fidelity Disruptive Automation ETF,,,,,,,,,,nasdaq,https://api.nasdaq.com/api/screener/etf?download=true,True,,,
FBT,FBT,First Trust Amex Biotech Index Fund,,,,,,,,,,nasdaq,https://api.nasdaq.com/api/screener/etf?download=true,True,,,
FBTC,FBTC,Fidelity Wise Origin Bitcoin Fund Common Shares of Beneficial ,0001852317,,,CBOE,,,,,,nasdaq,https://api.nasdaq.com/api/screener/etf?download=true,True,,,
FBUF,FBUF,Fidelity Dynamic Buffered Equity ETF,,,,,,,,,,nasdaq,https://api.nasdaq.com/api/screener/etf?download=true,True,,,
FBY,FBY,Tidal ETF Trust II YieldMax META Option Income Strategy ETF,,,,,,,,,,nasdaq,https://api.nasdaq.com/api/screener/etf?download=true,True,,,
FBYY,FBYY,GraniteShares YieldBOOST META ETF,,,,,,,,,,nasdaq,https://api.nasdaq.com/api/screener/etf?download=true,True,,,
FCA,FCA,First Trust China AlphaDEX Fund,,,,,,,,,,nasdaq,https://api.nasdaq.com/api/screener/etf?download=true,True,,,
FCAL,FCAL,First Trust California Municipal High Income ETF,,,,,,,,,,nasdaq,https://api.nasdaq.com/api/screener/etf?download=true,True,,,
FCBD,FCBD,The Advisors' Inner Circle Fund II Frontier Asset Core Bond ET,,,,,,,,,,nasdaq,https://api.nasdaq.com/api/screener/etf?download=true,True,,,
FCEF,FCEF,First Trust Income Opportunities ETF,,,,,,,,,,nasdaq,https://api.nasdaq.com/api/screener/etf?download=true,True,,,
FCFY,FCFY,First Trust Exchange-Traded Fund First Trust S&P 500 Diversifi,,,,,,,,,,nasdaq,https://api.nasdaq.com/api/screener/etf?download=true,True,,,
FCG,FCG,First Trust Natural Gas ETF,,,,,,,,,,nasdaq,https://api.nasdaq.com/api/screener/etf?download=true,True,,,
FCLD,FCLD,Fidelity Cloud Computing ETF,,,,,,,,,,nasdaq,https://api.nasdaq.com/api/screener/etf?download=true,True,,,
FCLO,FCLO,Fidelity CLO ETF,,,,,,,,,,nasdaq,https://api.nasdaq.com/api/screener/etf?download=true,True,,,
FCOM,FCOM,Fidelity MSCI Communication Services Index ETF,,,,,,,,,,nasdaq,https://api.nasdaq.com/api/screener/etf?download=true,True,,,
FCOR,FCOR,Fidelity Corporate Bond ETF,,,,,,,,,,nasdaq,https://api.nasdaq.com/api/screener/etf?download=true,True,,,
FCPI,FCPI,Fidelity Stocks for Inflation ETF,,,,,,,,,,nasdaq,https://api.nasdaq.com/api/screener/etf?download=true,True,,,
FCSH,FCSH,Federated Hermes ETF Trust Federated Hermes Short Duration Cor,,,,,,,,,,nasdaq,https://api.nasdaq.com/api/screener/etf?download=true,True,,,
FCTE,FCTE,SMI 3Fourteen Full-Cycle Trend ETF,,,,,,,,,,nasdaq,https://api.nasdaq.com/api/screener/etf?download=true,True,,,
FCTR,FCTR,First Trust Lunt U.S. Factor Rotation ETF,,,,,,,,,,nasdaq,https://api.nasdaq.com/api/screener/etf?download=true,True,,,
FCUS,FCUS,Tidal ETF Trust II Pinnacle Focused Opportunities ETF,,,,,,,,,,nasdaq,https://api.nasdaq.com/api/screener/etf?download=true,True,,,
FCVT,FCVT,First Trust SSI Strategic Convertible Securities ETF,,,,,,,,,,nasdaq,https://api.nasdaq.com/api/screener/etf?download=true,True,,,
FCXG,FCXG,Leverage Shares 2x Long FCX Daily ETF,,,,,,,,,,nasdaq,https://api.nasdaq.com/api/screener/etf?download=true,True,,,
FDAT,FDAT,Tactical Advantage ETF,,,,,,,,,,nasdaq,https://api.nasdaq.com/api/screener/etf?download=true,True,,,
FDCF,FDCF,Fidelity Disruptive Communications ETF,,,,,,,,,,nasdaq,https://api.nasdaq.com/api/screener/etf?download=true,True,,,
FDD,FDD,First Trust STOXX European Select Dividend Index Fund,,,,,,,,,,nasdaq,https://api.nasdaq.com/api/screener/etf?download=true,True,,,
FDEC,FDEC,FT Vest U.S. Equity Buffer ETF - December,,,,,,,,,,nasdaq,https://api.nasdaq.com/api/screener/etf?download=true,True,,,
FDEM,FDEM,Fidelity Emerging Markets Multifactor ETF,,,,,,,,,,nasdaq,https://api.nasdaq.com/api/screener/etf?download=true,True,,,
FDEV,FDEV,Fidelity International Multifactor ETF,,,,,,,,,,nasdaq,https://api.nasdaq.com/api/screener/etf?download=true,True,,,
FDFF,FDFF,Fidelity Disruptive Finance ETF,,,,,,,,,,nasdaq,https://api.nasdaq.com/api/screener/etf?download=true,True,,,
FDG,FDG,American Century Focused Dynamic Growth ETF,,,,,,,,,,nasdaq,https://api.nasdaq.com/api/screener/etf?download=true,True,,,
FDHY,FDHY,Fidelity Enhanced High Yield ETF,,,,,,,,,,nasdaq,https://api.nasdaq.com/api/screener/etf?download=true,True,,,
FDIF,FDIF,Fidelity Disruptors ETF,,,,,,,,,,nasdaq,https://api.nasdaq.com/api/screener/etf?download=true,True,,,
FDIG,FDIG,Fidelity Crypto Industry and Digital Payments ETF,,,,,,,,,,nasdaq,https://api.nasdaq.com/api/screener/etf?download=true,True,,,
FDIQ,FDIQ,Invesco Bloomberg Financial Data Providers ETF,,,,,,,,,,nasdaq,https://api.nasdaq.com/api/screener/etf?download=true,True,,,
FDIS,FDIS,Fidelity MSCI Consumer Discretionary Index ETF,,,,,,,,,,nasdaq,https://api.nasdaq.com/api/screener/etf?download=true,True,,,
FDIV,FDIV,MarketDesk Focused U.S. Dividend ETF,,,,,,,,,,nasdaq,https://api.nasdaq.com/api/screener/etf?download=true,True,,,
FDL,FDL,First Trust Morningstar ETF,,,,,,,,,,nasdaq,https://api.nasdaq.com/api/screener/etf?download=true,True,,,
FDLO,FDLO,Fidelity Low Volatility Factor ETF,,,,,,,,,,nasdaq,https://api.nasdaq.com/api/screener/etf?download=true,True,,,
FDLS,FDLS,Northern Lights Fund Trust IV Inspire Fidelis Multi Factor ETF,,,,,,,,,,nasdaq,https://api.nasdaq.com/api/screener/etf?download=true,True,,,
FDM,FDM,First Trust DJ Select MicroCap ETF,,,,,,,,,,nasdaq,https://api.nasdaq.com/api/screener/etf?download=true,True,,,
FDMO,FDMO,Fidelity Momentum Factor ETF,,,,,,,,,,nasdaq,https://api.nasdaq.com/api/screener/etf?download=true,True,,,
FDN,FDN,First Trust DJ Internet Index Fund,,,,,,,,,,nasdaq,https://api.nasdaq.com/api/screener/etf?download=true,True,,,
FDND,FDND,First Trust Exchange-Traded Fund IV FT Vest Dow Jones Internet,,,,,,,,,,nasdaq,https://api.nasdaq.com/api/screener/etf?download=true,True,,,
FDNI,FDNI,First Trust Dow Jones International Internet ETF,,,,,,,,,,nasdaq,https://api.nasdaq.com/api/screener/etf?download=true,True,,,
FDRR,FDRR,Fidelity Dividend ETF for Rising Rates,,,,,,,,,,nasdaq,https://api.nasdaq.com/api/screener/etf?download=true,True,,,
FDRS,FDRS,Founder-Led ETF,,,,,,,,,,nasdaq,https://api.nasdaq.com/api/screener/etf?download=true,True,,,
FDRV,FDRV,Fidelity Electric Vehicles and Future Transportation ETF,,,,,,,,,,nasdaq,https://api.nasdaq.com/api/screener/etf?download=true,True,,,
FDRX,FDRX,Founder-Led 2X Daily ETF,,,,,,,,,,nasdaq,https://api.nasdaq.com/api/screener/etf?download=true,True,,,
FDT,FDT,First Trust Developed Markets Ex-US AlphaDEX Fund,,,,,,,,,,nasdaq,https://api.nasdaq.com/api/screener/etf?download=true,True,,,
FDTS,FDTS,First Trust Developed Markets Ex-US Small Cap AlphaDEX Fund,,,,,,,,,,nasdaq,https://api.nasdaq.com/api/screener/etf?download=true,True,,,
FDTX,FDTX,Fidelity Disruptive Technology ETF,,,,,,,,,,nasdaq,https://api.nasdaq.com/api/screener/etf?download=true,True,,,
FDV,FDV,Federated Hermes ETF Trust Federated Hermes U.S. Strategic Div,,,,,,,,,,nasdaq,https://api.nasdaq.com/api/screener/etf?download=true,True,,,
FDVV,FDVV,Fidelity High Dividend ETF,,,,,,,,,,nasdaq,https://api.nasdaq.com/api/screener/etf?download=true,True,,,
FEAC,FEAC,Fidelity Covington Trust Fidelity Enhanced U.S. All-Cap Equity,,,,,,,,,,nasdaq,https://api.nasdaq.com/api/screener/etf?download=true,True,,,
FEAT,FEAT,YieldMax Dorsey Wright Featured 5 Income ETF,,,,,,,,,,nasdaq,https://api.nasdaq.com/api/screener/etf?download=true,True,,,
FEBM,FEBM,First Trust Exchange-Traded Fund VIII FT Vest U.S. Equity Max ,,,,,,,,,,nasdaq,https://api.nasdaq.com/api/screener/etf?download=true,True,,,
FEBP,FEBP,PGIM S&P 500 Buffer 12 ETF - February,,,,,,,,,,nasdaq,https://api.nasdaq.com/api/screener/etf?download=true,True,,,
FEBT,FEBT,AIM ETF Products Trust AllianzIM U.S. Large Cap Buffer10 Feb E,,,,,,,,,,nasdaq,https://api.nasdaq.com/api/screener/etf?download=true,True,,,
FEBU,FEBU,AIM ETF Products Trust AllianzIM U.S. Equity Buffer15 Uncapped,,,,,,,,,,nasdaq,https://api.nasdaq.com/api/screener/etf?download=true,True,,,
FEBW,FEBW,AIM ETF Products Trust AllianzIM U.S. Large Cap Buffer20 Feb E,,,,,,,,,,nasdaq,https://api.nasdaq.com/api/screener/etf?download=true,True,,,
JGRW,JGRW,Trust for Professional Managers Jensen Quality Growth ETF,,,,,,,,,,nasdaq,https://api.nasdaq.com/api/screener/etf?download=true,True,,,
JHAC,JHAC,John Hancock Exchange-Traded Fund Trust John Hancock Fundament,,,,,,,,,,nasdaq,https://api.nasdaq.com/api/screener/etf?download=true,True,,,
JHAI,JHAI,Janus Henderson Global Artificial Intelligence ETF,,,,,,,,,,nasdaq,https://api.nasdaq.com/api/screener/etf?download=true,True,,,
JHCB,JHCB,John Hancock Corporate Bond ETF,,,,,,,,,,nasdaq,https://api.nasdaq.com/api/screener/etf?download=true,True,,,
JHCP,JHCP,John Hancock Exchange-Traded Fund Trust John Hancock Core Plus,,,,,,,,,,nasdaq,https://api.nasdaq.com/api/screener/etf?download=true,True,,,
JHCR,JHCR,John Hancock Exchange-Traded Fund Trust John Hancock Core Bond,,,,,,,,,,nasdaq,https://api.nasdaq.com/api/screener/etf?download=true,True,,,
JHDV,JHDV,John Hancock Exchange-Traded Fund Trust John Hancock U.S. High,,,,,,,,,,nasdaq,https://api.nasdaq.com/api/screener/etf?download=true,True,,,
JHEM,JHEM,John Hancock Multifactor Emerging Markets ETF,,,,,,,,,,nasdaq,https://api.nasdaq.com/api/screener/etf?download=true,True,,,
JHHY,JHHY,John Hancock Exchange-Traded Fund Trust John Hancock High Yiel,,,,,,,,,,nasdaq,https://api.nasdaq.com/api/screener/etf?download=true,True,,,
JHID,JHID,John Hancock Exchange-Traded Fund Trust John Hancock Internati,,,,,,,,,,nasdaq,https://api.nasdaq.com/api/screener/etf?download=true,True,,,
JHLN,JHLN,John Hancock Exchange-Traded Fund Trust John Hancock Global Se,,,,,,,,,,nasdaq,https://api.nasdaq.com/api/screener/etf?download=true,True,,,
JHMB,JHMB,John Hancock Mortgage-Backed Securities ETF,,,,,,,,,,nasdaq,https://api.nasdaq.com/api/screener/etf?download=true,True,,,
JHMD,JHMD,John Hancock Exchange-Traded Fund Trust John Hancock Multifact,,,,,,,,,,nasdaq,https://api.nasdaq.com/api/screener/etf?download=true,True,,,
JHML,JHML,John Hancock Multifactor Large Cap ETF,,,,,,,,,,nasdaq,https://api.nasdaq.com/api/screener/etf?download=true,True,,,
JHMM,JHMM,John Hancock Multifactor Mid Cap ETF,,,,,,,,,,nasdaq,https://api.nasdaq.com/api/screener/etf?download=true,True,,,
JHMU,JHMU,John Hancock Exchange-Traded Fund Trust John Hancock Dynamic M,,,,,,,,,,nasdaq,https://api.nasdaq.com/api/screener/etf?download=true,True,,,
JHPI,JHPI,John Hancock Exchange-Traded Fund Trust John Hancock Preferred,,,,,,,,,,nasdaq,https://api.nasdaq.com/api/screener/etf?download=true,True,,,
JHSC,JHSC,John Hancock Multifactor Small Cap ETF,,,,,,,,,,nasdaq,https://api.nasdaq.com/api/screener/etf?download=true,True,,,
JIG,JIG,JPMorgan International Growth ETF,,,,,,,,,,nasdaq,https://api.nasdaq.com/api/screener/etf?download=true,True,,,
JIII,JIII,Janus Detroit Street Trust Janus Henderson Income ETF,,,,,,,,,,nasdaq,https://api.nasdaq.com/api/screener/etf?download=true,True,,,
JIRE,JIRE,J.P. Morgan Exchange-Traded Fund Trust JPMorgan International ,,,,,,,,,,nasdaq,https://api.nasdaq.com/api/screener/etf?download=true,True,,,
JIVE,JIVE,JPMorgan International Value ETF,,,,,,,,,,nasdaq,https://api.nasdaq.com/api/screener/etf?download=true,True,,,
JLQD,JLQD,Janus Henderson Corporate Bond ETF,,,,,,,,,,nasdaq,https://api.nasdaq.com/api/screener/etf?download=true,True,,,
JMBS,JMBS,Janus Henderson Mortgage-Backed Securities ETF,,,,,,,,,,nasdaq,https://api.nasdaq.com/api/screener/etf?download=true,True,,,
JMEE,JMEE,JPMorgan Small & Mid Cap Enhanced Equity ETF,,,,,,,,,,nasdaq,https://api.nasdaq.com/api/screener/etf?download=true,True,,,
JMHI,JMHI,J.P. Morgan Exchange-Traded Fund Trust JPMorgan High Yield Mun,,,,,,,,,,nasdaq,https://api.nasdaq.com/api/screener/etf?download=true,True,,,
JMID,JMID,Janus Henderson Mid Cap Growth Alpha ETF,,,,,,,,,,nasdaq,https://api.nasdaq.com/api/screener/etf?download=true,True,,,
JMOM,JMOM,JPMorgan U.S. Momentum Factor ETF,,,,,,,,,,nasdaq,https://api.nasdaq.com/api/screener/etf?download=true,True,,,
JMSI,JMSI,J.P. Morgan Exchange-Traded Fund Trust JPMorgan Sustainable Mu,,,,,,,,,,nasdaq,https://api.nasdaq.com/api/screener/etf?download=true,True,,,
JMST,JMST,JPMorgan Ultra-Short Municipal Income ETF,,,,,,,,,,nasdaq,https://api.nasdaq.com/api/screener/etf?download=true,True,,,
JMTG,JMTG,J.P. Morgan Exchange-Traded Fund Trust JPMorgan Mortgage-Backe,,,,,,,,,,nasdaq,https://api.nasdaq.com/api/screener/etf?download=true,True,,,
JMUB,JMUB,JPMorgan Municipal ETF,,,,,,,,,,nasdaq,https://api.nasdaq.com/api/screener/etf?download=true,True,,,
JNEU,JNEU,AllianzIM U.S. Equity Buffer15 Uncapped June ETF,,,,,,,,,,nasdaq,https://api.nasdaq.com/api/screener/etf?download=true,True,,,
JNK,JNK,State Street SPDR Bloomberg High Yield Bond ETF,,,,,,,,,,nasdaq,https://api.nasdaq.com/api/screener/etf?download=true,True,,,
JNUG,JNUG,Direxion Daily Junior Gold Miners Index Bull 2X ETF,,,,,,,,,,nasdaq,https://api.nasdaq.com/api/screener/etf?download=true,True,,,
JOBX,JOBX,Tradr 2X Long JOBY Daily ETF,,,,,,,,,,nasdaq,https://api.nasdaq.com/api/screener/etf?download=true,True,,,
JOET,JOET,Virtus ETF Trust II Virtus Terranova U.S. Quality Momentum ETF,,,,,,,,,,nasdaq,https://api.nasdaq.com/api/screener/etf?download=true,True,,,
JOJO,JOJO,ATAC Credit Rotation ETF,,,,,,,,,,nasdaq,https://api.nasdaq.com/api/screener/etf?download=true,True,,,
JOYT,JOYT,JPMorgan Equity and Options Total Return ETF,,,,,,,,,,nasdaq,https://api.nasdaq.com/api/screener/etf?download=true,True,,,
JPAN,JPAN,Matthews International Funds Matthews Japan Active ETF,,,,,,,,,,nasdaq,https://api.nasdaq.com/api/screener/etf?download=true,True,,,
JPEF,JPEF,JPMorgan Equity Focus ETF,,,,,,,,,,nasdaq,https://api.nasdaq.com/api/screener/etf?download=true,True,,,
JPEM,JPEM,JPMorgan Diversified Return Emerging Markets Equity ETF,,,,,,,,,,nasdaq,https://api.nasdaq.com/api/screener/etf?download=true,True,,,
JPHY,JPHY,JPMorgan Active High Yield ETF,,,,,,,,,,nasdaq,https://api.nasdaq.com/api/screener/etf?download=true,True,,,
JPIB,JPIB,JPMorgan International Bond Opportunities ETF,,,,,,,,,,nasdaq,https://api.nasdaq.com/api/screener/etf?download=true,True,,,
JPIE,JPIE,JPMorgan Income ETF,,,,,,,,,,nasdaq,https://api.nasdaq.com/api/screener/etf?download=true,True,,,
JPIN,JPIN,JPMorgan Diversified Return International Equity ETF,,,,,,,,,,nasdaq,https://api.nasdaq.com/api/screener/etf?download=true,True,,,
JPLD,JPLD,JPMorgan Limited Duration Bond ETF,,,,,,,,,,nasdaq,https://api.nasdaq.com/api/screener/etf?download=true,True,,,
JPMB,JPMB,JPMorgan USD Emerging Markets Sovereign Bond ETF,,,,,,,,,,nasdaq,https://api.nasdaq.com/api/screener/etf?download=true,True,,,
JPME,JPME,JPMorgan Diversified Return U.S. Mid Cap Equity ETF,,,,,,,,,,nasdaq,https://api.nasdaq.com/api/screener/etf?download=true,True,,,
JPO,JPO,YieldMax JP Option Income Strategy ETF,,,,,,,,,,nasdaq,https://api.nasdaq.com/api/screener/etf?download=true,True,,,
JPRE,JPRE,J.P. Morgan Exchange-Traded Fund Trust JPMorgan Realty Income ,,,,,,,,,,nasdaq,https://api.nasdaq.com/api/screener/etf?download=true,True,,,
JPSE,JPSE,JPMorgan Diversified Return U.S. Small Cap Equity ETF,,,,,,,,,,nasdaq,https://api.nasdaq.com/api/screener/etf?download=true,True,,,
JPST,JPST,JPMorgan Ultra-Short Income ETF,,,,,,,,,,nasdaq,https://api.nasdaq.com/api/screener/etf?download=true,True,,,
JPSV,JPSV,J.P. Morgan Exchange-Traded Fund Trust JPMorgan Active Small C,,,,,,,,,,nasdaq,https://api.nasdaq.com/api/screener/etf?download=true,True,,,
JPUS,JPUS,JPMorgan Diversified Return U.S. Equity ETF,,,,,,,,,,nasdaq,https://api.nasdaq.com/api/screener/etf?download=true,True,,,
JPXN,JPXN,iShares JPX-Nikkei 400 ETF,,,,,,,,,,nasdaq,https://api.nasdaq.com/api/screener/etf?download=true,True,,,
JPY,JPY,Lazard Japanese Equity ETF,,,,,,,,,,nasdaq,https://api.nasdaq.com/api/screener/etf?download=true,True,,,
JQUA,JQUA,JPMorgan U.S. Quality Factor ETF,,,,,,,,,,nasdaq,https://api.nasdaq.com/api/screener/etf?download=true,True,,,
JRE,JRE,Janus Henderson U.S. Real Estate ETF,,,,,,,,,,nasdaq,https://api.nasdaq.com/api/screener/etf?download=true,True,,,
JSCP,JSCP,JPMorgan Short Duration Core Plus ETF,,,,,,,,,,nasdaq,https://api.nasdaq.com/api/screener/etf?download=true,True,,,
JSI,JSI,Janus Detroit Street Trust Janus Henderson Securitized Income ,,,,,,,,,,nasdaq,https://api.nasdaq.com/api/screener/etf?download=true,True,,,
JSMD,JSMD,Janus Henderson Small/Mid Cap Growth Alpha ETF,,,,,,,,,,nasdaq,https://api.nasdaq.com/api/screener/etf?download=true,True,,,
JSML,JSML,Janus Henderson Small Cap Growth Alpha ETF,,,,,,,,,,nasdaq,https://api.nasdaq.com/api/screener/etf?download=true,True,,,
JSTC,JSTC,Adasina Social Justice All Cap Global ETF,,,,,,,,,,nasdaq,https://api.nasdaq.com/api/screener/etf?download=true,True,,,
JTEK,JTEK,JPMorgan U.S. Tech Leaders ETF,,,,,,,,,,nasdaq,https://api.nasdaq.com/api/screener/etf?download=true,True,,,
JUCY,JUCY,ETF Series Solutions Aptus Enhanced Yield ETF,,,,,,,,,,nasdaq,https://api.nasdaq.com/api/screener/etf?download=true,True,,,
JULH,JULH,Innovator ETFs Trust Innovator Premium Income 20 Barrier ETF -,,,,,,,,,,nasdaq,https://api.nasdaq.com/api/screener/etf?download=true,True,,,
JULJ,JULJ,Innovator ETFs Trust Innovator Premium Income 30 Barrier ETF -,,,,,,,,,,nasdaq,https://api.nasdaq.com/api/screener/etf?download=true,True,,,
JULM,JULM,First Trust Exchange-Traded Fund VIII FT Vest U.S. Equity Max ,,,,,,,,,,nasdaq,https://api.nasdaq.com/api/screener/etf?download=true,True,,,
JULP,JULP,PGIM S&P 500 Buffer 12 ETF - July,,,,,,,,,,nasdaq,https://api.nasdaq.com/api/screener/etf?download=true,True,,,
JULT,JULT,AllianzIM U.S. Large Cap Buffer10 Jul ETF,,,,,,,,,,nasdaq,https://api.nasdaq.com/api/screener/etf?download=true,True,,,
JULU,JULU,AllianzIM U.S. Equity Buffer15 Uncapped Jul ETF,,,,,,,,,,nasdaq,https://api.nasdaq.com/api/screener/etf?download=true,True,,,
JULW,JULW,AllianzIM U.S. Large Cap Buffer20 Jul ETF,,,,,,,,,,nasdaq,https://api.nasdaq.com/api/screener/etf?download=true,True,,,
JULZ,JULZ,TrueShares Structured Outcome (July) ETF,,,,,,,,,,nasdaq,https://api.nasdaq.com/api/screener/etf?download=true,True,,,
JUNM,JUNM,FT Vest U.S. Equity Max Buffer ETF - June,,,,,,,,,,nasdaq,https://api.nasdaq.com/api/screener/etf?download=true,True,,,
JUNP,JUNP,PGIM S&P 500 Buffer 12 ETF - June,,,,,,,,,,nasdaq,https://api.nasdaq.com/api/screener/etf?download=true,True,,,
JUNT,JUNT,AIM ETF Products Trust AllianzIM U.S. Large Cap Buffer10 Jun E,,,,,,,,,,nasdaq,https://api.nasdaq.com/api/screener/etf?download=true,True,,,
JUNW,JUNW,AIM ETF Products Trust AllianzIM U.S. Large Cap Buffer20 Jun E,,,,,,,,,,nasdaq,https://api.nasdaq.com/api/screener/etf?download=true,True,,,
JUNZ,JUNZ,TrueShares Structured Outcome (June) ETF,,,,,,,,,,nasdaq,https://api.nasdaq.com/api/screener/etf?download=true,True,,,
JUSA,JUSA,J.P. Morgan Exchange-Traded Fund Trust JPMorgan U.S. Research ,,,,,,,,,,nasdaq,https://api.nasdaq.com/api/screener/etf?download=true,True,,,
JUST,JUST,Goldman Sachs JUST U.S. Large Cap Equity ETF,,,,,,,,,,nasdaq,https://api.nasdaq.com/api/screener/etf?download=true,True,,,
JVAL,JVAL,JPMorgan U.S. Value Factor ETF,,,,,,,,,,nasdaq,https://api.nasdaq.com/api/screener/etf?download=true,True,,,
JXI,JXI,iShares Global Utilities ETF,,,,,,,,,,nasdaq,https://api.nasdaq.com/api/screener/etf?download=true,True,,,
JXX,JXX,Janus Detroit Street Trust Janus Henderson Transformational Gr,,,,,,,,,,nasdaq,https://api.nasdaq.com/api/screener/etf?download=true,True,,,
KAPR,KAPR,Innovator U.S. Small Cap Power Buffer ETF - April,,,,,,,,,,nasdaq,https://api.nasdaq.com/api/screener/etf?download=true,True,,,
KARS,KARS,KraneShares Electric Vehicles and Future Mobility Index ETF,,,,,,,,,,nasdaq,https://api.nasdaq.com/api/screener/etf?download=true,True,,,
KAT,KAT,Scharf ETF,,,,,,,,,,nasdaq,https://api.nasdaq.com/api/screener/etf?download=true,True,,,
KAUG,KAUG,Innovator ETFs Trust Innovator US Small Cap Power Buffer ETF -,,,,,,,,,,nasdaq,https://api.nasdaq.com/api/screener/etf?download=true,True,,,
KBA,KBA,KraneShares Bosera MSCI China A 50 Connect Index ETF,,,,,,,,,,nasdaq,https://api.nasdaq.com/api/screener/etf?download=true,True,,,
KBAB,KBAB,KraneShares 2x Long BABA Daily ETF,,,,,,,,,,nasdaq,https://api.nasdaq.com/api/screener/etf?download=true,True,,,
KBDU,KBDU,KraneShares 2x Long BIDU Daily ETF,,,,,,,,,,nasdaq,https://api.nasdaq.com/api/screener/etf?download=true,True,,,
KBE,KBE,State Street SPDR S&P Bank ETF,,,,,,,,,,nasdaq,https://api.nasdaq.com/api/screener/etf?download=true,True,,,
KBFR,KBFR,Innovator ETFs Trust Innovator U.S. Small Cap Managed 10 Buffe,,,,,,,,,,nasdaq,https://api.nasdaq.com/api/screener/etf?download=true,True,,,
KBUF,KBUF,KraneShares 90% KWEB Defined Outcome January 2027 ETF,,,,,,,,,,nasdaq,https://api.nasdaq.com/api/screener/etf?download=true,True,,,
KBWB,KBWB,Invesco KBW Bank ETF,,,,,,,,,,nasdaq,https://api.nasdaq.com/api/screener/etf?download=true,True,,,
KBWD,KBWD,Invesco KBW High Dividend Yield Financial ETF,,,,,,,,,,nasdaq,https://api.nasdaq.com/api/screener/etf?download=true,True,,,
KBWP,KBWP,Invesco KBW Property & Casualty Insurance ETF,,,,,,,,,,nasdaq,https://api.nasdaq.com/api/screener/etf?download=true,True,,,
KBWY,KBWY,Invesco KBW Premium Yield Equity REIT ETF,,,,,,,,,,nasdaq,https://api.nasdaq.com/api/screener/etf?download=true,True,,,
KCAI,KCAI,KraneShares Trust KraneShares China Alpha Index ETF,,,,,,,,,,nasdaq,https://api.nasdaq.com/api/screener/etf?download=true,True,,,
KCCA,KCCA,KraneShares California Carbon Allowance Strategy ETF,,,,,,,,,,nasdaq,https://api.nasdaq.com/api/screener/etf?download=true,True,,,
KCE,KCE,State Street SPDR S&P Capital Markets ETF,,,,,,,,,,nasdaq,https://api.nasdaq.com/api/screener/etf?download=true,True,,,
KCSH,KCSH,KraneShares Trust KraneShares Sustainable Ultra Short Duration,,,,,,,,,,nasdaq,https://api.nasdaq.com/api/screener/etf?download=true,True,,,
KDEC,KDEC,Innovator ETFs Trust Innovator U.S. Small Cap Power Buffer ETF,,,,,,,,,,nasdaq,https://api.nasdaq.com/api/screener/etf?download=true,True,,,
KDEF,KDEF,Exchange Listed Funds Trust PLUS Korea Defense Industry Index ,,,,,,,,,,nasdaq,https://api.nasdaq.com/api/screener/etf?download=true,True,,,
KDRN,KDRN,ETF Opportunities Trust Kingsbarn Tactical Bond ETF,,,,,,,,,,nasdaq,https://api.nasdaq.com/api/screener/etf?download=true,True,,,
KDVD,KDVD,Gabelli ETFs Trust Keeley Dividend ETF,,,,,,,,,,nasdaq,https://api.nasdaq.com/api/screener/etf?download=true,True,,,
KEAT,KEAT,Keating Active ETF,,,,,,,,,,nasdaq,https://api.nasdaq.com/api/screener/etf?download=true,True,,,
KEMQ,KEMQ,KraneShares Emerging Markets Consumer Technology Index ETF,,,,,,,,,,nasdaq,https://api.nasdaq.com/api/screener/etf?download=true,True,,,
KEMX,KEMX,KraneShares MSCI Emerging Markets ex China Index ETF,,,,,,,,,,nasdaq,https://api.nasdaq.com/api/screener/etf?download=true,True,,,
KFEB,KFEB,Innovator ETFs Trust Innovator U.S. Small Cap Power Buffer ETF,,,,,,,,,,nasdaq,https://api.nasdaq.com/api/screener/etf?download=true,True,,,
KGLD,KGLD,Kurv ETF Trust Kurv Gold Enhanced Income ETF,,,,,,,,,,nasdaq,https://api.nasdaq.com/api/screener/etf?download=true,True,,,
KGRN,KGRN,KraneShares MSCI China Clean Technology Index ETF,,,,,,,,,,nasdaq,https://api.nasdaq.com/api/screener/etf?download=true,True,,,
KHPI,KHPI,Kensington Hedged Premium Income ETF,,,,,,,,,,nasdaq,https://api.nasdaq.com/api/screener/etf?download=true,True,,,
KHYB,KHYB,KraneShares Asia Pacific High Income USD Bond ETF,,,,,,,,,,nasdaq,https://api.nasdaq.com/api/screener/etf?download=true,True,,,
KIE,KIE,State Street SPDR S&P Insurance ETF,,,,,,,,,,nasdaq,https://api.nasdaq.com/api/screener/etf?download=true,True,,,
KIQQ,KIQQ,KraneShares InspereX Nasdaq Dynamic Buffered High Income Index,,,,,,,,,,nasdaq,https://api.nasdaq.com/api/screener/etf?download=true,True,,,
KJAN,KJAN,Innovator U.S. Small Cap Power Buffer ETF - January,,,,,,,,,,nasdaq,https://api.nasdaq.com/api/screener/etf?download=true,True,,,
KJD,KJD,KraneShares 2x Long JD Daily ETF,,,,,,,,,,nasdaq,https://api.nasdaq.com/api/screener/etf?download=true,True,,,
KJUL,KJUL,Innovator U.S. Small Cap Power Buffer ETF - July,,,,,,,,,,nasdaq,https://api.nasdaq.com/api/screener/etf?download=true,True,,,
KJUN,KJUN,Innovator U.S. Small Cap Power Buffer ETF - June,,,,,,,,,,nasdaq,https://api.nasdaq.com/api/screener/etf?download=true,True,,,
KLAG,KLAG,Leverage Shares 2X Long KLAC Daily ETF,,,,,,,,,,nasdaq,https://api.nasdaq.com/api/screener/etf?download=true,True,,,
KLIP,KLIP,KraneShares KWEB Covered Call Strategy ETF,,,,,,,,,,nasdaq,https://api.nasdaq.com/api/screener/etf?download=true,True,,,
KLMN,KLMN,Invesco Exchange-Traded Fund Trust II Invesco MSCI North Ameri,,,,,,,,,,nasdaq,https://api.nasdaq.com/api/screener/etf?download=true,True,,,
KLMT,KLMT,Invesco Exchange-Traded Fund Trust II Invesco MSCI Global Clim,,,,,,,,,,nasdaq,https://api.nasdaq.com/api/screener/etf?download=true,True,,,
KMAR,KMAR,Innovator ETFs Trust Innovator U.S. Small Cap Power Buffer ETF,,,,,,,,,,nasdaq,https://api.nasdaq.com/api/screener/etf?download=true,True,,,
KMAY,KMAY,Innovator ETFs Trust Innovator U.S. Small Cap Power Buffer ETF,,,,,,,,,,nasdaq,https://api.nasdaq.com/api/screener/etf?download=true,True,,,
KMID,KMID,Virtus ETF Trust II Virtus KAR Mid-Cap ETF,,,,,,,,,,nasdaq,https://api.nasdaq.com/api/screener/etf?download=true,True,,,
KMLI,KMLI,KraneShares 2x Long MELI Daily ETF,,,,,,,,,,nasdaq,https://api.nasdaq.com/api/screener/etf?download=true,True,,,
KMLM,KMLM,KraneShares Mount Lucas Managed Futures Index Strategy ETF,,,,,,,,,,nasdaq,https://api.nasdaq.com/api/screener/etf?download=true,True,,,
KNCT,KNCT,Invesco Next Gen Connectivity ETF,,,,,,,,,,nasdaq,https://api.nasdaq.com/api/screener/etf?download=true,True,,,
KNG,KNG,FT Vest S&P 500 Dividend Aristocrats Target Income ETF,,,,,,,,,,nasdaq,https://api.nasdaq.com/api/screener/etf?download=true,True,,,
KNGZ,KNGZ,First Trust S&P 500 Diversified Dividend Aristocrats ETF,,,,,,,,,,nasdaq,https://api.nasdaq.com/api/screener/etf?download=true,True,,,
KNO,KNO,Investment Managers Series Trust II AXS Knowledge Leaders ETF,,,,,,,,,,nasdaq,https://api.nasdaq.com/api/screener/etf?download=true,True,,,
KNOV,KNOV,Innovator ETFs Trust Innovator U.S. Small Cap Power Buffer ETF,,,,,,,,,,nasdaq,https://api.nasdaq.com/api/screener/etf?download=true,True,,,
KNOW,KNOW,Fundamentals First ETF,,,,,,,,,,nasdaq,https://api.nasdaq.com/api/screener/etf?download=true,True,,,
KNRG,KNRG,Simplify Exchange Traded Funds Simplify Kayne Anderson Energy ,,,,,,,,,,nasdaq,https://api.nasdaq.com/api/screener/etf?download=true,True,,,
KOCT,KOCT,Innovator U.S. Small Cap Power Buffer ETF - October,,,,,,,,,,nasdaq,https://api.nasdaq.com/api/screener/etf?download=true,True,,,
KOID,KOID,KraneShares Global Humanoid Robotics and Physical AI Index ETF,,,,,,,,,,nasdaq,https://api.nasdaq.com/api/screener/etf?download=true,True,,,
KOKU,KOKU,Xtrackers MSCI Kokusai Equity ETF,,,,,,,,,,nasdaq,https://api.nasdaq.com/api/screener/etf?download=true,True,,,
KOLD,KOLD,ProShares UltraShort Bloomberg Natural Gas,0001415311,,,NYSE,,,,,,nasdaq,https://api.nasdaq.com/api/screener/etf?download=true,True,,,
KOMP,KOMP,State Street SPDR S&P Kensho New Economies Composite ETF,,,,,,,,,,nasdaq,https://api.nasdaq.com/api/screener/etf?download=true,True,,,
KONG,KONG,ETF Opportunities Trust Formidable Fortress ETF,,,,,,,,,,nasdaq,https://api.nasdaq.com/api/screener/etf?download=true,True,,,
KOOL,KOOL,Spinnaker ETF Series North Shore Equity Rotation ETF,,,,,,,,,,nasdaq,https://api.nasdaq.com/api/screener/etf?download=true,True,,,
KORP,KORP,American Century Diversified Corporate Bond ETF,,,,,,,,,,nasdaq,https://api.nasdaq.com/api/screener/etf?download=true,True,,,
KORU,KORU,Direxion Daily MSCI South Korea Bull 3X ETF,,,,,,,,,,nasdaq,https://api.nasdaq.com/api/screener/etf?download=true,True,,,
KPDD,KPDD,KraneShares 2X Long PDD Daily ETF,,,,,,,,,,nasdaq,https://api.nasdaq.com/api/screener/etf?download=true,True,,,
KPRO,KPRO,KraneShares 100% KWEB Defined Outcome January 2027 ETF,,,,,,,,,,nasdaq,https://api.nasdaq.com/api/screener/etf?download=true,True,,,
KQQQ,KQQQ,Kurv Technology Titans Select ETF,,,,,,,,,,nasdaq,https://api.nasdaq.com/api/screener/etf?download=true,True,,,
KRBN,KRBN,KraneShares Global Carbon Strategy ETF,,,,,,,,,,nasdaq,https://api.nasdaq.com/api/screener/etf?download=true,True,,,
KRE,KRE,State Street SPDR S&P Regional Banking ETF,,,,,,,,,,nasdaq,https://api.nasdaq.com/api/screener/etf?download=true,True,,,
KRMA,KRMA,Global X Conscious Companies ETF,,,,,,,,,,nasdaq,https://api.nasdaq.com/api/screener/etf?download=true,True,,,
KROP,KROP,Global X AgTech & Food Innovation ETF,,,,,,,,,,nasdaq,https://api.nasdaq.com/api/screener/etf?download=true,True,,,
KSA,KSA,iShares Trust iShares MSCI Saudi Arabia ETF,,,,,,,,,,nasdaq,https://api.nasdaq.com/api/screener/etf?download=true,True,,,
KSEP,KSEP,Innovator U.S. Small Cap Power Buffer ETF - September,,,,,,,,,,nasdaq,https://api.nasdaq.com/api/screener/etf?download=true,True,,,
KSLV,KSLV,Kurv ETF Trust Kurv Silver Enhanced Income ETF,,,,,,,,,,nasdaq,https://api.nasdaq.com/api/screener/etf?download=true,True,,,
KSPY,KSPY,KraneShares Trust KraneShares Hedgeye Hedged Equity Index ETF,,,,,,,,,,nasdaq,https://api.nasdaq.com/api/screener/etf?download=true,True,,,
KSTR,KSTR,KraneShares SSE STAR Market 50 Index ETF,,,,,,,,,,nasdaq,https://api.nasdaq.com/api/screener/etf?download=true,True,,,
KTEC,KTEC,KraneShares Hang Seng TECH Index ETF,,,,,,,,,,nasdaq,https://api.nasdaq.com/api/screener/etf?download=true,True,,,
KTUP,KTUP,ETF Opportunities Trust T-REX 2X Long KTOS Daily Target ETF,,,,,,,,,,nasdaq,https://api.nasdaq.com/api/screener/etf?download=true,True,,,
KURE,KURE,KraneShares MSCI All China Health Care Index ETF,,,,,,,,,,nasdaq,https://api.nasdaq.com/api/screener/etf?download=true,True,,,
KVLE,KVLE,KraneShares Value Line Dynamic Dividend Equity Index ETF,,,,,,,,,,nasdaq,https://api.nasdaq.com/api/screener/etf?download=true,True,,,
KWEB,KWEB,KraneShares Trust KraneShares CSI China Internet ETF,,,,,,,,,,nasdaq,https://api.nasdaq.com/api/screener/etf?download=true,True,,,
KWT,KWT,iShares Trust iShares MSCI Kuwait ETF,,,,,,,,,,nasdaq,https://api.nasdaq.com/api/screener/etf?download=true,True,,,
KXI,KXI,iShares Global Consumer Staples ETF,,,,,,,,,,nasdaq,https://api.nasdaq.com/api/screener/etf?download=true,True,,,
LABD,LABD,Direxion Daily S&P Biotech Bear 3X ETF,,,,,,,,,,nasdaq,https://api.nasdaq.com/api/screener/etf?download=true,True,,,
LABU,LABU,Direxion Daily S&P Biotech Bull 3X ETF,,,,,,,,,,nasdaq,https://api.nasdaq.com/api/screener/etf?download=true,True,,,
LABX,LABX,Tradr 2X Long ALAB Daily ETF,,,,,,,,,,nasdaq,https://api.nasdaq.com/api/screener/etf?download=true,True,,,
LACG,LACG,Leverage Shares 2X Long LAC Daily ETF,,,,,,,,,,nasdaq,https://api.nasdaq.com/api/screener/etf?download=true,True,,,
LALT,LALT,First Trust Exchange-Traded Fund VIII First Trust Multi-Strate,,,,,,,,,,nasdaq,https://api.nasdaq.com/api/screener/etf?download=true,True,,,
LAPR,LAPR,Innovator ETFs Trust Innovator Premium Income 15 Buffer ETF - ,,,,,,,,,,nasdaq,https://api.nasdaq.com/api/screener/etf?download=true,True,,,
LBAY,LBAY,Leatherback Long/Short Alternative Yield ETF,,,,,,,,,,nasdaq,https://api.nasdaq.com/api/screener/etf?download=true,True,,,
LBO,LBO,EA Series Trust WHITEWOLF Publicly Listed Private Equity ETF,,,,,,,,,,nasdaq,https://api.nasdaq.com/api/screener/etf?download=true,True,,,
LCAP,LCAP,Principal Exchange-Traded Funds Principal Capital Appreciation,,,,,,,,,,nasdaq,https://api.nasdaq.com/api/screener/etf?download=true,True,,,
LCDL,LCDL,GraniteShares 2x Long LCID Daily ETF,,,,,,,,,,nasdaq,https://api.nasdaq.com/api/screener/etf?download=true,True,,,
LCDS,LCDS,JPMorgan Fundamental Data Science Large Core ETF,,,,,,,,,,nasdaq,https://api.nasdaq.com/api/screener/etf?download=true,True,,,
LCF,LCF,Touchstone ETF Trust Touchstone US Large Cap Focused ETF,,,,,,,,,,nasdaq,https://api.nasdaq.com/api/screener/etf?download=true,True,,,
LCLG,LCLG,Advisors Series Trust Logan Capital Broad Innovative Growth ET,,,,,,,,,,nasdaq,https://api.nasdaq.com/api/screener/etf?download=true,True,,,
LCOW,LCOW,Pacer Funds Trust Pacer S&P 500 Quality FCF Aristocrats ETF,,,,,,,,,,nasdaq,https://api.nasdaq.com/api/screener/etf?download=true,True,,,
LCR,LCR,Managed Portfolio Series Leuthold Core ETF,,,,,,,,,,nasdaq,https://api.nasdaq.com/api/screener/etf?download=true,True,,,
LCTD,LCTD,iShares World ex U.S. Carbon Transition Readiness Aware Active,,,,,,,,,,nasdaq,https://api.nasdaq.com/api/screener/etf?download=true,True,,,
LCTU,LCTU,iShares U.S. Carbon Transition Readiness Aware Active ETF,,,,,,,,,,nasdaq,https://api.nasdaq.com/api/screener/etf?download=true,True,,,
LDDR,LDDR,LifeX 2035 Income Bucket ETF,,,,,,,,,,nasdaq,https://api.nasdaq.com/api/screener/etf?download=true,True,,,
LDEM,LDEM,iShares ESG MSCI EM Leaders ETF,,,,,,,,,,nasdaq,https://api.nasdaq.com/api/screener/etf?download=true,True,,,
LDRC,LDRC,iShares Trust iShares iBonds 1-5 Year Corporate Ladder ETF,,,,,,,,,,nasdaq,https://api.nasdaq.com/api/screener/etf?download=true,True,,,
LDRH,LDRH,iShares Trust iShares iBonds 1-5 Year High Yield  and Income L,,,,,,,,,,nasdaq,https://api.nasdaq.com/api/screener/etf?download=true,True,,,
LDRI,LDRI,iShares Trust iShares iBonds 1-5 Year TIPS Ladder ETF,,,,,,,,,,nasdaq,https://api.nasdaq.com/api/screener/etf?download=true,True,,,
LDRT,LDRT,iShares Trust iShares iBonds 1-5 Year Treasury Ladder ETF,,,,,,,,,,nasdaq,https://api.nasdaq.com/api/screener/etf?download=true,True,,,
LDRX,LDRX,SGI Enhanced Market Leaders ETF,,,,,,,,,,nasdaq,https://api.nasdaq.com/api/screener/etf?download=true,True,,,
LDSF,LDSF,First Trust Low Duration Strategic Focus ETF,,,,,,,,,,nasdaq,https://api.nasdaq.com/api/screener/etf?download=true,True,,,
LDUR,LDUR,PIMCO Enhanced Low Duration Active Exchange-Traded Fund,,,,,,,,,,nasdaq,https://api.nasdaq.com/api/screener/etf?download=true,True,,,
LEAD,LEAD,Siren DIVCON Leaders Dividend ETF,,,,,,,,,,nasdaq,https://api.nasdaq.com/api/screener/etf?download=true,True,,,
LEGR,LEGR,First Trust Indxx Innovative Transaction & Process ETF,,,,,,,,,,nasdaq,https://api.nasdaq.com/api/screener/etf?download=true,True,,,
LEMB,LEMB,iShares J.P. Morgan EM Local Currency Bond,,,,,,,,,,nasdaq,https://api.nasdaq.com/api/screener/etf?download=true,True,,,
LENS,LENS,EA Series Trust Sarmaya Thematic ETF,,,,,,,,,,nasdaq,https://api.nasdaq.com/api/screener/etf?download=true,True,,,
LEUX,LEUX,Investment Managers Series Trust II Tradr 2X Long LEU Daily ET,,,,,,,,,,nasdaq,https://api.nasdaq.com/api/screener/etf?download=true,True,,,
LEXI,LEXI,Alexis Practical Tactical ETF,,,,,,,,,,nasdaq,https://api.nasdaq.com/api/screener/etf?download=true,True,,,
LFAI,LFAI,LifeX 2050 Longevity Income ETF,,,,,,,,,,nasdaq,https://api.nasdaq.com/api/screener/etf?download=true,True,,,
LFAW,LFAW,LifeX 2060 Longevity Income ETF,,,,,,,,,,nasdaq,https://api.nasdaq.com/api/screener/etf?download=true,True,,,
LFBE,LFBE,LifeX 2065 Longevity Income ETF,,,,,,,,,,nasdaq,https://api.nasdaq.com/api/screener/etf?download=true,True,,,
LFDR,LFDR,LifeX Durable Income ETF,,,,,,,,,,nasdaq,https://api.nasdaq.com/api/screener/etf?download=true,True,,,
LFEQ,LFEQ,VanEck Long/Flat Trend ETF,,,,,,,,,,nasdaq,https://api.nasdaq.com/api/screener/etf?download=true,True,,,
LFGY,LFGY,Tidal Trust II YieldMax Crypto Industry & Tech Portfolio Optio,,,,,,,,,,nasdaq,https://api.nasdaq.com/api/screener/etf?download=true,True,,,
LFSC,LFSC,F/m Emerald Life Sciences Innovation ETF,,,,,,,,,,nasdaq,https://api.nasdaq.com/api/screener/etf?download=true,True,,,
LGCF,LGCF,Themes US Cash Flow Champions ETF,,,,,,,,,,nasdaq,https://api.nasdaq.com/api/screener/etf?download=true,True,,,
LGDX,LGDX,Tidal Trust III Intech S&P Large Cap Diversified Alpha ETF,,,,,,,,,,nasdaq,https://api.nasdaq.com/api/screener/etf?download=true,True,,,
LGH,LGH,HCM Defender 500 Index ETF,,,,,,,,,,nasdaq,https://api.nasdaq.com/api/screener/etf?download=true,True,,,
LGHT,LGHT,Spinnaker ETF Series Langar Global HealthTech ETF,,,,,,,,,,nasdaq,https://api.nasdaq.com/api/screener/etf?download=true,True,,,
LGLV,LGLV,State Street SPDR US Large Cap Low Volatility Index ETF,,,,,,,,,,nasdaq,https://api.nasdaq.com/api/screener/etf?download=true,True,,,
LGOV,LGOV,First Trust Long Duration Opportunities ETF,,,,,,,,,,nasdaq,https://api.nasdaq.com/api/screener/etf?download=true,True,,,
LGRO,LGRO,Level Four Large Cap Growth Active ETF,,,,,,,,,,nasdaq,https://api.nasdaq.com/api/screener/etf?download=true,True,,,
LIAE,LIAE,LifeX 2050 Inflation-Protected Longevity Income ETF,,,,,,,,,,nasdaq,https://api.nasdaq.com/api/screener/etf?download=true,True,,,
LIAM,LIAM,LifeX 2055 Inflation-Protected Longevity Income ETF,,,,,,,,,,nasdaq,https://api.nasdaq.com/api/screener/etf?download=true,True,,,
LIAU,LIAU,LifeX 2060 Inflation-Protected Longevity Income ETF,,,,,,,,,,nasdaq,https://api.nasdaq.com/api/screener/etf?download=true,True,,,
LIBD,LIBD,LifeX 2065 Inflation-Protected Longevity Income ETF,,,,,,,,,,nasdaq,https://api.nasdaq.com/api/screener/etf?download=true,True,,,
LIFT,LIFT,Stone Ridge Trust LifeX 2028 Income Bucket ETF,,,,,,,,,,nasdaq,https://api.nasdaq.com/api/screener/etf?download=true,True,,,
LIMI,LIMI,Themes ETF Trust Themes Lithium & Battery Metal Miners ETF,,,,,,,,,,nasdaq,https://api.nasdaq.com/api/screener/etf?download=true,True,,,
LINT,LINT,Direxion Daily INTC Bull 2X ETF,,,,,,,,,,nasdaq,https://api.nasdaq.com/api/screener/etf?download=true,True,,,
LIT,LIT,Global X Lithium & Battery Tech ETF,,,,,,,,,,nasdaq,https://api.nasdaq.com/api/screener/etf?download=true,True,,,
LITL,LITL,Simplify Exchange Traded Funds Simplify Piper Sandler US Small,,,,,,,,,,nasdaq,https://api.nasdaq.com/api/screener/etf?download=true,True,,,
LITP,LITP,Sprott Lithium Miners ETF,,,,,,,,,,nasdaq,https://api.nasdaq.com/api/screener/etf?download=true,True,,,
LITX,LITX,Investment Managers Series Trust II Tradr 2X Long LITE Daily E,,,,,,,,,,nasdaq,https://api.nasdaq.com/api/screener/etf?download=true,True,,,
LJAN,LJAN,Innovator ETFs Trust Innovator Premium Income 15 Buffer ETF - ,,,,,,,,,,nasdaq,https://api.nasdaq.com/api/screener/etf?download=true,True,,,
LJUL,LJUL,Innovator Premium Income 15 Buffer ETF - July,,,,,,,,,,nasdaq,https://api.nasdaq.com/api/screener/etf?download=true,True,,,
LKOR,LKOR,FlexShares Trust FlexShares Credit-Scored US Long Corporate Bo,,,,,,,,,,nasdaq,https://api.nasdaq.com/api/screener/etf?download=true,True,,,
LLDR,LLDR,Global X Funds Global X Long-Term Treasury Ladder ETF,,,,,,,,,,nasdaq,https://api.nasdaq.com/api/screener/etf?download=true,True,,,
LLYX,LLYX,Tidal Trust II Defiance Daily Target 2X Long LLY ETF,,,,,,,,,,nasdaq,https://api.nasdaq.com/api/screener/etf?download=true,True,,,
LMBS,LMBS,First Trust Low Duration Opportunities ETF,,,,,,,,,,nasdaq,https://api.nasdaq.com/api/screener/etf?download=true,True,,,
LMNX,LMNX,Defiance Daily Target 2x Long LMND ETF,,,,,,,,,,nasdaq,https://api.nasdaq.com/api/screener/etf?download=true,True,,,
LMTL,LMTL,Direxion Daily LMT Bull 2X ETF,,,,,,,,,,nasdaq,https://api.nasdaq.com/api/screener/etf?download=true,True,,,
LMUB,LMUB,iShares Trust iShares Long-Term National Muni Bond ETF,,,,,,,,,,nasdaq,https://api.nasdaq.com/api/screener/etf?download=true,True,,,
LNGX,LNGX,Global X Funds Global X U.S. Natural Gas ETF,,,,,,,,,,nasdaq,https://api.nasdaq.com/api/screener/etf?download=true,True,,,
LOCT,LOCT,Innovator ETFs Trust Innovator Premium Income 15 Buffer ETF - ,,,,,,,,,,nasdaq,https://api.nasdaq.com/api/screener/etf?download=true,True,,,
LODI,LODI,ETF Series Solutions AAM SLC Low Duration Income ETF,,,,,,,,,,nasdaq,https://api.nasdaq.com/api/screener/etf?download=true,True,,,
LOGO,LOGO,Alpha Brands Consumption Leaders ETF,,,,,,,,,,nasdaq,https://api.nasdaq.com/api/screener/etf?download=true,True,,,
LONZ,LONZ,PIMCO U.S. Treasury Index Fund PIMCO Senior Loan Active Exchan,,,,,,,,,,nasdaq,https://api.nasdaq.com/api/screener/etf?download=true,True,,,
LOPP,LOPP,Gabelli Love Our Planet & People ETF Gabelli Love Our Planet &,,,,,,,,,,nasdaq,https://api.nasdaq.com/api/screener/etf?download=true,True,,,
LOTI,LOTI,Liberty One Tactical Income ETF,,,,,,,,,,nasdaq,https://api.nasdaq.com/api/screener/etf?download=true,True,,,
LOUP,LOUP,Innovator Deepwater Frontier Tech ETF,,,,,,,,,,nasdaq,https://api.nasdaq.com/api/screener/etf?download=true,True,,,
LOWV,LOWV,AB Active ETFs Inc. AB US Low Volatility Equity ETF,,,,,,,,,,nasdaq,https://api.nasdaq.com/api/screener/etf?download=true,True,,,
LPRE,LPRE,Exchange Listed Funds Trust Long Pond Real Estate Select ETF,,,,,,,,,,nasdaq,https://api.nasdaq.com/api/screener/etf?download=true,True,,,
LQAI,LQAI,Exchange Listed Funds Trust LG QRAFT AI-Powered U.S. Large Cap,,,,,,,,,,nasdaq,https://api.nasdaq.com/api/screener/etf?download=true,True,,,
LQD,LQD,iShares iBoxx $ Investment Grade Corporate Bond ETF,,,,,,,,,,nasdaq,https://api.nasdaq.com/api/screener/etf?download=true,True,,,
LQDB,LQDB,iShares Trust iShares BBB Rated Corporate Bond ETF,,,,,,,,,,nasdaq,https://api.nasdaq.com/api/screener/etf?download=true,True,,,
LQDH,LQDH,iShares Interest Rate Hedged Corporate Bond ETF,,,,,,,,,,nasdaq,https://api.nasdaq.com/api/screener/etf?download=true,True,,,
LQDI,LQDI,iShares Inflation Hedged Corporate Bond ETF,,,,,,,,,,nasdaq,https://api.nasdaq.com/api/screener/etf?download=true,True,,,
LQTI,LQTI,First Trust Exchange-Traded Fund IV FT Vest Investment Grade &,,,,,,,,,,nasdaq,https://api.nasdaq.com/api/screener/etf?download=true,True,,,
LRCU,LRCU,Tradr 2X Long LRCX Daily ETF,,,,,,,,,,nasdaq,https://api.nasdaq.com/api/screener/etf?download=true,True,,,
LRGC,LRGC,AB Active ETFs Inc. AB US Large Cap Strategic Equities ETF,,,,,,,,,,nasdaq,https://api.nasdaq.com/api/screener/etf?download=true,True,,,
LRGE,LRGE,ClearBridge Large Cap Growth Select ETF,,,,,,,,,,nasdaq,https://api.nasdaq.com/api/screener/etf?download=true,True,,,
LRGF,LRGF,iShares U.S. Equity Factor ETF,,,,,,,,,,nasdaq,https://api.nasdaq.com/api/screener/etf?download=true,True,,,
LRGG,LRGG,Nomura Focused Large Growth ETF,,,,,,,,,,nasdaq,https://api.nasdaq.com/api/screener/etf?download=true,True,,,
LRND,LRND,NYLI U.S. Large Cap R&D Leaders ETF,,,,,,,,,,nasdaq,https://api.nasdaq.com/api/screener/etf?download=true,True,,,
LRNZ,LRNZ,Listed Funds Trust TrueShares Technology AI & Deep Learning E,,,,,,,,,,nasdaq,https://api.nasdaq.com/api/screener/etf?download=true,True,,,
LSAF,LSAF,LeaderShares AlphaFactor US Core Equity ETF,,,,,,,,,,nasdaq,https://api.nasdaq.com/api/screener/etf?download=true,True,,,
LSAT,LSAT,LeaderShares AlphaFactor Tactical Focused ETF,,,,,,,,,,nasdaq,https://api.nasdaq.com/api/screener/etf?download=true,True,,,
LSEQ,LSEQ,Harbor ETF Trust Harbor Long-Short Equity ETF,,,,,,,,,,nasdaq,https://api.nasdaq.com/api/screener/etf?download=true,True,,,
LSGR,LSGR,Natixis ETF Trust II Natixis Loomis Sayles Focused Growth ETF,,,,,,,,,,nasdaq,https://api.nasdaq.com/api/screener/etf?download=true,True,,,
LST,LST,Managed Portfolio Series Leuthold Select Industries ETF,,,,,,,,,,nasdaq,https://api.nasdaq.com/api/screener/etf?download=true,True,,,
LSVD,LSVD,The Advisors Inner Circle Fund LSV Disciplined Value ETF,,,,,,,,,,nasdaq,https://api.nasdaq.com/api/screener/etf?download=true,True,,,
LTCC,LTCC,Canary Litecoin ETF,,,,,,,,,,nasdaq,https://api.nasdaq.com/api/screener/etf?download=true,True,,,
LTL,LTL,ProShares Ultra Communication Services,,,,,,,,,,nasdaq,https://api.nasdaq.com/api/screener/etf?download=true,True,,,
LTPZ,LTPZ,Pimco 15  Year U.S. TIPS Index Exchange-Traded Fund,,,,,,,,,,nasdaq,https://api.nasdaq.com/api/screener/etf?download=true,True,,,
LTTI,LTTI,First Trust Exchange-Traded Fund IV FT Vest 20+ Year Treasury ,,,,,,,,,,nasdaq,https://api.nasdaq.com/api/screener/etf?download=true,True,,,
LULG,LULG,Leverage Shares 2X Long LULU Daily ETF,,,,,,,,,,nasdaq,https://api.nasdaq.com/api/screener/etf?download=true,True,,,
LVDS,LVDS,JPMorgan Fundamental Data Science Large Value ETF,,,,,,,,,,nasdaq,https://api.nasdaq.com/api/screener/etf?download=true,True,,,
LVHD,LVHD,Franklin U.S. Low Volatility High Dividend Index ETF,,,,,,,,,,nasdaq,https://api.nasdaq.com/api/screener/etf?download=true,True,,,
LVHI,LVHI,Franklin International Low Volatility High Dividend Index ETF ,,,,,,,,,,nasdaq,https://api.nasdaq.com/api/screener/etf?download=true,True,,,
LVIG,LVIG,Longview Advantage Fixed Income ETF,,,,,,,,,,nasdaq,https://api.nasdaq.com/api/screener/etf?download=true,True,,,
LYLD,LYLD,Cambria ETF Trust Cambria Large Cap Shareholder Yield ETF,,,,,,,,,,nasdaq,https://api.nasdaq.com/api/screener/etf?download=true,True,,,
MAAY,MAAY,GraniteShares YieldBOOST MARA ETF,,,,,,,,,,nasdaq,https://api.nasdaq.com/api/screener/etf?download=true,True,,,
MADE,MADE,iShares Trust iShares U.S. Manufacturing ETF,,,,,,,,,,nasdaq,https://api.nasdaq.com/api/screener/etf?download=true,True,,,
MAGA,MAGA,Point Bridge America First ETF,,,,,,,,,,nasdaq,https://api.nasdaq.com/api/screener/etf?download=true,True,,,
MAGC,MAGC,Roundhill China Magnificent Seven ETF,,,,,,,,,,nasdaq,https://api.nasdaq.com/api/screener/etf?download=true,True,,,
MAGG,MAGG,Madison ETFs Trust Madison Aggregate Bond ETF,,,,,,,,,,nasdaq,https://api.nasdaq.com/api/screener/etf?download=true,True,,,
MAGS,MAGS,Roundhill Magnificent Seven ETF,,,,,,,,,,nasdaq,https://api.nasdaq.com/api/screener/etf?download=true,True,,,
MAGX,MAGX,Roundhill Daily 2X Long Magnificent Seven ETF,,,,,,,,,,nasdaq,https://api.nasdaq.com/api/screener/etf?download=true,True,,,
MAGY,MAGY,Roundhill ETF Trust Roundhill Magnificent Seven Covered Call E,,,,,,,,,,nasdaq,https://api.nasdaq.com/api/screener/etf?download=true,True,,,
MAKX,MAKX,ProShares S&P Kensho Smart Factories ETF,,,,,,,,,,nasdaq,https://api.nasdaq.com/api/screener/etf?download=true,True,,,
MAMB,MAMB,Monarch Ambassador Income Index ETF,,,,,,,,,,nasdaq,https://api.nasdaq.com/api/screener/etf?download=true,True,,,
MANI,MANI,Man ETF Series Trust Man Active Income ETF,,,,,,,,,,nasdaq,https://api.nasdaq.com/api/screener/etf?download=true,True,,,
MAPP,MAPP,Harbor ETF Trust Harbor Multi-Asset Explorer ETF,,,,,,,,,,nasdaq,https://api.nasdaq.com/api/screener/etf?download=true,True,,,
MARB,MARB,First Trust Merger Arbitrage ETF,,,,,,,,,,nasdaq,https://api.nasdaq.com/api/screener/etf?download=true,True,,,
MARM,MARM,FT Vest U.S. Equity Max Buffer ETF - March,,,,,,,,,,nasdaq,https://api.nasdaq.com/api/screener/etf?download=true,True,,,
MARO,MARO,Tidal Trust II YieldMax MARA Option Income Strategy ETF,,,,,,,,,,nasdaq,https://api.nasdaq.com/api/screener/etf?download=true,True,,,
MART,MART,AIM ETF Products Trust AllianzIM U.S. Large Cap Buffer10 Mar E,,,,,,,,,,nasdaq,https://api.nasdaq.com/api/screener/etf?download=true,True,,,
MARU,MARU,AIM ETF Products Trust AllianzIM U.S. Equity Buffer15 Uncapped,,,,,,,,,,nasdaq,https://api.nasdaq.com/api/screener/etf?download=true,True,,,
MARW,MARW,AIM ETF Products Trust AllianzIM U.S. Large Cap Buffer20 Mar E,,,,,,,,,,nasdaq,https://api.nasdaq.com/api/screener/etf?download=true,True,,,
MARZ,MARZ,TrueShares Structured Outcome (March) ETF,,,,,,,,,,nasdaq,https://api.nasdaq.com/api/screener/etf?download=true,True,,,
MATE,MATE,Man Active Trend Enhanced ETF,,,,,,,,,,nasdaq,https://api.nasdaq.com/api/screener/etf?download=true,True,,,
MAVF,MAVF,EA Series Trust Matrix Advisors Value ETF,,,,,,,,,,nasdaq,https://api.nasdaq.com/api/screener/etf?download=true,True,,,
MAXI,MAXI,Simplify Bitcoin Strategy PLUS Income ETF,,,,,,,,,,nasdaq,https://api.nasdaq.com/api/screener/etf?download=true,True,,,
MAYM,MAYM,First Trust Exchange-Traded Fund VIII FT Vest U.S. Equity Max ,,,,,,,,,,nasdaq,https://api.nasdaq.com/api/screener/etf?download=true,True,,,
MAYP,MAYP,PGIM S&P 500 Buffer 12 ETF - May,,,,,,,,,,nasdaq,https://api.nasdaq.com/api/screener/etf?download=true,True,,,
MAYT,MAYT,AIM ETF Products Trust AllianzIM U.S. Large Cap Buffer10 May E,,,,,,,,,,nasdaq,https://api.nasdaq.com/api/screener/etf?download=true,True,,,
MAYU,MAYU,AllianzIM U.S. Equity Buffer15 Uncapped May ETF,,,,,,,,,,nasdaq,https://api.nasdaq.com/api/screener/etf?download=true,True,,,
MAYW,MAYW,AIM ETF Products Trust AllianzIM U.S. Large Cap Buffer20 May E,,,,,,,,,,nasdaq,https://api.nasdaq.com/api/screener/etf?download=true,True,,,
MAYZ,MAYZ,TrueShares Structured Outcome (May) ETF,,,,,,,,,,nasdaq,https://api.nasdaq.com/api/screener/etf?download=true,True,,,
MBB,MBB,iShares MBS ETF,,,,,,,,,,nasdaq,https://api.nasdaq.com/api/screener/etf?download=true,True,,,
MBBB,MBBB,VanEck Moody's Analytics BBB Corporate Bond ETF,,,,,,,,,,nasdaq,https://api.nasdaq.com/api/screener/etf?download=true,True,,,
MBCC,MBCC,Monarch Blue Chips Core Index ETF,,,,,,,,,,nasdaq,https://api.nasdaq.com/api/screener/etf?download=true,True,,,
MBND,MBND,State Street Nuveen Municipal Bond ETF,,,,,,,,,,nasdaq,https://api.nasdaq.com/api/screener/etf?download=true,True,,,
MBOX,MBOX,Freedom Day Dividend ETF,,,,,,,,,,nasdaq,https://api.nasdaq.com/api/screener/etf?download=true,True,,,
MBS,MBS,Angel Oak Mortgage-Backed Securities ETF,,,,,,,,,,nasdaq,https://api.nasdaq.com/api/screener/etf?download=true,True,,,
MBSD,MBSD,FlexShares Trust FlexShares Disciplined Duration MBS Index Fun,,,,,,,,,,nasdaq,https://api.nasdaq.com/api/screener/etf?download=true,True,,,
MBSF,MBSF,Valued Advisers Trust Regan Floating Rate MBS ETF,,,,,,,,,,nasdaq,https://api.nasdaq.com/api/screener/etf?download=true,True,,,
MBSX,MBSX,Advisor Managed Portfolios Regan Fixed Rate MBS ETF,,,,,,,,,,nasdaq,https://api.nasdaq.com/api/screener/etf?download=true,True,,,
MCDS,MCDS,JPMorgan Fundamental Data Science Mid Core ETF,,,,,,,,,,nasdaq,https://api.nasdaq.com/api/screener/etf?download=true,True,,,
MCH,MCH,Matthews International Funds Matthews China Active ETF,,,,,,,,,,nasdaq,https://api.nasdaq.com/api/screener/etf?download=true,True,,,
MCHI,MCHI,iShares MSCI China ETF,,,,,,,,,,nasdaq,https://api.nasdaq.com/api/screener/etf?download=true,True,,,
MCHS,MCHS,Matthews China Innovators Active ETF,,,,,,,,,,nasdaq,https://api.nasdaq.com/api/screener/etf?download=true,True,,,
SCHA,SCHA,Schwab U.S. Small-Cap ETF,,,,,,,,,,nasdaq,https://api.nasdaq.com/api/screener/etf?download=true,True,,,
SCHB,SCHB,Schwab U.S. Broad Market ETF,,,,,,,,,,nasdaq,https://api.nasdaq.com/api/screener/etf?download=true,True,,,
SCHC,SCHC,Schwab International Small-Cap Equity ETF,,,,,,,,,,nasdaq,https://api.nasdaq.com/api/screener/etf?download=true,True,,,
SCHD,SCHD,Schwab US Dividend Equity ETF,,,,,,,,,,nasdaq,https://api.nasdaq.com/api/screener/etf?download=true,True,,,
SCHE,SCHE,Schwab Emerging Markets Equity ETF,,,,,,,,,,nasdaq,https://api.nasdaq.com/api/screener/etf?download=true,True,,,
SCHF,SCHF,Schwab International Equity ETF,,,,,,,,,,nasdaq,https://api.nasdaq.com/api/screener/etf?download=true,True,,,
SCHG,SCHG,Schwab U.S. Large-Cap Growth ETF,,,,,,,,,,nasdaq,https://api.nasdaq.com/api/screener/etf?download=true,True,,,
SCHH,SCHH,Schwab U.S. REIT ETF,,,,,,,,,,nasdaq,https://api.nasdaq.com/api/screener/etf?download=true,True,,,
SCHI,SCHI,Schwab 5-10 Year Corporate Bond ETF,,,,,,,,,,nasdaq,https://api.nasdaq.com/api/screener/etf?download=true,True,,,
SCHJ,SCHJ,Schwab 1-5 Year Corporate Bond ETF,,,,,,,,,,nasdaq,https://api.nasdaq.com/api/screener/etf?download=true,True,,,
SCHK,SCHK,Schwab 1000 Index ETF,,,,,,,,,,nasdaq,https://api.nasdaq.com/api/screener/etf?download=true,True,,,
SCHM,SCHM,Schwab U.S. Mid Cap ETF,,,,,,,,,,nasdaq,https://api.nasdaq.com/api/screener/etf?download=true,True,,,
SCHO,SCHO,Schwab Short-Term U.S. Treasury ETF,,,,,,,,,,nasdaq,https://api.nasdaq.com/api/screener/etf?download=true,True,,,
SCHP,SCHP,Schwab U.S. TIPS ETF,,,,,,,,,,nasdaq,https://api.nasdaq.com/api/screener/etf?download=true,True,,,
SCHQ,SCHQ,Schwab Long-Term U.S. Treasury ETF,,,,,,,,,,nasdaq,https://api.nasdaq.com/api/screener/etf?download=true,True,,,
SCHR,SCHR,Schwab Intermediate-Term U.S. Treasury ETF,,,,,,,,,,nasdaq,https://api.nasdaq.com/api/screener/etf?download=true,True,,,
SCHV,SCHV,Schwab U.S. Large-Cap Value ETF,,,,,,,,,,nasdaq,https://api.nasdaq.com/api/screener/etf?download=true,True,,,
SCHX,SCHX,Schwab U.S. Large-Cap ETF,,,,,,,,,,nasdaq,https://api.nasdaq.com/api/screener/etf?download=true,True,,,
SCHY,SCHY,Schwab International Dividend Equity ETF,,,,,,,,,,nasdaq,https://api.nasdaq.com/api/screener/etf?download=true,True,,,
SCHZ,SCHZ,Schwab US Aggregate Bond ETF,,,,,,,,,,nasdaq,https://api.nasdaq.com/api/screener/etf?download=true,True,,,
SCIO,SCIO,First Trust Exchange-Traded Fund IV First Trust Structured Cre,,,,,,,,,,nasdaq,https://api.nasdaq.com/api/screener/etf?download=true,True,,,
SCJ,SCJ,iShares MSCI Japan Sm Cap,,,,,,,,,,nasdaq,https://api.nasdaq.com/api/screener/etf?download=true,True,,,
SCLS,SCLS,Stoneport Advisors Commodity Long Short ETF,,,,,,,,,,nasdaq,https://api.nasdaq.com/api/screener/etf?download=true,True,,,
SCLZ,SCLZ,Northern Lights Fund Trust III Swan Enhanced Dividend Income E,,,,,,,,,,nasdaq,https://api.nasdaq.com/api/screener/etf?download=true,True,,,
SCMB,SCMB,Schwab Strategic Trust Schwab Municipal Bond ETF,,,,,,,,,,nasdaq,https://api.nasdaq.com/api/screener/etf?download=true,True,,,
SCO,SCO,ProShares UltraShort Bloomberg Crude Oil,0001415311,,,NYSE,,,,,,nasdaq,https://api.nasdaq.com/api/screener/etf?download=true,True,,,
SCOW,SCOW,Pacer Funds Trust Pacer S&P SmallCap 600 Quality FCF Aristocra,,,,,,,,,,nasdaq,https://api.nasdaq.com/api/screener/etf?download=true,True,,,
SCUS,SCUS,Schwab Strategic Trust Schwab Ultra-Short Income ETF,,,,,,,,,,nasdaq,https://api.nasdaq.com/api/screener/etf?download=true,True,,,
SCYB,SCYB,Schwab Strategic Trust Schwab High Yield Bond ETF,,,,,,,,,,nasdaq,https://api.nasdaq.com/api/screener/etf?download=true,True,,,
SCZ,SCZ,iShares MSCI EAFE Small-Cap ETF,,,,,,,,,,nasdaq,https://api.nasdaq.com/api/screener/etf?download=true,True,,,
SDCI,SDCI,USCF SummerHaven Dynamic Commodity Strategy No K-1 Fund,,,,,,,,,,nasdaq,https://api.nasdaq.com/api/screener/etf?download=true,True,,,
SDCP,SDCP,Virtus ETF Trust II Virtus Newfleet Short Duration Core Plus B,,,,,,,,,,nasdaq,https://api.nasdaq.com/api/screener/etf?download=true,True,,,
SDD,SDD,ProShares UltraShort SmallCap600,,,,,,,,,,nasdaq,https://api.nasdaq.com/api/screener/etf?download=true,True,,,
SDEM,SDEM,Global X MSCI SuperDividend Emerging Markets ETF,,,,,,,,,,nasdaq,https://api.nasdaq.com/api/screener/etf?download=true,True,,,
SDFI,SDFI,AB Active ETFs Inc. AB Short Duration Income ETF,,,,,,,,,,nasdaq,https://api.nasdaq.com/api/screener/etf?download=true,True,,,
SDG,SDG,iShares MSCI Global Sustainable Development Goals ETF,,,,,,,,,,nasdaq,https://api.nasdaq.com/api/screener/etf?download=true,True,,,
SDIV,SDIV,Global X SuperDividend ETF,,,,,,,,,,nasdaq,https://api.nasdaq.com/api/screener/etf?download=true,True,,,
SDOG,SDOG,ALPS Sector Dividend Dogs ETF,,,,,,,,,,nasdaq,https://api.nasdaq.com/api/screener/etf?download=true,True,,,
SDOW,SDOW,UltraPro Short Dow30,,,,,,,,,,nasdaq,https://api.nasdaq.com/api/screener/etf?download=true,True,,,
SDP,SDP,ProShares UltraShort Utilities,,,,,,,,,,nasdaq,https://api.nasdaq.com/api/screener/etf?download=true,True,,,
SDS,SDS,ProShares UltraShort S&P500,,,,,,,,,,nasdaq,https://api.nasdaq.com/api/screener/etf?download=true,True,,,
SDSI,SDSI,American Century Short Duration Strategic Income ETF,,,,,,,,,,nasdaq,https://api.nasdaq.com/api/screener/etf?download=true,True,,,
SDTY,SDTY,YieldMax S&P 500 0DTE Covered Call Strategy ETF,,,,,,,,,,nasdaq,https://api.nasdaq.com/api/screener/etf?download=true,True,,,
SDVD,SDVD,FT Vest SMID Rising Dividend Achievers Target Income ETF,,,,,,,,,,nasdaq,https://api.nasdaq.com/api/screener/etf?download=true,True,,,
SDVY,SDVY,First Trust SMID Cap Rising Dividend Achievers ETF,,,,,,,,,,nasdaq,https://api.nasdaq.com/api/screener/etf?download=true,True,,,
SDY,SDY,State Street SPDR S&P Dividend ETF,,,,,,,,,,nasdaq,https://api.nasdaq.com/api/screener/etf?download=true,True,,,
SEA,SEA,ETF Series Solutions U.S. Global Sea to Sky Cargo ETF,,,,,,,,,,nasdaq,https://api.nasdaq.com/api/screener/etf?download=true,True,,,
SECR,SECR,NYLI MacKay Securitized Income ETF,,,,,,,,,,nasdaq,https://api.nasdaq.com/api/screener/etf?download=true,True,,,
SECT,SECT,Northern Lights Fund Trust IV Main Sector Rotation ETF,,,,,,,,,,nasdaq,https://api.nasdaq.com/api/screener/etf?download=true,True,,,
SEEM,SEEM,SEI Select Emerging Markets Equity ETF,,,,,,,,,,nasdaq,https://api.nasdaq.com/api/screener/etf?download=true,True,,,
SEF,SEF,ProShares Short Financials,,,,,,,,,,nasdaq,https://api.nasdaq.com/api/screener/etf?download=true,True,,,
SEIE,SEIE,SEI Select International Equity ETF,,,,,,,,,,nasdaq,https://api.nasdaq.com/api/screener/etf?download=true,True,,,
SEIM,SEIM,SEI Enhanced U.S. Large Cap Momentum Factor ETF,,,,,,,,,,nasdaq,https://api.nasdaq.com/api/screener/etf?download=true,True,,,
SEIQ,SEIQ,SEI Enhanced U.S. Large Cap Quality Factor ETF,,,,,,,,,,nasdaq,https://api.nasdaq.com/api/screener/etf?download=true,True,,,
SEIS,SEIS,SEI Select Small Cap ETF,,,,,,,,,,nasdaq,https://api.nasdaq.com/api/screener/etf?download=true,True,,,
SEIV,SEIV,SEI Enhanced U.S. Large Cap Value Factor ETF,,,,,,,,,,nasdaq,https://api.nasdaq.com/api/screener/etf?download=true,True,,,
SEIX,SEIX,Virtus Seix Senior Loan ETF,,,,,,,,,,nasdaq,https://api.nasdaq.com/api/screener/etf?download=true,True,,,
SELV,SELV,SEI Enhanced Low Volatility U.S. Large Cap ETF,,,,,,,,,,nasdaq,https://api.nasdaq.com/api/screener/etf?download=true,True,,,
SEMG,SEMG,EA Series Trust Suncoast Select Growth ETF,,,,,,,,,,nasdaq,https://api.nasdaq.com/api/screener/etf?download=true,True,,,
SEMI,SEMI,Columbia Select Technology ETF,,,,,,,,,,nasdaq,https://api.nasdaq.com/api/screener/etf?download=true,True,,,
SEMY,SEMY,GraniteShares YieldBOOST Semiconductor ETF,,,,,,,,,,nasdaq,https://api.nasdaq.com/api/screener/etf?download=true,True,,,
SEPI,SEPI,SCM Trust Shelton Equity Premium Income ETF,,,,,,,,,,nasdaq,https://api.nasdaq.com/api/screener/etf?download=true,True,,,
SEPM,SEPM,First Trust Exchange-Traded Fund VIII FT Vest U.S. Equity Max ,,,,,,,,,,nasdaq,https://api.nasdaq.com/api/screener/etf?download=true,True,,,
SEPP,SEPP,PGIM S&P 500 Buffer 12 ETF - September,,,,,,,,,,nasdaq,https://api.nasdaq.com/api/screener/etf?download=true,True,,,
SEPT,SEPT,AIM ETF Products Trust AllianzIM U.S. Large Cap Buffer10 Sep E,,,,,,,,,,nasdaq,https://api.nasdaq.com/api/screener/etf?download=true,True,,,
SEPU,SEPU,AIM ETF Products Trust AllianzIM U.S. Equity Buffer15 Uncapped,,,,,,,,,,nasdaq,https://api.nasdaq.com/api/screener/etf?download=true,True,,,
SEPW,SEPW,AIM ETF Products Trust AllianzIM U.S. Large Cap Buffer20 Sep E,,,,,,,,,,nasdaq,https://api.nasdaq.com/api/screener/etf?download=true,True,,,
SEPZ,SEPZ,TrueShares Structured Outcome (September) ETF,,,,,,,,,,nasdaq,https://api.nasdaq.com/api/screener/etf?download=true,True,,,
SETH,SETH,ProShares Short Ether ETF,,,,,,,,,,nasdaq,https://api.nasdaq.com/api/screener/etf?download=true,True,,,
SETM,SETM,Sprott Critical Materials ETF,,,,,,,,,,nasdaq,https://api.nasdaq.com/api/screener/etf?download=true,True,,,
SFEB,SFEB,First Trust Exchange-Traded Fund VIII FT Vest U.S. Small Cap M,,,,,,,,,,nasdaq,https://api.nasdaq.com/api/screener/etf?download=true,True,,,
SFGV,SFGV,Sequoia Global Value ETF,,,,,,,,,,nasdaq,https://api.nasdaq.com/api/screener/etf?download=true,True,,,
SFLO,SFLO,VictoryShares Small Cap Free Cash Flow ETF,,,,,,,,,,nasdaq,https://api.nasdaq.com/api/screener/etf?download=true,True,,,
SFLR,SFLR,Innovator ETFs Trust Innovator Equity Managed Floor ETF,,,,,,,,,,nasdaq,https://api.nasdaq.com/api/screener/etf?download=true,True,,,
SFTY,SFTY,Horizon Funds Horizon Managed Risk ETF,,,,,,,,,,nasdaq,https://api.nasdaq.com/api/screener/etf?download=true,True,,,
SFY,SFY,SoFi Select 500 ETF,,,,,,,,,,nasdaq,https://api.nasdaq.com/api/screener/etf?download=true,True,,,
SFYF,SFYF,SoFi Social 50 ETF,,,,,,,,,,nasdaq,https://api.nasdaq.com/api/screener/etf?download=true,True,,,
SGDJ,SGDJ,Sprott Junior Gold Miners ETF,,,,,,,,,,nasdaq,https://api.nasdaq.com/api/screener/etf?download=true,True,,,
SGDM,SGDM,Sprott Gold Miners ETF,,,,,,,,,,nasdaq,https://api.nasdaq.com/api/screener/etf?download=true,True,,,
SGLC,SGLC,The RBB Fund Inc. SGI U.S. Large Cap Core ETF,,,,,,,,,,nasdaq,https://api.nasdaq.com/api/screener/etf?download=true,True,,,
SGOL,SGOL,abrdn Physical Gold Shares ETF,0001450923,,,NYSE,,,,,,nasdaq,https://api.nasdaq.com/api/screener/etf?download=true,True,,,
SGOV,SGOV,iShares 0-3 Month Treasury Bond ETF,,,,,,,,,,nasdaq,https://api.nasdaq.com/api/screener/etf?download=true,True,,,
SGRT,SGRT,Tidal Trust I SMART Earnings Growth 30 ETF,,,,,,,,,,nasdaq,https://api.nasdaq.com/api/screener/etf?download=true,True,,,
SGVT,SGVT,Schwab Strategic Trust Schwab Government Money Market ETF,,,,,,,,,,nasdaq,https://api.nasdaq.com/api/screener/etf?download=true,True,,,
SH,SH,ProShares Short S&P500,,,,,,,,,,nasdaq,https://api.nasdaq.com/api/screener/etf?download=true,True,,,
SHAG,SHAG,WisdomTree Yield Enhanced U.S. Short-Term Aggregate Bond Fund,,,,,,,,,,nasdaq,https://api.nasdaq.com/api/screener/etf?download=true,True,,,
SHDG,SHDG,Trust For Advised Portfolios Soundwatch Hedged Equity ETF,,,,,,,,,,nasdaq,https://api.nasdaq.com/api/screener/etf?download=true,True,,,
SHE,SHE,State Street SPDR MSCI USA Gender Diversity ETF,,,,,,,,,,nasdaq,https://api.nasdaq.com/api/screener/etf?download=true,True,,,
SHEH,SHEH,Precidian ETFs Trust Shell plc ADRhedged,,,,,,,,,,nasdaq,https://api.nasdaq.com/api/screener/etf?download=true,True,,,
SHLD,SHLD,Global X Funds Global X Defense Tech ETF,,,,,,,,,,nasdaq,https://api.nasdaq.com/api/screener/etf?download=true,True,,,
SHM,SHM,State Street SPDR Nuveen ICE Short Term Municipal Bond ETF,,,,,,,,,,nasdaq,https://api.nasdaq.com/api/screener/etf?download=true,True,,,
SHNY,SHNY,Bank Of Montreal MicroSectors Gold 3X Leveraged ETNs due Janua,0000927971,,,NYSE,,,,,,nasdaq,https://api.nasdaq.com/api/screener/etf?download=true,True,,,
SHOC,SHOC,EA Series Trust Strive U.S. Semiconductor ETF,,,,,,,,,,nasdaq,https://api.nasdaq.com/api/screener/etf?download=true,True,,,
SHPP,SHPP,Pacer Funds Pacer Industrials and Logistics ETF,,,,,,,,,,nasdaq,https://api.nasdaq.com/api/screener/etf?download=true,True,,,
SHPU,SHPU,Direxion Daily SHOP Bull 2X ETF,,,,,,,,,,nasdaq,https://api.nasdaq.com/api/screener/etf?download=true,True,,,
SHRT,SHRT,Gotham Short Strategies ETF,,,,,,,,,,nasdaq,https://api.nasdaq.com/api/screener/etf?download=true,True,,,
SHRY,SHRY,First Trust Bloomberg Shareholder Yield ETF,,,,,,,,,,nasdaq,https://api.nasdaq.com/api/screener/etf?download=true,True,,,
SHUS,SHUS,Exchange Listed Funds Trust Stratified LargeCap Hedged ETF,,,,,,,,,,nasdaq,https://api.nasdaq.com/api/screener/etf?download=true,True,,,
SHV,SHV,iShares Trust iShares 0-1 Year Treasury Bond ETF,,,,,,,,,,nasdaq,https://api.nasdaq.com/api/screener/etf?download=true,True,,,
SHY,SHY,iShares 1-3 Year Treasury Bond ETF,,,,,,,,,,nasdaq,https://api.nasdaq.com/api/screener/etf?download=true,True,,,
SHYD,SHYD,VanEck ETF Trust VanEck Short High Yield Muni ETF,,,,,,,,,,nasdaq,https://api.nasdaq.com/api/screener/etf?download=true,True,,,
SHYG,SHYG,iShares 0-5 Year High Yield Corporate Bond ETF,,,,,,,,,,nasdaq,https://api.nasdaq.com/api/screener/etf?download=true,True,,,
SHYL,SHYL,Xtrackers Short Duration High Yield Bond ETF,,,,,,,,,,nasdaq,https://api.nasdaq.com/api/screener/etf?download=true,True,,,
SHYM,SHYM,iShares Short Duration High Yield Muni Active ETF,,,,,,,,,,nasdaq,https://api.nasdaq.com/api/screener/etf?download=true,True,,,
SIFI,SIFI,Harbor Ares Systematic Multi-Sector Income ETF,,,,,,,,,,nasdaq,https://api.nasdaq.com/api/screener/etf?download=true,True,,,
SIHY,SIHY,Harbor Ares Systematic High Yield ETF,,,,,,,,,,nasdaq,https://api.nasdaq.com/api/screener/etf?download=true,True,,,
SIJ,SIJ,ProShares UltraShort Industrials,,,,,,,,,,nasdaq,https://api.nasdaq.com/api/screener/etf?download=true,True,,,
SIL,SIL,Global X Silver Miners ETF,,,,,,,,,,nasdaq,https://api.nasdaq.com/api/screener/etf?download=true,True,,,
SILJ,SILJ,Amplify ETF Trust Amplify Junior Silver Miners ETF,,,,,,,,,,nasdaq,https://api.nasdaq.com/api/screener/etf?download=true,True,,,
SIMS,SIMS,State Street SPDR S&P Kensho Intelligent Structures ETF,,,,,,,,,,nasdaq,https://api.nasdaq.com/api/screener/etf?download=true,True,,,
SIO,SIO,Touchstone Strategic Income ETF,,,,,,,,,,nasdaq,https://api.nasdaq.com/api/screener/etf?download=true,True,,,
SIVR,SIVR,abrdn Physical Silver Shares ETF,0001450922,,,NYSE,,,,,,nasdaq,https://api.nasdaq.com/api/screener/etf?download=true,True,,,
SIXA,SIXA,ETC 6 Meridian Mega Cap Equity ETF,,,,,,,,,,nasdaq,https://api.nasdaq.com/api/screener/etf?download=true,True,,,
SIXD,SIXD,AllianzIM U.S. Large Cap 6 Month Buffer10 Jun/Dec ETF,,,,,,,,,,nasdaq,https://api.nasdaq.com/api/screener/etf?download=true,True,,,
SIXF,SIXF,AIM ETF Products Trust AllianzIM U.S. Large Cap 6 Month Buffer,,,,,,,,,,nasdaq,https://api.nasdaq.com/api/screener/etf?download=true,True,,,
SIXH,SIXH,ETC 6 Meridian Hedged Equity Index Option ETF,,,,,,,,,,nasdaq,https://api.nasdaq.com/api/screener/etf?download=true,True,,,
SIXJ,SIXJ,AIM ETF Products Trust AllianzIM U.S. Large Cap 6 Month Buffer,,,,,,,,,,nasdaq,https://api.nasdaq.com/api/screener/etf?download=true,True,,,
SIXL,SIXL,ETC 6 Meridian Low Beta Equity ETF,,,,,,,,,,nasdaq,https://api.nasdaq.com/api/screener/etf?download=true,True,,,
SIXO,SIXO,AllianzIM U.S. Large Cap 6 Month Buffer10 Apr/Oct ETF,,,,,,,,,,nasdaq,https://api.nasdaq.com/api/screener/etf?download=true,True,,,
SIXP,SIXP,AIM ETF Products Trust AllianzIM U.S. Large Cap 6 Month Buffer,,,,,,,,,,nasdaq,https://api.nasdaq.com/api/screener/etf?download=true,True,,,
SIXS,SIXS,ETC 6 Meridian Small Cap Equity ETF,,,,,,,,,,nasdaq,https://api.nasdaq.com/api/screener/etf?download=true,True,,,
SIXZ,SIXZ,AllianzIM U.S. Large Cap 6 Month Buffer10 May/Nov ETF,,,,,,,,,,nasdaq,https://api.nasdaq.com/api/screener/etf?download=true,True,,,
SIZE,SIZE,iShares MSCI USA Size Factor ETF,,,,,,,,,,nasdaq,https://api.nasdaq.com/api/screener/etf?download=true,True,,,
SJB,SJB,ProShares Short High Yield,,,,,,,,,,nasdaq,https://api.nasdaq.com/api/screener/etf?download=true,True,,,
SJCP,SJCP,SanJac Alpha Core Plus Bond ETF,,,,,,,,,,nasdaq,https://api.nasdaq.com/api/screener/etf?download=true,True,,,
SJLD,SJLD,SanJac Alpha Low Duration ETF,,,,,,,,,,nasdaq,https://api.nasdaq.com/api/screener/etf?download=true,True,,,
SJNK,SJNK,State Street SPDR Bloomberg Short Term High Yield Bond ETF,,,,,,,,,,nasdaq,https://api.nasdaq.com/api/screener/etf?download=true,True,,,
SKF,SKF,ProShares UltraShort Financials,,,,,,,,,,nasdaq,https://api.nasdaq.com/api/screener/etf?download=true,True,,,
SKOR,SKOR,FlexShares Credit-Scored US Corporate Bond Index Fund,,,,,,,,,,nasdaq,https://api.nasdaq.com/api/screener/etf?download=true,True,,,
SKRE,SKRE,Tuttle Capital Daily 2X Inverse Regional Banks ETF,,,,,,,,,,nasdaq,https://api.nasdaq.com/api/screener/etf?download=true,True,,,
SKYU,SKYU,ProShares Ultra Cloud Computing,,,,,,,,,,nasdaq,https://api.nasdaq.com/api/screener/etf?download=true,True,,,
SKYY,SKYY,First Trust Cloud Computing ETF,,,,,,,,,,nasdaq,https://api.nasdaq.com/api/screener/etf?download=true,True,,,
SLDR,SLDR,Global X Funds Global X Short-Term Treasury Ladder ETF,,,,,,,,,,nasdaq,https://api.nasdaq.com/api/screener/etf?download=true,True,,,
SLJY,SLJY,Amplify SILJ Junior Silver Miners Covered Call ETF,,,,,,,,,,nasdaq,https://api.nasdaq.com/api/screener/etf?download=true,True,,,
SLNZ,SLNZ,TCW Senior Loan ETF,,,,,,,,,,nasdaq,https://api.nasdaq.com/api/screener/etf?download=true,True,,,
SLON,SLON,ProShares Trust ProShares Ultra Solana ETF,,,,,,,,,,nasdaq,https://api.nasdaq.com/api/screener/etf?download=true,True,,,
SLQD,SLQD,iShares 0-5 Year Investment Grade Corporate Bond ETF,,,,,,,,,,nasdaq,https://api.nasdaq.com/api/screener/etf?download=true,True,,,
SLTY,SLTY,Tidal Trust II YieldMax Ultra Short Option Income Strategy ETF,,,,,,,,,,nasdaq,https://api.nasdaq.com/api/screener/etf?download=true,True,,,
SLV,SLV,iShares Silver Trust,0001330568,,,NYSE,,,,,,nasdaq,https://api.nasdaq.com/api/screener/etf?download=true,True,,,
SLVO,SLVO,X-Links Silver Shares Covered Call ETN,0001053092,,,Nasdaq,,,,,,nasdaq,https://api.nasdaq.com/api/screener/etf?download=true,True,,,
SLVP,SLVP,iShares MSCI Global Silver and Metals Miners ETF,,,,,,,,,,nasdaq,https://api.nasdaq.com/api/screener/etf?download=true,True,,,
SLVR,SLVR,Sprott Silver Miners & Physical Silver ETF,,,,,,,,,,nasdaq,https://api.nasdaq.com/api/screener/etf?download=true,True,,,
SLX,SLX,VanEck Steel ETF,,,,,,,,,,nasdaq,https://api.nasdaq.com/api/screener/etf?download=true,True,,,
SLYG,SLYG,State Street SPDR S&P 600 Small Cap Growth ETF,,,,,,,,,,nasdaq,https://api.nasdaq.com/api/screener/etf?download=true,True,,,
SLYV,SLYV,State Street SPDR S&P 600 Small Cap Value ETF,,,,,,,,,,nasdaq,https://api.nasdaq.com/api/screener/etf?download=true,True,,,
SMAP,SMAP,Amplify ETF Trust Amplify Small-Mid Cap Equity ETF,,,,,,,,,,nasdaq,https://api.nasdaq.com/api/screener/etf?download=true,True,,,
SMAX,SMAX,iShares Trust iShares Large Cap Max Buffer Sep ETF,,,,,,,,,,nasdaq,https://api.nasdaq.com/api/screener/etf?download=true,True,,,
SMAY,SMAY,FT Vest U.S. Small Cap Moderate Buffer ETF - May,,,,,,,,,,nasdaq,https://api.nasdaq.com/api/screener/etf?download=true,True,,,
SMB,SMB,VanEck ETF Trust VanEck Short Muni ETF,,,,,,,,,,nasdaq,https://api.nasdaq.com/api/screener/etf?download=true,True,,,
SMBS,SMBS,Schwab Strategic Trust Schwab Mortgage-Backed Securities ETF,,,,,,,,,,nasdaq,https://api.nasdaq.com/api/screener/etf?download=true,True,,,
SMCF,SMCF,Themes US Small Cap Cash Flow Champions ETF,,,,,,,,,,nasdaq,https://api.nasdaq.com/api/screener/etf?download=true,True,,,
SMCL,SMCL,GraniteShares 2x Long SMCI Daily ETF,,,,,,,,,,nasdaq,https://api.nasdaq.com/api/screener/etf?download=true,True,,,
SMCO,SMCO,Hilton Small-MidCap Opportunity ETF,,,,,,,,,,nasdaq,https://api.nasdaq.com/api/screener/etf?download=true,True,,,
SMCX,SMCX,Defiance Daily Target 2x Long SMCI ETF,,,,,,,,,,nasdaq,https://api.nasdaq.com/api/screener/etf?download=true,True,,,
SMCY,SMCY,Tidal Trust II YieldMax SMCI Option Income Strategy ETF,,,,,,,,,,nasdaq,https://api.nasdaq.com/api/screener/etf?download=true,True,,,
SMCZ,SMCZ,Defiance Daily Target 2X Short SMCI ETF,,,,,,,,,,nasdaq,https://api.nasdaq.com/api/screener/etf?download=true,True,,,
SMDD,SMDD,UltraPro Short MidCap400,,,,,,,,,,nasdaq,https://api.nasdaq.com/api/screener/etf?download=true,True,,,
SMDV,SMDV,ProShares Russell 2000 Dividend Growers ETF,,,,,,,,,,nasdaq,https://api.nasdaq.com/api/screener/etf?download=true,True,,,
SMDX,SMDX,Tidal Trust III Intech S&P Small-Mid Cap Diversified Alpha ETF,,,,,,,,,,nasdaq,https://api.nasdaq.com/api/screener/etf?download=true,True,,,
SMH,SMH,VanEck Semiconductor ETF,,,,,,,,,,nasdaq,https://api.nasdaq.com/api/screener/etf?download=true,True,,,
SMHB,SMHB,ETRACS Monthly Pay 2xLeveraged US Small Cap High Dividend ETN ,0001114446,,,NYSE,,,,,,nasdaq,https://api.nasdaq.com/api/screener/etf?download=true,True,,,
SMHX,SMHX,VanEck Fabless Semiconductor ETF,,,,,,,,,,nasdaq,https://api.nasdaq.com/api/screener/etf?download=true,True,,,
SMIG,SMIG,Bahl & Gaynor Small/Mid Cap Income Growth ETF,,,,,,,,,,nasdaq,https://api.nasdaq.com/api/screener/etf?download=true,True,,,
SMIN,SMIN,Ishares MSCI India Small Cap ETF,,,,,,,,,,nasdaq,https://api.nasdaq.com/api/screener/etf?download=true,True,,,
SMIZ,SMIZ,Zacks Trust Zacks Small/Mid Cap ETF,,,,,,,,,,nasdaq,https://api.nasdaq.com/api/screener/etf?download=true,True,,,
SMLF,SMLF,iShares U.S. Small-Cap Equity Factor ETF,,,,,,,,,,nasdaq,https://api.nasdaq.com/api/screener/etf?download=true,True,,,
SMLL,SMLL,Harbor ETF Trust Harbor Active Small Cap ETF,,,,,,,,,,nasdaq,https://api.nasdaq.com/api/screener/etf?download=true,True,,,
SMLV,SMLV,State Street SPDR US Small Cap Low Volatility Index ETF,,,,,,,,,,nasdaq,https://api.nasdaq.com/api/screener/etf?download=true,True,,,
SMMD,SMMD,iShares Trust iShares Russell 2500 ETF,,,,,,,,,,nasdaq,https://api.nasdaq.com/api/screener/etf?download=true,True,,,
SMMU,SMMU,Short Term Municipal Bond Active Exchange-Traded Fund,,,,,,,,,,nasdaq,https://api.nasdaq.com/api/screener/etf?download=true,True,,,
SMMV,SMMV,iShares MSCI USA Small-Cap Min Vol Factor ETF,,,,,,,,,,nasdaq,https://api.nasdaq.com/api/screener/etf?download=true,True,,,
SMN,SMN,ProShares UltraShort Materials,,,,,,,,,,nasdaq,https://api.nasdaq.com/api/screener/etf?download=true,True,,,
SMOG,SMOG,VanEck Low Carbon Energy ETF,,,,,,,,,,nasdaq,https://api.nasdaq.com/api/screener/etf?download=true,True,,,
SMOM,SMOM,Symmetry Panoramic Sector Momentum ETF,,,,,,,,,,nasdaq,https://api.nasdaq.com/api/screener/etf?download=true,True,,,
SMOT,SMOT,VanEck ETF Trust VanEck Morningstar SMID Moat ETF,,,,,,,,,,nasdaq,https://api.nasdaq.com/api/screener/etf?download=true,True,,,
SMQ,SMQ,Investment Managers Series Trust II Tradr 1X Short Innovation ,,,,,,,,,,nasdaq,https://api.nasdaq.com/api/screener/etf?download=true,True,,,
SMRF,SMRF,ALPS ETF Trust ALPS Nautilus SMR Nuclear & Technology ETF,,,,,,,,,,nasdaq,https://api.nasdaq.com/api/screener/etf?download=true,True,,,
SMRI,SMRI,Bushido Capital US Equity ETF,,,,,,,,,,nasdaq,https://api.nasdaq.com/api/screener/etf?download=true,True,,,
SMST,SMST,Defiance Daily Target 2x Short MSTR ETF,,,,,,,,,,nasdaq,https://api.nasdaq.com/api/screener/etf?download=true,True,,,
SMTH,SMTH,ALPS Smith Core Plus Bond ETF,,,,,,,,,,nasdaq,https://api.nasdaq.com/api/screener/etf?download=true,True,,,
SMU,SMU,Tradr 2X Long SMR Daily ETF,,,,,,,,,,nasdaq,https://api.nasdaq.com/api/screener/etf?download=true,True,,,
SMUP,SMUP,ETF Opportunities Trust T-REX 2X Long SMR Daily Target ETF,,,,,,,,,,nasdaq,https://api.nasdaq.com/api/screener/etf?download=true,True,,,
SMYY,SMYY,GraniteShares YieldBOOST SMCI ETF,,,,,,,,,,nasdaq,https://api.nasdaq.com/api/screener/etf?download=true,True,,,
SMZ,SMZ,Investment Managers Series Trust II Tradr 2X Short SMR Daily E,,,,,,,,,,nasdaq,https://api.nasdaq.com/api/screener/etf?download=true,True,,,
SNAG,SNAG,Leverage Shares 2X Long SNAP Daily ETF,,,,,,,,,,nasdaq,https://api.nasdaq.com/api/screener/etf?download=true,True,,,
SNAV,SNAV,Collaborative Investment Series Trust Mohr Sector Nav ETF,,,,,,,,,,nasdaq,https://api.nasdaq.com/api/screener/etf?download=true,True,,,
SNOU,SNOU,ETF Opp Tr T-REX 2X Long SNOW Daily Target ETF,,,,,,,,,,nasdaq,https://api.nasdaq.com/api/screener/etf?download=true,True,,,
SNOV,SNOV,FT Vest U.S. Small Cap Moderate Buffer ETF - November,,,,,,,,,,nasdaq,https://api.nasdaq.com/api/screener/etf?download=true,True,,,
SNOY,SNOY,Tidal Trust II YieldMax SNOW Option Income Strategy ETF,,,,,,,,,,nasdaq,https://api.nasdaq.com/api/screener/etf?download=true,True,,,
SNPD,SNPD,Xtrackers S&P Dividend Aristocrats Screened ETF,,,,,,,,,,nasdaq,https://api.nasdaq.com/api/screener/etf?download=true,True,,,
SNPE,SNPE,Xtrackers S&P 500 Scored & Screened ETF,,,,,,,,,,nasdaq,https://api.nasdaq.com/api/screener/etf?download=true,True,,,
SNPG,SNPG,Xtrackers S&P 500 Growth Scored & Screened ETF,,,,,,,,,,nasdaq,https://api.nasdaq.com/api/screener/etf?download=true,True,,,
SNSR,SNSR,Global X Internet of Things ETF,,,,,,,,,,nasdaq,https://api.nasdaq.com/api/screener/etf?download=true,True,,,
SNTH,SNTH,Tidal Trust III MRP SynthEquity ETF,,,,,,,,,,nasdaq,https://api.nasdaq.com/api/screener/etf?download=true,True,,,
SNXX,SNXX,Investment Managers Series Trust II Tradr 2X Long SNDK Daily E,,,,,,,,,,nasdaq,https://api.nasdaq.com/api/screener/etf?download=true,True,,,
SOCL,SOCL,Global X Social Media ETF,,,,,,,,,,nasdaq,https://api.nasdaq.com/api/screener/etf?download=true,True,,,
SOFA,SOFA,Direxion Daily SOFI Bull 2X ETF,,,,,,,,,,nasdaq,https://api.nasdaq.com/api/screener/etf?download=true,True,,,
SOFR,SOFR,Amplify ETF Trust Amplify Samsung SOFR ETF,,,,,,,,,,nasdaq,https://api.nasdaq.com/api/screener/etf?download=true,True,,,
SOFX,SOFX,Defiance Daily Target 2X Long SOFI ETF,,,,,,,,,,nasdaq,https://api.nasdaq.com/api/screener/etf?download=true,True,,,
SOLC,SOLC,Canary Marinade Solana ETF,0002041869,,,Nasdaq,,,,,,nasdaq,https://api.nasdaq.com/api/screener/etf?download=true,True,,,
SOLR,SOLR,Guinness Atkinson Sustainable Energy ETF,,,,,,,,,,nasdaq,https://api.nasdaq.com/api/screener/etf?download=true,True,,,
SOLT,SOLT,2x Solana ETF,,,,,,,,,,nasdaq,https://api.nasdaq.com/api/screener/etf?download=true,True,,,
SOLZ,SOLZ,Solana ETF,,,,,,,,,,nasdaq,https://api.nasdaq.com/api/screener/etf?download=true,True,,,
SOUX,SOUX,Defiance Daily Target 2X Long SOUN ETF,,,,,,,,,,nasdaq,https://api.nasdaq.com/api/screener/etf?download=true,True,,,
SOVF,SOVF,Elevation Series Trust Sovereign's Capital Flourish Fund,,,,,,,,,,nasdaq,https://api.nasdaq.com/api/screener/etf?download=true,True,,,
SOXL,SOXL,Direxion Daily Semiconductor Bull 3X ETF,,,,,,,,,,nasdaq,https://api.nasdaq.com/api/screener/etf?download=true,True,,,
SOXQ,SOXQ,Invesco PHLX Semiconductor ETF,,,,,,,,,,nasdaq,https://api.nasdaq.com/api/screener/etf?download=true,True,,,
SOXS,SOXS,Direxion Daily Semiconductor Bear 3X ETF,,,,,,,,,,nasdaq,https://api.nasdaq.com/api/screener/etf?download=true,True,,,
SOXX,SOXX,iShares PHLX SOX Semiconductor Sector Index Fund,,,,,,,,,,nasdaq,https://api.nasdaq.com/api/screener/etf?download=true,True,,,
SOXY,SOXY,Tidal Trust II YieldMax Target 12 Semiconductor Option Income ,,,,,,,,,,nasdaq,https://api.nasdaq.com/api/screener/etf?download=true,True,,,
SOYB,SOYB,Teucrium Soybean Fund ETV,0001471824,,,NYSE,,,,,,nasdaq,https://api.nasdaq.com/api/screener/etf?download=true,True,,,
SPAB,SPAB,State Street SPDR Portfolio Aggregate Bond ETF,,,,,,,,,,nasdaq,https://api.nasdaq.com/api/screener/etf?download=true,True,,,
SPAM,SPAM,Themes Cybersecurity ETF,,,,,,,,,,nasdaq,https://api.nasdaq.com/api/screener/etf?download=true,True,,,
SPAQ,SPAQ,Horizon Kinetics SPAC Active ETF,,,,,,,,,,nasdaq,https://api.nasdaq.com/api/screener/etf?download=true,True,,,
SPBC,SPBC,Simplify US Equity PLUS Bitcoin Strategy ETF,,,,,,,,,,nasdaq,https://api.nasdaq.com/api/screener/etf?download=true,True,,,
SPBO,SPBO,State Street SPDR Portfolio Corporate Bond ETF,,,,,,,,,,nasdaq,https://api.nasdaq.com/api/screener/etf?download=true,True,,,
SPBU,SPBU,AIM ETF Products Trust AllianzIM Buffer15 Uncapped Allocation ,,,,,,,,,,nasdaq,https://api.nasdaq.com/api/screener/etf?download=true,True,,,
SPBW,SPBW,AIM ETF Products Trust AllianzIM Buffer20 Allocation ETF,,,,,,,,,,nasdaq,https://api.nasdaq.com/api/screener/etf?download=true,True,,,
SPBX,SPBX,AIM ETF Products Trust AllianzIM 6 Month Buffer10 Allocation E,,,,,,,,,,nasdaq,https://api.nasdaq.com/api/screener/etf?download=true,True,,,
SPCK,SPCK,SPAC and New Issue ETF,,,,,,,,,,nasdaq,https://api.nasdaq.com/api/screener/etf?download=true,True,,,
SPCT,SPCT,Liberty One Spectrum ETF,,,,,,,,,,nasdaq,https://api.nasdaq.com/api/screener/etf?download=true,True,,,
SPCZ,SPCZ,Listed Funds Trust RiverNorth Enhanced Pre-Merger SPAC ETF,,,,,,,,,,nasdaq,https://api.nasdaq.com/api/screener/etf?download=true,True,,,
SPD,SPD,Simplify Exchange Traded Funds Simplify US Equity PLUS Downsid,,,,,,,,,,nasdaq,https://api.nasdaq.com/api/screener/etf?download=true,True,,,
SPDG,SPDG,State Street SPDR Portfolio S&P Sector Neutral Dividend ETF,,,,,,,,,,nasdaq,https://api.nasdaq.com/api/screener/etf?download=true,True,,,
SPDN,SPDN,Direxion Daily S&P 500 Bear 1X ETF,,,,,,,,,,nasdaq,https://api.nasdaq.com/api/screener/etf?download=true,True,,,
SPDV,SPDV,AAM S&P 500 High Dividend Value ETF,,,,,,,,,,nasdaq,https://api.nasdaq.com/api/screener/etf?download=true,True,,,
SPDW,SPDW,State Street SPDR Portfolio Developed World ex-US ETF,,,,,,,,,,nasdaq,https://api.nasdaq.com/api/screener/etf?download=true,True,,,
SPEM,SPEM,State Street SPDR Portfolio Emerging Markets ETF,,,,,,,,,,nasdaq,https://api.nasdaq.com/api/screener/etf?download=true,True,,,
SPEU,SPEU,State Street SPDR Portfolio Europe ETF,,,,,,,,,,nasdaq,https://api.nasdaq.com/api/screener/etf?download=true,True,,,
SPFF,SPFF,Global X SuperIncome Preferred ETF,,,,,,,,,,nasdaq,https://api.nasdaq.com/api/screener/etf?download=true,True,,,
SPGM,SPGM,State Street SPDR Portfolio MSCI Global Stock Market ETF,,,,,,,,,,nasdaq,https://api.nasdaq.com/api/screener/etf?download=true,True,,,
SPGP,SPGP,Invesco S&P 500 GARP ETF,,,,,,,,,,nasdaq,https://api.nasdaq.com/api/screener/etf?download=true,True,,,
SPHB,SPHB,Invesco S&P 500 High Beta ETF,,,,,,,,,,nasdaq,https://api.nasdaq.com/api/screener/etf?download=true,True,,,
SPHD,SPHD,Invesco S&P 500 High Dividend Low Volatility ETF,,,,,,,,,,nasdaq,https://api.nasdaq.com/api/screener/etf?download=true,True,,,
SPHQ,SPHQ,Invesco S&P 500 Quality ETF,,,,,,,,,,nasdaq,https://api.nasdaq.com/api/screener/etf?download=true,True,,,
SPHY,SPHY,State Street SPDR Portfolio High Yield Bond ETF,,,,,,,,,,nasdaq,https://api.nasdaq.com/api/screener/etf?download=true,True,,,
SPIB,SPIB,State Street SPDR Portfolio Intermediate Term Corporate Bond E,,,,,,,,,,nasdaq,https://api.nasdaq.com/api/screener/etf?download=true,True,,,
SPIN,SPIN,State Street US Equity Premium Income ETF,,,,,,,,,,nasdaq,https://api.nasdaq.com/api/screener/etf?download=true,True,,,
SPIP,SPIP,State Street SPDR Portfolio TIPS ETF,,,,,,,,,,nasdaq,https://api.nasdaq.com/api/screener/etf?download=true,True,,,
SPIT,SPIT,F/m Emerald Special Situations ETF,,,,,,,,,,nasdaq,https://api.nasdaq.com/api/screener/etf?download=true,True,,,
SPLB,SPLB,State Street SPDR Portfolio Long Term Corporate Bond ETF,,,,,,,,,,nasdaq,https://api.nasdaq.com/api/screener/etf?download=true,True,,,
SPLV,SPLV,Invesco S&P 500 Low Volatility ETF,,,,,,,,,,nasdaq,https://api.nasdaq.com/api/screener/etf?download=true,True,,,
SPMB,SPMB,State Street SPDR Portfolio Mortgage Backed Bond ETF,,,,,,,,,,nasdaq,https://api.nasdaq.com/api/screener/etf?download=true,True,,,
SPMD,SPMD,State Street SPDR Portfolio S&P 400 Mid Cap ETF,,,,,,,,,,nasdaq,https://api.nasdaq.com/api/screener/etf?download=true,True,,,
SPMO,SPMO,Invesco S&P 500 Momentum ETF,,,,,,,,,,nasdaq,https://api.nasdaq.com/api/screener/etf?download=true,True,,,
SPOG,SPOG,Leverage Shares 2x Long SPOT Daily ETF,,,,,,,,,,nasdaq,https://api.nasdaq.com/api/screener/etf?download=true,True,,,
SPPP,SPPP,Sprott Physical Platinum and Palladium Trust,0001539190,,,NYSE,,,,,,nasdaq,https://api.nasdaq.com/api/screener/etf?download=true,True,,,
SPRE,SPRE,SP Funds S&P Global REIT Sharia ETF,,,,,,,,,,nasdaq,https://api.nasdaq.com/api/screener/etf?download=true,True,,,
SPRX,SPRX,Spear Alpha ETF,,,,,,,,,,nasdaq,https://api.nasdaq.com/api/screener/etf?download=true,True,,,
SPSB,SPSB,State Street SPDR Portfolio Short Term Corporate Bond ETF,,,,,,,,,,nasdaq,https://api.nasdaq.com/api/screener/etf?download=true,True,,,
SPSK,SPSK,SP Funds Dow Jones Global Sukuk ETF,,,,,,,,,,nasdaq,https://api.nasdaq.com/api/screener/etf?download=true,True,,,
SPSM,SPSM,State Street SPDR Portfolio S&P 600 Small Cap ETF,,,,,,,,,,nasdaq,https://api.nasdaq.com/api/screener/etf?download=true,True,,,
SPTB,SPTB,State Street SPDR Portfolio Treasury ETF,,,,,,,,,,nasdaq,https://api.nasdaq.com/api/screener/etf?download=true,True,,,
SPTE,SPTE,SP Funds Trust SP Funds S&P Global Technology ETF,,,,,,,,,,nasdaq,https://api.nasdaq.com/api/screener/etf?download=true,True,,,
SPTI,SPTI,State Street SPDR Portfolio Intermediate Term Treasury ETF,,,,,,,,,,nasdaq,https://api.nasdaq.com/api/screener/etf?download=true,True,,,
SPTL,SPTL,State Street SPDR Portfolio Long Term Treasury ETF,,,,,,,,,,nasdaq,https://api.nasdaq.com/api/screener/etf?download=true,True,,,
SPTM,SPTM,State Street SPDR Portfolio S&P 1500 Composite Stock Market ET,,,,,,,,,,nasdaq,https://api.nasdaq.com/api/screener/etf?download=true,True,,,
SPTS,SPTS,State Street SPDR Portfolio Short Term Treasury ETF,,,,,,,,,,nasdaq,https://api.nasdaq.com/api/screener/etf?download=true,True,,,
SPUC,SPUC,Simplify Exchange Traded Funds Simplify US Equity PLUS Upside ,,,,,,,,,,nasdaq,https://api.nasdaq.com/api/screener/etf?download=true,True,,,
SPUS,SPUS,SP Funds S&P 500 Sharia Industry Exclusions ETF,,,,,,,,,,nasdaq,https://api.nasdaq.com/api/screener/etf?download=true,True,,,
SPUT,SPUT,Innovator ETFs Trust Innovator Equity Premium Income - Daily P,,,,,,,,,,nasdaq,https://api.nasdaq.com/api/screener/etf?download=true,True,,,
SPUU,SPUU,Direxion Daily S&P 500 Bull 2X ETF,,,,,,,,,,nasdaq,https://api.nasdaq.com/api/screener/etf?download=true,True,,,
SPVM,SPVM,Invesco S&P 500 Value with Momentum ETF,,,,,,,,,,nasdaq,https://api.nasdaq.com/api/screener/etf?download=true,True,,,
SPWO,SPWO,SP Funds Trust SP Funds S&P World (ex-US) ETF,,,,,,,,,,nasdaq,https://api.nasdaq.com/api/screener/etf?download=true,True,,,
SPXD,SPXD,Xtrackers S&P 500 Diversified Sector Weight ETF,,,,,,,,,,nasdaq,https://api.nasdaq.com/api/screener/etf?download=true,True,,,
SPXE,SPXE,ProShares S&P 500 Ex-Energy ETF,,,,,,,,,,nasdaq,https://api.nasdaq.com/api/screener/etf?download=true,True,,,
SPXL,SPXL,Direxion Daily S&P 500 Bull 3X ETF,,,,,,,,,,nasdaq,https://api.nasdaq.com/api/screener/etf?download=true,True,,,
SPXN,SPXN,ProShares S&P 500 Ex-Financials ETF,,,,,,,,,,nasdaq,https://api.nasdaq.com/api/screener/etf?download=true,True,,,
SPXS,SPXS,Direxion Daily S&P 500 Bear 3X ETF,,,,,,,,,,nasdaq,https://api.nasdaq.com/api/screener/etf?download=true,True,,,
SPXT,SPXT,ProShares S&P 500 Ex-Technology ETF,,,,,,,,,,nasdaq,https://api.nasdaq.com/api/screener/etf?download=true,True,,,
SPXU,SPXU,ProShares UltraPro Short S&P500,,,,,,,,,,nasdaq,https://api.nasdaq.com/api/screener/etf?download=true,True,,,
SPXV,SPXV,ProShares S&P 500 Ex-Health Care ETF,,,,,,,,,,nasdaq,https://api.nasdaq.com/api/screener/etf?download=true,True,,,
SPY,SPY,State Street SPDR S&P 500 ETF Trust Unit,0000884394,,,NYSE,,,,,,nasdaq,https://api.nasdaq.com/api/screener/etf?download=true,True,,,
SPYA,SPYA,The RBB Fund Trust Twin Oak Endure ETF,,,,,,,,,,nasdaq,https://api.nasdaq.com/api/screener/etf?download=true,True,,,
SPYC,SPYC,Simplify Exchange Traded Funds Simplify US Equity PLUS Convexi,,,,,,,,,,nasdaq,https://api.nasdaq.com/api/screener/etf?download=true,True,,,
SPYD,SPYD,State Street SPDR Portfolio S&P 500 High Dividend ETF,,,,,,,,,,nasdaq,https://api.nasdaq.com/api/screener/etf?download=true,True,,,
SPYG,SPYG,State Street SPDR Portfolio S&P 500 Growth ETF,,,,,,,,,,nasdaq,https://api.nasdaq.com/api/screener/etf?download=true,True,,,
SPYH,SPYH,NEOS ETF Trust NEOS S&P 500 Hedged Equity Income ETF,,,,,,,,,,nasdaq,https://api.nasdaq.com/api/screener/etf?download=true,True,,,
SPYI,SPYI,NEOS S&P 500 High Income ETF,,,,,,,,,,nasdaq,https://api.nasdaq.com/api/screener/etf?download=true,True,,,
SPYM,SPYM,State Street SPDR Portfolio S&P 500 ETF,,,,,,,,,,nasdaq,https://api.nasdaq.com/api/screener/etf?download=true,True,,,
SPYQ,SPYQ,Tradr 2X Long SPY Quarterly ETF,,,,,,,,,,nasdaq,https://api.nasdaq.com/api/screener/etf?download=true,True,,,
SPYT,SPYT,Tidal Trust II Defiance S&P 500 Target Income ETF,,,,,,,,,,nasdaq,https://api.nasdaq.com/api/screener/etf?download=true,True,,,
SPYU,SPYU,Bank Of Montreal MAX S&P 500 4X Leveraged ETNs due October 30,,,,,,,,,,nasdaq,https://api.nasdaq.com/api/screener/etf?download=true,True,,,
SPYV,SPYV,State Street SPDR Portfolio S&P 500 Value ETF,,,,,,,,,,nasdaq,https://api.nasdaq.com/api/screener/etf?download=true,True,,,
SPYX,SPYX,State Street SPDR S&P 500 Fossil Fuel Reserves Free ETF,,,,,,,,,,nasdaq,https://api.nasdaq.com/api/screener/etf?download=true,True,,,
SQLV,SQLV,Royce Quant Small-Cap Quality Value ETF,,,,,,,,,,nasdaq,https://api.nasdaq.com/api/screener/etf?download=true,True,,,
SQMX,SQMX,First Trust Exchange-Traded Fund VIII FT Vest U.S. Equity Quar,,,,,,,,,,nasdaq,https://api.nasdaq.com/api/screener/etf?download=true,True,,,
SQQQ,SQQQ,ProShares UltraPro Short QQQ,,,,,,,,,,nasdaq,https://api.nasdaq.com/api/screener/etf?download=true,True,,,
SQS,SQS,Sapient Quality Select ETF,,,,,,,,,,nasdaq,https://api.nasdaq.com/api/screener/etf?download=true,True,,,
SRET,SRET,Global X SuperDividend REIT ETF,,,,,,,,,,nasdaq,https://api.nasdaq.com/api/screener/etf?download=true,True,,,
SRHQ,SRHQ,SRH U.S. Quality GARP ETF,,,,,,,,,,nasdaq,https://api.nasdaq.com/api/screener/etf?download=true,True,,,
SRHR,SRHR,Elevation Series Trust SRH REIT Covered Call ETF,,,,,,,,,,nasdaq,https://api.nasdaq.com/api/screener/etf?download=true,True,,,
SRLN,SRLN,State Street Blackstone Senior Loan ETF,,,,,,,,,,nasdaq,https://api.nasdaq.com/api/screener/etf?download=true,True,,,
SROI,SROI,Calamos ETF Trust Calamos Antetokounmpo Global Sustainable Equ,,,,,,,,,,nasdaq,https://api.nasdaq.com/api/screener/etf?download=true,True,,,
SRPU,SRPU,Investment Managers Series Trust II Tradr 2X Long SRPT Daily E,,,,,,,,,,nasdaq,https://api.nasdaq.com/api/screener/etf?download=true,True,,,
SRS,SRS,ProShares UltraShort Real Estate,,,,,,,,,,nasdaq,https://api.nasdaq.com/api/screener/etf?download=true,True,,,
SRTY,SRTY,ProShares UltraPro Short Russell2000,,,,,,,,,,nasdaq,https://api.nasdaq.com/api/screener/etf?download=true,True,,,
SRVR,SRVR,Pacer Data & Infrastructure Real Estate ETF,,,,,,,,,,nasdaq,https://api.nasdaq.com/api/screener/etf?download=true,True,,,
SSFI,SSFI,Day Hagan Smart Sector Fixed Income ETF,,,,,,,,,,nasdaq,https://api.nasdaq.com/api/screener/etf?download=true,True,,,
SSG,SSG,ProShares UltraShort Semiconductors,,,,,,,,,,nasdaq,https://api.nasdaq.com/api/screener/etf?download=true,True,,,
SSK,SSK,ETF Opportunities Trust REX-Osprey SOL + Staking ETF,,,,,,,,,,nasdaq,https://api.nasdaq.com/api/screener/etf?download=true,True,,,
SSO,SSO,ProShares Ultra S&P500,,,,,,,,,,nasdaq,https://api.nasdaq.com/api/screener/etf?download=true,True,,,
SSPY,SSPY,Exchange Listed Funds Trust Stratified LargeCap Index ETF,,,,,,,,,,nasdaq,https://api.nasdaq.com/api/screener/etf?download=true,True,,,
SSS,SSS,CYBER HORNET S&P 500 and Solana 75/25 Strategy ETF,,,,,,,,,,nasdaq,https://api.nasdaq.com/api/screener/etf?download=true,True,,,
SSUS,SSUS,Day Hagan Smart Sector ETF,,,,,,,,,,nasdaq,https://api.nasdaq.com/api/screener/etf?download=true,True,,,
SSXU,SSXU,Day Hagan Smart Sector International ETF,,,,,,,,,,nasdaq,https://api.nasdaq.com/api/screener/etf?download=true,True,,,
STAX,STAX,Nomura Tax-Free USA Short Term ETF,,,,,,,,,,nasdaq,https://api.nasdaq.com/api/screener/etf?download=true,True,,,
STBF,STBF,Trust for Professional Managers Performance Trust Short Term B,,,,,,,,,,nasdaq,https://api.nasdaq.com/api/screener/etf?download=true,True,,,
STCE,STCE,Schwab Strategic Trust Schwab Crypto Thematic ETF,,,,,,,,,,nasdaq,https://api.nasdaq.com/api/screener/etf?download=true,True,,,
STHH,STHH,Precidian ETFs Trust STMicroelectronics NV ADRhedged,,,,,,,,,,nasdaq,https://api.nasdaq.com/api/screener/etf?download=true,True,,,
STIP,STIP,iShares 0-5 Year TIPS Bond ETF,,,,,,,,,,nasdaq,https://api.nasdaq.com/api/screener/etf?download=true,True,,,
STNC,STNC,Hennessy Sustainable ETF,,,,,,,,,,nasdaq,https://api.nasdaq.com/api/screener/etf?download=true,True,,,
STOT,STOT,State Street DoubleLine Short Duration Total Return Tactical E,,,,,,,,,,nasdaq,https://api.nasdaq.com/api/screener/etf?download=true,True,,,
STOX,STOX,Horizon Funds Horizon Core Equity ETF,,,,,,,,,,nasdaq,https://api.nasdaq.com/api/screener/etf?download=true,True,,,
