sample_id,criterion_name,weight,method,elicitation_source
1,momentum_12_1,0.1153536902626822,random_weight_sensitivity,Dirichlet perturbation centered on BWM_weights_main; no performance tuning.
1,volatility_annualized,0.13661640886980478,random_weight_sensitivity,Dirichlet perturbation centered on BWM_weights_main; no performance tuning.
1,rolling_max_drawdown,0.09668604448104709,random_weight_sensitivity,Dirichlet perturbation centered on BWM_weights_main; no performance tuning.
1,rolling_sortino,0.10756925919130235,random_weight_sensitivity,Dirichlet perturbation centered on BWM_weights_main; no performance tuning.
1,avg_dollar_volume,0.06567423646099611,random_weight_sensitivity,Dirichlet perturbation centered on BWM_weights_main; no performance tuning.
1,expense_ratio,0.10021425127218195,random_weight_sensitivity,Dirichlet perturbation centered on BWM_weights_main; no performance tuning.
1,tracking_error_vs_category_benchmark,0.1049339040885235,random_weight_sensitivity,Dirichlet perturbation centered on BWM_weights_main; no performance tuning.
1,beta_vs_category_benchmark,0.0831330801786484,random_weight_sensitivity,Dirichlet perturbation centered on BWM_weights_main; no performance tuning.
1,marginal_correlation_to_selected_universe,0.11826182949077765,random_weight_sensitivity,Dirichlet perturbation centered on BWM_weights_main; no performance tuning.
1,fund_age_months,0.03853003261166395,random_weight_sensitivity,Dirichlet perturbation centered on BWM_weights_main; no performance tuning.
1,aum_usd,0.0330272630923721,random_weight_sensitivity,Dirichlet perturbation centered on BWM_weights_main; no performance tuning.
2,momentum_12_1,0.15738643216579093,random_weight_sensitivity,Dirichlet perturbation centered on BWM_weights_main; no performance tuning.
2,volatility_annualized,0.08304470758759697,random_weight_sensitivity,Dirichlet perturbation centered on BWM_weights_main; no performance tuning.
2,rolling_max_drawdown,0.2114990680920389,random_weight_sensitivity,Dirichlet perturbation centered on BWM_weights_main; no performance tuning.
2,rolling_sortino,0.11698698475509287,random_weight_sensitivity,Dirichlet perturbation centered on BWM_weights_main; no performance tuning.
2,avg_dollar_volume,0.049150624638759396,random_weight_sensitivity,Dirichlet perturbation centered on BWM_weights_main; no performance tuning.
2,expense_ratio,0.08660259809999543,random_weight_sensitivity,Dirichlet perturbation centered on BWM_weights_main; no performance tuning.
2,tracking_error_vs_category_benchmark,0.09483079209031166,random_weight_sensitivity,Dirichlet perturbation centered on BWM_weights_main; no performance tuning.
2,beta_vs_category_benchmark,0.04114854047276147,random_weight_sensitivity,Dirichlet perturbation centered on BWM_weights_main; no performance tuning.
2,marginal_correlation_to_selected_universe,0.13251543288911483,random_weight_sensitivity,Dirichlet perturbation centered on BWM_weights_main; no performance tuning.
2,fund_age_months,0.004355874177158386,random_weight_sensitivity,Dirichlet perturbation centered on BWM_weights_main; no performance tuning.
2,aum_usd,0.02247894503137909,random_weight_sensitivity,Dirichlet perturbation centered on BWM_weights_main; no performance tuning.
3,momentum_12_1,0.1150740404086079,random_weight_sensitivity,Dirichlet perturbation centered on BWM_weights_main; no performance tuning.
3,volatility_annualized,0.15345316487135433,random_weight_sensitivity,Dirichlet perturbation centered on BWM_weights_main; no performance tuning.
3,rolling_max_drawdown,0.24361414184802624,random_weight_sensitivity,Dirichlet perturbation centered on BWM_weights_main; no performance tuning.
3,rolling_sortino,0.12319996632780988,random_weight_sensitivity,Dirichlet perturbation centered on BWM_weights_main; no performance tuning.
3,avg_dollar_volume,0.03059838916275533,random_weight_sensitivity,Dirichlet perturbation centered on BWM_weights_main; no performance tuning.
3,expense_ratio,0.05557095707338612,random_weight_sensitivity,Dirichlet perturbation centered on BWM_weights_main; no performance tuning.
3,tracking_error_vs_category_benchmark,0.0979544494537358,random_weight_sensitivity,Dirichlet perturbation centered on BWM_weights_main; no performance tuning.
3,beta_vs_category_benchmark,0.044370233175243586,random_weight_sensitivity,Dirichlet perturbation centered on BWM_weights_main; no performance tuning.
3,marginal_correlation_to_selected_universe,0.05049779661037772,random_weight_sensitivity,Dirichlet perturbation centered on BWM_weights_main; no performance tuning.
3,fund_age_months,0.02293105592395007,random_weight_sensitivity,Dirichlet perturbation centered on BWM_weights_main; no performance tuning.
3,aum_usd,0.06273580514475308,random_weight_sensitivity,Dirichlet perturbation centered on BWM_weights_main; no performance tuning.
4,momentum_12_1,0.10057762707066985,random_weight_sensitivity,Dirichlet perturbation centered on BWM_weights_main; no performance tuning.
4,volatility_annualized,0.16176816238579572,random_weight_sensitivity,Dirichlet perturbation centered on BWM_weights_main; no performance tuning.
4,rolling_max_drawdown,0.14033248540175028,random_weight_sensitivity,Dirichlet perturbation centered on BWM_weights_main; no performance tuning.
4,rolling_sortino,0.07801671268787473,random_weight_sensitivity,Dirichlet perturbation centered on BWM_weights_main; no performance tuning.
4,avg_dollar_volume,0.08095053291304329,random_weight_sensitivity,Dirichlet perturbation centered on BWM_weights_main; no performance tuning.
4,expense_ratio,0.060272626919232214,random_weight_sensitivity,Dirichlet perturbation centered on BWM_weights_main; no performance tuning.
4,tracking_error_vs_category_benchmark,0.14845886224132912,random_weight_sensitivity,Dirichlet perturbation centered on BWM_weights_main; no performance tuning.
4,beta_vs_category_benchmark,0.09415857954259396,random_weight_sensitivity,Dirichlet perturbation centered on BWM_weights_main; no performance tuning.
4,marginal_correlation_to_selected_universe,0.09996388520862352,random_weight_sensitivity,Dirichlet perturbation centered on BWM_weights_main; no performance tuning.
4,fund_age_months,0.004907832543604055,random_weight_sensitivity,Dirichlet perturbation centered on BWM_weights_main; no performance tuning.
4,aum_usd,0.030592693085483295,random_weight_sensitivity,Dirichlet perturbation centered on BWM_weights_main; no performance tuning.
5,momentum_12_1,0.14406168548380008,random_weight_sensitivity,Dirichlet perturbation centered on BWM_weights_main; no performance tuning.
5,volatility_annualized,0.1544550593913707,random_weight_sensitivity,Dirichlet perturbation centered on BWM_weights_main; no performance tuning.
5,rolling_max_drawdown,0.19051568883354977,random_weight_sensitivity,Dirichlet perturbation centered on BWM_weights_main; no performance tuning.
5,rolling_sortino,0.054705230156755394,random_weight_sensitivity,Dirichlet perturbation centered on BWM_weights_main; no performance tuning.
5,avg_dollar_volume,0.03630529094239042,random_weight_sensitivity,Dirichlet perturbation centered on BWM_weights_main; no performance tuning.
5,expense_ratio,0.0939582319832835,random_weight_sensitivity,Dirichlet perturbation centered on BWM_weights_main; no performance tuning.
5,tracking_error_vs_category_benchmark,0.10180495732000062,random_weight_sensitivity,Dirichlet perturbation centered on BWM_weights_main; no performance tuning.
5,beta_vs_category_benchmark,0.06419800258629983,random_weight_sensitivity,Dirichlet perturbation centered on BWM_weights_main; no performance tuning.
5,marginal_correlation_to_selected_universe,0.07944414892073835,random_weight_sensitivity,Dirichlet perturbation centered on BWM_weights_main; no performance tuning.
5,fund_age_months,0.007209080910525361,random_weight_sensitivity,Dirichlet perturbation centered on BWM_weights_main; no performance tuning.
5,aum_usd,0.07334262347128585,random_weight_sensitivity,Dirichlet perturbation centered on BWM_weights_main; no performance tuning.
6,momentum_12_1,0.11032544675933266,random_weight_sensitivity,Dirichlet perturbation centered on BWM_weights_main; no performance tuning.
6,volatility_annualized,0.0722382948724322,random_weight_sensitivity,Dirichlet perturbation centered on BWM_weights_main; no performance tuning.
6,rolling_max_drawdown,0.17288985760938352,random_weight_sensitivity,Dirichlet perturbation centered on BWM_weights_main; no performance tuning.
6,rolling_sortino,0.10199799780968935,random_weight_sensitivity,Dirichlet perturbation centered on BWM_weights_main; no performance tuning.
6,avg_dollar_volume,0.12328902728417009,random_weight_sensitivity,Dirichlet perturbation centered on BWM_weights_main; no performance tuning.
6,expense_ratio,0.03416509426568771,random_weight_sensitivity,Dirichlet perturbation centered on BWM_weights_main; no performance tuning.
6,tracking_error_vs_category_benchmark,0.10148910894725174,random_weight_sensitivity,Dirichlet perturbation centered on BWM_weights_main; no performance tuning.
6,beta_vs_category_benchmark,0.08938729812699354,random_weight_sensitivity,Dirichlet perturbation centered on BWM_weights_main; no performance tuning.
6,marginal_correlation_to_selected_universe,0.15990110472267657,random_weight_sensitivity,Dirichlet perturbation centered on BWM_weights_main; no performance tuning.
6,fund_age_months,0.00838396992005317,random_weight_sensitivity,Dirichlet perturbation centered on BWM_weights_main; no performance tuning.
6,aum_usd,0.025932799682329366,random_weight_sensitivity,Dirichlet perturbation centered on BWM_weights_main; no performance tuning.
7,momentum_12_1,0.13176135349509208,random_weight_sensitivity,Dirichlet perturbation centered on BWM_weights_main; no performance tuning.
7,volatility_annualized,0.05279205251628422,random_weight_sensitivity,Dirichlet perturbation centered on BWM_weights_main; no performance tuning.
7,rolling_max_drawdown,0.20550462726825586,random_weight_sensitivity,Dirichlet perturbation centered on BWM_weights_main; no performance tuning.
7,rolling_sortino,0.21097715172038045,random_weight_sensitivity,Dirichlet perturbation centered on BWM_weights_main; no performance tuning.
7,avg_dollar_volume,0.08162637426737267,random_weight_sensitivity,Dirichlet perturbation centered on BWM_weights_main; no performance tuning.
7,expense_ratio,0.01757294591182472,random_weight_sensitivity,Dirichlet perturbation centered on BWM_weights_main; no performance tuning.
7,tracking_error_vs_category_benchmark,0.07246410536359098,random_weight_sensitivity,Dirichlet perturbation centered on BWM_weights_main; no performance tuning.
7,beta_vs_category_benchmark,0.04811952645345154,random_weight_sensitivity,Dirichlet perturbation centered on BWM_weights_main; no performance tuning.
7,marginal_correlation_to_selected_universe,0.15417465904149136,random_weight_sensitivity,Dirichlet perturbation centered on BWM_weights_main; no performance tuning.
7,fund_age_months,0.01577875362982014,random_weight_sensitivity,Dirichlet perturbation centered on BWM_weights_main; no performance tuning.
7,aum_usd,0.009228450332435897,random_weight_sensitivity,Dirichlet perturbation centered on BWM_weights_main; no performance tuning.
8,momentum_12_1,0.09915674763876195,random_weight_sensitivity,Dirichlet perturbation centered on BWM_weights_main; no performance tuning.
8,volatility_annualized,0.10682071746317155,random_weight_sensitivity,Dirichlet perturbation centered on BWM_weights_main; no performance tuning.
8,rolling_max_drawdown,0.15814034367571794,random_weight_sensitivity,Dirichlet perturbation centered on BWM_weights_main; no performance tuning.
8,rolling_sortino,0.06656087269783273,random_weight_sensitivity,Dirichlet perturbation centered on BWM_weights_main; no performance tuning.
8,avg_dollar_volume,0.1646547568981301,random_weight_sensitivity,Dirichlet perturbation centered on BWM_weights_main; no performance tuning.
8,expense_ratio,0.09764193880782869,random_weight_sensitivity,Dirichlet perturbation centered on BWM_weights_main; no performance tuning.
8,tracking_error_vs_category_benchmark,0.14479636699740808,random_weight_sensitivity,Dirichlet perturbation centered on BWM_weights_main; no performance tuning.
8,beta_vs_category_benchmark,0.06064828769997439,random_weight_sensitivity,Dirichlet perturbation centered on BWM_weights_main; no performance tuning.
8,marginal_correlation_to_selected_universe,0.07669762385890488,random_weight_sensitivity,Dirichlet perturbation centered on BWM_weights_main; no performance tuning.
8,fund_age_months,0.011339435843419957,random_weight_sensitivity,Dirichlet perturbation centered on BWM_weights_main; no performance tuning.
8,aum_usd,0.013542908418849657,random_weight_sensitivity,Dirichlet perturbation centered on BWM_weights_main; no performance tuning.
9,momentum_12_1,0.16103722908936474,random_weight_sensitivity,Dirichlet perturbation centered on BWM_weights_main; no performance tuning.
9,volatility_annualized,0.08573301190620448,random_weight_sensitivity,Dirichlet perturbation centered on BWM_weights_main; no performance tuning.
9,rolling_max_drawdown,0.23717918299050067,random_weight_sensitivity,Dirichlet perturbation centered on BWM_weights_main; no performance tuning.
9,rolling_sortino,0.07578965012738588,random_weight_sensitivity,Dirichlet perturbation centered on BWM_weights_main; no performance tuning.
9,avg_dollar_volume,0.07191663377988972,random_weight_sensitivity,Dirichlet perturbation centered on BWM_weights_main; no performance tuning.
9,expense_ratio,0.0639172297251266,random_weight_sensitivity,Dirichlet perturbation centered on BWM_weights_main; no performance tuning.
9,tracking_error_vs_category_benchmark,0.048648766333692174,random_weight_sensitivity,Dirichlet perturbation centered on BWM_weights_main; no performance tuning.
9,beta_vs_category_benchmark,0.1252949518061312,random_weight_sensitivity,Dirichlet perturbation centered on BWM_weights_main; no performance tuning.
9,marginal_correlation_to_selected_universe,0.07669843965222292,random_weight_sensitivity,Dirichlet perturbation centered on BWM_weights_main; no performance tuning.
9,fund_age_months,0.004347152657301333,random_weight_sensitivity,Dirichlet perturbation centered on BWM_weights_main; no performance tuning.
9,aum_usd,0.0494377519321803,random_weight_sensitivity,Dirichlet perturbation centered on BWM_weights_main; no performance tuning.
10,momentum_12_1,0.10923640656352239,random_weight_sensitivity,Dirichlet perturbation centered on BWM_weights_main; no performance tuning.
10,volatility_annualized,0.12518569719860698,random_weight_sensitivity,Dirichlet perturbation centered on BWM_weights_main; no performance tuning.
10,rolling_max_drawdown,0.20478346670553552,random_weight_sensitivity,Dirichlet perturbation centered on BWM_weights_main; no performance tuning.
10,rolling_sortino,0.04122508938369183,random_weight_sensitivity,Dirichlet perturbation centered on BWM_weights_main; no performance tuning.
10,avg_dollar_volume,0.04483503137674596,random_weight_sensitivity,Dirichlet perturbation centered on BWM_weights_main; no performance tuning.
10,expense_ratio,0.04391994248235385,random_weight_sensitivity,Dirichlet perturbation centered on BWM_weights_main; no performance tuning.
10,tracking_error_vs_category_benchmark,0.15549526423591103,random_weight_sensitivity,Dirichlet perturbation centered on BWM_weights_main; no performance tuning.
10,beta_vs_category_benchmark,0.07206896880456058,random_weight_sensitivity,Dirichlet perturbation centered on BWM_weights_main; no performance tuning.
10,marginal_correlation_to_selected_universe,0.13267658047834602,random_weight_sensitivity,Dirichlet perturbation centered on BWM_weights_main; no performance tuning.
10,fund_age_months,0.01408304905930467,random_weight_sensitivity,Dirichlet perturbation centered on BWM_weights_main; no performance tuning.
10,aum_usd,0.056490503711421204,random_weight_sensitivity,Dirichlet perturbation centered on BWM_weights_main; no performance tuning.
11,momentum_12_1,0.10137979890845347,random_weight_sensitivity,Dirichlet perturbation centered on BWM_weights_main; no performance tuning.
11,volatility_annualized,0.0984880073186328,random_weight_sensitivity,Dirichlet perturbation centered on BWM_weights_main; no performance tuning.
11,rolling_max_drawdown,0.2073235776091031,random_weight_sensitivity,Dirichlet perturbation centered on BWM_weights_main; no performance tuning.
11,rolling_sortino,0.11204771676773118,random_weight_sensitivity,Dirichlet perturbation centered on BWM_weights_main; no performance tuning.
11,avg_dollar_volume,0.20210762027430296,random_weight_sensitivity,Dirichlet perturbation centered on BWM_weights_main; no performance tuning.
11,expense_ratio,0.04398515791020012,random_weight_sensitivity,Dirichlet perturbation centered on BWM_weights_main; no performance tuning.
11,tracking_error_vs_category_benchmark,0.0556555596701607,random_weight_sensitivity,Dirichlet perturbation centered on BWM_weights_main; no performance tuning.
11,beta_vs_category_benchmark,0.08179631691924519,random_weight_sensitivity,Dirichlet perturbation centered on BWM_weights_main; no performance tuning.
11,marginal_correlation_to_selected_universe,0.07906323545657193,random_weight_sensitivity,Dirichlet perturbation centered on BWM_weights_main; no performance tuning.
11,fund_age_months,0.0005934646042310019,random_weight_sensitivity,Dirichlet perturbation centered on BWM_weights_main; no performance tuning.
11,aum_usd,0.017559544561367355,random_weight_sensitivity,Dirichlet perturbation centered on BWM_weights_main; no performance tuning.
12,momentum_12_1,0.17871731967497134,random_weight_sensitivity,Dirichlet perturbation centered on BWM_weights_main; no performance tuning.
12,volatility_annualized,0.05570081238325801,random_weight_sensitivity,Dirichlet perturbation centered on BWM_weights_main; no performance tuning.
12,rolling_max_drawdown,0.08276230361995365,random_weight_sensitivity,Dirichlet perturbation centered on BWM_weights_main; no performance tuning.
12,rolling_sortino,0.17418320464048306,random_weight_sensitivity,Dirichlet perturbation centered on BWM_weights_main; no performance tuning.
12,avg_dollar_volume,0.028613260457397843,random_weight_sensitivity,Dirichlet perturbation centered on BWM_weights_main; no performance tuning.
12,expense_ratio,0.17423022003981092,random_weight_sensitivity,Dirichlet perturbation centered on BWM_weights_main; no performance tuning.
12,tracking_error_vs_category_benchmark,0.06982149805425573,random_weight_sensitivity,Dirichlet perturbation centered on BWM_weights_main; no performance tuning.
12,beta_vs_category_benchmark,0.11355651708893622,random_weight_sensitivity,Dirichlet perturbation centered on BWM_weights_main; no performance tuning.
12,marginal_correlation_to_selected_universe,0.073560506785763,random_weight_sensitivity,Dirichlet perturbation centered on BWM_weights_main; no performance tuning.
12,fund_age_months,0.021584591977540046,random_weight_sensitivity,Dirichlet perturbation centered on BWM_weights_main; no performance tuning.
12,aum_usd,0.02726976527763012,random_weight_sensitivity,Dirichlet perturbation centered on BWM_weights_main; no performance tuning.
13,momentum_12_1,0.08856635872146416,random_weight_sensitivity,Dirichlet perturbation centered on BWM_weights_main; no performance tuning.
13,volatility_annualized,0.10724567886126507,random_weight_sensitivity,Dirichlet perturbation centered on BWM_weights_main; no performance tuning.
13,rolling_max_drawdown,0.2044224178061188,random_weight_sensitivity,Dirichlet perturbation centered on BWM_weights_main; no performance tuning.
13,rolling_sortino,0.1040342428615323,random_weight_sensitivity,Dirichlet perturbation centered on BWM_weights_main; no performance tuning.
13,avg_dollar_volume,0.06507258899979722,random_weight_sensitivity,Dirichlet perturbation centered on BWM_weights_main; no performance tuning.
13,expense_ratio,0.04296282354215692,random_weight_sensitivity,Dirichlet perturbation centered on BWM_weights_main; no performance tuning.
13,tracking_error_vs_category_benchmark,0.09391280520038126,random_weight_sensitivity,Dirichlet perturbation centered on BWM_weights_main; no performance tuning.
13,beta_vs_category_benchmark,0.12819773816723723,random_weight_sensitivity,Dirichlet perturbation centered on BWM_weights_main; no performance tuning.
13,marginal_correlation_to_selected_universe,0.070436186640731,random_weight_sensitivity,Dirichlet perturbation centered on BWM_weights_main; no performance tuning.
13,fund_age_months,0.022301250877654753,random_weight_sensitivity,Dirichlet perturbation centered on BWM_weights_main; no performance tuning.
13,aum_usd,0.07284790832166146,random_weight_sensitivity,Dirichlet perturbation centered on BWM_weights_main; no performance tuning.
14,momentum_12_1,0.11433934506996205,random_weight_sensitivity,Dirichlet perturbation centered on BWM_weights_main; no performance tuning.
14,volatility_annualized,0.13499458023888689,random_weight_sensitivity,Dirichlet perturbation centered on BWM_weights_main; no performance tuning.
14,rolling_max_drawdown,0.12083990463986813,random_weight_sensitivity,Dirichlet perturbation centered on BWM_weights_main; no performance tuning.
14,rolling_sortino,0.10515078754236912,random_weight_sensitivity,Dirichlet perturbation centered on BWM_weights_main; no performance tuning.
14,avg_dollar_volume,0.05273943685340929,random_weight_sensitivity,Dirichlet perturbation centered on BWM_weights_main; no performance tuning.
14,expense_ratio,0.05387321588377556,random_weight_sensitivity,Dirichlet perturbation centered on BWM_weights_main; no performance tuning.
14,tracking_error_vs_category_benchmark,0.16329611859880414,random_weight_sensitivity,Dirichlet perturbation centered on BWM_weights_main; no performance tuning.
14,beta_vs_category_benchmark,0.05430409102565771,random_weight_sensitivity,Dirichlet perturbation centered on BWM_weights_main; no performance tuning.
14,marginal_correlation_to_selected_universe,0.10648867642744606,random_weight_sensitivity,Dirichlet perturbation centered on BWM_weights_main; no performance tuning.
14,fund_age_months,0.0014249662121355955,random_weight_sensitivity,Dirichlet perturbation centered on BWM_weights_main; no performance tuning.
14,aum_usd,0.09254887750768548,random_weight_sensitivity,Dirichlet perturbation centered on BWM_weights_main; no performance tuning.
15,momentum_12_1,0.11590076572372364,random_weight_sensitivity,Dirichlet perturbation centered on BWM_weights_main; no performance tuning.
15,volatility_annualized,0.08109110580023182,random_weight_sensitivity,Dirichlet perturbation centered on BWM_weights_main; no performance tuning.
15,rolling_max_drawdown,0.13663121339585405,random_weight_sensitivity,Dirichlet perturbation centered on BWM_weights_main; no performance tuning.
15,rolling_sortino,0.10443994194390203,random_weight_sensitivity,Dirichlet perturbation centered on BWM_weights_main; no performance tuning.
15,avg_dollar_volume,0.09272269667085645,random_weight_sensitivity,Dirichlet perturbation centered on BWM_weights_main; no performance tuning.
15,expense_ratio,0.116668741305197,random_weight_sensitivity,Dirichlet perturbation centered on BWM_weights_main; no performance tuning.
15,tracking_error_vs_category_benchmark,0.1143954841938687,random_weight_sensitivity,Dirichlet perturbation centered on BWM_weights_main; no performance tuning.
15,beta_vs_category_benchmark,0.05573587177799056,random_weight_sensitivity,Dirichlet perturbation centered on BWM_weights_main; no performance tuning.
15,marginal_correlation_to_selected_universe,0.1212869220601934,random_weight_sensitivity,Dirichlet perturbation centered on BWM_weights_main; no performance tuning.
15,fund_age_months,0.029152883860061124,random_weight_sensitivity,Dirichlet perturbation centered on BWM_weights_main; no performance tuning.
15,aum_usd,0.031974373268121074,random_weight_sensitivity,Dirichlet perturbation centered on BWM_weights_main; no performance tuning.
16,momentum_12_1,0.13611758454200648,random_weight_sensitivity,Dirichlet perturbation centered on BWM_weights_main; no performance tuning.
16,volatility_annualized,0.1351107429979302,random_weight_sensitivity,Dirichlet perturbation centered on BWM_weights_main; no performance tuning.
16,rolling_max_drawdown,0.18158681411861596,random_weight_sensitivity,Dirichlet perturbation centered on BWM_weights_main; no performance tuning.
16,rolling_sortino,0.08180258316714077,random_weight_sensitivity,Dirichlet perturbation centered on BWM_weights_main; no performance tuning.
16,avg_dollar_volume,0.08958462762897192,random_weight_sensitivity,Dirichlet perturbation centered on BWM_weights_main; no performance tuning.
16,expense_ratio,0.0376428017200999,random_weight_sensitivity,Dirichlet perturbation centered on BWM_weights_main; no performance tuning.
16,tracking_error_vs_category_benchmark,0.059280499193875506,random_weight_sensitivity,Dirichlet perturbation centered on BWM_weights_main; no performance tuning.
16,beta_vs_category_benchmark,0.0769335005869298,random_weight_sensitivity,Dirichlet perturbation centered on BWM_weights_main; no performance tuning.
16,marginal_correlation_to_selected_universe,0.12910358682212347,random_weight_sensitivity,Dirichlet perturbation centered on BWM_weights_main; no performance tuning.
16,fund_age_months,0.02412599037836536,random_weight_sensitivity,Dirichlet perturbation centered on BWM_weights_main; no performance tuning.
16,aum_usd,0.04871126884394057,random_weight_sensitivity,Dirichlet perturbation centered on BWM_weights_main; no performance tuning.
17,momentum_12_1,0.033221814805544,random_weight_sensitivity,Dirichlet perturbation centered on BWM_weights_main; no performance tuning.
17,volatility_annualized,0.11197012237105722,random_weight_sensitivity,Dirichlet perturbation centered on BWM_weights_main; no performance tuning.
17,rolling_max_drawdown,0.2449380554937032,random_weight_sensitivity,Dirichlet perturbation centered on BWM_weights_main; no performance tuning.
17,rolling_sortino,0.1230959319813299,random_weight_sensitivity,Dirichlet perturbation centered on BWM_weights_main; no performance tuning.
17,avg_dollar_volume,0.08467498481537289,random_weight_sensitivity,Dirichlet perturbation centered on BWM_weights_main; no performance tuning.
17,expense_ratio,0.0646550472201268,random_weight_sensitivity,Dirichlet perturbation centered on BWM_weights_main; no performance tuning.
17,tracking_error_vs_category_benchmark,0.09899508532003934,random_weight_sensitivity,Dirichlet perturbation centered on BWM_weights_main; no performance tuning.
17,beta_vs_category_benchmark,0.053425386390845,random_weight_sensitivity,Dirichlet perturbation centered on BWM_weights_main; no performance tuning.
17,marginal_correlation_to_selected_universe,0.10344956979778655,random_weight_sensitivity,Dirichlet perturbation centered on BWM_weights_main; no performance tuning.
17,fund_age_months,0.004609137824875953,random_weight_sensitivity,Dirichlet perturbation centered on BWM_weights_main; no performance tuning.
17,aum_usd,0.07696486397931906,random_weight_sensitivity,Dirichlet perturbation centered on BWM_weights_main; no performance tuning.
18,momentum_12_1,0.06253544930952999,random_weight_sensitivity,Dirichlet perturbation centered on BWM_weights_main; no performance tuning.
18,volatility_annualized,0.12337297385462719,random_weight_sensitivity,Dirichlet perturbation centered on BWM_weights_main; no performance tuning.
18,rolling_max_drawdown,0.23633097985121027,random_weight_sensitivity,Dirichlet perturbation centered on BWM_weights_main; no performance tuning.
18,rolling_sortino,0.12325755583807131,random_weight_sensitivity,Dirichlet perturbation centered on BWM_weights_main; no performance tuning.
18,avg_dollar_volume,0.1557924903162112,random_weight_sensitivity,Dirichlet perturbation centered on BWM_weights_main; no performance tuning.
18,expense_ratio,0.016824083228378698,random_weight_sensitivity,Dirichlet perturbation centered on BWM_weights_main; no performance tuning.
18,tracking_error_vs_category_benchmark,0.07355725956909803,random_weight_sensitivity,Dirichlet perturbation centered on BWM_weights_main; no performance tuning.
18,beta_vs_category_benchmark,0.10504119028576483,random_weight_sensitivity,Dirichlet perturbation centered on BWM_weights_main; no performance tuning.
18,marginal_correlation_to_selected_universe,0.05103597169111451,random_weight_sensitivity,Dirichlet perturbation centered on BWM_weights_main; no performance tuning.
18,fund_age_months,0.006634492615218677,random_weight_sensitivity,Dirichlet perturbation centered on BWM_weights_main; no performance tuning.
18,aum_usd,0.045617553440775095,random_weight_sensitivity,Dirichlet perturbation centered on BWM_weights_main; no performance tuning.
19,momentum_12_1,0.11064256144199558,random_weight_sensitivity,Dirichlet perturbation centered on BWM_weights_main; no performance tuning.
19,volatility_annualized,0.12973270887028696,random_weight_sensitivity,Dirichlet perturbation centered on BWM_weights_main; no performance tuning.
19,rolling_max_drawdown,0.2053754080125755,random_weight_sensitivity,Dirichlet perturbation centered on BWM_weights_main; no performance tuning.
19,rolling_sortino,0.11863595466302285,random_weight_sensitivity,Dirichlet perturbation centered on BWM_weights_main; no performance tuning.
19,avg_dollar_volume,0.048044505302392536,random_weight_sensitivity,Dirichlet perturbation centered on BWM_weights_main; no performance tuning.
19,expense_ratio,0.07737297263284097,random_weight_sensitivity,Dirichlet perturbation centered on BWM_weights_main; no performance tuning.
19,tracking_error_vs_category_benchmark,0.09181490669000651,random_weight_sensitivity,Dirichlet perturbation centered on BWM_weights_main; no performance tuning.
19,beta_vs_category_benchmark,0.061163770211079334,random_weight_sensitivity,Dirichlet perturbation centered on BWM_weights_main; no performance tuning.
19,marginal_correlation_to_selected_universe,0.14899285892916736,random_weight_sensitivity,Dirichlet perturbation centered on BWM_weights_main; no performance tuning.
19,fund_age_months,0.003889312140070735,random_weight_sensitivity,Dirichlet perturbation centered on BWM_weights_main; no performance tuning.
19,aum_usd,0.0043350411065616315,random_weight_sensitivity,Dirichlet perturbation centered on BWM_weights_main; no performance tuning.
20,momentum_12_1,0.13611168948392335,random_weight_sensitivity,Dirichlet perturbation centered on BWM_weights_main; no performance tuning.
20,volatility_annualized,0.11023723583439046,random_weight_sensitivity,Dirichlet perturbation centered on BWM_weights_main; no performance tuning.
20,rolling_max_drawdown,0.26988610316132716,random_weight_sensitivity,Dirichlet perturbation centered on BWM_weights_main; no performance tuning.
20,rolling_sortino,0.07317831040989953,random_weight_sensitivity,Dirichlet perturbation centered on BWM_weights_main; no performance tuning.
20,avg_dollar_volume,0.06279877947934831,random_weight_sensitivity,Dirichlet perturbation centered on BWM_weights_main; no performance tuning.
20,expense_ratio,0.06913346011022861,random_weight_sensitivity,Dirichlet perturbation centered on BWM_weights_main; no performance tuning.
20,tracking_error_vs_category_benchmark,0.07914826009438525,random_weight_sensitivity,Dirichlet perturbation centered on BWM_weights_main; no performance tuning.
20,beta_vs_category_benchmark,0.040614655819481454,random_weight_sensitivity,Dirichlet perturbation centered on BWM_weights_main; no performance tuning.
20,marginal_correlation_to_selected_universe,0.13885022006509368,random_weight_sensitivity,Dirichlet perturbation centered on BWM_weights_main; no performance tuning.
20,fund_age_months,0.0031683313176957624,random_weight_sensitivity,Dirichlet perturbation centered on BWM_weights_main; no performance tuning.
20,aum_usd,0.01687295422422642,random_weight_sensitivity,Dirichlet perturbation centered on BWM_weights_main; no performance tuning.
21,momentum_12_1,0.08824599676657777,random_weight_sensitivity,Dirichlet perturbation centered on BWM_weights_main; no performance tuning.
21,volatility_annualized,0.13287388900350366,random_weight_sensitivity,Dirichlet perturbation centered on BWM_weights_main; no performance tuning.
21,rolling_max_drawdown,0.14370178608785653,random_weight_sensitivity,Dirichlet perturbation centered on BWM_weights_main; no performance tuning.
21,rolling_sortino,0.0704815318372522,random_weight_sensitivity,Dirichlet perturbation centered on BWM_weights_main; no performance tuning.
21,avg_dollar_volume,0.054783447610072394,random_weight_sensitivity,Dirichlet perturbation centered on BWM_weights_main; no performance tuning.
21,expense_ratio,0.07208914185252806,random_weight_sensitivity,Dirichlet perturbation centered on BWM_weights_main; no performance tuning.
21,tracking_error_vs_category_benchmark,0.08073690335370798,random_weight_sensitivity,Dirichlet perturbation centered on BWM_weights_main; no performance tuning.
21,beta_vs_category_benchmark,0.09909768985536292,random_weight_sensitivity,Dirichlet perturbation centered on BWM_weights_main; no performance tuning.
21,marginal_correlation_to_selected_universe,0.142015369929544,random_weight_sensitivity,Dirichlet perturbation centered on BWM_weights_main; no performance tuning.
21,fund_age_months,0.01468716667615029,random_weight_sensitivity,Dirichlet perturbation centered on BWM_weights_main; no performance tuning.
21,aum_usd,0.101287077027444,random_weight_sensitivity,Dirichlet perturbation centered on BWM_weights_main; no performance tuning.
22,momentum_12_1,0.1021409301090511,random_weight_sensitivity,Dirichlet perturbation centered on BWM_weights_main; no performance tuning.
22,volatility_annualized,0.14941561078866727,random_weight_sensitivity,Dirichlet perturbation centered on BWM_weights_main; no performance tuning.
22,rolling_max_drawdown,0.19957277916666655,random_weight_sensitivity,Dirichlet perturbation centered on BWM_weights_main; no performance tuning.
22,rolling_sortino,0.11253480247418048,random_weight_sensitivity,Dirichlet perturbation centered on BWM_weights_main; no performance tuning.
22,avg_dollar_volume,0.025299775619140808,random_weight_sensitivity,Dirichlet perturbation centered on BWM_weights_main; no performance tuning.
22,expense_ratio,0.03446134046321138,random_weight_sensitivity,Dirichlet perturbation centered on BWM_weights_main; no performance tuning.
22,tracking_error_vs_category_benchmark,0.08793881982593552,random_weight_sensitivity,Dirichlet perturbation centered on BWM_weights_main; no performance tuning.
22,beta_vs_category_benchmark,0.10745050333483648,random_weight_sensitivity,Dirichlet perturbation centered on BWM_weights_main; no performance tuning.
22,marginal_correlation_to_selected_universe,0.11402469518043802,random_weight_sensitivity,Dirichlet perturbation centered on BWM_weights_main; no performance tuning.
22,fund_age_months,0.013379741968118147,random_weight_sensitivity,Dirichlet perturbation centered on BWM_weights_main; no performance tuning.
22,aum_usd,0.053781001069754336,random_weight_sensitivity,Dirichlet perturbation centered on BWM_weights_main; no performance tuning.
23,momentum_12_1,0.14917465076788786,random_weight_sensitivity,Dirichlet perturbation centered on BWM_weights_main; no performance tuning.
23,volatility_annualized,0.09984691426429783,random_weight_sensitivity,Dirichlet perturbation centered on BWM_weights_main; no performance tuning.
23,rolling_max_drawdown,0.19377971818859585,random_weight_sensitivity,Dirichlet perturbation centered on BWM_weights_main; no performance tuning.
23,rolling_sortino,0.10334185364373286,random_weight_sensitivity,Dirichlet perturbation centered on BWM_weights_main; no performance tuning.
23,avg_dollar_volume,0.06273063745187703,random_weight_sensitivity,Dirichlet perturbation centered on BWM_weights_main; no performance tuning.
23,expense_ratio,0.042340129328478526,random_weight_sensitivity,Dirichlet perturbation centered on BWM_weights_main; no performance tuning.
23,tracking_error_vs_category_benchmark,0.06893695559764383,random_weight_sensitivity,Dirichlet perturbation centered on BWM_weights_main; no performance tuning.
23,beta_vs_category_benchmark,0.08666151202783325,random_weight_sensitivity,Dirichlet perturbation centered on BWM_weights_main; no performance tuning.
23,marginal_correlation_to_selected_universe,0.15031377800100582,random_weight_sensitivity,Dirichlet perturbation centered on BWM_weights_main; no performance tuning.
23,fund_age_months,0.013390365371140694,random_weight_sensitivity,Dirichlet perturbation centered on BWM_weights_main; no performance tuning.
23,aum_usd,0.029483485357506476,random_weight_sensitivity,Dirichlet perturbation centered on BWM_weights_main; no performance tuning.
24,momentum_12_1,0.04249456798535232,random_weight_sensitivity,Dirichlet perturbation centered on BWM_weights_main; no performance tuning.
24,volatility_annualized,0.038935550322385826,random_weight_sensitivity,Dirichlet perturbation centered on BWM_weights_main; no performance tuning.
24,rolling_max_drawdown,0.26761459823998607,random_weight_sensitivity,Dirichlet perturbation centered on BWM_weights_main; no performance tuning.
24,rolling_sortino,0.07351156901847528,random_weight_sensitivity,Dirichlet perturbation centered on BWM_weights_main; no performance tuning.
24,avg_dollar_volume,0.1807370354580549,random_weight_sensitivity,Dirichlet perturbation centered on BWM_weights_main; no performance tuning.
24,expense_ratio,0.048185649016924126,random_weight_sensitivity,Dirichlet perturbation centered on BWM_weights_main; no performance tuning.
24,tracking_error_vs_category_benchmark,0.049017595247919495,random_weight_sensitivity,Dirichlet perturbation centered on BWM_weights_main; no performance tuning.
24,beta_vs_category_benchmark,0.06814494903440149,random_weight_sensitivity,Dirichlet perturbation centered on BWM_weights_main; no performance tuning.
24,marginal_correlation_to_selected_universe,0.13572790580212832,random_weight_sensitivity,Dirichlet perturbation centered on BWM_weights_main; no performance tuning.
24,fund_age_months,0.03208278676150579,random_weight_sensitivity,Dirichlet perturbation centered on BWM_weights_main; no performance tuning.
24,aum_usd,0.06354779311286642,random_weight_sensitivity,Dirichlet perturbation centered on BWM_weights_main; no performance tuning.
25,momentum_12_1,0.06570441325058615,random_weight_sensitivity,Dirichlet perturbation centered on BWM_weights_main; no performance tuning.
25,volatility_annualized,0.16520925766455177,random_weight_sensitivity,Dirichlet perturbation centered on BWM_weights_main; no performance tuning.
25,rolling_max_drawdown,0.2712248050109945,random_weight_sensitivity,Dirichlet perturbation centered on BWM_weights_main; no performance tuning.
25,rolling_sortino,0.17208528732848283,random_weight_sensitivity,Dirichlet perturbation centered on BWM_weights_main; no performance tuning.
25,avg_dollar_volume,0.07386868875052084,random_weight_sensitivity,Dirichlet perturbation centered on BWM_weights_main; no performance tuning.
25,expense_ratio,0.05384864418327803,random_weight_sensitivity,Dirichlet perturbation centered on BWM_weights_main; no performance tuning.
25,tracking_error_vs_category_benchmark,0.0830880740404242,random_weight_sensitivity,Dirichlet perturbation centered on BWM_weights_main; no performance tuning.
25,beta_vs_category_benchmark,0.025969939619628627,random_weight_sensitivity,Dirichlet perturbation centered on BWM_weights_main; no performance tuning.
25,marginal_correlation_to_selected_universe,0.07988559006045981,random_weight_sensitivity,Dirichlet perturbation centered on BWM_weights_main; no performance tuning.
25,fund_age_months,0.00023004080324289463,random_weight_sensitivity,Dirichlet perturbation centered on BWM_weights_main; no performance tuning.
25,aum_usd,0.008885259287830297,random_weight_sensitivity,Dirichlet perturbation centered on BWM_weights_main; no performance tuning.
26,momentum_12_1,0.11983675040339078,random_weight_sensitivity,Dirichlet perturbation centered on BWM_weights_main; no performance tuning.
26,volatility_annualized,0.09773541741926803,random_weight_sensitivity,Dirichlet perturbation centered on BWM_weights_main; no performance tuning.
26,rolling_max_drawdown,0.20996502992789082,random_weight_sensitivity,Dirichlet perturbation centered on BWM_weights_main; no performance tuning.
26,rolling_sortino,0.14281200093665855,random_weight_sensitivity,Dirichlet perturbation centered on BWM_weights_main; no performance tuning.
26,avg_dollar_volume,0.0849507899895586,random_weight_sensitivity,Dirichlet perturbation centered on BWM_weights_main; no performance tuning.
26,expense_ratio,0.08143051517729533,random_weight_sensitivity,Dirichlet perturbation centered on BWM_weights_main; no performance tuning.
26,tracking_error_vs_category_benchmark,0.10473877908156741,random_weight_sensitivity,Dirichlet perturbation centered on BWM_weights_main; no performance tuning.
26,beta_vs_category_benchmark,0.04684341459220382,random_weight_sensitivity,Dirichlet perturbation centered on BWM_weights_main; no performance tuning.
26,marginal_correlation_to_selected_universe,0.06236219418058104,random_weight_sensitivity,Dirichlet perturbation centered on BWM_weights_main; no performance tuning.
26,fund_age_months,0.011358182640614514,random_weight_sensitivity,Dirichlet perturbation centered on BWM_weights_main; no performance tuning.
26,aum_usd,0.037966925650970935,random_weight_sensitivity,Dirichlet perturbation centered on BWM_weights_main; no performance tuning.
27,momentum_12_1,0.0990867990942136,random_weight_sensitivity,Dirichlet perturbation centered on BWM_weights_main; no performance tuning.
27,volatility_annualized,0.1370852068502369,random_weight_sensitivity,Dirichlet perturbation centered on BWM_weights_main; no performance tuning.
27,rolling_max_drawdown,0.16833647286884107,random_weight_sensitivity,Dirichlet perturbation centered on BWM_weights_main; no performance tuning.
27,rolling_sortino,0.12034372902668418,random_weight_sensitivity,Dirichlet perturbation centered on BWM_weights_main; no performance tuning.
27,avg_dollar_volume,0.027214525458807762,random_weight_sensitivity,Dirichlet perturbation centered on BWM_weights_main; no performance tuning.
27,expense_ratio,0.0716184948265468,random_weight_sensitivity,Dirichlet perturbation centered on BWM_weights_main; no performance tuning.
27,tracking_error_vs_category_benchmark,0.10474025388506515,random_weight_sensitivity,Dirichlet perturbation centered on BWM_weights_main; no performance tuning.
27,beta_vs_category_benchmark,0.11563692343395314,random_weight_sensitivity,Dirichlet perturbation centered on BWM_weights_main; no performance tuning.
27,marginal_correlation_to_selected_universe,0.0874276314325745,random_weight_sensitivity,Dirichlet perturbation centered on BWM_weights_main; no performance tuning.
27,fund_age_months,0.012945914383542464,random_weight_sensitivity,Dirichlet perturbation centered on BWM_weights_main; no performance tuning.
27,aum_usd,0.055564048739534494,random_weight_sensitivity,Dirichlet perturbation centered on BWM_weights_main; no performance tuning.
28,momentum_12_1,0.06467519119488276,random_weight_sensitivity,Dirichlet perturbation centered on BWM_weights_main; no performance tuning.
28,volatility_annualized,0.11966973127323394,random_weight_sensitivity,Dirichlet perturbation centered on BWM_weights_main; no performance tuning.
28,rolling_max_drawdown,0.13384964068242217,random_weight_sensitivity,Dirichlet perturbation centered on BWM_weights_main; no performance tuning.
28,rolling_sortino,0.21109621290269118,random_weight_sensitivity,Dirichlet perturbation centered on BWM_weights_main; no performance tuning.
28,avg_dollar_volume,0.05654453204762616,random_weight_sensitivity,Dirichlet perturbation centered on BWM_weights_main; no performance tuning.
28,expense_ratio,0.0340728480762634,random_weight_sensitivity,Dirichlet perturbation centered on BWM_weights_main; no performance tuning.
28,tracking_error_vs_category_benchmark,0.08744520300544346,random_weight_sensitivity,Dirichlet perturbation centered on BWM_weights_main; no performance tuning.
28,beta_vs_category_benchmark,0.07957601960325669,random_weight_sensitivity,Dirichlet perturbation centered on BWM_weights_main; no performance tuning.
28,marginal_correlation_to_selected_universe,0.13336112248508009,random_weight_sensitivity,Dirichlet perturbation centered on BWM_weights_main; no performance tuning.
28,fund_age_months,0.05450554739179066,random_weight_sensitivity,Dirichlet perturbation centered on BWM_weights_main; no performance tuning.
28,aum_usd,0.025203951337309377,random_weight_sensitivity,Dirichlet perturbation centered on BWM_weights_main; no performance tuning.
29,momentum_12_1,0.1697343133938701,random_weight_sensitivity,Dirichlet perturbation centered on BWM_weights_main; no performance tuning.
29,volatility_annualized,0.05803508356295965,random_weight_sensitivity,Dirichlet perturbation centered on BWM_weights_main; no performance tuning.
29,rolling_max_drawdown,0.16553554617768296,random_weight_sensitivity,Dirichlet perturbation centered on BWM_weights_main; no performance tuning.
29,rolling_sortino,0.06641715049834825,random_weight_sensitivity,Dirichlet perturbation centered on BWM_weights_main; no performance tuning.
29,avg_dollar_volume,0.05287510310653397,random_weight_sensitivity,Dirichlet perturbation centered on BWM_weights_main; no performance tuning.
29,expense_ratio,0.11512751981174907,random_weight_sensitivity,Dirichlet perturbation centered on BWM_weights_main; no performance tuning.
29,tracking_error_vs_category_benchmark,0.09736205626092768,random_weight_sensitivity,Dirichlet perturbation centered on BWM_weights_main; no performance tuning.
29,beta_vs_category_benchmark,0.06500531324313792,random_weight_sensitivity,Dirichlet perturbation centered on BWM_weights_main; no performance tuning.
29,marginal_correlation_to_selected_universe,0.14067438565422596,random_weight_sensitivity,Dirichlet perturbation centered on BWM_weights_main; no performance tuning.
29,fund_age_months,0.03453626215183219,random_weight_sensitivity,Dirichlet perturbation centered on BWM_weights_main; no performance tuning.
29,aum_usd,0.0346972661387321,random_weight_sensitivity,Dirichlet perturbation centered on BWM_weights_main; no performance tuning.
30,momentum_12_1,0.0648640588826979,random_weight_sensitivity,Dirichlet perturbation centered on BWM_weights_main; no performance tuning.
30,volatility_annualized,0.1850733585079806,random_weight_sensitivity,Dirichlet perturbation centered on BWM_weights_main; no performance tuning.
30,rolling_max_drawdown,0.16449003023410566,random_weight_sensitivity,Dirichlet perturbation centered on BWM_weights_main; no performance tuning.
30,rolling_sortino,0.0899603509875408,random_weight_sensitivity,Dirichlet perturbation centered on BWM_weights_main; no performance tuning.
30,avg_dollar_volume,0.060187551656360055,random_weight_sensitivity,Dirichlet perturbation centered on BWM_weights_main; no performance tuning.
30,expense_ratio,0.08772206677380742,random_weight_sensitivity,Dirichlet perturbation centered on BWM_weights_main; no performance tuning.
30,tracking_error_vs_category_benchmark,0.0519049624198739,random_weight_sensitivity,Dirichlet perturbation centered on BWM_weights_main; no performance tuning.
30,beta_vs_category_benchmark,0.16161721487360842,random_weight_sensitivity,Dirichlet perturbation centered on BWM_weights_main; no performance tuning.
30,marginal_correlation_to_selected_universe,0.08893939408023577,random_weight_sensitivity,Dirichlet perturbation centered on BWM_weights_main; no performance tuning.
30,fund_age_months,0.0314741028054596,random_weight_sensitivity,Dirichlet perturbation centered on BWM_weights_main; no performance tuning.
30,aum_usd,0.013766908778330058,random_weight_sensitivity,Dirichlet perturbation centered on BWM_weights_main; no performance tuning.
31,momentum_12_1,0.0950942247734854,random_weight_sensitivity,Dirichlet perturbation centered on BWM_weights_main; no performance tuning.
31,volatility_annualized,0.17402724180247572,random_weight_sensitivity,Dirichlet perturbation centered on BWM_weights_main; no performance tuning.
31,rolling_max_drawdown,0.2579067438722318,random_weight_sensitivity,Dirichlet perturbation centered on BWM_weights_main; no performance tuning.
31,rolling_sortino,0.11200035241868195,random_weight_sensitivity,Dirichlet perturbation centered on BWM_weights_main; no performance tuning.
31,avg_dollar_volume,0.035906802342898995,random_weight_sensitivity,Dirichlet perturbation centered on BWM_weights_main; no performance tuning.
31,expense_ratio,0.10073845033133617,random_weight_sensitivity,Dirichlet perturbation centered on BWM_weights_main; no performance tuning.
31,tracking_error_vs_category_benchmark,0.04074757393148115,random_weight_sensitivity,Dirichlet perturbation centered on BWM_weights_main; no performance tuning.
31,beta_vs_category_benchmark,0.035202633240045,random_weight_sensitivity,Dirichlet perturbation centered on BWM_weights_main; no performance tuning.
31,marginal_correlation_to_selected_universe,0.08609141758279518,random_weight_sensitivity,Dirichlet perturbation centered on BWM_weights_main; no performance tuning.
31,fund_age_months,0.009219463345335232,random_weight_sensitivity,Dirichlet perturbation centered on BWM_weights_main; no performance tuning.
31,aum_usd,0.05306509635923335,random_weight_sensitivity,Dirichlet perturbation centered on BWM_weights_main; no performance tuning.
32,momentum_12_1,0.05968083755446321,random_weight_sensitivity,Dirichlet perturbation centered on BWM_weights_main; no performance tuning.
32,volatility_annualized,0.11174016086993183,random_weight_sensitivity,Dirichlet perturbation centered on BWM_weights_main; no performance tuning.
32,rolling_max_drawdown,0.2806496685632614,random_weight_sensitivity,Dirichlet perturbation centered on BWM_weights_main; no performance tuning.
32,rolling_sortino,0.09443335466233836,random_weight_sensitivity,Dirichlet perturbation centered on BWM_weights_main; no performance tuning.
32,avg_dollar_volume,0.07726976635587049,random_weight_sensitivity,Dirichlet perturbation centered on BWM_weights_main; no performance tuning.
32,expense_ratio,0.09317003790794358,random_weight_sensitivity,Dirichlet perturbation centered on BWM_weights_main; no performance tuning.
32,tracking_error_vs_category_benchmark,0.0674783049625297,random_weight_sensitivity,Dirichlet perturbation centered on BWM_weights_main; no performance tuning.
32,beta_vs_category_benchmark,0.07638223206156951,random_weight_sensitivity,Dirichlet perturbation centered on BWM_weights_main; no performance tuning.
32,marginal_correlation_to_selected_universe,0.06679741809856192,random_weight_sensitivity,Dirichlet perturbation centered on BWM_weights_main; no performance tuning.
32,fund_age_months,0.01936075248127066,random_weight_sensitivity,Dirichlet perturbation centered on BWM_weights_main; no performance tuning.
32,aum_usd,0.05303746648225942,random_weight_sensitivity,Dirichlet perturbation centered on BWM_weights_main; no performance tuning.
33,momentum_12_1,0.08807397392933188,random_weight_sensitivity,Dirichlet perturbation centered on BWM_weights_main; no performance tuning.
33,volatility_annualized,0.04052829694113666,random_weight_sensitivity,Dirichlet perturbation centered on BWM_weights_main; no performance tuning.
33,rolling_max_drawdown,0.17149938232471001,random_weight_sensitivity,Dirichlet perturbation centered on BWM_weights_main; no performance tuning.
33,rolling_sortino,0.19173469899036558,random_weight_sensitivity,Dirichlet perturbation centered on BWM_weights_main; no performance tuning.
33,avg_dollar_volume,0.04604311477642849,random_weight_sensitivity,Dirichlet perturbation centered on BWM_weights_main; no performance tuning.
33,expense_ratio,0.13283691755475752,random_weight_sensitivity,Dirichlet perturbation centered on BWM_weights_main; no performance tuning.
33,tracking_error_vs_category_benchmark,0.08473492405376148,random_weight_sensitivity,Dirichlet perturbation centered on BWM_weights_main; no performance tuning.
33,beta_vs_category_benchmark,0.07276611700664067,random_weight_sensitivity,Dirichlet perturbation centered on BWM_weights_main; no performance tuning.
33,marginal_correlation_to_selected_universe,0.12509853490902167,random_weight_sensitivity,Dirichlet perturbation centered on BWM_weights_main; no performance tuning.
33,fund_age_months,0.00674928180532748,random_weight_sensitivity,Dirichlet perturbation centered on BWM_weights_main; no performance tuning.
33,aum_usd,0.03993475770851882,random_weight_sensitivity,Dirichlet perturbation centered on BWM_weights_main; no performance tuning.
34,momentum_12_1,0.060705292961681395,random_weight_sensitivity,Dirichlet perturbation centered on BWM_weights_main; no performance tuning.
34,volatility_annualized,0.1071450084701379,random_weight_sensitivity,Dirichlet perturbation centered on BWM_weights_main; no performance tuning.
34,rolling_max_drawdown,0.2192993319378486,random_weight_sensitivity,Dirichlet perturbation centered on BWM_weights_main; no performance tuning.
34,rolling_sortino,0.04089977123699935,random_weight_sensitivity,Dirichlet perturbation centered on BWM_weights_main; no performance tuning.
34,avg_dollar_volume,0.048449477257603374,random_weight_sensitivity,Dirichlet perturbation centered on BWM_weights_main; no performance tuning.
34,expense_ratio,0.09242294675534003,random_weight_sensitivity,Dirichlet perturbation centered on BWM_weights_main; no performance tuning.
34,tracking_error_vs_category_benchmark,0.07495053000584206,random_weight_sensitivity,Dirichlet perturbation centered on BWM_weights_main; no performance tuning.
34,beta_vs_category_benchmark,0.09998091480132043,random_weight_sensitivity,Dirichlet perturbation centered on BWM_weights_main; no performance tuning.
34,marginal_correlation_to_selected_universe,0.15378709626706363,random_weight_sensitivity,Dirichlet perturbation centered on BWM_weights_main; no performance tuning.
34,fund_age_months,0.02872721181671854,random_weight_sensitivity,Dirichlet perturbation centered on BWM_weights_main; no performance tuning.
34,aum_usd,0.07363241848944456,random_weight_sensitivity,Dirichlet perturbation centered on BWM_weights_main; no performance tuning.
35,momentum_12_1,0.04676894613013417,random_weight_sensitivity,Dirichlet perturbation centered on BWM_weights_main; no performance tuning.
35,volatility_annualized,0.1441281837828405,random_weight_sensitivity,Dirichlet perturbation centered on BWM_weights_main; no performance tuning.
35,rolling_max_drawdown,0.12947924237717556,random_weight_sensitivity,Dirichlet perturbation centered on BWM_weights_main; no performance tuning.
35,rolling_sortino,0.102390536721928,random_weight_sensitivity,Dirichlet perturbation centered on BWM_weights_main; no performance tuning.
35,avg_dollar_volume,0.14094929838262665,random_weight_sensitivity,Dirichlet perturbation centered on BWM_weights_main; no performance tuning.
35,expense_ratio,0.05253972228074316,random_weight_sensitivity,Dirichlet perturbation centered on BWM_weights_main; no performance tuning.
35,tracking_error_vs_category_benchmark,0.09883479164466197,random_weight_sensitivity,Dirichlet perturbation centered on BWM_weights_main; no performance tuning.
35,beta_vs_category_benchmark,0.03635475749031523,random_weight_sensitivity,Dirichlet perturbation centered on BWM_weights_main; no performance tuning.
35,marginal_correlation_to_selected_universe,0.18844417036402605,random_weight_sensitivity,Dirichlet perturbation centered on BWM_weights_main; no performance tuning.
35,fund_age_months,0.0061917620205942355,random_weight_sensitivity,Dirichlet perturbation centered on BWM_weights_main; no performance tuning.
35,aum_usd,0.053918588804954544,random_weight_sensitivity,Dirichlet perturbation centered on BWM_weights_main; no performance tuning.
36,momentum_12_1,0.15070906068858334,random_weight_sensitivity,Dirichlet perturbation centered on BWM_weights_main; no performance tuning.
36,volatility_annualized,0.12554996256888468,random_weight_sensitivity,Dirichlet perturbation centered on BWM_weights_main; no performance tuning.
36,rolling_max_drawdown,0.18983154462060536,random_weight_sensitivity,Dirichlet perturbation centered on BWM_weights_main; no performance tuning.
36,rolling_sortino,0.09749405653466052,random_weight_sensitivity,Dirichlet perturbation centered on BWM_weights_main; no performance tuning.
36,avg_dollar_volume,0.029511239254447444,random_weight_sensitivity,Dirichlet perturbation centered on BWM_weights_main; no performance tuning.
36,expense_ratio,0.13148279134092092,random_weight_sensitivity,Dirichlet perturbation centered on BWM_weights_main; no performance tuning.
36,tracking_error_vs_category_benchmark,0.10437527018942262,random_weight_sensitivity,Dirichlet perturbation centered on BWM_weights_main; no performance tuning.
36,beta_vs_category_benchmark,0.061477013459005025,random_weight_sensitivity,Dirichlet perturbation centered on BWM_weights_main; no performance tuning.
36,marginal_correlation_to_selected_universe,0.05825364714587531,random_weight_sensitivity,Dirichlet perturbation centered on BWM_weights_main; no performance tuning.
36,fund_age_months,0.01790499511303317,random_weight_sensitivity,Dirichlet perturbation centered on BWM_weights_main; no performance tuning.
36,aum_usd,0.033410419084561806,random_weight_sensitivity,Dirichlet perturbation centered on BWM_weights_main; no performance tuning.
37,momentum_12_1,0.1898395234101433,random_weight_sensitivity,Dirichlet perturbation centered on BWM_weights_main; no performance tuning.
37,volatility_annualized,0.09916353563968568,random_weight_sensitivity,Dirichlet perturbation centered on BWM_weights_main; no performance tuning.
37,rolling_max_drawdown,0.18210752868616215,random_weight_sensitivity,Dirichlet perturbation centered on BWM_weights_main; no performance tuning.
37,rolling_sortino,0.061326328745203114,random_weight_sensitivity,Dirichlet perturbation centered on BWM_weights_main; no performance tuning.
37,avg_dollar_volume,0.042782723806388326,random_weight_sensitivity,Dirichlet perturbation centered on BWM_weights_main; no performance tuning.
37,expense_ratio,0.08196990841183385,random_weight_sensitivity,Dirichlet perturbation centered on BWM_weights_main; no performance tuning.
37,tracking_error_vs_category_benchmark,0.04296342653869267,random_weight_sensitivity,Dirichlet perturbation centered on BWM_weights_main; no performance tuning.
37,beta_vs_category_benchmark,0.10185509114606701,random_weight_sensitivity,Dirichlet perturbation centered on BWM_weights_main; no performance tuning.
37,marginal_correlation_to_selected_universe,0.14585862094909968,random_weight_sensitivity,Dirichlet perturbation centered on BWM_weights_main; no performance tuning.
37,fund_age_months,0.0068756194066503075,random_weight_sensitivity,Dirichlet perturbation centered on BWM_weights_main; no performance tuning.
37,aum_usd,0.04525769326007398,random_weight_sensitivity,Dirichlet perturbation centered on BWM_weights_main; no performance tuning.
38,momentum_12_1,0.18288473415373524,random_weight_sensitivity,Dirichlet perturbation centered on BWM_weights_main; no performance tuning.
38,volatility_annualized,0.10693001897593932,random_weight_sensitivity,Dirichlet perturbation centered on BWM_weights_main; no performance tuning.
38,rolling_max_drawdown,0.1863971595934611,random_weight_sensitivity,Dirichlet perturbation centered on BWM_weights_main; no performance tuning.
38,rolling_sortino,0.1038674237230021,random_weight_sensitivity,Dirichlet perturbation centered on BWM_weights_main; no performance tuning.
38,avg_dollar_volume,0.08293620015338923,random_weight_sensitivity,Dirichlet perturbation centered on BWM_weights_main; no performance tuning.
38,expense_ratio,0.05234377264524487,random_weight_sensitivity,Dirichlet perturbation centered on BWM_weights_main; no performance tuning.
38,tracking_error_vs_category_benchmark,0.09542720181134134,random_weight_sensitivity,Dirichlet perturbation centered on BWM_weights_main; no performance tuning.
38,beta_vs_category_benchmark,0.0837550774224112,random_weight_sensitivity,Dirichlet perturbation centered on BWM_weights_main; no performance tuning.
38,marginal_correlation_to_selected_universe,0.09221217147138391,random_weight_sensitivity,Dirichlet perturbation centered on BWM_weights_main; no performance tuning.
38,fund_age_months,0.005018485863176607,random_weight_sensitivity,Dirichlet perturbation centered on BWM_weights_main; no performance tuning.
38,aum_usd,0.00822775418691519,random_weight_sensitivity,Dirichlet perturbation centered on BWM_weights_main; no performance tuning.
39,momentum_12_1,0.07443187005507114,random_weight_sensitivity,Dirichlet perturbation centered on BWM_weights_main; no performance tuning.
39,volatility_annualized,0.11608783604931915,random_weight_sensitivity,Dirichlet perturbation centered on BWM_weights_main; no performance tuning.
39,rolling_max_drawdown,0.15043262390574488,random_weight_sensitivity,Dirichlet perturbation centered on BWM_weights_main; no performance tuning.
39,rolling_sortino,0.04468963284863409,random_weight_sensitivity,Dirichlet perturbation centered on BWM_weights_main; no performance tuning.
39,avg_dollar_volume,0.03173526535464005,random_weight_sensitivity,Dirichlet perturbation centered on BWM_weights_main; no performance tuning.
39,expense_ratio,0.04022534099783003,random_weight_sensitivity,Dirichlet perturbation centered on BWM_weights_main; no performance tuning.
39,tracking_error_vs_category_benchmark,0.14322127262845247,random_weight_sensitivity,Dirichlet perturbation centered on BWM_weights_main; no performance tuning.
39,beta_vs_category_benchmark,0.10976221900973271,random_weight_sensitivity,Dirichlet perturbation centered on BWM_weights_main; no performance tuning.
39,marginal_correlation_to_selected_universe,0.13935466535757018,random_weight_sensitivity,Dirichlet perturbation centered on BWM_weights_main; no performance tuning.
39,fund_age_months,0.014913480495508813,random_weight_sensitivity,Dirichlet perturbation centered on BWM_weights_main; no performance tuning.
39,aum_usd,0.1351457932974964,random_weight_sensitivity,Dirichlet perturbation centered on BWM_weights_main; no performance tuning.
40,momentum_12_1,0.08857356758838365,random_weight_sensitivity,Dirichlet perturbation centered on BWM_weights_main; no performance tuning.
40,volatility_annualized,0.10305641965031233,random_weight_sensitivity,Dirichlet perturbation centered on BWM_weights_main; no performance tuning.
40,rolling_max_drawdown,0.2835239879180366,random_weight_sensitivity,Dirichlet perturbation centered on BWM_weights_main; no performance tuning.
40,rolling_sortino,0.13392647572291452,random_weight_sensitivity,Dirichlet perturbation centered on BWM_weights_main; no performance tuning.
40,avg_dollar_volume,0.09165502903791843,random_weight_sensitivity,Dirichlet perturbation centered on BWM_weights_main; no performance tuning.
40,expense_ratio,0.023784584288195833,random_weight_sensitivity,Dirichlet perturbation centered on BWM_weights_main; no performance tuning.
40,tracking_error_vs_category_benchmark,0.07807485192250588,random_weight_sensitivity,Dirichlet perturbation centered on BWM_weights_main; no performance tuning.
40,beta_vs_category_benchmark,0.07542010845893618,random_weight_sensitivity,Dirichlet perturbation centered on BWM_weights_main; no performance tuning.
40,marginal_correlation_to_selected_universe,0.08912267995029048,random_weight_sensitivity,Dirichlet perturbation centered on BWM_weights_main; no performance tuning.
40,fund_age_months,0.003991341246372956,random_weight_sensitivity,Dirichlet perturbation centered on BWM_weights_main; no performance tuning.
40,aum_usd,0.02887095421613304,random_weight_sensitivity,Dirichlet perturbation centered on BWM_weights_main; no performance tuning.
41,momentum_12_1,0.1291860135429745,random_weight_sensitivity,Dirichlet perturbation centered on BWM_weights_main; no performance tuning.
41,volatility_annualized,0.15306548202319914,random_weight_sensitivity,Dirichlet perturbation centered on BWM_weights_main; no performance tuning.
41,rolling_max_drawdown,0.11182029260176035,random_weight_sensitivity,Dirichlet perturbation centered on BWM_weights_main; no performance tuning.
41,rolling_sortino,0.11500235930468274,random_weight_sensitivity,Dirichlet perturbation centered on BWM_weights_main; no performance tuning.
41,avg_dollar_volume,0.07108541991617298,random_weight_sensitivity,Dirichlet perturbation centered on BWM_weights_main; no performance tuning.
41,expense_ratio,0.08379314228091525,random_weight_sensitivity,Dirichlet perturbation centered on BWM_weights_main; no performance tuning.
41,tracking_error_vs_category_benchmark,0.07083541087069362,random_weight_sensitivity,Dirichlet perturbation centered on BWM_weights_main; no performance tuning.
41,beta_vs_category_benchmark,0.04070914577418208,random_weight_sensitivity,Dirichlet perturbation centered on BWM_weights_main; no performance tuning.
41,marginal_correlation_to_selected_universe,0.18450768192507316,random_weight_sensitivity,Dirichlet perturbation centered on BWM_weights_main; no performance tuning.
41,fund_age_months,0.008179130869856036,random_weight_sensitivity,Dirichlet perturbation centered on BWM_weights_main; no performance tuning.
41,aum_usd,0.03181592089049019,random_weight_sensitivity,Dirichlet perturbation centered on BWM_weights_main; no performance tuning.
42,momentum_12_1,0.09522865136406086,random_weight_sensitivity,Dirichlet perturbation centered on BWM_weights_main; no performance tuning.
42,volatility_annualized,0.08124898894371892,random_weight_sensitivity,Dirichlet perturbation centered on BWM_weights_main; no performance tuning.
42,rolling_max_drawdown,0.22721524899213646,random_weight_sensitivity,Dirichlet perturbation centered on BWM_weights_main; no performance tuning.
42,rolling_sortino,0.12649182257033614,random_weight_sensitivity,Dirichlet perturbation centered on BWM_weights_main; no performance tuning.
42,avg_dollar_volume,0.06516946461463802,random_weight_sensitivity,Dirichlet perturbation centered on BWM_weights_main; no performance tuning.
42,expense_ratio,0.050425635738197465,random_weight_sensitivity,Dirichlet perturbation centered on BWM_weights_main; no performance tuning.
42,tracking_error_vs_category_benchmark,0.09876072071346977,random_weight_sensitivity,Dirichlet perturbation centered on BWM_weights_main; no performance tuning.
42,beta_vs_category_benchmark,0.07278289105266039,random_weight_sensitivity,Dirichlet perturbation centered on BWM_weights_main; no performance tuning.
42,marginal_correlation_to_selected_universe,0.07852576144669433,random_weight_sensitivity,Dirichlet perturbation centered on BWM_weights_main; no performance tuning.
42,fund_age_months,0.03176494677194039,random_weight_sensitivity,Dirichlet perturbation centered on BWM_weights_main; no performance tuning.
42,aum_usd,0.07238586779214733,random_weight_sensitivity,Dirichlet perturbation centered on BWM_weights_main; no performance tuning.
43,momentum_12_1,0.15847984086354233,random_weight_sensitivity,Dirichlet perturbation centered on BWM_weights_main; no performance tuning.
43,volatility_annualized,0.1545818637867995,random_weight_sensitivity,Dirichlet perturbation centered on BWM_weights_main; no performance tuning.
43,rolling_max_drawdown,0.15352951794166442,random_weight_sensitivity,Dirichlet perturbation centered on BWM_weights_main; no performance tuning.
43,rolling_sortino,0.0975288376123666,random_weight_sensitivity,Dirichlet perturbation centered on BWM_weights_main; no performance tuning.
43,avg_dollar_volume,0.05534374630053023,random_weight_sensitivity,Dirichlet perturbation centered on BWM_weights_main; no performance tuning.
43,expense_ratio,0.055241404035187264,random_weight_sensitivity,Dirichlet perturbation centered on BWM_weights_main; no performance tuning.
43,tracking_error_vs_category_benchmark,0.0844458090180489,random_weight_sensitivity,Dirichlet perturbation centered on BWM_weights_main; no performance tuning.
43,beta_vs_category_benchmark,0.06044276932628225,random_weight_sensitivity,Dirichlet perturbation centered on BWM_weights_main; no performance tuning.
43,marginal_correlation_to_selected_universe,0.14430859277041205,random_weight_sensitivity,Dirichlet perturbation centered on BWM_weights_main; no performance tuning.
43,fund_age_months,0.022134817021385412,random_weight_sensitivity,Dirichlet perturbation centered on BWM_weights_main; no performance tuning.
43,aum_usd,0.0139628013237809,random_weight_sensitivity,Dirichlet perturbation centered on BWM_weights_main; no performance tuning.
44,momentum_12_1,0.14662555896107848,random_weight_sensitivity,Dirichlet perturbation centered on BWM_weights_main; no performance tuning.
44,volatility_annualized,0.11137252791113625,random_weight_sensitivity,Dirichlet perturbation centered on BWM_weights_main; no performance tuning.
44,rolling_max_drawdown,0.21520450457197446,random_weight_sensitivity,Dirichlet perturbation centered on BWM_weights_main; no performance tuning.
44,rolling_sortino,0.11483010411070879,random_weight_sensitivity,Dirichlet perturbation centered on BWM_weights_main; no performance tuning.
44,avg_dollar_volume,0.07822727323591581,random_weight_sensitivity,Dirichlet perturbation centered on BWM_weights_main; no performance tuning.
44,expense_ratio,0.07999935550753097,random_weight_sensitivity,Dirichlet perturbation centered on BWM_weights_main; no performance tuning.
44,tracking_error_vs_category_benchmark,0.04606364135932248,random_weight_sensitivity,Dirichlet perturbation centered on BWM_weights_main; no performance tuning.
44,beta_vs_category_benchmark,0.08364508481282958,random_weight_sensitivity,Dirichlet perturbation centered on BWM_weights_main; no performance tuning.
44,marginal_correlation_to_selected_universe,0.07545967801102789,random_weight_sensitivity,Dirichlet perturbation centered on BWM_weights_main; no performance tuning.
44,fund_age_months,0.011077108569765088,random_weight_sensitivity,Dirichlet perturbation centered on BWM_weights_main; no performance tuning.
44,aum_usd,0.03749516294871007,random_weight_sensitivity,Dirichlet perturbation centered on BWM_weights_main; no performance tuning.
45,momentum_12_1,0.17716723786290317,random_weight_sensitivity,Dirichlet perturbation centered on BWM_weights_main; no performance tuning.
45,volatility_annualized,0.06309875890555187,random_weight_sensitivity,Dirichlet perturbation centered on BWM_weights_main; no performance tuning.
45,rolling_max_drawdown,0.1761139434236336,random_weight_sensitivity,Dirichlet perturbation centered on BWM_weights_main; no performance tuning.
45,rolling_sortino,0.08795600706954985,random_weight_sensitivity,Dirichlet perturbation centered on BWM_weights_main; no performance tuning.
45,avg_dollar_volume,0.09781843853484222,random_weight_sensitivity,Dirichlet perturbation centered on BWM_weights_main; no performance tuning.
45,expense_ratio,0.0547614848670185,random_weight_sensitivity,Dirichlet perturbation centered on BWM_weights_main; no performance tuning.
45,tracking_error_vs_category_benchmark,0.10691845549082489,random_weight_sensitivity,Dirichlet perturbation centered on BWM_weights_main; no performance tuning.
45,beta_vs_category_benchmark,0.03647258275343557,random_weight_sensitivity,Dirichlet perturbation centered on BWM_weights_main; no performance tuning.
45,marginal_correlation_to_selected_universe,0.14859503633694054,random_weight_sensitivity,Dirichlet perturbation centered on BWM_weights_main; no performance tuning.
45,fund_age_months,0.002864405379519099,random_weight_sensitivity,Dirichlet perturbation centered on BWM_weights_main; no performance tuning.
45,aum_usd,0.048233649375780764,random_weight_sensitivity,Dirichlet perturbation centered on BWM_weights_main; no performance tuning.
46,momentum_12_1,0.1086801724087339,random_weight_sensitivity,Dirichlet perturbation centered on BWM_weights_main; no performance tuning.
46,volatility_annualized,0.11500883977788676,random_weight_sensitivity,Dirichlet perturbation centered on BWM_weights_main; no performance tuning.
46,rolling_max_drawdown,0.1143888886046539,random_weight_sensitivity,Dirichlet perturbation centered on BWM_weights_main; no performance tuning.
46,rolling_sortino,0.08743540517454539,random_weight_sensitivity,Dirichlet perturbation centered on BWM_weights_main; no performance tuning.
46,avg_dollar_volume,0.0968676013495101,random_weight_sensitivity,Dirichlet perturbation centered on BWM_weights_main; no performance tuning.
46,expense_ratio,0.1418659966879351,random_weight_sensitivity,Dirichlet perturbation centered on BWM_weights_main; no performance tuning.
46,tracking_error_vs_category_benchmark,0.09478212291017026,random_weight_sensitivity,Dirichlet perturbation centered on BWM_weights_main; no performance tuning.
46,beta_vs_category_benchmark,0.09250921154671515,random_weight_sensitivity,Dirichlet perturbation centered on BWM_weights_main; no performance tuning.
46,marginal_correlation_to_selected_universe,0.10450444977950506,random_weight_sensitivity,Dirichlet perturbation centered on BWM_weights_main; no performance tuning.
46,fund_age_months,0.016789467573371845,random_weight_sensitivity,Dirichlet perturbation centered on BWM_weights_main; no performance tuning.
46,aum_usd,0.02716784418697252,random_weight_sensitivity,Dirichlet perturbation centered on BWM_weights_main; no performance tuning.
47,momentum_12_1,0.11095079052643951,random_weight_sensitivity,Dirichlet perturbation centered on BWM_weights_main; no performance tuning.
47,volatility_annualized,0.14383046314716133,random_weight_sensitivity,Dirichlet perturbation centered on BWM_weights_main; no performance tuning.
47,rolling_max_drawdown,0.2513095314355986,random_weight_sensitivity,Dirichlet perturbation centered on BWM_weights_main; no performance tuning.
47,rolling_sortino,0.063972878815098,random_weight_sensitivity,Dirichlet perturbation centered on BWM_weights_main; no performance tuning.
47,avg_dollar_volume,0.055164707113758184,random_weight_sensitivity,Dirichlet perturbation centered on BWM_weights_main; no performance tuning.
47,expense_ratio,0.04020883025354159,random_weight_sensitivity,Dirichlet perturbation centered on BWM_weights_main; no performance tuning.
47,tracking_error_vs_category_benchmark,0.11318317128372307,random_weight_sensitivity,Dirichlet perturbation centered on BWM_weights_main; no performance tuning.
47,beta_vs_category_benchmark,0.060302528242469865,random_weight_sensitivity,Dirichlet perturbation centered on BWM_weights_main; no performance tuning.
47,marginal_correlation_to_selected_universe,0.1268449045057702,random_weight_sensitivity,Dirichlet perturbation centered on BWM_weights_main; no performance tuning.
47,fund_age_months,0.028767145579888402,random_weight_sensitivity,Dirichlet perturbation centered on BWM_weights_main; no performance tuning.
47,aum_usd,0.005465049096551271,random_weight_sensitivity,Dirichlet perturbation centered on BWM_weights_main; no performance tuning.
48,momentum_12_1,0.10544333942006272,random_weight_sensitivity,Dirichlet perturbation centered on BWM_weights_main; no performance tuning.
48,volatility_annualized,0.1653028425242464,random_weight_sensitivity,Dirichlet perturbation centered on BWM_weights_main; no performance tuning.
48,rolling_max_drawdown,0.1647706471162878,random_weight_sensitivity,Dirichlet perturbation centered on BWM_weights_main; no performance tuning.
48,rolling_sortino,0.08455122037579506,random_weight_sensitivity,Dirichlet perturbation centered on BWM_weights_main; no performance tuning.
48,avg_dollar_volume,0.10856499568043115,random_weight_sensitivity,Dirichlet perturbation centered on BWM_weights_main; no performance tuning.
48,expense_ratio,0.10029971571715891,random_weight_sensitivity,Dirichlet perturbation centered on BWM_weights_main; no performance tuning.
48,tracking_error_vs_category_benchmark,0.06971058190475596,random_weight_sensitivity,Dirichlet perturbation centered on BWM_weights_main; no performance tuning.
48,beta_vs_category_benchmark,0.09559813094080381,random_weight_sensitivity,Dirichlet perturbation centered on BWM_weights_main; no performance tuning.
48,marginal_correlation_to_selected_universe,0.07616592754148957,random_weight_sensitivity,Dirichlet perturbation centered on BWM_weights_main; no performance tuning.
48,fund_age_months,0.010754583864237558,random_weight_sensitivity,Dirichlet perturbation centered on BWM_weights_main; no performance tuning.
48,aum_usd,0.018838014914731263,random_weight_sensitivity,Dirichlet perturbation centered on BWM_weights_main; no performance tuning.
49,momentum_12_1,0.07259144682756605,random_weight_sensitivity,Dirichlet perturbation centered on BWM_weights_main; no performance tuning.
49,volatility_annualized,0.1318811558419878,random_weight_sensitivity,Dirichlet perturbation centered on BWM_weights_main; no performance tuning.
49,rolling_max_drawdown,0.14696043694487984,random_weight_sensitivity,Dirichlet perturbation centered on BWM_weights_main; no performance tuning.
49,rolling_sortino,0.13401621096587757,random_weight_sensitivity,Dirichlet perturbation centered on BWM_weights_main; no performance tuning.
49,avg_dollar_volume,0.08678383135566407,random_weight_sensitivity,Dirichlet perturbation centered on BWM_weights_main; no performance tuning.
49,expense_ratio,0.07561266167673797,random_weight_sensitivity,Dirichlet perturbation centered on BWM_weights_main; no performance tuning.
49,tracking_error_vs_category_benchmark,0.10417514867123173,random_weight_sensitivity,Dirichlet perturbation centered on BWM_weights_main; no performance tuning.
49,beta_vs_category_benchmark,0.057965154680670546,random_weight_sensitivity,Dirichlet perturbation centered on BWM_weights_main; no performance tuning.
49,marginal_correlation_to_selected_universe,0.07878481294744435,random_weight_sensitivity,Dirichlet perturbation centered on BWM_weights_main; no performance tuning.
49,fund_age_months,0.07078388609130357,random_weight_sensitivity,Dirichlet perturbation centered on BWM_weights_main; no performance tuning.
49,aum_usd,0.04044525399663635,random_weight_sensitivity,Dirichlet perturbation centered on BWM_weights_main; no performance tuning.
50,momentum_12_1,0.09226915595349304,random_weight_sensitivity,Dirichlet perturbation centered on BWM_weights_main; no performance tuning.
50,volatility_annualized,0.06825268481553602,random_weight_sensitivity,Dirichlet perturbation centered on BWM_weights_main; no performance tuning.
50,rolling_max_drawdown,0.2682254028884476,random_weight_sensitivity,Dirichlet perturbation centered on BWM_weights_main; no performance tuning.
50,rolling_sortino,0.07911567400729512,random_weight_sensitivity,Dirichlet perturbation centered on BWM_weights_main; no performance tuning.
50,avg_dollar_volume,0.07419045645807369,random_weight_sensitivity,Dirichlet perturbation centered on BWM_weights_main; no performance tuning.
50,expense_ratio,0.08119571209329611,random_weight_sensitivity,Dirichlet perturbation centered on BWM_weights_main; no performance tuning.
50,tracking_error_vs_category_benchmark,0.10605561657896917,random_weight_sensitivity,Dirichlet perturbation centered on BWM_weights_main; no performance tuning.
50,beta_vs_category_benchmark,0.02940310234498035,random_weight_sensitivity,Dirichlet perturbation centered on BWM_weights_main; no performance tuning.
50,marginal_correlation_to_selected_universe,0.13082972123018233,random_weight_sensitivity,Dirichlet perturbation centered on BWM_weights_main; no performance tuning.
50,fund_age_months,0.009642366152565262,random_weight_sensitivity,Dirichlet perturbation centered on BWM_weights_main; no performance tuning.
50,aum_usd,0.060820107477161274,random_weight_sensitivity,Dirichlet perturbation centered on BWM_weights_main; no performance tuning.
51,momentum_12_1,0.07069529438978457,random_weight_sensitivity,Dirichlet perturbation centered on BWM_weights_main; no performance tuning.
51,volatility_annualized,0.0909514001985777,random_weight_sensitivity,Dirichlet perturbation centered on BWM_weights_main; no performance tuning.
51,rolling_max_drawdown,0.19683028030241054,random_weight_sensitivity,Dirichlet perturbation centered on BWM_weights_main; no performance tuning.
51,rolling_sortino,0.1490688492721647,random_weight_sensitivity,Dirichlet perturbation centered on BWM_weights_main; no performance tuning.
51,avg_dollar_volume,0.08140269195981172,random_weight_sensitivity,Dirichlet perturbation centered on BWM_weights_main; no performance tuning.
51,expense_ratio,0.07793496164146088,random_weight_sensitivity,Dirichlet perturbation centered on BWM_weights_main; no performance tuning.
51,tracking_error_vs_category_benchmark,0.12271778487245052,random_weight_sensitivity,Dirichlet perturbation centered on BWM_weights_main; no performance tuning.
51,beta_vs_category_benchmark,0.03939332767677604,random_weight_sensitivity,Dirichlet perturbation centered on BWM_weights_main; no performance tuning.
51,marginal_correlation_to_selected_universe,0.12918450718510205,random_weight_sensitivity,Dirichlet perturbation centered on BWM_weights_main; no performance tuning.
51,fund_age_months,0.012763098189425837,random_weight_sensitivity,Dirichlet perturbation centered on BWM_weights_main; no performance tuning.
51,aum_usd,0.029057804312035335,random_weight_sensitivity,Dirichlet perturbation centered on BWM_weights_main; no performance tuning.
52,momentum_12_1,0.11843405740989177,random_weight_sensitivity,Dirichlet perturbation centered on BWM_weights_main; no performance tuning.
52,volatility_annualized,0.09867320281570759,random_weight_sensitivity,Dirichlet perturbation centered on BWM_weights_main; no performance tuning.
52,rolling_max_drawdown,0.1526058577478828,random_weight_sensitivity,Dirichlet perturbation centered on BWM_weights_main; no performance tuning.
52,rolling_sortino,0.11485565381878202,random_weight_sensitivity,Dirichlet perturbation centered on BWM_weights_main; no performance tuning.
52,avg_dollar_volume,0.0658580392735375,random_weight_sensitivity,Dirichlet perturbation centered on BWM_weights_main; no performance tuning.
52,expense_ratio,0.06467649271743808,random_weight_sensitivity,Dirichlet perturbation centered on BWM_weights_main; no performance tuning.
52,tracking_error_vs_category_benchmark,0.11018028886756566,random_weight_sensitivity,Dirichlet perturbation centered on BWM_weights_main; no performance tuning.
52,beta_vs_category_benchmark,0.020138282182989815,random_weight_sensitivity,Dirichlet perturbation centered on BWM_weights_main; no performance tuning.
52,marginal_correlation_to_selected_universe,0.10287366325057476,random_weight_sensitivity,Dirichlet perturbation centered on BWM_weights_main; no performance tuning.
52,fund_age_months,0.06171166903639846,random_weight_sensitivity,Dirichlet perturbation centered on BWM_weights_main; no performance tuning.
52,aum_usd,0.08999279287923169,random_weight_sensitivity,Dirichlet perturbation centered on BWM_weights_main; no performance tuning.
53,momentum_12_1,0.1078555072511601,random_weight_sensitivity,Dirichlet perturbation centered on BWM_weights_main; no performance tuning.
53,volatility_annualized,0.10640343092473636,random_weight_sensitivity,Dirichlet perturbation centered on BWM_weights_main; no performance tuning.
53,rolling_max_drawdown,0.08728283809817068,random_weight_sensitivity,Dirichlet perturbation centered on BWM_weights_main; no performance tuning.
53,rolling_sortino,0.08446248896001898,random_weight_sensitivity,Dirichlet perturbation centered on BWM_weights_main; no performance tuning.
53,avg_dollar_volume,0.09577142457920922,random_weight_sensitivity,Dirichlet perturbation centered on BWM_weights_main; no performance tuning.
53,expense_ratio,0.05635721506022827,random_weight_sensitivity,Dirichlet perturbation centered on BWM_weights_main; no performance tuning.
53,tracking_error_vs_category_benchmark,0.157239063901296,random_weight_sensitivity,Dirichlet perturbation centered on BWM_weights_main; no performance tuning.
53,beta_vs_category_benchmark,0.1080723289666669,random_weight_sensitivity,Dirichlet perturbation centered on BWM_weights_main; no performance tuning.
53,marginal_correlation_to_selected_universe,0.08378549845067297,random_weight_sensitivity,Dirichlet perturbation centered on BWM_weights_main; no performance tuning.
53,fund_age_months,0.021151775924929637,random_weight_sensitivity,Dirichlet perturbation centered on BWM_weights_main; no performance tuning.
53,aum_usd,0.09161842788291057,random_weight_sensitivity,Dirichlet perturbation centered on BWM_weights_main; no performance tuning.
54,momentum_12_1,0.07418715308247037,random_weight_sensitivity,Dirichlet perturbation centered on BWM_weights_main; no performance tuning.
54,volatility_annualized,0.12092858012603881,random_weight_sensitivity,Dirichlet perturbation centered on BWM_weights_main; no performance tuning.
54,rolling_max_drawdown,0.15654640045232715,random_weight_sensitivity,Dirichlet perturbation centered on BWM_weights_main; no performance tuning.
54,rolling_sortino,0.09697964948052341,random_weight_sensitivity,Dirichlet perturbation centered on BWM_weights_main; no performance tuning.
54,avg_dollar_volume,0.2019177185381326,random_weight_sensitivity,Dirichlet perturbation centered on BWM_weights_main; no performance tuning.
54,expense_ratio,0.07547489237942923,random_weight_sensitivity,Dirichlet perturbation centered on BWM_weights_main; no performance tuning.
54,tracking_error_vs_category_benchmark,0.05734131360497203,random_weight_sensitivity,Dirichlet perturbation centered on BWM_weights_main; no performance tuning.
54,beta_vs_category_benchmark,0.0525436332063646,random_weight_sensitivity,Dirichlet perturbation centered on BWM_weights_main; no performance tuning.
54,marginal_correlation_to_selected_universe,0.06757913991413006,random_weight_sensitivity,Dirichlet perturbation centered on BWM_weights_main; no performance tuning.
54,fund_age_months,0.029012279293892582,random_weight_sensitivity,Dirichlet perturbation centered on BWM_weights_main; no performance tuning.
54,aum_usd,0.06748923992171921,random_weight_sensitivity,Dirichlet perturbation centered on BWM_weights_main; no performance tuning.
55,momentum_12_1,0.13265050772559814,random_weight_sensitivity,Dirichlet perturbation centered on BWM_weights_main; no performance tuning.
55,volatility_annualized,0.12221511829738813,random_weight_sensitivity,Dirichlet perturbation centered on BWM_weights_main; no performance tuning.
55,rolling_max_drawdown,0.11124791632809242,random_weight_sensitivity,Dirichlet perturbation centered on BWM_weights_main; no performance tuning.
55,rolling_sortino,0.11037770684447393,random_weight_sensitivity,Dirichlet perturbation centered on BWM_weights_main; no performance tuning.
55,avg_dollar_volume,0.05759705599183525,random_weight_sensitivity,Dirichlet perturbation centered on BWM_weights_main; no performance tuning.
55,expense_ratio,0.09903331557146117,random_weight_sensitivity,Dirichlet perturbation centered on BWM_weights_main; no performance tuning.
55,tracking_error_vs_category_benchmark,0.12766050573059035,random_weight_sensitivity,Dirichlet perturbation centered on BWM_weights_main; no performance tuning.
55,beta_vs_category_benchmark,0.145622223175598,random_weight_sensitivity,Dirichlet perturbation centered on BWM_weights_main; no performance tuning.
55,marginal_correlation_to_selected_universe,0.0638403158222187,random_weight_sensitivity,Dirichlet perturbation centered on BWM_weights_main; no performance tuning.
55,fund_age_months,0.004954080105149141,random_weight_sensitivity,Dirichlet perturbation centered on BWM_weights_main; no performance tuning.
55,aum_usd,0.0248012544075947,random_weight_sensitivity,Dirichlet perturbation centered on BWM_weights_main; no performance tuning.
56,momentum_12_1,0.11159430457619057,random_weight_sensitivity,Dirichlet perturbation centered on BWM_weights_main; no performance tuning.
56,volatility_annualized,0.08729875791177756,random_weight_sensitivity,Dirichlet perturbation centered on BWM_weights_main; no performance tuning.
56,rolling_max_drawdown,0.16053665199768635,random_weight_sensitivity,Dirichlet perturbation centered on BWM_weights_main; no performance tuning.
56,rolling_sortino,0.13102355124012577,random_weight_sensitivity,Dirichlet perturbation centered on BWM_weights_main; no performance tuning.
56,avg_dollar_volume,0.05830413718236794,random_weight_sensitivity,Dirichlet perturbation centered on BWM_weights_main; no performance tuning.
56,expense_ratio,0.05139502477648749,random_weight_sensitivity,Dirichlet perturbation centered on BWM_weights_main; no performance tuning.
56,tracking_error_vs_category_benchmark,0.06259180779660817,random_weight_sensitivity,Dirichlet perturbation centered on BWM_weights_main; no performance tuning.
56,beta_vs_category_benchmark,0.018095964763668714,random_weight_sensitivity,Dirichlet perturbation centered on BWM_weights_main; no performance tuning.
56,marginal_correlation_to_selected_universe,0.19099041951577606,random_weight_sensitivity,Dirichlet perturbation centered on BWM_weights_main; no performance tuning.
56,fund_age_months,0.05888345395195277,random_weight_sensitivity,Dirichlet perturbation centered on BWM_weights_main; no performance tuning.
56,aum_usd,0.06928592628735838,random_weight_sensitivity,Dirichlet perturbation centered on BWM_weights_main; no performance tuning.
57,momentum_12_1,0.12860351552605273,random_weight_sensitivity,Dirichlet perturbation centered on BWM_weights_main; no performance tuning.
57,volatility_annualized,0.08200820403410382,random_weight_sensitivity,Dirichlet perturbation centered on BWM_weights_main; no performance tuning.
57,rolling_max_drawdown,0.22498789004008862,random_weight_sensitivity,Dirichlet perturbation centered on BWM_weights_main; no performance tuning.
57,rolling_sortino,0.06379918012087156,random_weight_sensitivity,Dirichlet perturbation centered on BWM_weights_main; no performance tuning.
57,avg_dollar_volume,0.07087367120008788,random_weight_sensitivity,Dirichlet perturbation centered on BWM_weights_main; no performance tuning.
57,expense_ratio,0.04416875075489806,random_weight_sensitivity,Dirichlet perturbation centered on BWM_weights_main; no performance tuning.
57,tracking_error_vs_category_benchmark,0.1308912686423624,random_weight_sensitivity,Dirichlet perturbation centered on BWM_weights_main; no performance tuning.
57,beta_vs_category_benchmark,0.13614757799619354,random_weight_sensitivity,Dirichlet perturbation centered on BWM_weights_main; no performance tuning.
57,marginal_correlation_to_selected_universe,0.0675882844647128,random_weight_sensitivity,Dirichlet perturbation centered on BWM_weights_main; no performance tuning.
57,fund_age_months,0.010739742158588922,random_weight_sensitivity,Dirichlet perturbation centered on BWM_weights_main; no performance tuning.
57,aum_usd,0.040191915062039806,random_weight_sensitivity,Dirichlet perturbation centered on BWM_weights_main; no performance tuning.
58,momentum_12_1,0.04795059878128691,random_weight_sensitivity,Dirichlet perturbation centered on BWM_weights_main; no performance tuning.
58,volatility_annualized,0.0546523373401453,random_weight_sensitivity,Dirichlet perturbation centered on BWM_weights_main; no performance tuning.
58,rolling_max_drawdown,0.31038263494272694,random_weight_sensitivity,Dirichlet perturbation centered on BWM_weights_main; no performance tuning.
58,rolling_sortino,0.12565631724446125,random_weight_sensitivity,Dirichlet perturbation centered on BWM_weights_main; no performance tuning.
58,avg_dollar_volume,0.05164525565601377,random_weight_sensitivity,Dirichlet perturbation centered on BWM_weights_main; no performance tuning.
58,expense_ratio,0.07083117822668214,random_weight_sensitivity,Dirichlet perturbation centered on BWM_weights_main; no performance tuning.
58,tracking_error_vs_category_benchmark,0.09096389607464997,random_weight_sensitivity,Dirichlet perturbation centered on BWM_weights_main; no performance tuning.
58,beta_vs_category_benchmark,0.0758389748618359,random_weight_sensitivity,Dirichlet perturbation centered on BWM_weights_main; no performance tuning.
58,marginal_correlation_to_selected_universe,0.09235884771437806,random_weight_sensitivity,Dirichlet perturbation centered on BWM_weights_main; no performance tuning.
58,fund_age_months,0.01784858974167748,random_weight_sensitivity,Dirichlet perturbation centered on BWM_weights_main; no performance tuning.
58,aum_usd,0.06187136941614231,random_weight_sensitivity,Dirichlet perturbation centered on BWM_weights_main; no performance tuning.
59,momentum_12_1,0.11342597560540546,random_weight_sensitivity,Dirichlet perturbation centered on BWM_weights_main; no performance tuning.
59,volatility_annualized,0.154014248820632,random_weight_sensitivity,Dirichlet perturbation centered on BWM_weights_main; no performance tuning.
59,rolling_max_drawdown,0.18283437149178647,random_weight_sensitivity,Dirichlet perturbation centered on BWM_weights_main; no performance tuning.
59,rolling_sortino,0.09078777401092644,random_weight_sensitivity,Dirichlet perturbation centered on BWM_weights_main; no performance tuning.
59,avg_dollar_volume,0.12018432410746058,random_weight_sensitivity,Dirichlet perturbation centered on BWM_weights_main; no performance tuning.
59,expense_ratio,0.05211631977984355,random_weight_sensitivity,Dirichlet perturbation centered on BWM_weights_main; no performance tuning.
59,tracking_error_vs_category_benchmark,0.03162368610141881,random_weight_sensitivity,Dirichlet perturbation centered on BWM_weights_main; no performance tuning.
59,beta_vs_category_benchmark,0.08501012944804705,random_weight_sensitivity,Dirichlet perturbation centered on BWM_weights_main; no performance tuning.
59,marginal_correlation_to_selected_universe,0.09940257905086343,random_weight_sensitivity,Dirichlet perturbation centered on BWM_weights_main; no performance tuning.
59,fund_age_months,0.015773560103081882,random_weight_sensitivity,Dirichlet perturbation centered on BWM_weights_main; no performance tuning.
59,aum_usd,0.05482703148053428,random_weight_sensitivity,Dirichlet perturbation centered on BWM_weights_main; no performance tuning.
60,momentum_12_1,0.0965632373014244,random_weight_sensitivity,Dirichlet perturbation centered on BWM_weights_main; no performance tuning.
60,volatility_annualized,0.04179850274134752,random_weight_sensitivity,Dirichlet perturbation centered on BWM_weights_main; no performance tuning.
60,rolling_max_drawdown,0.26986911860956325,random_weight_sensitivity,Dirichlet perturbation centered on BWM_weights_main; no performance tuning.
60,rolling_sortino,0.08757526862511644,random_weight_sensitivity,Dirichlet perturbation centered on BWM_weights_main; no performance tuning.
60,avg_dollar_volume,0.04420723626222395,random_weight_sensitivity,Dirichlet perturbation centered on BWM_weights_main; no performance tuning.
60,expense_ratio,0.02058602807650601,random_weight_sensitivity,Dirichlet perturbation centered on BWM_weights_main; no performance tuning.
60,tracking_error_vs_category_benchmark,0.15540962456229418,random_weight_sensitivity,Dirichlet perturbation centered on BWM_weights_main; no performance tuning.
60,beta_vs_category_benchmark,0.014869807233762375,random_weight_sensitivity,Dirichlet perturbation centered on BWM_weights_main; no performance tuning.
60,marginal_correlation_to_selected_universe,0.18452182853935753,random_weight_sensitivity,Dirichlet perturbation centered on BWM_weights_main; no performance tuning.
60,fund_age_months,0.014617884683059893,random_weight_sensitivity,Dirichlet perturbation centered on BWM_weights_main; no performance tuning.
60,aum_usd,0.0699814633653445,random_weight_sensitivity,Dirichlet perturbation centered on BWM_weights_main; no performance tuning.
61,momentum_12_1,0.10680309975645352,random_weight_sensitivity,Dirichlet perturbation centered on BWM_weights_main; no performance tuning.
61,volatility_annualized,0.17728557737738748,random_weight_sensitivity,Dirichlet perturbation centered on BWM_weights_main; no performance tuning.
61,rolling_max_drawdown,0.1852108455783549,random_weight_sensitivity,Dirichlet perturbation centered on BWM_weights_main; no performance tuning.
61,rolling_sortino,0.14256296513195735,random_weight_sensitivity,Dirichlet perturbation centered on BWM_weights_main; no performance tuning.
61,avg_dollar_volume,0.04382779667320073,random_weight_sensitivity,Dirichlet perturbation centered on BWM_weights_main; no performance tuning.
61,expense_ratio,0.023616531966731996,random_weight_sensitivity,Dirichlet perturbation centered on BWM_weights_main; no performance tuning.
61,tracking_error_vs_category_benchmark,0.13172268078242788,random_weight_sensitivity,Dirichlet perturbation centered on BWM_weights_main; no performance tuning.
61,beta_vs_category_benchmark,0.023198084042566534,random_weight_sensitivity,Dirichlet perturbation centered on BWM_weights_main; no performance tuning.
61,marginal_correlation_to_selected_universe,0.1213346856073253,random_weight_sensitivity,Dirichlet perturbation centered on BWM_weights_main; no performance tuning.
61,fund_age_months,0.004610579130522546,random_weight_sensitivity,Dirichlet perturbation centered on BWM_weights_main; no performance tuning.
61,aum_usd,0.03982715395307185,random_weight_sensitivity,Dirichlet perturbation centered on BWM_weights_main; no performance tuning.
62,momentum_12_1,0.16768487176090863,random_weight_sensitivity,Dirichlet perturbation centered on BWM_weights_main; no performance tuning.
62,volatility_annualized,0.11039513351060189,random_weight_sensitivity,Dirichlet perturbation centered on BWM_weights_main; no performance tuning.
62,rolling_max_drawdown,0.14575217210045582,random_weight_sensitivity,Dirichlet perturbation centered on BWM_weights_main; no performance tuning.
62,rolling_sortino,0.10118213081724255,random_weight_sensitivity,Dirichlet perturbation centered on BWM_weights_main; no performance tuning.
62,avg_dollar_volume,0.04192768809436123,random_weight_sensitivity,Dirichlet perturbation centered on BWM_weights_main; no performance tuning.
62,expense_ratio,0.148373457708256,random_weight_sensitivity,Dirichlet perturbation centered on BWM_weights_main; no performance tuning.
62,tracking_error_vs_category_benchmark,0.062445445504645515,random_weight_sensitivity,Dirichlet perturbation centered on BWM_weights_main; no performance tuning.
62,beta_vs_category_benchmark,0.05239554029266086,random_weight_sensitivity,Dirichlet perturbation centered on BWM_weights_main; no performance tuning.
62,marginal_correlation_to_selected_universe,0.10650160721656055,random_weight_sensitivity,Dirichlet perturbation centered on BWM_weights_main; no performance tuning.
62,fund_age_months,0.02112103008678155,random_weight_sensitivity,Dirichlet perturbation centered on BWM_weights_main; no performance tuning.
62,aum_usd,0.042220922907525674,random_weight_sensitivity,Dirichlet perturbation centered on BWM_weights_main; no performance tuning.
63,momentum_12_1,0.07353873865718683,random_weight_sensitivity,Dirichlet perturbation centered on BWM_weights_main; no performance tuning.
63,volatility_annualized,0.08196895686677218,random_weight_sensitivity,Dirichlet perturbation centered on BWM_weights_main; no performance tuning.
63,rolling_max_drawdown,0.21587977682600187,random_weight_sensitivity,Dirichlet perturbation centered on BWM_weights_main; no performance tuning.
63,rolling_sortino,0.12683306299463026,random_weight_sensitivity,Dirichlet perturbation centered on BWM_weights_main; no performance tuning.
63,avg_dollar_volume,0.07099121735708686,random_weight_sensitivity,Dirichlet perturbation centered on BWM_weights_main; no performance tuning.
63,expense_ratio,0.10814543861530133,random_weight_sensitivity,Dirichlet perturbation centered on BWM_weights_main; no performance tuning.
63,tracking_error_vs_category_benchmark,0.1313926371167547,random_weight_sensitivity,Dirichlet perturbation centered on BWM_weights_main; no performance tuning.
63,beta_vs_category_benchmark,0.08735003039548483,random_weight_sensitivity,Dirichlet perturbation centered on BWM_weights_main; no performance tuning.
63,marginal_correlation_to_selected_universe,0.043616307336419045,random_weight_sensitivity,Dirichlet perturbation centered on BWM_weights_main; no performance tuning.
63,fund_age_months,0.022739149642570178,random_weight_sensitivity,Dirichlet perturbation centered on BWM_weights_main; no performance tuning.
63,aum_usd,0.03754468419179204,random_weight_sensitivity,Dirichlet perturbation centered on BWM_weights_main; no performance tuning.
64,momentum_12_1,0.16855477266926694,random_weight_sensitivity,Dirichlet perturbation centered on BWM_weights_main; no performance tuning.
64,volatility_annualized,0.02231470151001471,random_weight_sensitivity,Dirichlet perturbation centered on BWM_weights_main; no performance tuning.
64,rolling_max_drawdown,0.16904787860507015,random_weight_sensitivity,Dirichlet perturbation centered on BWM_weights_main; no performance tuning.
64,rolling_sortino,0.10140012753239802,random_weight_sensitivity,Dirichlet perturbation centered on BWM_weights_main; no performance tuning.
64,avg_dollar_volume,0.034525213149234034,random_weight_sensitivity,Dirichlet perturbation centered on BWM_weights_main; no performance tuning.
64,expense_ratio,0.03829774437537463,random_weight_sensitivity,Dirichlet perturbation centered on BWM_weights_main; no performance tuning.
64,tracking_error_vs_category_benchmark,0.16877091268036523,random_weight_sensitivity,Dirichlet perturbation centered on BWM_weights_main; no performance tuning.
64,beta_vs_category_benchmark,0.07923220505785741,random_weight_sensitivity,Dirichlet perturbation centered on BWM_weights_main; no performance tuning.
64,marginal_correlation_to_selected_universe,0.1917475062830387,random_weight_sensitivity,Dirichlet perturbation centered on BWM_weights_main; no performance tuning.
64,fund_age_months,0.01461695593238,random_weight_sensitivity,Dirichlet perturbation centered on BWM_weights_main; no performance tuning.
64,aum_usd,0.011491982205000301,random_weight_sensitivity,Dirichlet perturbation centered on BWM_weights_main; no performance tuning.
65,momentum_12_1,0.07470369858391898,random_weight_sensitivity,Dirichlet perturbation centered on BWM_weights_main; no performance tuning.
65,volatility_annualized,0.06950287564023169,random_weight_sensitivity,Dirichlet perturbation centered on BWM_weights_main; no performance tuning.
65,rolling_max_drawdown,0.19051908812101118,random_weight_sensitivity,Dirichlet perturbation centered on BWM_weights_main; no performance tuning.
65,rolling_sortino,0.11018451457713208,random_weight_sensitivity,Dirichlet perturbation centered on BWM_weights_main; no performance tuning.
65,avg_dollar_volume,0.07104990120270091,random_weight_sensitivity,Dirichlet perturbation centered on BWM_weights_main; no performance tuning.
65,expense_ratio,0.14414865587829936,random_weight_sensitivity,Dirichlet perturbation centered on BWM_weights_main; no performance tuning.
65,tracking_error_vs_category_benchmark,0.13721023768928642,random_weight_sensitivity,Dirichlet perturbation centered on BWM_weights_main; no performance tuning.
65,beta_vs_category_benchmark,0.03482602070376222,random_weight_sensitivity,Dirichlet perturbation centered on BWM_weights_main; no performance tuning.
65,marginal_correlation_to_selected_universe,0.12494790312542037,random_weight_sensitivity,Dirichlet perturbation centered on BWM_weights_main; no performance tuning.
65,fund_age_months,0.01574764237918357,random_weight_sensitivity,Dirichlet perturbation centered on BWM_weights_main; no performance tuning.
65,aum_usd,0.02715946209905323,random_weight_sensitivity,Dirichlet perturbation centered on BWM_weights_main; no performance tuning.
66,momentum_12_1,0.16235664854258405,random_weight_sensitivity,Dirichlet perturbation centered on BWM_weights_main; no performance tuning.
66,volatility_annualized,0.06488874486283608,random_weight_sensitivity,Dirichlet perturbation centered on BWM_weights_main; no performance tuning.
66,rolling_max_drawdown,0.2288000047129768,random_weight_sensitivity,Dirichlet perturbation centered on BWM_weights_main; no performance tuning.
66,rolling_sortino,0.1286312066720678,random_weight_sensitivity,Dirichlet perturbation centered on BWM_weights_main; no performance tuning.
66,avg_dollar_volume,0.037513504504995084,random_weight_sensitivity,Dirichlet perturbation centered on BWM_weights_main; no performance tuning.
66,expense_ratio,0.023781657530737306,random_weight_sensitivity,Dirichlet perturbation centered on BWM_weights_main; no performance tuning.
66,tracking_error_vs_category_benchmark,0.09313811084398077,random_weight_sensitivity,Dirichlet perturbation centered on BWM_weights_main; no performance tuning.
66,beta_vs_category_benchmark,0.007928417620447737,random_weight_sensitivity,Dirichlet perturbation centered on BWM_weights_main; no performance tuning.
66,marginal_correlation_to_selected_universe,0.1472957788342907,random_weight_sensitivity,Dirichlet perturbation centered on BWM_weights_main; no performance tuning.
66,fund_age_months,0.023986428169719878,random_weight_sensitivity,Dirichlet perturbation centered on BWM_weights_main; no performance tuning.
66,aum_usd,0.08167949770536383,random_weight_sensitivity,Dirichlet perturbation centered on BWM_weights_main; no performance tuning.
67,momentum_12_1,0.11293340136052588,random_weight_sensitivity,Dirichlet perturbation centered on BWM_weights_main; no performance tuning.
67,volatility_annualized,0.17624067468373383,random_weight_sensitivity,Dirichlet perturbation centered on BWM_weights_main; no performance tuning.
67,rolling_max_drawdown,0.15232639223408956,random_weight_sensitivity,Dirichlet perturbation centered on BWM_weights_main; no performance tuning.
67,rolling_sortino,0.1229275722622754,random_weight_sensitivity,Dirichlet perturbation centered on BWM_weights_main; no performance tuning.
67,avg_dollar_volume,0.053048536761955735,random_weight_sensitivity,Dirichlet perturbation centered on BWM_weights_main; no performance tuning.
67,expense_ratio,0.06152859704619329,random_weight_sensitivity,Dirichlet perturbation centered on BWM_weights_main; no performance tuning.
67,tracking_error_vs_category_benchmark,0.10435550549359442,random_weight_sensitivity,Dirichlet perturbation centered on BWM_weights_main; no performance tuning.
67,beta_vs_category_benchmark,0.07770689714700602,random_weight_sensitivity,Dirichlet perturbation centered on BWM_weights_main; no performance tuning.
67,marginal_correlation_to_selected_universe,0.07377664564609612,random_weight_sensitivity,Dirichlet perturbation centered on BWM_weights_main; no performance tuning.
67,fund_age_months,0.02723583436215542,random_weight_sensitivity,Dirichlet perturbation centered on BWM_weights_main; no performance tuning.
67,aum_usd,0.037919943002374376,random_weight_sensitivity,Dirichlet perturbation centered on BWM_weights_main; no performance tuning.
68,momentum_12_1,0.061990261917506714,random_weight_sensitivity,Dirichlet perturbation centered on BWM_weights_main; no performance tuning.
68,volatility_annualized,0.0502356356390645,random_weight_sensitivity,Dirichlet perturbation centered on BWM_weights_main; no performance tuning.
68,rolling_max_drawdown,0.28675601064434614,random_weight_sensitivity,Dirichlet perturbation centered on BWM_weights_main; no performance tuning.
68,rolling_sortino,0.038128426484756006,random_weight_sensitivity,Dirichlet perturbation centered on BWM_weights_main; no performance tuning.
68,avg_dollar_volume,0.06813702723601778,random_weight_sensitivity,Dirichlet perturbation centered on BWM_weights_main; no performance tuning.
68,expense_ratio,0.031840148412011784,random_weight_sensitivity,Dirichlet perturbation centered on BWM_weights_main; no performance tuning.
68,tracking_error_vs_category_benchmark,0.21319354893783293,random_weight_sensitivity,Dirichlet perturbation centered on BWM_weights_main; no performance tuning.
68,beta_vs_category_benchmark,0.09718617531192598,random_weight_sensitivity,Dirichlet perturbation centered on BWM_weights_main; no performance tuning.
68,marginal_correlation_to_selected_universe,0.13025670056251606,random_weight_sensitivity,Dirichlet perturbation centered on BWM_weights_main; no performance tuning.
68,fund_age_months,0.00833582714674068,random_weight_sensitivity,Dirichlet perturbation centered on BWM_weights_main; no performance tuning.
68,aum_usd,0.013940237707281367,random_weight_sensitivity,Dirichlet perturbation centered on BWM_weights_main; no performance tuning.
69,momentum_12_1,0.13487741585784718,random_weight_sensitivity,Dirichlet perturbation centered on BWM_weights_main; no performance tuning.
69,volatility_annualized,0.12437790194035302,random_weight_sensitivity,Dirichlet perturbation centered on BWM_weights_main; no performance tuning.
69,rolling_max_drawdown,0.16240399454607565,random_weight_sensitivity,Dirichlet perturbation centered on BWM_weights_main; no performance tuning.
69,rolling_sortino,0.0771969274072606,random_weight_sensitivity,Dirichlet perturbation centered on BWM_weights_main; no performance tuning.
69,avg_dollar_volume,0.04267939540022251,random_weight_sensitivity,Dirichlet perturbation centered on BWM_weights_main; no performance tuning.
69,expense_ratio,0.04184591612817337,random_weight_sensitivity,Dirichlet perturbation centered on BWM_weights_main; no performance tuning.
69,tracking_error_vs_category_benchmark,0.09627620535754884,random_weight_sensitivity,Dirichlet perturbation centered on BWM_weights_main; no performance tuning.
69,beta_vs_category_benchmark,0.09572397346878629,random_weight_sensitivity,Dirichlet perturbation centered on BWM_weights_main; no performance tuning.
69,marginal_correlation_to_selected_universe,0.15274468304678707,random_weight_sensitivity,Dirichlet perturbation centered on BWM_weights_main; no performance tuning.
69,fund_age_months,0.02159678135064105,random_weight_sensitivity,Dirichlet perturbation centered on BWM_weights_main; no performance tuning.
69,aum_usd,0.05027680549630437,random_weight_sensitivity,Dirichlet perturbation centered on BWM_weights_main; no performance tuning.
70,momentum_12_1,0.12378761171355779,random_weight_sensitivity,Dirichlet perturbation centered on BWM_weights_main; no performance tuning.
70,volatility_annualized,0.0387286790573402,random_weight_sensitivity,Dirichlet perturbation centered on BWM_weights_main; no performance tuning.
70,rolling_max_drawdown,0.19354160006458507,random_weight_sensitivity,Dirichlet perturbation centered on BWM_weights_main; no performance tuning.
70,rolling_sortino,0.1631343131235366,random_weight_sensitivity,Dirichlet perturbation centered on BWM_weights_main; no performance tuning.
70,avg_dollar_volume,0.05876445474705125,random_weight_sensitivity,Dirichlet perturbation centered on BWM_weights_main; no performance tuning.
70,expense_ratio,0.10678229316481104,random_weight_sensitivity,Dirichlet perturbation centered on BWM_weights_main; no performance tuning.
70,tracking_error_vs_category_benchmark,0.09308532932997463,random_weight_sensitivity,Dirichlet perturbation centered on BWM_weights_main; no performance tuning.
70,beta_vs_category_benchmark,0.08707293094387365,random_weight_sensitivity,Dirichlet perturbation centered on BWM_weights_main; no performance tuning.
70,marginal_correlation_to_selected_universe,0.11293667856308827,random_weight_sensitivity,Dirichlet perturbation centered on BWM_weights_main; no performance tuning.
70,fund_age_months,0.004419851612943011,random_weight_sensitivity,Dirichlet perturbation centered on BWM_weights_main; no performance tuning.
70,aum_usd,0.017746257679238403,random_weight_sensitivity,Dirichlet perturbation centered on BWM_weights_main; no performance tuning.
71,momentum_12_1,0.1801422790741416,random_weight_sensitivity,Dirichlet perturbation centered on BWM_weights_main; no performance tuning.
71,volatility_annualized,0.14209086515539696,random_weight_sensitivity,Dirichlet perturbation centered on BWM_weights_main; no performance tuning.
71,rolling_max_drawdown,0.18135319312169604,random_weight_sensitivity,Dirichlet perturbation centered on BWM_weights_main; no performance tuning.
71,rolling_sortino,0.09324781732785739,random_weight_sensitivity,Dirichlet perturbation centered on BWM_weights_main; no performance tuning.
71,avg_dollar_volume,0.04311578653140025,random_weight_sensitivity,Dirichlet perturbation centered on BWM_weights_main; no performance tuning.
71,expense_ratio,0.08088266120844513,random_weight_sensitivity,Dirichlet perturbation centered on BWM_weights_main; no performance tuning.
71,tracking_error_vs_category_benchmark,0.0754208555908189,random_weight_sensitivity,Dirichlet perturbation centered on BWM_weights_main; no performance tuning.
71,beta_vs_category_benchmark,0.05510226554697536,random_weight_sensitivity,Dirichlet perturbation centered on BWM_weights_main; no performance tuning.
71,marginal_correlation_to_selected_universe,0.07873132665580256,random_weight_sensitivity,Dirichlet perturbation centered on BWM_weights_main; no performance tuning.
71,fund_age_months,0.03575474295367631,random_weight_sensitivity,Dirichlet perturbation centered on BWM_weights_main; no performance tuning.
71,aum_usd,0.03415820683378936,random_weight_sensitivity,Dirichlet perturbation centered on BWM_weights_main; no performance tuning.
72,momentum_12_1,0.12560639184763459,random_weight_sensitivity,Dirichlet perturbation centered on BWM_weights_main; no performance tuning.
72,volatility_annualized,0.07152455641249945,random_weight_sensitivity,Dirichlet perturbation centered on BWM_weights_main; no performance tuning.
72,rolling_max_drawdown,0.1773864585605619,random_weight_sensitivity,Dirichlet perturbation centered on BWM_weights_main; no performance tuning.
72,rolling_sortino,0.12671902163407214,random_weight_sensitivity,Dirichlet perturbation centered on BWM_weights_main; no performance tuning.
72,avg_dollar_volume,0.030296041754790528,random_weight_sensitivity,Dirichlet perturbation centered on BWM_weights_main; no performance tuning.
72,expense_ratio,0.06873312756241497,random_weight_sensitivity,Dirichlet perturbation centered on BWM_weights_main; no performance tuning.
72,tracking_error_vs_category_benchmark,0.11809999654352105,random_weight_sensitivity,Dirichlet perturbation centered on BWM_weights_main; no performance tuning.
72,beta_vs_category_benchmark,0.03759209955657614,random_weight_sensitivity,Dirichlet perturbation centered on BWM_weights_main; no performance tuning.
72,marginal_correlation_to_selected_universe,0.1756274022238917,random_weight_sensitivity,Dirichlet perturbation centered on BWM_weights_main; no performance tuning.
72,fund_age_months,0.029173452766805153,random_weight_sensitivity,Dirichlet perturbation centered on BWM_weights_main; no performance tuning.
72,aum_usd,0.039241451137232125,random_weight_sensitivity,Dirichlet perturbation centered on BWM_weights_main; no performance tuning.
73,momentum_12_1,0.08947834550993698,random_weight_sensitivity,Dirichlet perturbation centered on BWM_weights_main; no performance tuning.
73,volatility_annualized,0.057413103306329955,random_weight_sensitivity,Dirichlet perturbation centered on BWM_weights_main; no performance tuning.
73,rolling_max_drawdown,0.28858583554808165,random_weight_sensitivity,Dirichlet perturbation centered on BWM_weights_main; no performance tuning.
73,rolling_sortino,0.09980576596254889,random_weight_sensitivity,Dirichlet perturbation centered on BWM_weights_main; no performance tuning.
73,avg_dollar_volume,0.03475206518213549,random_weight_sensitivity,Dirichlet perturbation centered on BWM_weights_main; no performance tuning.
73,expense_ratio,0.05287508666814009,random_weight_sensitivity,Dirichlet perturbation centered on BWM_weights_main; no performance tuning.
73,tracking_error_vs_category_benchmark,0.14445388243423568,random_weight_sensitivity,Dirichlet perturbation centered on BWM_weights_main; no performance tuning.
73,beta_vs_category_benchmark,0.08815674417437709,random_weight_sensitivity,Dirichlet perturbation centered on BWM_weights_main; no performance tuning.
73,marginal_correlation_to_selected_universe,0.0756064213619789,random_weight_sensitivity,Dirichlet perturbation centered on BWM_weights_main; no performance tuning.
73,fund_age_months,0.05481343712524863,random_weight_sensitivity,Dirichlet perturbation centered on BWM_weights_main; no performance tuning.
73,aum_usd,0.014059312726986451,random_weight_sensitivity,Dirichlet perturbation centered on BWM_weights_main; no performance tuning.
74,momentum_12_1,0.16853600473513422,random_weight_sensitivity,Dirichlet perturbation centered on BWM_weights_main; no performance tuning.
74,volatility_annualized,0.10980051661707942,random_weight_sensitivity,Dirichlet perturbation centered on BWM_weights_main; no performance tuning.
74,rolling_max_drawdown,0.16427797005747857,random_weight_sensitivity,Dirichlet perturbation centered on BWM_weights_main; no performance tuning.
74,rolling_sortino,0.09146038860352293,random_weight_sensitivity,Dirichlet perturbation centered on BWM_weights_main; no performance tuning.
74,avg_dollar_volume,0.06846590919299175,random_weight_sensitivity,Dirichlet perturbation centered on BWM_weights_main; no performance tuning.
74,expense_ratio,0.08513567202554606,random_weight_sensitivity,Dirichlet perturbation centered on BWM_weights_main; no performance tuning.
74,tracking_error_vs_category_benchmark,0.04442260599479636,random_weight_sensitivity,Dirichlet perturbation centered on BWM_weights_main; no performance tuning.
74,beta_vs_category_benchmark,0.04364874739870535,random_weight_sensitivity,Dirichlet perturbation centered on BWM_weights_main; no performance tuning.
74,marginal_correlation_to_selected_universe,0.10345935474562296,random_weight_sensitivity,Dirichlet perturbation centered on BWM_weights_main; no performance tuning.
74,fund_age_months,0.04745915635643908,random_weight_sensitivity,Dirichlet perturbation centered on BWM_weights_main; no performance tuning.
74,aum_usd,0.07333367427268343,random_weight_sensitivity,Dirichlet perturbation centered on BWM_weights_main; no performance tuning.
75,momentum_12_1,0.1674555796583312,random_weight_sensitivity,Dirichlet perturbation centered on BWM_weights_main; no performance tuning.
75,volatility_annualized,0.14035407243697526,random_weight_sensitivity,Dirichlet perturbation centered on BWM_weights_main; no performance tuning.
75,rolling_max_drawdown,0.13070464806392082,random_weight_sensitivity,Dirichlet perturbation centered on BWM_weights_main; no performance tuning.
75,rolling_sortino,0.09259264612330986,random_weight_sensitivity,Dirichlet perturbation centered on BWM_weights_main; no performance tuning.
75,avg_dollar_volume,0.09995707226667494,random_weight_sensitivity,Dirichlet perturbation centered on BWM_weights_main; no performance tuning.
75,expense_ratio,0.09530639931301688,random_weight_sensitivity,Dirichlet perturbation centered on BWM_weights_main; no performance tuning.
75,tracking_error_vs_category_benchmark,0.08572356115676291,random_weight_sensitivity,Dirichlet perturbation centered on BWM_weights_main; no performance tuning.
75,beta_vs_category_benchmark,0.07713630016250449,random_weight_sensitivity,Dirichlet perturbation centered on BWM_weights_main; no performance tuning.
75,marginal_correlation_to_selected_universe,0.07683540303361917,random_weight_sensitivity,Dirichlet perturbation centered on BWM_weights_main; no performance tuning.
75,fund_age_months,0.002386025500054803,random_weight_sensitivity,Dirichlet perturbation centered on BWM_weights_main; no performance tuning.
75,aum_usd,0.031548292284829665,random_weight_sensitivity,Dirichlet perturbation centered on BWM_weights_main; no performance tuning.
76,momentum_12_1,0.07976821626397526,random_weight_sensitivity,Dirichlet perturbation centered on BWM_weights_main; no performance tuning.
76,volatility_annualized,0.06935744923820397,random_weight_sensitivity,Dirichlet perturbation centered on BWM_weights_main; no performance tuning.
76,rolling_max_drawdown,0.1829535859371806,random_weight_sensitivity,Dirichlet perturbation centered on BWM_weights_main; no performance tuning.
76,rolling_sortino,0.07786283877116985,random_weight_sensitivity,Dirichlet perturbation centered on BWM_weights_main; no performance tuning.
76,avg_dollar_volume,0.06730711904719561,random_weight_sensitivity,Dirichlet perturbation centered on BWM_weights_main; no performance tuning.
76,expense_ratio,0.07957537697461546,random_weight_sensitivity,Dirichlet perturbation centered on BWM_weights_main; no performance tuning.
76,tracking_error_vs_category_benchmark,0.199031972470652,random_weight_sensitivity,Dirichlet perturbation centered on BWM_weights_main; no performance tuning.
76,beta_vs_category_benchmark,0.052823754577952554,random_weight_sensitivity,Dirichlet perturbation centered on BWM_weights_main; no performance tuning.
76,marginal_correlation_to_selected_universe,0.13451702269529894,random_weight_sensitivity,Dirichlet perturbation centered on BWM_weights_main; no performance tuning.
76,fund_age_months,0.01895339388438348,random_weight_sensitivity,Dirichlet perturbation centered on BWM_weights_main; no performance tuning.
76,aum_usd,0.03784927013937233,random_weight_sensitivity,Dirichlet perturbation centered on BWM_weights_main; no performance tuning.
77,momentum_12_1,0.1155073689833619,random_weight_sensitivity,Dirichlet perturbation centered on BWM_weights_main; no performance tuning.
77,volatility_annualized,0.1265086943228291,random_weight_sensitivity,Dirichlet perturbation centered on BWM_weights_main; no performance tuning.
77,rolling_max_drawdown,0.20351405120649999,random_weight_sensitivity,Dirichlet perturbation centered on BWM_weights_main; no performance tuning.
77,rolling_sortino,0.174695176656133,random_weight_sensitivity,Dirichlet perturbation centered on BWM_weights_main; no performance tuning.
77,avg_dollar_volume,0.0525339517473904,random_weight_sensitivity,Dirichlet perturbation centered on BWM_weights_main; no performance tuning.
77,expense_ratio,0.03242915211408661,random_weight_sensitivity,Dirichlet perturbation centered on BWM_weights_main; no performance tuning.
77,tracking_error_vs_category_benchmark,0.09547217626280274,random_weight_sensitivity,Dirichlet perturbation centered on BWM_weights_main; no performance tuning.
77,beta_vs_category_benchmark,0.0551919257802764,random_weight_sensitivity,Dirichlet perturbation centered on BWM_weights_main; no performance tuning.
77,marginal_correlation_to_selected_universe,0.09545104066188935,random_weight_sensitivity,Dirichlet perturbation centered on BWM_weights_main; no performance tuning.
77,fund_age_months,0.01870227602319466,random_weight_sensitivity,Dirichlet perturbation centered on BWM_weights_main; no performance tuning.
77,aum_usd,0.029994186241535832,random_weight_sensitivity,Dirichlet perturbation centered on BWM_weights_main; no performance tuning.
78,momentum_12_1,0.08988773780258733,random_weight_sensitivity,Dirichlet perturbation centered on BWM_weights_main; no performance tuning.
78,volatility_annualized,0.07654815220422213,random_weight_sensitivity,Dirichlet perturbation centered on BWM_weights_main; no performance tuning.
78,rolling_max_drawdown,0.19689383323831472,random_weight_sensitivity,Dirichlet perturbation centered on BWM_weights_main; no performance tuning.
78,rolling_sortino,0.2212671787002822,random_weight_sensitivity,Dirichlet perturbation centered on BWM_weights_main; no performance tuning.
78,avg_dollar_volume,0.0687209960908401,random_weight_sensitivity,Dirichlet perturbation centered on BWM_weights_main; no performance tuning.
78,expense_ratio,0.04788751865397097,random_weight_sensitivity,Dirichlet perturbation centered on BWM_weights_main; no performance tuning.
78,tracking_error_vs_category_benchmark,0.03077566368044566,random_weight_sensitivity,Dirichlet perturbation centered on BWM_weights_main; no performance tuning.
78,beta_vs_category_benchmark,0.14295182407084286,random_weight_sensitivity,Dirichlet perturbation centered on BWM_weights_main; no performance tuning.
78,marginal_correlation_to_selected_universe,0.10628964602184582,random_weight_sensitivity,Dirichlet perturbation centered on BWM_weights_main; no performance tuning.
78,fund_age_months,0.014619577637819877,random_weight_sensitivity,Dirichlet perturbation centered on BWM_weights_main; no performance tuning.
78,aum_usd,0.004157871898828089,random_weight_sensitivity,Dirichlet perturbation centered on BWM_weights_main; no performance tuning.
79,momentum_12_1,0.1093739617371906,random_weight_sensitivity,Dirichlet perturbation centered on BWM_weights_main; no performance tuning.
79,volatility_annualized,0.12056319160676662,random_weight_sensitivity,Dirichlet perturbation centered on BWM_weights_main; no performance tuning.
79,rolling_max_drawdown,0.17710088072826416,random_weight_sensitivity,Dirichlet perturbation centered on BWM_weights_main; no performance tuning.
79,rolling_sortino,0.06284851330641539,random_weight_sensitivity,Dirichlet perturbation centered on BWM_weights_main; no performance tuning.
79,avg_dollar_volume,0.03321851796090148,random_weight_sensitivity,Dirichlet perturbation centered on BWM_weights_main; no performance tuning.
79,expense_ratio,0.17225001601959083,random_weight_sensitivity,Dirichlet perturbation centered on BWM_weights_main; no performance tuning.
79,tracking_error_vs_category_benchmark,0.1191714068416328,random_weight_sensitivity,Dirichlet perturbation centered on BWM_weights_main; no performance tuning.
79,beta_vs_category_benchmark,0.056138471842873114,random_weight_sensitivity,Dirichlet perturbation centered on BWM_weights_main; no performance tuning.
79,marginal_correlation_to_selected_universe,0.11632143330400534,random_weight_sensitivity,Dirichlet perturbation centered on BWM_weights_main; no performance tuning.
79,fund_age_months,0.01994688253066058,random_weight_sensitivity,Dirichlet perturbation centered on BWM_weights_main; no performance tuning.
79,aum_usd,0.01306672412169916,random_weight_sensitivity,Dirichlet perturbation centered on BWM_weights_main; no performance tuning.
80,momentum_12_1,0.13891584393898296,random_weight_sensitivity,Dirichlet perturbation centered on BWM_weights_main; no performance tuning.
80,volatility_annualized,0.09048990239204219,random_weight_sensitivity,Dirichlet perturbation centered on BWM_weights_main; no performance tuning.
80,rolling_max_drawdown,0.18417065929547416,random_weight_sensitivity,Dirichlet perturbation centered on BWM_weights_main; no performance tuning.
80,rolling_sortino,0.16915755535192822,random_weight_sensitivity,Dirichlet perturbation centered on BWM_weights_main; no performance tuning.
80,avg_dollar_volume,0.030007819022460885,random_weight_sensitivity,Dirichlet perturbation centered on BWM_weights_main; no performance tuning.
80,expense_ratio,0.04171215294344921,random_weight_sensitivity,Dirichlet perturbation centered on BWM_weights_main; no performance tuning.
80,tracking_error_vs_category_benchmark,0.11085950567913745,random_weight_sensitivity,Dirichlet perturbation centered on BWM_weights_main; no performance tuning.
80,beta_vs_category_benchmark,0.09653763422347157,random_weight_sensitivity,Dirichlet perturbation centered on BWM_weights_main; no performance tuning.
80,marginal_correlation_to_selected_universe,0.07522501707939774,random_weight_sensitivity,Dirichlet perturbation centered on BWM_weights_main; no performance tuning.
80,fund_age_months,0.00964049974018649,random_weight_sensitivity,Dirichlet perturbation centered on BWM_weights_main; no performance tuning.
80,aum_usd,0.05328341033346931,random_weight_sensitivity,Dirichlet perturbation centered on BWM_weights_main; no performance tuning.
81,momentum_12_1,0.18303380680807127,random_weight_sensitivity,Dirichlet perturbation centered on BWM_weights_main; no performance tuning.
81,volatility_annualized,0.0842872943660061,random_weight_sensitivity,Dirichlet perturbation centered on BWM_weights_main; no performance tuning.
81,rolling_max_drawdown,0.11685791747054584,random_weight_sensitivity,Dirichlet perturbation centered on BWM_weights_main; no performance tuning.
81,rolling_sortino,0.051513428212515595,random_weight_sensitivity,Dirichlet perturbation centered on BWM_weights_main; no performance tuning.
81,avg_dollar_volume,0.049332329244925685,random_weight_sensitivity,Dirichlet perturbation centered on BWM_weights_main; no performance tuning.
81,expense_ratio,0.0790439975044136,random_weight_sensitivity,Dirichlet perturbation centered on BWM_weights_main; no performance tuning.
81,tracking_error_vs_category_benchmark,0.2156470284056963,random_weight_sensitivity,Dirichlet perturbation centered on BWM_weights_main; no performance tuning.
81,beta_vs_category_benchmark,0.04519753282897784,random_weight_sensitivity,Dirichlet perturbation centered on BWM_weights_main; no performance tuning.
81,marginal_correlation_to_selected_universe,0.08434156713042835,random_weight_sensitivity,Dirichlet perturbation centered on BWM_weights_main; no performance tuning.
81,fund_age_months,0.05428845178488675,random_weight_sensitivity,Dirichlet perturbation centered on BWM_weights_main; no performance tuning.
81,aum_usd,0.03645664624353281,random_weight_sensitivity,Dirichlet perturbation centered on BWM_weights_main; no performance tuning.
82,momentum_12_1,0.10688418845227078,random_weight_sensitivity,Dirichlet perturbation centered on BWM_weights_main; no performance tuning.
82,volatility_annualized,0.16896879643099674,random_weight_sensitivity,Dirichlet perturbation centered on BWM_weights_main; no performance tuning.
82,rolling_max_drawdown,0.18403017697166518,random_weight_sensitivity,Dirichlet perturbation centered on BWM_weights_main; no performance tuning.
82,rolling_sortino,0.06395577934029556,random_weight_sensitivity,Dirichlet perturbation centered on BWM_weights_main; no performance tuning.
82,avg_dollar_volume,0.11118661194833401,random_weight_sensitivity,Dirichlet perturbation centered on BWM_weights_main; no performance tuning.
82,expense_ratio,0.02498128866338401,random_weight_sensitivity,Dirichlet perturbation centered on BWM_weights_main; no performance tuning.
82,tracking_error_vs_category_benchmark,0.14462232589786214,random_weight_sensitivity,Dirichlet perturbation centered on BWM_weights_main; no performance tuning.
82,beta_vs_category_benchmark,0.06342762152944695,random_weight_sensitivity,Dirichlet perturbation centered on BWM_weights_main; no performance tuning.
82,marginal_correlation_to_selected_universe,0.08669977058203937,random_weight_sensitivity,Dirichlet perturbation centered on BWM_weights_main; no performance tuning.
82,fund_age_months,0.01266429557170184,random_weight_sensitivity,Dirichlet perturbation centered on BWM_weights_main; no performance tuning.
82,aum_usd,0.0325791446120034,random_weight_sensitivity,Dirichlet perturbation centered on BWM_weights_main; no performance tuning.
83,momentum_12_1,0.09729257666056132,random_weight_sensitivity,Dirichlet perturbation centered on BWM_weights_main; no performance tuning.
83,volatility_annualized,0.1395151606620775,random_weight_sensitivity,Dirichlet perturbation centered on BWM_weights_main; no performance tuning.
83,rolling_max_drawdown,0.18803167307241025,random_weight_sensitivity,Dirichlet perturbation centered on BWM_weights_main; no performance tuning.
83,rolling_sortino,0.04740952842017218,random_weight_sensitivity,Dirichlet perturbation centered on BWM_weights_main; no performance tuning.
83,avg_dollar_volume,0.0759280138362376,random_weight_sensitivity,Dirichlet perturbation centered on BWM_weights_main; no performance tuning.
83,expense_ratio,0.02261569790507818,random_weight_sensitivity,Dirichlet perturbation centered on BWM_weights_main; no performance tuning.
83,tracking_error_vs_category_benchmark,0.11681327331532655,random_weight_sensitivity,Dirichlet perturbation centered on BWM_weights_main; no performance tuning.
83,beta_vs_category_benchmark,0.05956954445824636,random_weight_sensitivity,Dirichlet perturbation centered on BWM_weights_main; no performance tuning.
83,marginal_correlation_to_selected_universe,0.16742514898136518,random_weight_sensitivity,Dirichlet perturbation centered on BWM_weights_main; no performance tuning.
83,fund_age_months,0.01617859711865016,random_weight_sensitivity,Dirichlet perturbation centered on BWM_weights_main; no performance tuning.
83,aum_usd,0.06922078556987465,random_weight_sensitivity,Dirichlet perturbation centered on BWM_weights_main; no performance tuning.
84,momentum_12_1,0.12429801615817629,random_weight_sensitivity,Dirichlet perturbation centered on BWM_weights_main; no performance tuning.
84,volatility_annualized,0.12566174507098699,random_weight_sensitivity,Dirichlet perturbation centered on BWM_weights_main; no performance tuning.
84,rolling_max_drawdown,0.2723244619948709,random_weight_sensitivity,Dirichlet perturbation centered on BWM_weights_main; no performance tuning.
84,rolling_sortino,0.08805240409421157,random_weight_sensitivity,Dirichlet perturbation centered on BWM_weights_main; no performance tuning.
84,avg_dollar_volume,0.06451466213814157,random_weight_sensitivity,Dirichlet perturbation centered on BWM_weights_main; no performance tuning.
84,expense_ratio,0.07673977493782862,random_weight_sensitivity,Dirichlet perturbation centered on BWM_weights_main; no performance tuning.
84,tracking_error_vs_category_benchmark,0.10018271519105976,random_weight_sensitivity,Dirichlet perturbation centered on BWM_weights_main; no performance tuning.
84,beta_vs_category_benchmark,0.054843293227398414,random_weight_sensitivity,Dirichlet perturbation centered on BWM_weights_main; no performance tuning.
84,marginal_correlation_to_selected_universe,0.06542450507245169,random_weight_sensitivity,Dirichlet perturbation centered on BWM_weights_main; no performance tuning.
84,fund_age_months,0.017525376236595218,random_weight_sensitivity,Dirichlet perturbation centered on BWM_weights_main; no performance tuning.
84,aum_usd,0.010433045878278984,random_weight_sensitivity,Dirichlet perturbation centered on BWM_weights_main; no performance tuning.
85,momentum_12_1,0.042799068175827674,random_weight_sensitivity,Dirichlet perturbation centered on BWM_weights_main; no performance tuning.
85,volatility_annualized,0.06892467071936524,random_weight_sensitivity,Dirichlet perturbation centered on BWM_weights_main; no performance tuning.
85,rolling_max_drawdown,0.24918568681419007,random_weight_sensitivity,Dirichlet perturbation centered on BWM_weights_main; no performance tuning.
85,rolling_sortino,0.12379883741229293,random_weight_sensitivity,Dirichlet perturbation centered on BWM_weights_main; no performance tuning.
85,avg_dollar_volume,0.10090596994252313,random_weight_sensitivity,Dirichlet perturbation centered on BWM_weights_main; no performance tuning.
85,expense_ratio,0.05046093000471028,random_weight_sensitivity,Dirichlet perturbation centered on BWM_weights_main; no performance tuning.
85,tracking_error_vs_category_benchmark,0.16783332248836633,random_weight_sensitivity,Dirichlet perturbation centered on BWM_weights_main; no performance tuning.
85,beta_vs_category_benchmark,0.032737285952252435,random_weight_sensitivity,Dirichlet perturbation centered on BWM_weights_main; no performance tuning.
85,marginal_correlation_to_selected_universe,0.07004356771357484,random_weight_sensitivity,Dirichlet perturbation centered on BWM_weights_main; no performance tuning.
85,fund_age_months,0.04737552294630021,random_weight_sensitivity,Dirichlet perturbation centered on BWM_weights_main; no performance tuning.
85,aum_usd,0.04593513783059674,random_weight_sensitivity,Dirichlet perturbation centered on BWM_weights_main; no performance tuning.
86,momentum_12_1,0.13604043955292108,random_weight_sensitivity,Dirichlet perturbation centered on BWM_weights_main; no performance tuning.
86,volatility_annualized,0.11481471017663124,random_weight_sensitivity,Dirichlet perturbation centered on BWM_weights_main; no performance tuning.
86,rolling_max_drawdown,0.15980905994051667,random_weight_sensitivity,Dirichlet perturbation centered on BWM_weights_main; no performance tuning.
86,rolling_sortino,0.06151711115999395,random_weight_sensitivity,Dirichlet perturbation centered on BWM_weights_main; no performance tuning.
86,avg_dollar_volume,0.02247091988431683,random_weight_sensitivity,Dirichlet perturbation centered on BWM_weights_main; no performance tuning.
86,expense_ratio,0.15035946458312735,random_weight_sensitivity,Dirichlet perturbation centered on BWM_weights_main; no performance tuning.
86,tracking_error_vs_category_benchmark,0.04951248979842601,random_weight_sensitivity,Dirichlet perturbation centered on BWM_weights_main; no performance tuning.
86,beta_vs_category_benchmark,0.12895109284315998,random_weight_sensitivity,Dirichlet perturbation centered on BWM_weights_main; no performance tuning.
86,marginal_correlation_to_selected_universe,0.1088537869766307,random_weight_sensitivity,Dirichlet perturbation centered on BWM_weights_main; no performance tuning.
86,fund_age_months,0.02396126082087661,random_weight_sensitivity,Dirichlet perturbation centered on BWM_weights_main; no performance tuning.
86,aum_usd,0.04370966426339968,random_weight_sensitivity,Dirichlet perturbation centered on BWM_weights_main; no performance tuning.
87,momentum_12_1,0.15143519062110644,random_weight_sensitivity,Dirichlet perturbation centered on BWM_weights_main; no performance tuning.
87,volatility_annualized,0.08740689205260935,random_weight_sensitivity,Dirichlet perturbation centered on BWM_weights_main; no performance tuning.
87,rolling_max_drawdown,0.10715043468498164,random_weight_sensitivity,Dirichlet perturbation centered on BWM_weights_main; no performance tuning.
87,rolling_sortino,0.09566873550498012,random_weight_sensitivity,Dirichlet perturbation centered on BWM_weights_main; no performance tuning.
87,avg_dollar_volume,0.09891265379813872,random_weight_sensitivity,Dirichlet perturbation centered on BWM_weights_main; no performance tuning.
87,expense_ratio,0.04357749539517081,random_weight_sensitivity,Dirichlet perturbation centered on BWM_weights_main; no performance tuning.
87,tracking_error_vs_category_benchmark,0.18380810924372973,random_weight_sensitivity,Dirichlet perturbation centered on BWM_weights_main; no performance tuning.
87,beta_vs_category_benchmark,0.0742473630275164,random_weight_sensitivity,Dirichlet perturbation centered on BWM_weights_main; no performance tuning.
87,marginal_correlation_to_selected_universe,0.07323312440010214,random_weight_sensitivity,Dirichlet perturbation centered on BWM_weights_main; no performance tuning.
87,fund_age_months,0.025205503919882986,random_weight_sensitivity,Dirichlet perturbation centered on BWM_weights_main; no performance tuning.
87,aum_usd,0.05935449735178145,random_weight_sensitivity,Dirichlet perturbation centered on BWM_weights_main; no performance tuning.
88,momentum_12_1,0.1533153555628489,random_weight_sensitivity,Dirichlet perturbation centered on BWM_weights_main; no performance tuning.
88,volatility_annualized,0.027737483848778378,random_weight_sensitivity,Dirichlet perturbation centered on BWM_weights_main; no performance tuning.
88,rolling_max_drawdown,0.07632211155196926,random_weight_sensitivity,Dirichlet perturbation centered on BWM_weights_main; no performance tuning.
88,rolling_sortino,0.18538023480721488,random_weight_sensitivity,Dirichlet perturbation centered on BWM_weights_main; no performance tuning.
88,avg_dollar_volume,0.034759747360452765,random_weight_sensitivity,Dirichlet perturbation centered on BWM_weights_main; no performance tuning.
88,expense_ratio,0.1312313144674336,random_weight_sensitivity,Dirichlet perturbation centered on BWM_weights_main; no performance tuning.
88,tracking_error_vs_category_benchmark,0.19232369090769794,random_weight_sensitivity,Dirichlet perturbation centered on BWM_weights_main; no performance tuning.
88,beta_vs_category_benchmark,0.04153806953738401,random_weight_sensitivity,Dirichlet perturbation centered on BWM_weights_main; no performance tuning.
88,marginal_correlation_to_selected_universe,0.08040384886303065,random_weight_sensitivity,Dirichlet perturbation centered on BWM_weights_main; no performance tuning.
88,fund_age_months,0.04232736989355065,random_weight_sensitivity,Dirichlet perturbation centered on BWM_weights_main; no performance tuning.
88,aum_usd,0.03466077319963898,random_weight_sensitivity,Dirichlet perturbation centered on BWM_weights_main; no performance tuning.
89,momentum_12_1,0.16968134046947136,random_weight_sensitivity,Dirichlet perturbation centered on BWM_weights_main; no performance tuning.
89,volatility_annualized,0.18858106685952303,random_weight_sensitivity,Dirichlet perturbation centered on BWM_weights_main; no performance tuning.
89,rolling_max_drawdown,0.1311381257081332,random_weight_sensitivity,Dirichlet perturbation centered on BWM_weights_main; no performance tuning.
89,rolling_sortino,0.07402007285562581,random_weight_sensitivity,Dirichlet perturbation centered on BWM_weights_main; no performance tuning.
89,avg_dollar_volume,0.07105492893075717,random_weight_sensitivity,Dirichlet perturbation centered on BWM_weights_main; no performance tuning.
89,expense_ratio,0.01718673193274777,random_weight_sensitivity,Dirichlet perturbation centered on BWM_weights_main; no performance tuning.
89,tracking_error_vs_category_benchmark,0.04510093520682195,random_weight_sensitivity,Dirichlet perturbation centered on BWM_weights_main; no performance tuning.
89,beta_vs_category_benchmark,0.041170658514766215,random_weight_sensitivity,Dirichlet perturbation centered on BWM_weights_main; no performance tuning.
89,marginal_correlation_to_selected_universe,0.2146867432995332,random_weight_sensitivity,Dirichlet perturbation centered on BWM_weights_main; no performance tuning.
89,fund_age_months,0.02351857429937725,random_weight_sensitivity,Dirichlet perturbation centered on BWM_weights_main; no performance tuning.
89,aum_usd,0.02386082192324293,random_weight_sensitivity,Dirichlet perturbation centered on BWM_weights_main; no performance tuning.
90,momentum_12_1,0.0714419318013546,random_weight_sensitivity,Dirichlet perturbation centered on BWM_weights_main; no performance tuning.
90,volatility_annualized,0.06559937453899568,random_weight_sensitivity,Dirichlet perturbation centered on BWM_weights_main; no performance tuning.
90,rolling_max_drawdown,0.16978318097672634,random_weight_sensitivity,Dirichlet perturbation centered on BWM_weights_main; no performance tuning.
90,rolling_sortino,0.08519396398711122,random_weight_sensitivity,Dirichlet perturbation centered on BWM_weights_main; no performance tuning.
90,avg_dollar_volume,0.06421691918249466,random_weight_sensitivity,Dirichlet perturbation centered on BWM_weights_main; no performance tuning.
90,expense_ratio,0.09178004523416285,random_weight_sensitivity,Dirichlet perturbation centered on BWM_weights_main; no performance tuning.
90,tracking_error_vs_category_benchmark,0.10788761614206666,random_weight_sensitivity,Dirichlet perturbation centered on BWM_weights_main; no performance tuning.
90,beta_vs_category_benchmark,0.10578157641265597,random_weight_sensitivity,Dirichlet perturbation centered on BWM_weights_main; no performance tuning.
90,marginal_correlation_to_selected_universe,0.0984921195736784,random_weight_sensitivity,Dirichlet perturbation centered on BWM_weights_main; no performance tuning.
90,fund_age_months,0.07369998996963417,random_weight_sensitivity,Dirichlet perturbation centered on BWM_weights_main; no performance tuning.
90,aum_usd,0.0661232821811197,random_weight_sensitivity,Dirichlet perturbation centered on BWM_weights_main; no performance tuning.
91,momentum_12_1,0.1191887166303923,random_weight_sensitivity,Dirichlet perturbation centered on BWM_weights_main; no performance tuning.
91,volatility_annualized,0.13242583550185633,random_weight_sensitivity,Dirichlet perturbation centered on BWM_weights_main; no performance tuning.
91,rolling_max_drawdown,0.16717128757267255,random_weight_sensitivity,Dirichlet perturbation centered on BWM_weights_main; no performance tuning.
91,rolling_sortino,0.09843284747445555,random_weight_sensitivity,Dirichlet perturbation centered on BWM_weights_main; no performance tuning.
91,avg_dollar_volume,0.060957800948679475,random_weight_sensitivity,Dirichlet perturbation centered on BWM_weights_main; no performance tuning.
91,expense_ratio,0.04677928547743852,random_weight_sensitivity,Dirichlet perturbation centered on BWM_weights_main; no performance tuning.
91,tracking_error_vs_category_benchmark,0.0592850416066744,random_weight_sensitivity,Dirichlet perturbation centered on BWM_weights_main; no performance tuning.
91,beta_vs_category_benchmark,0.09217528406825501,random_weight_sensitivity,Dirichlet perturbation centered on BWM_weights_main; no performance tuning.
91,marginal_correlation_to_selected_universe,0.15797409711257357,random_weight_sensitivity,Dirichlet perturbation centered on BWM_weights_main; no performance tuning.
91,fund_age_months,0.027934184978067236,random_weight_sensitivity,Dirichlet perturbation centered on BWM_weights_main; no performance tuning.
91,aum_usd,0.03767561862893503,random_weight_sensitivity,Dirichlet perturbation centered on BWM_weights_main; no performance tuning.
92,momentum_12_1,0.18507328813734217,random_weight_sensitivity,Dirichlet perturbation centered on BWM_weights_main; no performance tuning.
92,volatility_annualized,0.06341940633317282,random_weight_sensitivity,Dirichlet perturbation centered on BWM_weights_main; no performance tuning.
92,rolling_max_drawdown,0.16527783847528446,random_weight_sensitivity,Dirichlet perturbation centered on BWM_weights_main; no performance tuning.
92,rolling_sortino,0.12881615406990915,random_weight_sensitivity,Dirichlet perturbation centered on BWM_weights_main; no performance tuning.
92,avg_dollar_volume,0.029343503271410058,random_weight_sensitivity,Dirichlet perturbation centered on BWM_weights_main; no performance tuning.
92,expense_ratio,0.07373510588741469,random_weight_sensitivity,Dirichlet perturbation centered on BWM_weights_main; no performance tuning.
92,tracking_error_vs_category_benchmark,0.16091695490282765,random_weight_sensitivity,Dirichlet perturbation centered on BWM_weights_main; no performance tuning.
92,beta_vs_category_benchmark,0.05432285642523134,random_weight_sensitivity,Dirichlet perturbation centered on BWM_weights_main; no performance tuning.
92,marginal_correlation_to_selected_universe,0.08979919474695047,random_weight_sensitivity,Dirichlet perturbation centered on BWM_weights_main; no performance tuning.
92,fund_age_months,0.007411989558161538,random_weight_sensitivity,Dirichlet perturbation centered on BWM_weights_main; no performance tuning.
92,aum_usd,0.04188370819229548,random_weight_sensitivity,Dirichlet perturbation centered on BWM_weights_main; no performance tuning.
93,momentum_12_1,0.08783731926949194,random_weight_sensitivity,Dirichlet perturbation centered on BWM_weights_main; no performance tuning.
93,volatility_annualized,0.1199033576002848,random_weight_sensitivity,Dirichlet perturbation centered on BWM_weights_main; no performance tuning.
93,rolling_max_drawdown,0.13900151332621552,random_weight_sensitivity,Dirichlet perturbation centered on BWM_weights_main; no performance tuning.
93,rolling_sortino,0.03347338567337467,random_weight_sensitivity,Dirichlet perturbation centered on BWM_weights_main; no performance tuning.
93,avg_dollar_volume,0.06218555924055837,random_weight_sensitivity,Dirichlet perturbation centered on BWM_weights_main; no performance tuning.
93,expense_ratio,0.061661659300162826,random_weight_sensitivity,Dirichlet perturbation centered on BWM_weights_main; no performance tuning.
93,tracking_error_vs_category_benchmark,0.104514271977227,random_weight_sensitivity,Dirichlet perturbation centered on BWM_weights_main; no performance tuning.
93,beta_vs_category_benchmark,0.1135832706737996,random_weight_sensitivity,Dirichlet perturbation centered on BWM_weights_main; no performance tuning.
93,marginal_correlation_to_selected_universe,0.180412537165349,random_weight_sensitivity,Dirichlet perturbation centered on BWM_weights_main; no performance tuning.
93,fund_age_months,0.028995330847060092,random_weight_sensitivity,Dirichlet perturbation centered on BWM_weights_main; no performance tuning.
93,aum_usd,0.06843179492647604,random_weight_sensitivity,Dirichlet perturbation centered on BWM_weights_main; no performance tuning.
94,momentum_12_1,0.07766893568760642,random_weight_sensitivity,Dirichlet perturbation centered on BWM_weights_main; no performance tuning.
94,volatility_annualized,0.06981686399109922,random_weight_sensitivity,Dirichlet perturbation centered on BWM_weights_main; no performance tuning.
94,rolling_max_drawdown,0.22716827238189047,random_weight_sensitivity,Dirichlet perturbation centered on BWM_weights_main; no performance tuning.
94,rolling_sortino,0.06568169842917401,random_weight_sensitivity,Dirichlet perturbation centered on BWM_weights_main; no performance tuning.
94,avg_dollar_volume,0.034958732215083096,random_weight_sensitivity,Dirichlet perturbation centered on BWM_weights_main; no performance tuning.
94,expense_ratio,0.22695707720179606,random_weight_sensitivity,Dirichlet perturbation centered on BWM_weights_main; no performance tuning.
94,tracking_error_vs_category_benchmark,0.11015553528132734,random_weight_sensitivity,Dirichlet perturbation centered on BWM_weights_main; no performance tuning.
94,beta_vs_category_benchmark,0.05388775506315459,random_weight_sensitivity,Dirichlet perturbation centered on BWM_weights_main; no performance tuning.
94,marginal_correlation_to_selected_universe,0.08346846554351822,random_weight_sensitivity,Dirichlet perturbation centered on BWM_weights_main; no performance tuning.
94,fund_age_months,0.002993143905636657,random_weight_sensitivity,Dirichlet perturbation centered on BWM_weights_main; no performance tuning.
94,aum_usd,0.04724352029971397,random_weight_sensitivity,Dirichlet perturbation centered on BWM_weights_main; no performance tuning.
95,momentum_12_1,0.0952532306298687,random_weight_sensitivity,Dirichlet perturbation centered on BWM_weights_main; no performance tuning.
95,volatility_annualized,0.15656104756325182,random_weight_sensitivity,Dirichlet perturbation centered on BWM_weights_main; no performance tuning.
95,rolling_max_drawdown,0.23040995698790354,random_weight_sensitivity,Dirichlet perturbation centered on BWM_weights_main; no performance tuning.
95,rolling_sortino,0.09392036534143519,random_weight_sensitivity,Dirichlet perturbation centered on BWM_weights_main; no performance tuning.
95,avg_dollar_volume,0.020844610607484822,random_weight_sensitivity,Dirichlet perturbation centered on BWM_weights_main; no performance tuning.
95,expense_ratio,0.07223150856399317,random_weight_sensitivity,Dirichlet perturbation centered on BWM_weights_main; no performance tuning.
95,tracking_error_vs_category_benchmark,0.10678692500376125,random_weight_sensitivity,Dirichlet perturbation centered on BWM_weights_main; no performance tuning.
95,beta_vs_category_benchmark,0.01815670698170592,random_weight_sensitivity,Dirichlet perturbation centered on BWM_weights_main; no performance tuning.
95,marginal_correlation_to_selected_universe,0.12723781564987835,random_weight_sensitivity,Dirichlet perturbation centered on BWM_weights_main; no performance tuning.
95,fund_age_months,0.004876403826524887,random_weight_sensitivity,Dirichlet perturbation centered on BWM_weights_main; no performance tuning.
95,aum_usd,0.07372142884419224,random_weight_sensitivity,Dirichlet perturbation centered on BWM_weights_main; no performance tuning.
96,momentum_12_1,0.10063595510096121,random_weight_sensitivity,Dirichlet perturbation centered on BWM_weights_main; no performance tuning.
96,volatility_annualized,0.08008230940346509,random_weight_sensitivity,Dirichlet perturbation centered on BWM_weights_main; no performance tuning.
96,rolling_max_drawdown,0.20192696660251888,random_weight_sensitivity,Dirichlet perturbation centered on BWM_weights_main; no performance tuning.
96,rolling_sortino,0.11034862249625547,random_weight_sensitivity,Dirichlet perturbation centered on BWM_weights_main; no performance tuning.
96,avg_dollar_volume,0.07112854816732782,random_weight_sensitivity,Dirichlet perturbation centered on BWM_weights_main; no performance tuning.
96,expense_ratio,0.10225140307818935,random_weight_sensitivity,Dirichlet perturbation centered on BWM_weights_main; no performance tuning.
96,tracking_error_vs_category_benchmark,0.11594061307017908,random_weight_sensitivity,Dirichlet perturbation centered on BWM_weights_main; no performance tuning.
96,beta_vs_category_benchmark,0.046205472617013604,random_weight_sensitivity,Dirichlet perturbation centered on BWM_weights_main; no performance tuning.
96,marginal_correlation_to_selected_universe,0.09318466057440125,random_weight_sensitivity,Dirichlet perturbation centered on BWM_weights_main; no performance tuning.
96,fund_age_months,0.05701413840084354,random_weight_sensitivity,Dirichlet perturbation centered on BWM_weights_main; no performance tuning.
96,aum_usd,0.02128131048884469,random_weight_sensitivity,Dirichlet perturbation centered on BWM_weights_main; no performance tuning.
97,momentum_12_1,0.10173836315021192,random_weight_sensitivity,Dirichlet perturbation centered on BWM_weights_main; no performance tuning.
97,volatility_annualized,0.12359932968065153,random_weight_sensitivity,Dirichlet perturbation centered on BWM_weights_main; no performance tuning.
97,rolling_max_drawdown,0.18324964441008476,random_weight_sensitivity,Dirichlet perturbation centered on BWM_weights_main; no performance tuning.
97,rolling_sortino,0.08939800976954575,random_weight_sensitivity,Dirichlet perturbation centered on BWM_weights_main; no performance tuning.
97,avg_dollar_volume,0.0628660860433945,random_weight_sensitivity,Dirichlet perturbation centered on BWM_weights_main; no performance tuning.
97,expense_ratio,0.07386944859843539,random_weight_sensitivity,Dirichlet perturbation centered on BWM_weights_main; no performance tuning.
97,tracking_error_vs_category_benchmark,0.06151461897551321,random_weight_sensitivity,Dirichlet perturbation centered on BWM_weights_main; no performance tuning.
97,beta_vs_category_benchmark,0.05570847741967298,random_weight_sensitivity,Dirichlet perturbation centered on BWM_weights_main; no performance tuning.
97,marginal_correlation_to_selected_universe,0.1910587547899695,random_weight_sensitivity,Dirichlet perturbation centered on BWM_weights_main; no performance tuning.
97,fund_age_months,0.022865638685504813,random_weight_sensitivity,Dirichlet perturbation centered on BWM_weights_main; no performance tuning.
97,aum_usd,0.03413162847701551,random_weight_sensitivity,Dirichlet perturbation centered on BWM_weights_main; no performance tuning.
98,momentum_12_1,0.0887900330310466,random_weight_sensitivity,Dirichlet perturbation centered on BWM_weights_main; no performance tuning.
98,volatility_annualized,0.07372336619305886,random_weight_sensitivity,Dirichlet perturbation centered on BWM_weights_main; no performance tuning.
98,rolling_max_drawdown,0.2038370335556748,random_weight_sensitivity,Dirichlet perturbation centered on BWM_weights_main; no performance tuning.
98,rolling_sortino,0.11804410461543563,random_weight_sensitivity,Dirichlet perturbation centered on BWM_weights_main; no performance tuning.
98,avg_dollar_volume,0.06421965704095146,random_weight_sensitivity,Dirichlet perturbation centered on BWM_weights_main; no performance tuning.
98,expense_ratio,0.20766439671212755,random_weight_sensitivity,Dirichlet perturbation centered on BWM_weights_main; no performance tuning.
98,tracking_error_vs_category_benchmark,0.07642192017502336,random_weight_sensitivity,Dirichlet perturbation centered on BWM_weights_main; no performance tuning.
98,beta_vs_category_benchmark,0.04013872909297466,random_weight_sensitivity,Dirichlet perturbation centered on BWM_weights_main; no performance tuning.
98,marginal_correlation_to_selected_universe,0.0893108693158782,random_weight_sensitivity,Dirichlet perturbation centered on BWM_weights_main; no performance tuning.
98,fund_age_months,0.017533860709952238,random_weight_sensitivity,Dirichlet perturbation centered on BWM_weights_main; no performance tuning.
98,aum_usd,0.02031602955787655,random_weight_sensitivity,Dirichlet perturbation centered on BWM_weights_main; no performance tuning.
99,momentum_12_1,0.10875336457419846,random_weight_sensitivity,Dirichlet perturbation centered on BWM_weights_main; no performance tuning.
99,volatility_annualized,0.11346431441656576,random_weight_sensitivity,Dirichlet perturbation centered on BWM_weights_main; no performance tuning.
99,rolling_max_drawdown,0.220506059352813,random_weight_sensitivity,Dirichlet perturbation centered on BWM_weights_main; no performance tuning.
99,rolling_sortino,0.07978537909594542,random_weight_sensitivity,Dirichlet perturbation centered on BWM_weights_main; no performance tuning.
99,avg_dollar_volume,0.116740588305976,random_weight_sensitivity,Dirichlet perturbation centered on BWM_weights_main; no performance tuning.
99,expense_ratio,0.08620815753421432,random_weight_sensitivity,Dirichlet perturbation centered on BWM_weights_main; no performance tuning.
99,tracking_error_vs_category_benchmark,0.07245336719120522,random_weight_sensitivity,Dirichlet perturbation centered on BWM_weights_main; no performance tuning.
99,beta_vs_category_benchmark,0.040535230987465365,random_weight_sensitivity,Dirichlet perturbation centered on BWM_weights_main; no performance tuning.
99,marginal_correlation_to_selected_universe,0.08778371132240917,random_weight_sensitivity,Dirichlet perturbation centered on BWM_weights_main; no performance tuning.
99,fund_age_months,0.024202640621511444,random_weight_sensitivity,Dirichlet perturbation centered on BWM_weights_main; no performance tuning.
99,aum_usd,0.04956718659769581,random_weight_sensitivity,Dirichlet perturbation centered on BWM_weights_main; no performance tuning.
100,momentum_12_1,0.12379233603987053,random_weight_sensitivity,Dirichlet perturbation centered on BWM_weights_main; no performance tuning.
100,volatility_annualized,0.20871466187125878,random_weight_sensitivity,Dirichlet perturbation centered on BWM_weights_main; no performance tuning.
100,rolling_max_drawdown,0.09566111189296056,random_weight_sensitivity,Dirichlet perturbation centered on BWM_weights_main; no performance tuning.
100,rolling_sortino,0.04363495291824595,random_weight_sensitivity,Dirichlet perturbation centered on BWM_weights_main; no performance tuning.
100,avg_dollar_volume,0.05958466315760044,random_weight_sensitivity,Dirichlet perturbation centered on BWM_weights_main; no performance tuning.
100,expense_ratio,0.1520375037279142,random_weight_sensitivity,Dirichlet perturbation centered on BWM_weights_main; no performance tuning.
100,tracking_error_vs_category_benchmark,0.12960830002095522,random_weight_sensitivity,Dirichlet perturbation centered on BWM_weights_main; no performance tuning.
100,beta_vs_category_benchmark,0.0364941985483025,random_weight_sensitivity,Dirichlet perturbation centered on BWM_weights_main; no performance tuning.
100,marginal_correlation_to_selected_universe,0.10484382604500206,random_weight_sensitivity,Dirichlet perturbation centered on BWM_weights_main; no performance tuning.
100,fund_age_months,0.0146778077325062,random_weight_sensitivity,Dirichlet perturbation centered on BWM_weights_main; no performance tuning.
100,aum_usd,0.030950638045383432,random_weight_sensitivity,Dirichlet perturbation centered on BWM_weights_main; no performance tuning.
101,momentum_12_1,0.076107259699426,random_weight_sensitivity,Dirichlet perturbation centered on BWM_weights_main; no performance tuning.
101,volatility_annualized,0.09914931925979067,random_weight_sensitivity,Dirichlet perturbation centered on BWM_weights_main; no performance tuning.
101,rolling_max_drawdown,0.23705829688463545,random_weight_sensitivity,Dirichlet perturbation centered on BWM_weights_main; no performance tuning.
101,rolling_sortino,0.07892484992225793,random_weight_sensitivity,Dirichlet perturbation centered on BWM_weights_main; no performance tuning.
101,avg_dollar_volume,0.08310728317225835,random_weight_sensitivity,Dirichlet perturbation centered on BWM_weights_main; no performance tuning.
101,expense_ratio,0.09012849587095456,random_weight_sensitivity,Dirichlet perturbation centered on BWM_weights_main; no performance tuning.
101,tracking_error_vs_category_benchmark,0.15507003835102376,random_weight_sensitivity,Dirichlet perturbation centered on BWM_weights_main; no performance tuning.
101,beta_vs_category_benchmark,0.03861545976340315,random_weight_sensitivity,Dirichlet perturbation centered on BWM_weights_main; no performance tuning.
101,marginal_correlation_to_selected_universe,0.09601624635105123,random_weight_sensitivity,Dirichlet perturbation centered on BWM_weights_main; no performance tuning.
101,fund_age_months,0.008524455427070166,random_weight_sensitivity,Dirichlet perturbation centered on BWM_weights_main; no performance tuning.
101,aum_usd,0.03729829529812879,random_weight_sensitivity,Dirichlet perturbation centered on BWM_weights_main; no performance tuning.
102,momentum_12_1,0.10953435676620815,random_weight_sensitivity,Dirichlet perturbation centered on BWM_weights_main; no performance tuning.
102,volatility_annualized,0.06519256648859054,random_weight_sensitivity,Dirichlet perturbation centered on BWM_weights_main; no performance tuning.
102,rolling_max_drawdown,0.2015014078135255,random_weight_sensitivity,Dirichlet perturbation centered on BWM_weights_main; no performance tuning.
102,rolling_sortino,0.23041236642642782,random_weight_sensitivity,Dirichlet perturbation centered on BWM_weights_main; no performance tuning.
102,avg_dollar_volume,0.08679347122735208,random_weight_sensitivity,Dirichlet perturbation centered on BWM_weights_main; no performance tuning.
102,expense_ratio,0.03297379242003066,random_weight_sensitivity,Dirichlet perturbation centered on BWM_weights_main; no performance tuning.
102,tracking_error_vs_category_benchmark,0.07083543459488564,random_weight_sensitivity,Dirichlet perturbation centered on BWM_weights_main; no performance tuning.
102,beta_vs_category_benchmark,0.06724000205751939,random_weight_sensitivity,Dirichlet perturbation centered on BWM_weights_main; no performance tuning.
102,marginal_correlation_to_selected_universe,0.07152811030231594,random_weight_sensitivity,Dirichlet perturbation centered on BWM_weights_main; no performance tuning.
102,fund_age_months,0.05133552128842803,random_weight_sensitivity,Dirichlet perturbation centered on BWM_weights_main; no performance tuning.
102,aum_usd,0.012652970614716243,random_weight_sensitivity,Dirichlet perturbation centered on BWM_weights_main; no performance tuning.
103,momentum_12_1,0.13058283981588178,random_weight_sensitivity,Dirichlet perturbation centered on BWM_weights_main; no performance tuning.
103,volatility_annualized,0.05215647348723069,random_weight_sensitivity,Dirichlet perturbation centered on BWM_weights_main; no performance tuning.
103,rolling_max_drawdown,0.19265561873224893,random_weight_sensitivity,Dirichlet perturbation centered on BWM_weights_main; no performance tuning.
103,rolling_sortino,0.06831312535414055,random_weight_sensitivity,Dirichlet perturbation centered on BWM_weights_main; no performance tuning.
103,avg_dollar_volume,0.09632644951381139,random_weight_sensitivity,Dirichlet perturbation centered on BWM_weights_main; no performance tuning.
103,expense_ratio,0.11285511065101511,random_weight_sensitivity,Dirichlet perturbation centered on BWM_weights_main; no performance tuning.
103,tracking_error_vs_category_benchmark,0.12276594539216794,random_weight_sensitivity,Dirichlet perturbation centered on BWM_weights_main; no performance tuning.
103,beta_vs_category_benchmark,0.11533895223596226,random_weight_sensitivity,Dirichlet perturbation centered on BWM_weights_main; no performance tuning.
103,marginal_correlation_to_selected_universe,0.03350305364767354,random_weight_sensitivity,Dirichlet perturbation centered on BWM_weights_main; no performance tuning.
103,fund_age_months,0.021971623925391575,random_weight_sensitivity,Dirichlet perturbation centered on BWM_weights_main; no performance tuning.
103,aum_usd,0.05353080724447618,random_weight_sensitivity,Dirichlet perturbation centered on BWM_weights_main; no performance tuning.
104,momentum_12_1,0.12283339897619247,random_weight_sensitivity,Dirichlet perturbation centered on BWM_weights_main; no performance tuning.
104,volatility_annualized,0.04082070378252267,random_weight_sensitivity,Dirichlet perturbation centered on BWM_weights_main; no performance tuning.
104,rolling_max_drawdown,0.19938004858010164,random_weight_sensitivity,Dirichlet perturbation centered on BWM_weights_main; no performance tuning.
104,rolling_sortino,0.12388937217614573,random_weight_sensitivity,Dirichlet perturbation centered on BWM_weights_main; no performance tuning.
104,avg_dollar_volume,0.06689387469631022,random_weight_sensitivity,Dirichlet perturbation centered on BWM_weights_main; no performance tuning.
104,expense_ratio,0.03035727430563634,random_weight_sensitivity,Dirichlet perturbation centered on BWM_weights_main; no performance tuning.
104,tracking_error_vs_category_benchmark,0.07688084544242142,random_weight_sensitivity,Dirichlet perturbation centered on BWM_weights_main; no performance tuning.
104,beta_vs_category_benchmark,0.11065313676580016,random_weight_sensitivity,Dirichlet perturbation centered on BWM_weights_main; no performance tuning.
104,marginal_correlation_to_selected_universe,0.1471927438709505,random_weight_sensitivity,Dirichlet perturbation centered on BWM_weights_main; no performance tuning.
104,fund_age_months,0.026194788839472308,random_weight_sensitivity,Dirichlet perturbation centered on BWM_weights_main; no performance tuning.
104,aum_usd,0.054903812564446486,random_weight_sensitivity,Dirichlet perturbation centered on BWM_weights_main; no performance tuning.
105,momentum_12_1,0.11338920880827265,random_weight_sensitivity,Dirichlet perturbation centered on BWM_weights_main; no performance tuning.
105,volatility_annualized,0.09334100686431736,random_weight_sensitivity,Dirichlet perturbation centered on BWM_weights_main; no performance tuning.
105,rolling_max_drawdown,0.20058779582961436,random_weight_sensitivity,Dirichlet perturbation centered on BWM_weights_main; no performance tuning.
105,rolling_sortino,0.12147509212060996,random_weight_sensitivity,Dirichlet perturbation centered on BWM_weights_main; no performance tuning.
105,avg_dollar_volume,0.14928325519641944,random_weight_sensitivity,Dirichlet perturbation centered on BWM_weights_main; no performance tuning.
105,expense_ratio,0.03881184772364225,random_weight_sensitivity,Dirichlet perturbation centered on BWM_weights_main; no performance tuning.
105,tracking_error_vs_category_benchmark,0.06366950840493701,random_weight_sensitivity,Dirichlet perturbation centered on BWM_weights_main; no performance tuning.
105,beta_vs_category_benchmark,0.0077683790718523875,random_weight_sensitivity,Dirichlet perturbation centered on BWM_weights_main; no performance tuning.
105,marginal_correlation_to_selected_universe,0.09060205109069117,random_weight_sensitivity,Dirichlet perturbation centered on BWM_weights_main; no performance tuning.
105,fund_age_months,0.05959824204692899,random_weight_sensitivity,Dirichlet perturbation centered on BWM_weights_main; no performance tuning.
105,aum_usd,0.06147361284271441,random_weight_sensitivity,Dirichlet perturbation centered on BWM_weights_main; no performance tuning.
106,momentum_12_1,0.12572676856925674,random_weight_sensitivity,Dirichlet perturbation centered on BWM_weights_main; no performance tuning.
106,volatility_annualized,0.15234333477788956,random_weight_sensitivity,Dirichlet perturbation centered on BWM_weights_main; no performance tuning.
106,rolling_max_drawdown,0.19261746575706126,random_weight_sensitivity,Dirichlet perturbation centered on BWM_weights_main; no performance tuning.
106,rolling_sortino,0.08113206617916269,random_weight_sensitivity,Dirichlet perturbation centered on BWM_weights_main; no performance tuning.
106,avg_dollar_volume,0.15446378064798405,random_weight_sensitivity,Dirichlet perturbation centered on BWM_weights_main; no performance tuning.
106,expense_ratio,0.07274071261118592,random_weight_sensitivity,Dirichlet perturbation centered on BWM_weights_main; no performance tuning.
106,tracking_error_vs_category_benchmark,0.140712615279297,random_weight_sensitivity,Dirichlet perturbation centered on BWM_weights_main; no performance tuning.
106,beta_vs_category_benchmark,0.01272972248879932,random_weight_sensitivity,Dirichlet perturbation centered on BWM_weights_main; no performance tuning.
106,marginal_correlation_to_selected_universe,0.03125638017666518,random_weight_sensitivity,Dirichlet perturbation centered on BWM_weights_main; no performance tuning.
106,fund_age_months,0.019216125908054348,random_weight_sensitivity,Dirichlet perturbation centered on BWM_weights_main; no performance tuning.
106,aum_usd,0.017061027604644032,random_weight_sensitivity,Dirichlet perturbation centered on BWM_weights_main; no performance tuning.
107,momentum_12_1,0.085136453130836,random_weight_sensitivity,Dirichlet perturbation centered on BWM_weights_main; no performance tuning.
107,volatility_annualized,0.06238079443590115,random_weight_sensitivity,Dirichlet perturbation centered on BWM_weights_main; no performance tuning.
107,rolling_max_drawdown,0.29150199773998664,random_weight_sensitivity,Dirichlet perturbation centered on BWM_weights_main; no performance tuning.
107,rolling_sortino,0.1143223347072991,random_weight_sensitivity,Dirichlet perturbation centered on BWM_weights_main; no performance tuning.
107,avg_dollar_volume,0.09690590538882785,random_weight_sensitivity,Dirichlet perturbation centered on BWM_weights_main; no performance tuning.
107,expense_ratio,0.013921240308615409,random_weight_sensitivity,Dirichlet perturbation centered on BWM_weights_main; no performance tuning.
107,tracking_error_vs_category_benchmark,0.10491758956396054,random_weight_sensitivity,Dirichlet perturbation centered on BWM_weights_main; no performance tuning.
107,beta_vs_category_benchmark,0.045434186821937256,random_weight_sensitivity,Dirichlet perturbation centered on BWM_weights_main; no performance tuning.
107,marginal_correlation_to_selected_universe,0.133743240158079,random_weight_sensitivity,Dirichlet perturbation centered on BWM_weights_main; no performance tuning.
107,fund_age_months,0.024285090603556648,random_weight_sensitivity,Dirichlet perturbation centered on BWM_weights_main; no performance tuning.
107,aum_usd,0.027451167141000515,random_weight_sensitivity,Dirichlet perturbation centered on BWM_weights_main; no performance tuning.
108,momentum_12_1,0.05180489959437154,random_weight_sensitivity,Dirichlet perturbation centered on BWM_weights_main; no performance tuning.
108,volatility_annualized,0.09305273679077554,random_weight_sensitivity,Dirichlet perturbation centered on BWM_weights_main; no performance tuning.
108,rolling_max_drawdown,0.22493954772134042,random_weight_sensitivity,Dirichlet perturbation centered on BWM_weights_main; no performance tuning.
108,rolling_sortino,0.1562542337780347,random_weight_sensitivity,Dirichlet perturbation centered on BWM_weights_main; no performance tuning.
108,avg_dollar_volume,0.047275468766554224,random_weight_sensitivity,Dirichlet perturbation centered on BWM_weights_main; no performance tuning.
108,expense_ratio,0.16473136289132126,random_weight_sensitivity,Dirichlet perturbation centered on BWM_weights_main; no performance tuning.
108,tracking_error_vs_category_benchmark,0.13381909194925282,random_weight_sensitivity,Dirichlet perturbation centered on BWM_weights_main; no performance tuning.
108,beta_vs_category_benchmark,0.03504170881622648,random_weight_sensitivity,Dirichlet perturbation centered on BWM_weights_main; no performance tuning.
108,marginal_correlation_to_selected_universe,0.053954892767570296,random_weight_sensitivity,Dirichlet perturbation centered on BWM_weights_main; no performance tuning.
108,fund_age_months,0.014043774712099028,random_weight_sensitivity,Dirichlet perturbation centered on BWM_weights_main; no performance tuning.
108,aum_usd,0.02508228221245389,random_weight_sensitivity,Dirichlet perturbation centered on BWM_weights_main; no performance tuning.
109,momentum_12_1,0.15085234827576083,random_weight_sensitivity,Dirichlet perturbation centered on BWM_weights_main; no performance tuning.
109,volatility_annualized,0.12586358871695283,random_weight_sensitivity,Dirichlet perturbation centered on BWM_weights_main; no performance tuning.
109,rolling_max_drawdown,0.207156354906186,random_weight_sensitivity,Dirichlet perturbation centered on BWM_weights_main; no performance tuning.
109,rolling_sortino,0.06151761640182294,random_weight_sensitivity,Dirichlet perturbation centered on BWM_weights_main; no performance tuning.
109,avg_dollar_volume,0.11121218146791155,random_weight_sensitivity,Dirichlet perturbation centered on BWM_weights_main; no performance tuning.
109,expense_ratio,0.03109794410443837,random_weight_sensitivity,Dirichlet perturbation centered on BWM_weights_main; no performance tuning.
109,tracking_error_vs_category_benchmark,0.189227442073694,random_weight_sensitivity,Dirichlet perturbation centered on BWM_weights_main; no performance tuning.
109,beta_vs_category_benchmark,0.024116446463127113,random_weight_sensitivity,Dirichlet perturbation centered on BWM_weights_main; no performance tuning.
109,marginal_correlation_to_selected_universe,0.05759407857403161,random_weight_sensitivity,Dirichlet perturbation centered on BWM_weights_main; no performance tuning.
109,fund_age_months,0.00814527396568603,random_weight_sensitivity,Dirichlet perturbation centered on BWM_weights_main; no performance tuning.
109,aum_usd,0.03321672505038872,random_weight_sensitivity,Dirichlet perturbation centered on BWM_weights_main; no performance tuning.
110,momentum_12_1,0.092721280946934,random_weight_sensitivity,Dirichlet perturbation centered on BWM_weights_main; no performance tuning.
110,volatility_annualized,0.10114828719018083,random_weight_sensitivity,Dirichlet perturbation centered on BWM_weights_main; no performance tuning.
110,rolling_max_drawdown,0.24138459949134264,random_weight_sensitivity,Dirichlet perturbation centered on BWM_weights_main; no performance tuning.
110,rolling_sortino,0.08386116771853067,random_weight_sensitivity,Dirichlet perturbation centered on BWM_weights_main; no performance tuning.
110,avg_dollar_volume,0.09124826508790139,random_weight_sensitivity,Dirichlet perturbation centered on BWM_weights_main; no performance tuning.
110,expense_ratio,0.01713948325429406,random_weight_sensitivity,Dirichlet perturbation centered on BWM_weights_main; no performance tuning.
110,tracking_error_vs_category_benchmark,0.08251281884938551,random_weight_sensitivity,Dirichlet perturbation centered on BWM_weights_main; no performance tuning.
110,beta_vs_category_benchmark,0.02870574171701944,random_weight_sensitivity,Dirichlet perturbation centered on BWM_weights_main; no performance tuning.
110,marginal_correlation_to_selected_universe,0.1856861551138695,random_weight_sensitivity,Dirichlet perturbation centered on BWM_weights_main; no performance tuning.
110,fund_age_months,0.009663671734644455,random_weight_sensitivity,Dirichlet perturbation centered on BWM_weights_main; no performance tuning.
110,aum_usd,0.06592852889589737,random_weight_sensitivity,Dirichlet perturbation centered on BWM_weights_main; no performance tuning.
111,momentum_12_1,0.04284002190062891,random_weight_sensitivity,Dirichlet perturbation centered on BWM_weights_main; no performance tuning.
111,volatility_annualized,0.1815349052466411,random_weight_sensitivity,Dirichlet perturbation centered on BWM_weights_main; no performance tuning.
111,rolling_max_drawdown,0.19227323599699636,random_weight_sensitivity,Dirichlet perturbation centered on BWM_weights_main; no performance tuning.
111,rolling_sortino,0.2176721244393194,random_weight_sensitivity,Dirichlet perturbation centered on BWM_weights_main; no performance tuning.
111,avg_dollar_volume,0.06586169721229103,random_weight_sensitivity,Dirichlet perturbation centered on BWM_weights_main; no performance tuning.
111,expense_ratio,0.027332552236310797,random_weight_sensitivity,Dirichlet perturbation centered on BWM_weights_main; no performance tuning.
111,tracking_error_vs_category_benchmark,0.06562478456245707,random_weight_sensitivity,Dirichlet perturbation centered on BWM_weights_main; no performance tuning.
111,beta_vs_category_benchmark,0.058614903154152596,random_weight_sensitivity,Dirichlet perturbation centered on BWM_weights_main; no performance tuning.
111,marginal_correlation_to_selected_universe,0.06672078581233033,random_weight_sensitivity,Dirichlet perturbation centered on BWM_weights_main; no performance tuning.
111,fund_age_months,0.04213116401731095,random_weight_sensitivity,Dirichlet perturbation centered on BWM_weights_main; no performance tuning.
111,aum_usd,0.03939382542156151,random_weight_sensitivity,Dirichlet perturbation centered on BWM_weights_main; no performance tuning.
112,momentum_12_1,0.07282553761418548,random_weight_sensitivity,Dirichlet perturbation centered on BWM_weights_main; no performance tuning.
112,volatility_annualized,0.1525558268598504,random_weight_sensitivity,Dirichlet perturbation centered on BWM_weights_main; no performance tuning.
112,rolling_max_drawdown,0.1804227386676436,random_weight_sensitivity,Dirichlet perturbation centered on BWM_weights_main; no performance tuning.
112,rolling_sortino,0.14976072958259196,random_weight_sensitivity,Dirichlet perturbation centered on BWM_weights_main; no performance tuning.
112,avg_dollar_volume,0.05433111363215147,random_weight_sensitivity,Dirichlet perturbation centered on BWM_weights_main; no performance tuning.
112,expense_ratio,0.09366704364280476,random_weight_sensitivity,Dirichlet perturbation centered on BWM_weights_main; no performance tuning.
112,tracking_error_vs_category_benchmark,0.09368211931529553,random_weight_sensitivity,Dirichlet perturbation centered on BWM_weights_main; no performance tuning.
112,beta_vs_category_benchmark,0.11479800746749294,random_weight_sensitivity,Dirichlet perturbation centered on BWM_weights_main; no performance tuning.
112,marginal_correlation_to_selected_universe,0.046986053555037724,random_weight_sensitivity,Dirichlet perturbation centered on BWM_weights_main; no performance tuning.
112,fund_age_months,0.004245154052439041,random_weight_sensitivity,Dirichlet perturbation centered on BWM_weights_main; no performance tuning.
112,aum_usd,0.03672567561050704,random_weight_sensitivity,Dirichlet perturbation centered on BWM_weights_main; no performance tuning.
113,momentum_12_1,0.07739364276699298,random_weight_sensitivity,Dirichlet perturbation centered on BWM_weights_main; no performance tuning.
113,volatility_annualized,0.08687707709762588,random_weight_sensitivity,Dirichlet perturbation centered on BWM_weights_main; no performance tuning.
113,rolling_max_drawdown,0.23077657816484143,random_weight_sensitivity,Dirichlet perturbation centered on BWM_weights_main; no performance tuning.
113,rolling_sortino,0.08610859753913098,random_weight_sensitivity,Dirichlet perturbation centered on BWM_weights_main; no performance tuning.
113,avg_dollar_volume,0.07958694508772482,random_weight_sensitivity,Dirichlet perturbation centered on BWM_weights_main; no performance tuning.
113,expense_ratio,0.041199295146131534,random_weight_sensitivity,Dirichlet perturbation centered on BWM_weights_main; no performance tuning.
113,tracking_error_vs_category_benchmark,0.03976696274534554,random_weight_sensitivity,Dirichlet perturbation centered on BWM_weights_main; no performance tuning.
113,beta_vs_category_benchmark,0.09730466756669331,random_weight_sensitivity,Dirichlet perturbation centered on BWM_weights_main; no performance tuning.
113,marginal_correlation_to_selected_universe,0.20223141316917503,random_weight_sensitivity,Dirichlet perturbation centered on BWM_weights_main; no performance tuning.
113,fund_age_months,0.02293435315334891,random_weight_sensitivity,Dirichlet perturbation centered on BWM_weights_main; no performance tuning.
113,aum_usd,0.035820467562989566,random_weight_sensitivity,Dirichlet perturbation centered on BWM_weights_main; no performance tuning.
114,momentum_12_1,0.08780888687330131,random_weight_sensitivity,Dirichlet perturbation centered on BWM_weights_main; no performance tuning.
114,volatility_annualized,0.14054078540163445,random_weight_sensitivity,Dirichlet perturbation centered on BWM_weights_main; no performance tuning.
114,rolling_max_drawdown,0.16395140081935727,random_weight_sensitivity,Dirichlet perturbation centered on BWM_weights_main; no performance tuning.
114,rolling_sortino,0.11516267542566176,random_weight_sensitivity,Dirichlet perturbation centered on BWM_weights_main; no performance tuning.
114,avg_dollar_volume,0.07843888979080534,random_weight_sensitivity,Dirichlet perturbation centered on BWM_weights_main; no performance tuning.
114,expense_ratio,0.09039136513736491,random_weight_sensitivity,Dirichlet perturbation centered on BWM_weights_main; no performance tuning.
114,tracking_error_vs_category_benchmark,0.07998820983333937,random_weight_sensitivity,Dirichlet perturbation centered on BWM_weights_main; no performance tuning.
114,beta_vs_category_benchmark,0.04077916597737819,random_weight_sensitivity,Dirichlet perturbation centered on BWM_weights_main; no performance tuning.
114,marginal_correlation_to_selected_universe,0.10445598561841606,random_weight_sensitivity,Dirichlet perturbation centered on BWM_weights_main; no performance tuning.
114,fund_age_months,0.03491054141125028,random_weight_sensitivity,Dirichlet perturbation centered on BWM_weights_main; no performance tuning.
114,aum_usd,0.06357209371149099,random_weight_sensitivity,Dirichlet perturbation centered on BWM_weights_main; no performance tuning.
115,momentum_12_1,0.16036402833109475,random_weight_sensitivity,Dirichlet perturbation centered on BWM_weights_main; no performance tuning.
115,volatility_annualized,0.12929846775281154,random_weight_sensitivity,Dirichlet perturbation centered on BWM_weights_main; no performance tuning.
115,rolling_max_drawdown,0.13799346295906567,random_weight_sensitivity,Dirichlet perturbation centered on BWM_weights_main; no performance tuning.
115,rolling_sortino,0.09964328049575549,random_weight_sensitivity,Dirichlet perturbation centered on BWM_weights_main; no performance tuning.
115,avg_dollar_volume,0.06301649515737745,random_weight_sensitivity,Dirichlet perturbation centered on BWM_weights_main; no performance tuning.
115,expense_ratio,0.059566697493581296,random_weight_sensitivity,Dirichlet perturbation centered on BWM_weights_main; no performance tuning.
115,tracking_error_vs_category_benchmark,0.11359180231664154,random_weight_sensitivity,Dirichlet perturbation centered on BWM_weights_main; no performance tuning.
115,beta_vs_category_benchmark,0.0530296361032728,random_weight_sensitivity,Dirichlet perturbation centered on BWM_weights_main; no performance tuning.
115,marginal_correlation_to_selected_universe,0.08365908652981659,random_weight_sensitivity,Dirichlet perturbation centered on BWM_weights_main; no performance tuning.
115,fund_age_months,0.06785936172195078,random_weight_sensitivity,Dirichlet perturbation centered on BWM_weights_main; no performance tuning.
115,aum_usd,0.03197768113863195,random_weight_sensitivity,Dirichlet perturbation centered on BWM_weights_main; no performance tuning.
116,momentum_12_1,0.13403119417716572,random_weight_sensitivity,Dirichlet perturbation centered on BWM_weights_main; no performance tuning.
116,volatility_annualized,0.13718758392433225,random_weight_sensitivity,Dirichlet perturbation centered on BWM_weights_main; no performance tuning.
116,rolling_max_drawdown,0.17407214548054872,random_weight_sensitivity,Dirichlet perturbation centered on BWM_weights_main; no performance tuning.
116,rolling_sortino,0.08271958472027167,random_weight_sensitivity,Dirichlet perturbation centered on BWM_weights_main; no performance tuning.
116,avg_dollar_volume,0.03584029525773883,random_weight_sensitivity,Dirichlet perturbation centered on BWM_weights_main; no performance tuning.
116,expense_ratio,0.02214425231925274,random_weight_sensitivity,Dirichlet perturbation centered on BWM_weights_main; no performance tuning.
116,tracking_error_vs_category_benchmark,0.11371591741788667,random_weight_sensitivity,Dirichlet perturbation centered on BWM_weights_main; no performance tuning.
116,beta_vs_category_benchmark,0.07032822452784031,random_weight_sensitivity,Dirichlet perturbation centered on BWM_weights_main; no performance tuning.
116,marginal_correlation_to_selected_universe,0.12050100892256047,random_weight_sensitivity,Dirichlet perturbation centered on BWM_weights_main; no performance tuning.
116,fund_age_months,0.009590461845452366,random_weight_sensitivity,Dirichlet perturbation centered on BWM_weights_main; no performance tuning.
116,aum_usd,0.09986933140695012,random_weight_sensitivity,Dirichlet perturbation centered on BWM_weights_main; no performance tuning.
117,momentum_12_1,0.12205497154873932,random_weight_sensitivity,Dirichlet perturbation centered on BWM_weights_main; no performance tuning.
117,volatility_annualized,0.0959213272901264,random_weight_sensitivity,Dirichlet perturbation centered on BWM_weights_main; no performance tuning.
117,rolling_max_drawdown,0.09020495029947694,random_weight_sensitivity,Dirichlet perturbation centered on BWM_weights_main; no performance tuning.
117,rolling_sortino,0.08556065831613606,random_weight_sensitivity,Dirichlet perturbation centered on BWM_weights_main; no performance tuning.
117,avg_dollar_volume,0.09664019918568309,random_weight_sensitivity,Dirichlet perturbation centered on BWM_weights_main; no performance tuning.
117,expense_ratio,0.12720956609071235,random_weight_sensitivity,Dirichlet perturbation centered on BWM_weights_main; no performance tuning.
117,tracking_error_vs_category_benchmark,0.10215858017030409,random_weight_sensitivity,Dirichlet perturbation centered on BWM_weights_main; no performance tuning.
117,beta_vs_category_benchmark,0.1373404970069391,random_weight_sensitivity,Dirichlet perturbation centered on BWM_weights_main; no performance tuning.
117,marginal_correlation_to_selected_universe,0.06657546701726055,random_weight_sensitivity,Dirichlet perturbation centered on BWM_weights_main; no performance tuning.
117,fund_age_months,0.026690637802647008,random_weight_sensitivity,Dirichlet perturbation centered on BWM_weights_main; no performance tuning.
117,aum_usd,0.04964314527197516,random_weight_sensitivity,Dirichlet perturbation centered on BWM_weights_main; no performance tuning.
118,momentum_12_1,0.10140776693394181,random_weight_sensitivity,Dirichlet perturbation centered on BWM_weights_main; no performance tuning.
118,volatility_annualized,0.08503826546073874,random_weight_sensitivity,Dirichlet perturbation centered on BWM_weights_main; no performance tuning.
118,rolling_max_drawdown,0.1610255921755247,random_weight_sensitivity,Dirichlet perturbation centered on BWM_weights_main; no performance tuning.
118,rolling_sortino,0.05192168706168303,random_weight_sensitivity,Dirichlet perturbation centered on BWM_weights_main; no performance tuning.
118,avg_dollar_volume,0.09555373090815455,random_weight_sensitivity,Dirichlet perturbation centered on BWM_weights_main; no performance tuning.
118,expense_ratio,0.08056518135695473,random_weight_sensitivity,Dirichlet perturbation centered on BWM_weights_main; no performance tuning.
118,tracking_error_vs_category_benchmark,0.09044208165465963,random_weight_sensitivity,Dirichlet perturbation centered on BWM_weights_main; no performance tuning.
118,beta_vs_category_benchmark,0.0814905275821014,random_weight_sensitivity,Dirichlet perturbation centered on BWM_weights_main; no performance tuning.
118,marginal_correlation_to_selected_universe,0.13352607733132663,random_weight_sensitivity,Dirichlet perturbation centered on BWM_weights_main; no performance tuning.
118,fund_age_months,0.024474271818998788,random_weight_sensitivity,Dirichlet perturbation centered on BWM_weights_main; no performance tuning.
118,aum_usd,0.094554817715916,random_weight_sensitivity,Dirichlet perturbation centered on BWM_weights_main; no performance tuning.
119,momentum_12_1,0.13336832746467095,random_weight_sensitivity,Dirichlet perturbation centered on BWM_weights_main; no performance tuning.
119,volatility_annualized,0.07093397690681515,random_weight_sensitivity,Dirichlet perturbation centered on BWM_weights_main; no performance tuning.
119,rolling_max_drawdown,0.20049771056728904,random_weight_sensitivity,Dirichlet perturbation centered on BWM_weights_main; no performance tuning.
119,rolling_sortino,0.1501079005316907,random_weight_sensitivity,Dirichlet perturbation centered on BWM_weights_main; no performance tuning.
119,avg_dollar_volume,0.12426152573517812,random_weight_sensitivity,Dirichlet perturbation centered on BWM_weights_main; no performance tuning.
119,expense_ratio,0.07257490934143737,random_weight_sensitivity,Dirichlet perturbation centered on BWM_weights_main; no performance tuning.
119,tracking_error_vs_category_benchmark,0.06853395694691626,random_weight_sensitivity,Dirichlet perturbation centered on BWM_weights_main; no performance tuning.
119,beta_vs_category_benchmark,0.05926947145014637,random_weight_sensitivity,Dirichlet perturbation centered on BWM_weights_main; no performance tuning.
119,marginal_correlation_to_selected_universe,0.05568482300777232,random_weight_sensitivity,Dirichlet perturbation centered on BWM_weights_main; no performance tuning.
119,fund_age_months,0.03659586987991385,random_weight_sensitivity,Dirichlet perturbation centered on BWM_weights_main; no performance tuning.
119,aum_usd,0.02817152816816982,random_weight_sensitivity,Dirichlet perturbation centered on BWM_weights_main; no performance tuning.
120,momentum_12_1,0.06761249774531598,random_weight_sensitivity,Dirichlet perturbation centered on BWM_weights_main; no performance tuning.
120,volatility_annualized,0.12897671260361593,random_weight_sensitivity,Dirichlet perturbation centered on BWM_weights_main; no performance tuning.
120,rolling_max_drawdown,0.2609951172021381,random_weight_sensitivity,Dirichlet perturbation centered on BWM_weights_main; no performance tuning.
120,rolling_sortino,0.06748806849364807,random_weight_sensitivity,Dirichlet perturbation centered on BWM_weights_main; no performance tuning.
120,avg_dollar_volume,0.06503346135649783,random_weight_sensitivity,Dirichlet perturbation centered on BWM_weights_main; no performance tuning.
120,expense_ratio,0.05408769206520841,random_weight_sensitivity,Dirichlet perturbation centered on BWM_weights_main; no performance tuning.
120,tracking_error_vs_category_benchmark,0.15557184003145363,random_weight_sensitivity,Dirichlet perturbation centered on BWM_weights_main; no performance tuning.
120,beta_vs_category_benchmark,0.057310163400751665,random_weight_sensitivity,Dirichlet perturbation centered on BWM_weights_main; no performance tuning.
120,marginal_correlation_to_selected_universe,0.058730261373142606,random_weight_sensitivity,Dirichlet perturbation centered on BWM_weights_main; no performance tuning.
120,fund_age_months,0.016283741901819124,random_weight_sensitivity,Dirichlet perturbation centered on BWM_weights_main; no performance tuning.
120,aum_usd,0.06791044382640872,random_weight_sensitivity,Dirichlet perturbation centered on BWM_weights_main; no performance tuning.
121,momentum_12_1,0.10495564886431778,random_weight_sensitivity,Dirichlet perturbation centered on BWM_weights_main; no performance tuning.
121,volatility_annualized,0.0894720307355476,random_weight_sensitivity,Dirichlet perturbation centered on BWM_weights_main; no performance tuning.
121,rolling_max_drawdown,0.20324043754735205,random_weight_sensitivity,Dirichlet perturbation centered on BWM_weights_main; no performance tuning.
121,rolling_sortino,0.07557683608107961,random_weight_sensitivity,Dirichlet perturbation centered on BWM_weights_main; no performance tuning.
121,avg_dollar_volume,0.06860504519463848,random_weight_sensitivity,Dirichlet perturbation centered on BWM_weights_main; no performance tuning.
121,expense_ratio,0.05666444800812493,random_weight_sensitivity,Dirichlet perturbation centered on BWM_weights_main; no performance tuning.
121,tracking_error_vs_category_benchmark,0.2662350902808785,random_weight_sensitivity,Dirichlet perturbation centered on BWM_weights_main; no performance tuning.
121,beta_vs_category_benchmark,0.023427795072562915,random_weight_sensitivity,Dirichlet perturbation centered on BWM_weights_main; no performance tuning.
121,marginal_correlation_to_selected_universe,0.08026109389675345,random_weight_sensitivity,Dirichlet perturbation centered on BWM_weights_main; no performance tuning.
121,fund_age_months,0.011029854423727439,random_weight_sensitivity,Dirichlet perturbation centered on BWM_weights_main; no performance tuning.
121,aum_usd,0.02053171989501734,random_weight_sensitivity,Dirichlet perturbation centered on BWM_weights_main; no performance tuning.
122,momentum_12_1,0.1243692616641733,random_weight_sensitivity,Dirichlet perturbation centered on BWM_weights_main; no performance tuning.
122,volatility_annualized,0.07722134278047856,random_weight_sensitivity,Dirichlet perturbation centered on BWM_weights_main; no performance tuning.
122,rolling_max_drawdown,0.11912599656809592,random_weight_sensitivity,Dirichlet perturbation centered on BWM_weights_main; no performance tuning.
122,rolling_sortino,0.1092507566915798,random_weight_sensitivity,Dirichlet perturbation centered on BWM_weights_main; no performance tuning.
122,avg_dollar_volume,0.05867832534106058,random_weight_sensitivity,Dirichlet perturbation centered on BWM_weights_main; no performance tuning.
122,expense_ratio,0.04753534267726677,random_weight_sensitivity,Dirichlet perturbation centered on BWM_weights_main; no performance tuning.
122,tracking_error_vs_category_benchmark,0.1775383585900377,random_weight_sensitivity,Dirichlet perturbation centered on BWM_weights_main; no performance tuning.
122,beta_vs_category_benchmark,0.08544210898304451,random_weight_sensitivity,Dirichlet perturbation centered on BWM_weights_main; no performance tuning.
122,marginal_correlation_to_selected_universe,0.12039337400930229,random_weight_sensitivity,Dirichlet perturbation centered on BWM_weights_main; no performance tuning.
122,fund_age_months,0.029365501686169193,random_weight_sensitivity,Dirichlet perturbation centered on BWM_weights_main; no performance tuning.
122,aum_usd,0.05107963100879143,random_weight_sensitivity,Dirichlet perturbation centered on BWM_weights_main; no performance tuning.
123,momentum_12_1,0.11147088677254904,random_weight_sensitivity,Dirichlet perturbation centered on BWM_weights_main; no performance tuning.
123,volatility_annualized,0.09098159103010475,random_weight_sensitivity,Dirichlet perturbation centered on BWM_weights_main; no performance tuning.
123,rolling_max_drawdown,0.23198215863826546,random_weight_sensitivity,Dirichlet perturbation centered on BWM_weights_main; no performance tuning.
123,rolling_sortino,0.1106238423291971,random_weight_sensitivity,Dirichlet perturbation centered on BWM_weights_main; no performance tuning.
123,avg_dollar_volume,0.02474126198910656,random_weight_sensitivity,Dirichlet perturbation centered on BWM_weights_main; no performance tuning.
123,expense_ratio,0.044675120429477265,random_weight_sensitivity,Dirichlet perturbation centered on BWM_weights_main; no performance tuning.
123,tracking_error_vs_category_benchmark,0.10487169937295632,random_weight_sensitivity,Dirichlet perturbation centered on BWM_weights_main; no performance tuning.
123,beta_vs_category_benchmark,0.12380792278307895,random_weight_sensitivity,Dirichlet perturbation centered on BWM_weights_main; no performance tuning.
123,marginal_correlation_to_selected_universe,0.12952455255550893,random_weight_sensitivity,Dirichlet perturbation centered on BWM_weights_main; no performance tuning.
123,fund_age_months,0.008320569914308644,random_weight_sensitivity,Dirichlet perturbation centered on BWM_weights_main; no performance tuning.
123,aum_usd,0.01900039418544708,random_weight_sensitivity,Dirichlet perturbation centered on BWM_weights_main; no performance tuning.
124,momentum_12_1,0.1812792887273081,random_weight_sensitivity,Dirichlet perturbation centered on BWM_weights_main; no performance tuning.
124,volatility_annualized,0.10780541928573785,random_weight_sensitivity,Dirichlet perturbation centered on BWM_weights_main; no performance tuning.
124,rolling_max_drawdown,0.07636198081078951,random_weight_sensitivity,Dirichlet perturbation centered on BWM_weights_main; no performance tuning.
124,rolling_sortino,0.11065266821568644,random_weight_sensitivity,Dirichlet perturbation centered on BWM_weights_main; no performance tuning.
124,avg_dollar_volume,0.10527043322426599,random_weight_sensitivity,Dirichlet perturbation centered on BWM_weights_main; no performance tuning.
124,expense_ratio,0.03965328332603411,random_weight_sensitivity,Dirichlet perturbation centered on BWM_weights_main; no performance tuning.
124,tracking_error_vs_category_benchmark,0.1191259325264076,random_weight_sensitivity,Dirichlet perturbation centered on BWM_weights_main; no performance tuning.
124,beta_vs_category_benchmark,0.08145943917583864,random_weight_sensitivity,Dirichlet perturbation centered on BWM_weights_main; no performance tuning.
124,marginal_correlation_to_selected_universe,0.07189520219101889,random_weight_sensitivity,Dirichlet perturbation centered on BWM_weights_main; no performance tuning.
124,fund_age_months,0.05862589424881976,random_weight_sensitivity,Dirichlet perturbation centered on BWM_weights_main; no performance tuning.
124,aum_usd,0.04787045826809303,random_weight_sensitivity,Dirichlet perturbation centered on BWM_weights_main; no performance tuning.
125,momentum_12_1,0.09786540129054995,random_weight_sensitivity,Dirichlet perturbation centered on BWM_weights_main; no performance tuning.
125,volatility_annualized,0.10653696688383203,random_weight_sensitivity,Dirichlet perturbation centered on BWM_weights_main; no performance tuning.
125,rolling_max_drawdown,0.13837424311687604,random_weight_sensitivity,Dirichlet perturbation centered on BWM_weights_main; no performance tuning.
125,rolling_sortino,0.06380714727944643,random_weight_sensitivity,Dirichlet perturbation centered on BWM_weights_main; no performance tuning.
125,avg_dollar_volume,0.05807800218328879,random_weight_sensitivity,Dirichlet perturbation centered on BWM_weights_main; no performance tuning.
125,expense_ratio,0.05999263740214755,random_weight_sensitivity,Dirichlet perturbation centered on BWM_weights_main; no performance tuning.
125,tracking_error_vs_category_benchmark,0.10365508204206082,random_weight_sensitivity,Dirichlet perturbation centered on BWM_weights_main; no performance tuning.
125,beta_vs_category_benchmark,0.13926247315837506,random_weight_sensitivity,Dirichlet perturbation centered on BWM_weights_main; no performance tuning.
125,marginal_correlation_to_selected_universe,0.14702400359396897,random_weight_sensitivity,Dirichlet perturbation centered on BWM_weights_main; no performance tuning.
125,fund_age_months,0.001646985048831175,random_weight_sensitivity,Dirichlet perturbation centered on BWM_weights_main; no performance tuning.
125,aum_usd,0.08375705800062311,random_weight_sensitivity,Dirichlet perturbation centered on BWM_weights_main; no performance tuning.
126,momentum_12_1,0.0817597602246551,random_weight_sensitivity,Dirichlet perturbation centered on BWM_weights_main; no performance tuning.
126,volatility_annualized,0.13315204622731575,random_weight_sensitivity,Dirichlet perturbation centered on BWM_weights_main; no performance tuning.
126,rolling_max_drawdown,0.1606676269520569,random_weight_sensitivity,Dirichlet perturbation centered on BWM_weights_main; no performance tuning.
126,rolling_sortino,0.10428382122906629,random_weight_sensitivity,Dirichlet perturbation centered on BWM_weights_main; no performance tuning.
126,avg_dollar_volume,0.032865822562608865,random_weight_sensitivity,Dirichlet perturbation centered on BWM_weights_main; no performance tuning.
126,expense_ratio,0.07599573801549746,random_weight_sensitivity,Dirichlet perturbation centered on BWM_weights_main; no performance tuning.
126,tracking_error_vs_category_benchmark,0.13924845945278325,random_weight_sensitivity,Dirichlet perturbation centered on BWM_weights_main; no performance tuning.
126,beta_vs_category_benchmark,0.024896981232805388,random_weight_sensitivity,Dirichlet perturbation centered on BWM_weights_main; no performance tuning.
126,marginal_correlation_to_selected_universe,0.14011867956623153,random_weight_sensitivity,Dirichlet perturbation centered on BWM_weights_main; no performance tuning.
126,fund_age_months,0.008409957074834258,random_weight_sensitivity,Dirichlet perturbation centered on BWM_weights_main; no performance tuning.
126,aum_usd,0.09860110746214532,random_weight_sensitivity,Dirichlet perturbation centered on BWM_weights_main; no performance tuning.
127,momentum_12_1,0.12239282061151811,random_weight_sensitivity,Dirichlet perturbation centered on BWM_weights_main; no performance tuning.
127,volatility_annualized,0.1138925821232031,random_weight_sensitivity,Dirichlet perturbation centered on BWM_weights_main; no performance tuning.
127,rolling_max_drawdown,0.15742109947863422,random_weight_sensitivity,Dirichlet perturbation centered on BWM_weights_main; no performance tuning.
127,rolling_sortino,0.2271194705638716,random_weight_sensitivity,Dirichlet perturbation centered on BWM_weights_main; no performance tuning.
127,avg_dollar_volume,0.0461663801978585,random_weight_sensitivity,Dirichlet perturbation centered on BWM_weights_main; no performance tuning.
127,expense_ratio,0.03366904837866188,random_weight_sensitivity,Dirichlet perturbation centered on BWM_weights_main; no performance tuning.
127,tracking_error_vs_category_benchmark,0.06857403145528354,random_weight_sensitivity,Dirichlet perturbation centered on BWM_weights_main; no performance tuning.
127,beta_vs_category_benchmark,0.09665667958711288,random_weight_sensitivity,Dirichlet perturbation centered on BWM_weights_main; no performance tuning.
127,marginal_correlation_to_selected_universe,0.09441124671978365,random_weight_sensitivity,Dirichlet perturbation centered on BWM_weights_main; no performance tuning.
127,fund_age_months,0.015432812703019532,random_weight_sensitivity,Dirichlet perturbation centered on BWM_weights_main; no performance tuning.
127,aum_usd,0.024263828181052983,random_weight_sensitivity,Dirichlet perturbation centered on BWM_weights_main; no performance tuning.
128,momentum_12_1,0.11367361138350632,random_weight_sensitivity,Dirichlet perturbation centered on BWM_weights_main; no performance tuning.
128,volatility_annualized,0.09559976868192306,random_weight_sensitivity,Dirichlet perturbation centered on BWM_weights_main; no performance tuning.
128,rolling_max_drawdown,0.26346837430800196,random_weight_sensitivity,Dirichlet perturbation centered on BWM_weights_main; no performance tuning.
128,rolling_sortino,0.10682753907043668,random_weight_sensitivity,Dirichlet perturbation centered on BWM_weights_main; no performance tuning.
128,avg_dollar_volume,0.054621936165889916,random_weight_sensitivity,Dirichlet perturbation centered on BWM_weights_main; no performance tuning.
128,expense_ratio,0.121267239695381,random_weight_sensitivity,Dirichlet perturbation centered on BWM_weights_main; no performance tuning.
128,tracking_error_vs_category_benchmark,0.07743122032266417,random_weight_sensitivity,Dirichlet perturbation centered on BWM_weights_main; no performance tuning.
128,beta_vs_category_benchmark,0.08135140409577424,random_weight_sensitivity,Dirichlet perturbation centered on BWM_weights_main; no performance tuning.
128,marginal_correlation_to_selected_universe,0.04823467003738298,random_weight_sensitivity,Dirichlet perturbation centered on BWM_weights_main; no performance tuning.
128,fund_age_months,0.00373691615903925,random_weight_sensitivity,Dirichlet perturbation centered on BWM_weights_main; no performance tuning.
128,aum_usd,0.03378732008000059,random_weight_sensitivity,Dirichlet perturbation centered on BWM_weights_main; no performance tuning.
129,momentum_12_1,0.06758529044077508,random_weight_sensitivity,Dirichlet perturbation centered on BWM_weights_main; no performance tuning.
129,volatility_annualized,0.06754206409880305,random_weight_sensitivity,Dirichlet perturbation centered on BWM_weights_main; no performance tuning.
129,rolling_max_drawdown,0.1932701900799883,random_weight_sensitivity,Dirichlet perturbation centered on BWM_weights_main; no performance tuning.
129,rolling_sortino,0.117127572746697,random_weight_sensitivity,Dirichlet perturbation centered on BWM_weights_main; no performance tuning.
129,avg_dollar_volume,0.06359458956302345,random_weight_sensitivity,Dirichlet perturbation centered on BWM_weights_main; no performance tuning.
129,expense_ratio,0.030980307823943586,random_weight_sensitivity,Dirichlet perturbation centered on BWM_weights_main; no performance tuning.
129,tracking_error_vs_category_benchmark,0.08072264539221777,random_weight_sensitivity,Dirichlet perturbation centered on BWM_weights_main; no performance tuning.
129,beta_vs_category_benchmark,0.12736589581139518,random_weight_sensitivity,Dirichlet perturbation centered on BWM_weights_main; no performance tuning.
129,marginal_correlation_to_selected_universe,0.20278786752073497,random_weight_sensitivity,Dirichlet perturbation centered on BWM_weights_main; no performance tuning.
129,fund_age_months,0.03443724190691835,random_weight_sensitivity,Dirichlet perturbation centered on BWM_weights_main; no performance tuning.
129,aum_usd,0.014586334615503373,random_weight_sensitivity,Dirichlet perturbation centered on BWM_weights_main; no performance tuning.
130,momentum_12_1,0.08439821489826443,random_weight_sensitivity,Dirichlet perturbation centered on BWM_weights_main; no performance tuning.
130,volatility_annualized,0.0967312222491986,random_weight_sensitivity,Dirichlet perturbation centered on BWM_weights_main; no performance tuning.
130,rolling_max_drawdown,0.16425264702771844,random_weight_sensitivity,Dirichlet perturbation centered on BWM_weights_main; no performance tuning.
130,rolling_sortino,0.1336291362276748,random_weight_sensitivity,Dirichlet perturbation centered on BWM_weights_main; no performance tuning.
130,avg_dollar_volume,0.08101769006116745,random_weight_sensitivity,Dirichlet perturbation centered on BWM_weights_main; no performance tuning.
130,expense_ratio,0.03199789995304854,random_weight_sensitivity,Dirichlet perturbation centered on BWM_weights_main; no performance tuning.
130,tracking_error_vs_category_benchmark,0.06775692167694419,random_weight_sensitivity,Dirichlet perturbation centered on BWM_weights_main; no performance tuning.
130,beta_vs_category_benchmark,0.09024057469544075,random_weight_sensitivity,Dirichlet perturbation centered on BWM_weights_main; no performance tuning.
130,marginal_correlation_to_selected_universe,0.15010288395171953,random_weight_sensitivity,Dirichlet perturbation centered on BWM_weights_main; no performance tuning.
130,fund_age_months,0.01981169361732721,random_weight_sensitivity,Dirichlet perturbation centered on BWM_weights_main; no performance tuning.
130,aum_usd,0.08006111564149572,random_weight_sensitivity,Dirichlet perturbation centered on BWM_weights_main; no performance tuning.
131,momentum_12_1,0.09809105595744758,random_weight_sensitivity,Dirichlet perturbation centered on BWM_weights_main; no performance tuning.
131,volatility_annualized,0.06340431955248967,random_weight_sensitivity,Dirichlet perturbation centered on BWM_weights_main; no performance tuning.
131,rolling_max_drawdown,0.2041995398347924,random_weight_sensitivity,Dirichlet perturbation centered on BWM_weights_main; no performance tuning.
131,rolling_sortino,0.2639223622272972,random_weight_sensitivity,Dirichlet perturbation centered on BWM_weights_main; no performance tuning.
131,avg_dollar_volume,0.029613801550300516,random_weight_sensitivity,Dirichlet perturbation centered on BWM_weights_main; no performance tuning.
131,expense_ratio,0.12015600796045263,random_weight_sensitivity,Dirichlet perturbation centered on BWM_weights_main; no performance tuning.
131,tracking_error_vs_category_benchmark,0.11664214430044542,random_weight_sensitivity,Dirichlet perturbation centered on BWM_weights_main; no performance tuning.
131,beta_vs_category_benchmark,0.04203051883216822,random_weight_sensitivity,Dirichlet perturbation centered on BWM_weights_main; no performance tuning.
131,marginal_correlation_to_selected_universe,0.038266417591530745,random_weight_sensitivity,Dirichlet perturbation centered on BWM_weights_main; no performance tuning.
131,fund_age_months,0.00037622676099664993,random_weight_sensitivity,Dirichlet perturbation centered on BWM_weights_main; no performance tuning.
131,aum_usd,0.02329760543207898,random_weight_sensitivity,Dirichlet perturbation centered on BWM_weights_main; no performance tuning.
132,momentum_12_1,0.11155968908572081,random_weight_sensitivity,Dirichlet perturbation centered on BWM_weights_main; no performance tuning.
132,volatility_annualized,0.13436834292831157,random_weight_sensitivity,Dirichlet perturbation centered on BWM_weights_main; no performance tuning.
132,rolling_max_drawdown,0.24037379749739718,random_weight_sensitivity,Dirichlet perturbation centered on BWM_weights_main; no performance tuning.
132,rolling_sortino,0.10760671020341549,random_weight_sensitivity,Dirichlet perturbation centered on BWM_weights_main; no performance tuning.
132,avg_dollar_volume,0.06634447863024562,random_weight_sensitivity,Dirichlet perturbation centered on BWM_weights_main; no performance tuning.
132,expense_ratio,0.05200942282733186,random_weight_sensitivity,Dirichlet perturbation centered on BWM_weights_main; no performance tuning.
132,tracking_error_vs_category_benchmark,0.11264828668730048,random_weight_sensitivity,Dirichlet perturbation centered on BWM_weights_main; no performance tuning.
132,beta_vs_category_benchmark,0.04334077849871131,random_weight_sensitivity,Dirichlet perturbation centered on BWM_weights_main; no performance tuning.
132,marginal_correlation_to_selected_universe,0.055704383172575936,random_weight_sensitivity,Dirichlet perturbation centered on BWM_weights_main; no performance tuning.
132,fund_age_months,0.018426475943938984,random_weight_sensitivity,Dirichlet perturbation centered on BWM_weights_main; no performance tuning.
132,aum_usd,0.057617634525050726,random_weight_sensitivity,Dirichlet perturbation centered on BWM_weights_main; no performance tuning.
133,momentum_12_1,0.04769846767642509,random_weight_sensitivity,Dirichlet perturbation centered on BWM_weights_main; no performance tuning.
133,volatility_annualized,0.0717087496069061,random_weight_sensitivity,Dirichlet perturbation centered on BWM_weights_main; no performance tuning.
133,rolling_max_drawdown,0.16581993646632168,random_weight_sensitivity,Dirichlet perturbation centered on BWM_weights_main; no performance tuning.
133,rolling_sortino,0.09069217348163808,random_weight_sensitivity,Dirichlet perturbation centered on BWM_weights_main; no performance tuning.
133,avg_dollar_volume,0.07584650488615746,random_weight_sensitivity,Dirichlet perturbation centered on BWM_weights_main; no performance tuning.
133,expense_ratio,0.1334533953433425,random_weight_sensitivity,Dirichlet perturbation centered on BWM_weights_main; no performance tuning.
133,tracking_error_vs_category_benchmark,0.030473562878417956,random_weight_sensitivity,Dirichlet perturbation centered on BWM_weights_main; no performance tuning.
133,beta_vs_category_benchmark,0.13637257035155528,random_weight_sensitivity,Dirichlet perturbation centered on BWM_weights_main; no performance tuning.
133,marginal_correlation_to_selected_universe,0.17491346019228993,random_weight_sensitivity,Dirichlet perturbation centered on BWM_weights_main; no performance tuning.
133,fund_age_months,0.03478959363383108,random_weight_sensitivity,Dirichlet perturbation centered on BWM_weights_main; no performance tuning.
133,aum_usd,0.03823158548311481,random_weight_sensitivity,Dirichlet perturbation centered on BWM_weights_main; no performance tuning.
134,momentum_12_1,0.07551448348357931,random_weight_sensitivity,Dirichlet perturbation centered on BWM_weights_main; no performance tuning.
134,volatility_annualized,0.14022285902641576,random_weight_sensitivity,Dirichlet perturbation centered on BWM_weights_main; no performance tuning.
134,rolling_max_drawdown,0.19636049291463353,random_weight_sensitivity,Dirichlet perturbation centered on BWM_weights_main; no performance tuning.
134,rolling_sortino,0.08727284264034951,random_weight_sensitivity,Dirichlet perturbation centered on BWM_weights_main; no performance tuning.
134,avg_dollar_volume,0.09702057015689226,random_weight_sensitivity,Dirichlet perturbation centered on BWM_weights_main; no performance tuning.
134,expense_ratio,0.10522031531359217,random_weight_sensitivity,Dirichlet perturbation centered on BWM_weights_main; no performance tuning.
134,tracking_error_vs_category_benchmark,0.024688408447019975,random_weight_sensitivity,Dirichlet perturbation centered on BWM_weights_main; no performance tuning.
134,beta_vs_category_benchmark,0.12257127828701116,random_weight_sensitivity,Dirichlet perturbation centered on BWM_weights_main; no performance tuning.
134,marginal_correlation_to_selected_universe,0.07199571711142234,random_weight_sensitivity,Dirichlet perturbation centered on BWM_weights_main; no performance tuning.
134,fund_age_months,0.04940016205924868,random_weight_sensitivity,Dirichlet perturbation centered on BWM_weights_main; no performance tuning.
134,aum_usd,0.029732870559835346,random_weight_sensitivity,Dirichlet perturbation centered on BWM_weights_main; no performance tuning.
135,momentum_12_1,0.10956693934606515,random_weight_sensitivity,Dirichlet perturbation centered on BWM_weights_main; no performance tuning.
135,volatility_annualized,0.11822583817477902,random_weight_sensitivity,Dirichlet perturbation centered on BWM_weights_main; no performance tuning.
135,rolling_max_drawdown,0.25413805316678467,random_weight_sensitivity,Dirichlet perturbation centered on BWM_weights_main; no performance tuning.
135,rolling_sortino,0.1339908665174285,random_weight_sensitivity,Dirichlet perturbation centered on BWM_weights_main; no performance tuning.
135,avg_dollar_volume,0.05469299257358932,random_weight_sensitivity,Dirichlet perturbation centered on BWM_weights_main; no performance tuning.
135,expense_ratio,0.01714505011680672,random_weight_sensitivity,Dirichlet perturbation centered on BWM_weights_main; no performance tuning.
135,tracking_error_vs_category_benchmark,0.12323956676114338,random_weight_sensitivity,Dirichlet perturbation centered on BWM_weights_main; no performance tuning.
135,beta_vs_category_benchmark,0.0710831385524104,random_weight_sensitivity,Dirichlet perturbation centered on BWM_weights_main; no performance tuning.
135,marginal_correlation_to_selected_universe,0.05679095218991924,random_weight_sensitivity,Dirichlet perturbation centered on BWM_weights_main; no performance tuning.
135,fund_age_months,0.023715511252297466,random_weight_sensitivity,Dirichlet perturbation centered on BWM_weights_main; no performance tuning.
135,aum_usd,0.03741109134877613,random_weight_sensitivity,Dirichlet perturbation centered on BWM_weights_main; no performance tuning.
136,momentum_12_1,0.146969598655925,random_weight_sensitivity,Dirichlet perturbation centered on BWM_weights_main; no performance tuning.
136,volatility_annualized,0.18040524973105312,random_weight_sensitivity,Dirichlet perturbation centered on BWM_weights_main; no performance tuning.
136,rolling_max_drawdown,0.21264847786844623,random_weight_sensitivity,Dirichlet perturbation centered on BWM_weights_main; no performance tuning.
136,rolling_sortino,0.08589547832617754,random_weight_sensitivity,Dirichlet perturbation centered on BWM_weights_main; no performance tuning.
136,avg_dollar_volume,0.05984821527789174,random_weight_sensitivity,Dirichlet perturbation centered on BWM_weights_main; no performance tuning.
136,expense_ratio,0.03687570642507992,random_weight_sensitivity,Dirichlet perturbation centered on BWM_weights_main; no performance tuning.
136,tracking_error_vs_category_benchmark,0.06713809879086344,random_weight_sensitivity,Dirichlet perturbation centered on BWM_weights_main; no performance tuning.
136,beta_vs_category_benchmark,0.05387142652527817,random_weight_sensitivity,Dirichlet perturbation centered on BWM_weights_main; no performance tuning.
136,marginal_correlation_to_selected_universe,0.08024218731820752,random_weight_sensitivity,Dirichlet perturbation centered on BWM_weights_main; no performance tuning.
136,fund_age_months,0.0029996136852734503,random_weight_sensitivity,Dirichlet perturbation centered on BWM_weights_main; no performance tuning.
136,aum_usd,0.07310594739580403,random_weight_sensitivity,Dirichlet perturbation centered on BWM_weights_main; no performance tuning.
137,momentum_12_1,0.1289788487901492,random_weight_sensitivity,Dirichlet perturbation centered on BWM_weights_main; no performance tuning.
137,volatility_annualized,0.12044347346464777,random_weight_sensitivity,Dirichlet perturbation centered on BWM_weights_main; no performance tuning.
137,rolling_max_drawdown,0.2062169605551531,random_weight_sensitivity,Dirichlet perturbation centered on BWM_weights_main; no performance tuning.
137,rolling_sortino,0.16689732860778633,random_weight_sensitivity,Dirichlet perturbation centered on BWM_weights_main; no performance tuning.
137,avg_dollar_volume,0.030808627924748533,random_weight_sensitivity,Dirichlet perturbation centered on BWM_weights_main; no performance tuning.
137,expense_ratio,0.12585603998380984,random_weight_sensitivity,Dirichlet perturbation centered on BWM_weights_main; no performance tuning.
137,tracking_error_vs_category_benchmark,0.06258642129042093,random_weight_sensitivity,Dirichlet perturbation centered on BWM_weights_main; no performance tuning.
137,beta_vs_category_benchmark,0.06476345576517349,random_weight_sensitivity,Dirichlet perturbation centered on BWM_weights_main; no performance tuning.
137,marginal_correlation_to_selected_universe,0.035491025020515696,random_weight_sensitivity,Dirichlet perturbation centered on BWM_weights_main; no performance tuning.
137,fund_age_months,0.007978259640015301,random_weight_sensitivity,Dirichlet perturbation centered on BWM_weights_main; no performance tuning.
137,aum_usd,0.049979558957579905,random_weight_sensitivity,Dirichlet perturbation centered on BWM_weights_main; no performance tuning.
138,momentum_12_1,0.13485351398416565,random_weight_sensitivity,Dirichlet perturbation centered on BWM_weights_main; no performance tuning.
138,volatility_annualized,0.08739534100256405,random_weight_sensitivity,Dirichlet perturbation centered on BWM_weights_main; no performance tuning.
138,rolling_max_drawdown,0.191012734797741,random_weight_sensitivity,Dirichlet perturbation centered on BWM_weights_main; no performance tuning.
138,rolling_sortino,0.07966851539334283,random_weight_sensitivity,Dirichlet perturbation centered on BWM_weights_main; no performance tuning.
138,avg_dollar_volume,0.10728798732297938,random_weight_sensitivity,Dirichlet perturbation centered on BWM_weights_main; no performance tuning.
138,expense_ratio,0.12903338781417611,random_weight_sensitivity,Dirichlet perturbation centered on BWM_weights_main; no performance tuning.
138,tracking_error_vs_category_benchmark,0.07300484110300269,random_weight_sensitivity,Dirichlet perturbation centered on BWM_weights_main; no performance tuning.
138,beta_vs_category_benchmark,0.06608134819524969,random_weight_sensitivity,Dirichlet perturbation centered on BWM_weights_main; no performance tuning.
138,marginal_correlation_to_selected_universe,0.05499864350767904,random_weight_sensitivity,Dirichlet perturbation centered on BWM_weights_main; no performance tuning.
138,fund_age_months,0.023347854712215642,random_weight_sensitivity,Dirichlet perturbation centered on BWM_weights_main; no performance tuning.
138,aum_usd,0.053315832166883965,random_weight_sensitivity,Dirichlet perturbation centered on BWM_weights_main; no performance tuning.
139,momentum_12_1,0.11509480261214607,random_weight_sensitivity,Dirichlet perturbation centered on BWM_weights_main; no performance tuning.
139,volatility_annualized,0.12098094204070502,random_weight_sensitivity,Dirichlet perturbation centered on BWM_weights_main; no performance tuning.
139,rolling_max_drawdown,0.1766403336408629,random_weight_sensitivity,Dirichlet perturbation centered on BWM_weights_main; no performance tuning.
139,rolling_sortino,0.09698405369148164,random_weight_sensitivity,Dirichlet perturbation centered on BWM_weights_main; no performance tuning.
139,avg_dollar_volume,0.06093743836268618,random_weight_sensitivity,Dirichlet perturbation centered on BWM_weights_main; no performance tuning.
139,expense_ratio,0.04995378460446621,random_weight_sensitivity,Dirichlet perturbation centered on BWM_weights_main; no performance tuning.
139,tracking_error_vs_category_benchmark,0.0854665347149162,random_weight_sensitivity,Dirichlet perturbation centered on BWM_weights_main; no performance tuning.
139,beta_vs_category_benchmark,0.08339539095354821,random_weight_sensitivity,Dirichlet perturbation centered on BWM_weights_main; no performance tuning.
139,marginal_correlation_to_selected_universe,0.16955690398814585,random_weight_sensitivity,Dirichlet perturbation centered on BWM_weights_main; no performance tuning.
139,fund_age_months,0.006172518224637956,random_weight_sensitivity,Dirichlet perturbation centered on BWM_weights_main; no performance tuning.
139,aum_usd,0.03481729716640378,random_weight_sensitivity,Dirichlet perturbation centered on BWM_weights_main; no performance tuning.
140,momentum_12_1,0.06920975550915422,random_weight_sensitivity,Dirichlet perturbation centered on BWM_weights_main; no performance tuning.
140,volatility_annualized,0.09372837575272001,random_weight_sensitivity,Dirichlet perturbation centered on BWM_weights_main; no performance tuning.
140,rolling_max_drawdown,0.18910379128900018,random_weight_sensitivity,Dirichlet perturbation centered on BWM_weights_main; no performance tuning.
140,rolling_sortino,0.1239323766970146,random_weight_sensitivity,Dirichlet perturbation centered on BWM_weights_main; no performance tuning.
140,avg_dollar_volume,0.08074452704399236,random_weight_sensitivity,Dirichlet perturbation centered on BWM_weights_main; no performance tuning.
140,expense_ratio,0.07432823169232207,random_weight_sensitivity,Dirichlet perturbation centered on BWM_weights_main; no performance tuning.
140,tracking_error_vs_category_benchmark,0.13587626819366166,random_weight_sensitivity,Dirichlet perturbation centered on BWM_weights_main; no performance tuning.
140,beta_vs_category_benchmark,0.04680397914104804,random_weight_sensitivity,Dirichlet perturbation centered on BWM_weights_main; no performance tuning.
140,marginal_correlation_to_selected_universe,0.12435049246861073,random_weight_sensitivity,Dirichlet perturbation centered on BWM_weights_main; no performance tuning.
140,fund_age_months,0.039757195929865013,random_weight_sensitivity,Dirichlet perturbation centered on BWM_weights_main; no performance tuning.
140,aum_usd,0.02216500628261084,random_weight_sensitivity,Dirichlet perturbation centered on BWM_weights_main; no performance tuning.
141,momentum_12_1,0.05246388556137927,random_weight_sensitivity,Dirichlet perturbation centered on BWM_weights_main; no performance tuning.
141,volatility_annualized,0.17374518922697016,random_weight_sensitivity,Dirichlet perturbation centered on BWM_weights_main; no performance tuning.
141,rolling_max_drawdown,0.14902774224906604,random_weight_sensitivity,Dirichlet perturbation centered on BWM_weights_main; no performance tuning.
141,rolling_sortino,0.09358505884831968,random_weight_sensitivity,Dirichlet perturbation centered on BWM_weights_main; no performance tuning.
141,avg_dollar_volume,0.10751352059693244,random_weight_sensitivity,Dirichlet perturbation centered on BWM_weights_main; no performance tuning.
141,expense_ratio,0.04605169326139982,random_weight_sensitivity,Dirichlet perturbation centered on BWM_weights_main; no performance tuning.
141,tracking_error_vs_category_benchmark,0.1689274515954836,random_weight_sensitivity,Dirichlet perturbation centered on BWM_weights_main; no performance tuning.
141,beta_vs_category_benchmark,0.052963865668877244,random_weight_sensitivity,Dirichlet perturbation centered on BWM_weights_main; no performance tuning.
141,marginal_correlation_to_selected_universe,0.08327167065251262,random_weight_sensitivity,Dirichlet perturbation centered on BWM_weights_main; no performance tuning.
141,fund_age_months,0.010312940444660728,random_weight_sensitivity,Dirichlet perturbation centered on BWM_weights_main; no performance tuning.
141,aum_usd,0.06213698189439834,random_weight_sensitivity,Dirichlet perturbation centered on BWM_weights_main; no performance tuning.
142,momentum_12_1,0.0770470631385636,random_weight_sensitivity,Dirichlet perturbation centered on BWM_weights_main; no performance tuning.
142,volatility_annualized,0.14326582847971714,random_weight_sensitivity,Dirichlet perturbation centered on BWM_weights_main; no performance tuning.
142,rolling_max_drawdown,0.1771933516123236,random_weight_sensitivity,Dirichlet perturbation centered on BWM_weights_main; no performance tuning.
142,rolling_sortino,0.10126525256010663,random_weight_sensitivity,Dirichlet perturbation centered on BWM_weights_main; no performance tuning.
142,avg_dollar_volume,0.04003585941581405,random_weight_sensitivity,Dirichlet perturbation centered on BWM_weights_main; no performance tuning.
142,expense_ratio,0.10881351494944853,random_weight_sensitivity,Dirichlet perturbation centered on BWM_weights_main; no performance tuning.
142,tracking_error_vs_category_benchmark,0.12978975888569588,random_weight_sensitivity,Dirichlet perturbation centered on BWM_weights_main; no performance tuning.
142,beta_vs_category_benchmark,0.08888504086689322,random_weight_sensitivity,Dirichlet perturbation centered on BWM_weights_main; no performance tuning.
142,marginal_correlation_to_selected_universe,0.0901681262080573,random_weight_sensitivity,Dirichlet perturbation centered on BWM_weights_main; no performance tuning.
142,fund_age_months,0.0037280214921068494,random_weight_sensitivity,Dirichlet perturbation centered on BWM_weights_main; no performance tuning.
142,aum_usd,0.03980818239127318,random_weight_sensitivity,Dirichlet perturbation centered on BWM_weights_main; no performance tuning.
143,momentum_12_1,0.10215281690264884,random_weight_sensitivity,Dirichlet perturbation centered on BWM_weights_main; no performance tuning.
143,volatility_annualized,0.10255957995379333,random_weight_sensitivity,Dirichlet perturbation centered on BWM_weights_main; no performance tuning.
143,rolling_max_drawdown,0.16958505824093698,random_weight_sensitivity,Dirichlet perturbation centered on BWM_weights_main; no performance tuning.
143,rolling_sortino,0.09548188147838803,random_weight_sensitivity,Dirichlet perturbation centered on BWM_weights_main; no performance tuning.
143,avg_dollar_volume,0.03734093477216167,random_weight_sensitivity,Dirichlet perturbation centered on BWM_weights_main; no performance tuning.
143,expense_ratio,0.03832872234260614,random_weight_sensitivity,Dirichlet perturbation centered on BWM_weights_main; no performance tuning.
143,tracking_error_vs_category_benchmark,0.05020119624945252,random_weight_sensitivity,Dirichlet perturbation centered on BWM_weights_main; no performance tuning.
143,beta_vs_category_benchmark,0.08769056894256873,random_weight_sensitivity,Dirichlet perturbation centered on BWM_weights_main; no performance tuning.
143,marginal_correlation_to_selected_universe,0.16781873156229551,random_weight_sensitivity,Dirichlet perturbation centered on BWM_weights_main; no performance tuning.
143,fund_age_months,0.11310008825464214,random_weight_sensitivity,Dirichlet perturbation centered on BWM_weights_main; no performance tuning.
143,aum_usd,0.035740421300506066,random_weight_sensitivity,Dirichlet perturbation centered on BWM_weights_main; no performance tuning.
144,momentum_12_1,0.12688327358143295,random_weight_sensitivity,Dirichlet perturbation centered on BWM_weights_main; no performance tuning.
144,volatility_annualized,0.10447109137007603,random_weight_sensitivity,Dirichlet perturbation centered on BWM_weights_main; no performance tuning.
144,rolling_max_drawdown,0.21400060004088814,random_weight_sensitivity,Dirichlet perturbation centered on BWM_weights_main; no performance tuning.
144,rolling_sortino,0.07378759550833529,random_weight_sensitivity,Dirichlet perturbation centered on BWM_weights_main; no performance tuning.
144,avg_dollar_volume,0.06626972627827377,random_weight_sensitivity,Dirichlet perturbation centered on BWM_weights_main; no performance tuning.
144,expense_ratio,0.046618975411220245,random_weight_sensitivity,Dirichlet perturbation centered on BWM_weights_main; no performance tuning.
144,tracking_error_vs_category_benchmark,0.0981508337441288,random_weight_sensitivity,Dirichlet perturbation centered on BWM_weights_main; no performance tuning.
144,beta_vs_category_benchmark,0.04877027499960629,random_weight_sensitivity,Dirichlet perturbation centered on BWM_weights_main; no performance tuning.
144,marginal_correlation_to_selected_universe,0.1356390127948219,random_weight_sensitivity,Dirichlet perturbation centered on BWM_weights_main; no performance tuning.
144,fund_age_months,0.03534760361135856,random_weight_sensitivity,Dirichlet perturbation centered on BWM_weights_main; no performance tuning.
144,aum_usd,0.0500610126598578,random_weight_sensitivity,Dirichlet perturbation centered on BWM_weights_main; no performance tuning.
145,momentum_12_1,0.09081725638250943,random_weight_sensitivity,Dirichlet perturbation centered on BWM_weights_main; no performance tuning.
145,volatility_annualized,0.06976689538206128,random_weight_sensitivity,Dirichlet perturbation centered on BWM_weights_main; no performance tuning.
145,rolling_max_drawdown,0.26290730703148096,random_weight_sensitivity,Dirichlet perturbation centered on BWM_weights_main; no performance tuning.
145,rolling_sortino,0.12005243659464464,random_weight_sensitivity,Dirichlet perturbation centered on BWM_weights_main; no performance tuning.
145,avg_dollar_volume,0.026674883736808295,random_weight_sensitivity,Dirichlet perturbation centered on BWM_weights_main; no performance tuning.
145,expense_ratio,0.08365616664898991,random_weight_sensitivity,Dirichlet perturbation centered on BWM_weights_main; no performance tuning.
145,tracking_error_vs_category_benchmark,0.13736565300351042,random_weight_sensitivity,Dirichlet perturbation centered on BWM_weights_main; no performance tuning.
145,beta_vs_category_benchmark,0.03203888973443543,random_weight_sensitivity,Dirichlet perturbation centered on BWM_weights_main; no performance tuning.
145,marginal_correlation_to_selected_universe,0.14742185684507167,random_weight_sensitivity,Dirichlet perturbation centered on BWM_weights_main; no performance tuning.
145,fund_age_months,0.0037671728298243144,random_weight_sensitivity,Dirichlet perturbation centered on BWM_weights_main; no performance tuning.
145,aum_usd,0.025531481810663573,random_weight_sensitivity,Dirichlet perturbation centered on BWM_weights_main; no performance tuning.
146,momentum_12_1,0.05972614054972591,random_weight_sensitivity,Dirichlet perturbation centered on BWM_weights_main; no performance tuning.
146,volatility_annualized,0.07730135836032798,random_weight_sensitivity,Dirichlet perturbation centered on BWM_weights_main; no performance tuning.
146,rolling_max_drawdown,0.13734411428919693,random_weight_sensitivity,Dirichlet perturbation centered on BWM_weights_main; no performance tuning.
146,rolling_sortino,0.16470123681219603,random_weight_sensitivity,Dirichlet perturbation centered on BWM_weights_main; no performance tuning.
146,avg_dollar_volume,0.06422936870389338,random_weight_sensitivity,Dirichlet perturbation centered on BWM_weights_main; no performance tuning.
146,expense_ratio,0.05737176709689824,random_weight_sensitivity,Dirichlet perturbation centered on BWM_weights_main; no performance tuning.
146,tracking_error_vs_category_benchmark,0.17092360160965303,random_weight_sensitivity,Dirichlet perturbation centered on BWM_weights_main; no performance tuning.
146,beta_vs_category_benchmark,0.11911341844812785,random_weight_sensitivity,Dirichlet perturbation centered on BWM_weights_main; no performance tuning.
146,marginal_correlation_to_selected_universe,0.09550974875304323,random_weight_sensitivity,Dirichlet perturbation centered on BWM_weights_main; no performance tuning.
146,fund_age_months,0.02648277986502316,random_weight_sensitivity,Dirichlet perturbation centered on BWM_weights_main; no performance tuning.
146,aum_usd,0.02729646551191439,random_weight_sensitivity,Dirichlet perturbation centered on BWM_weights_main; no performance tuning.
147,momentum_12_1,0.10825647933832674,random_weight_sensitivity,Dirichlet perturbation centered on BWM_weights_main; no performance tuning.
147,volatility_annualized,0.07087094139641435,random_weight_sensitivity,Dirichlet perturbation centered on BWM_weights_main; no performance tuning.
147,rolling_max_drawdown,0.2318577931033556,random_weight_sensitivity,Dirichlet perturbation centered on BWM_weights_main; no performance tuning.
147,rolling_sortino,0.1749596159557679,random_weight_sensitivity,Dirichlet perturbation centered on BWM_weights_main; no performance tuning.
147,avg_dollar_volume,0.11485839071287364,random_weight_sensitivity,Dirichlet perturbation centered on BWM_weights_main; no performance tuning.
147,expense_ratio,0.07511485051944104,random_weight_sensitivity,Dirichlet perturbation centered on BWM_weights_main; no performance tuning.
147,tracking_error_vs_category_benchmark,0.04684702466806988,random_weight_sensitivity,Dirichlet perturbation centered on BWM_weights_main; no performance tuning.
147,beta_vs_category_benchmark,0.05252748366831573,random_weight_sensitivity,Dirichlet perturbation centered on BWM_weights_main; no performance tuning.
147,marginal_correlation_to_selected_universe,0.1082018518449813,random_weight_sensitivity,Dirichlet perturbation centered on BWM_weights_main; no performance tuning.
147,fund_age_months,0.003979046714675334,random_weight_sensitivity,Dirichlet perturbation centered on BWM_weights_main; no performance tuning.
147,aum_usd,0.01252652207777854,random_weight_sensitivity,Dirichlet perturbation centered on BWM_weights_main; no performance tuning.
148,momentum_12_1,0.16889515587212298,random_weight_sensitivity,Dirichlet perturbation centered on BWM_weights_main; no performance tuning.
148,volatility_annualized,0.13497130203989474,random_weight_sensitivity,Dirichlet perturbation centered on BWM_weights_main; no performance tuning.
148,rolling_max_drawdown,0.20645265163508644,random_weight_sensitivity,Dirichlet perturbation centered on BWM_weights_main; no performance tuning.
148,rolling_sortino,0.12876210388618003,random_weight_sensitivity,Dirichlet perturbation centered on BWM_weights_main; no performance tuning.
148,avg_dollar_volume,0.032818395737888695,random_weight_sensitivity,Dirichlet perturbation centered on BWM_weights_main; no performance tuning.
148,expense_ratio,0.039354004651654145,random_weight_sensitivity,Dirichlet perturbation centered on BWM_weights_main; no performance tuning.
148,tracking_error_vs_category_benchmark,0.10712311426427759,random_weight_sensitivity,Dirichlet perturbation centered on BWM_weights_main; no performance tuning.
148,beta_vs_category_benchmark,0.07391187526511803,random_weight_sensitivity,Dirichlet perturbation centered on BWM_weights_main; no performance tuning.
148,marginal_correlation_to_selected_universe,0.05270218112686799,random_weight_sensitivity,Dirichlet perturbation centered on BWM_weights_main; no performance tuning.
148,fund_age_months,0.020609513519696886,random_weight_sensitivity,Dirichlet perturbation centered on BWM_weights_main; no performance tuning.
148,aum_usd,0.034399702001212486,random_weight_sensitivity,Dirichlet perturbation centered on BWM_weights_main; no performance tuning.
149,momentum_12_1,0.13217303096979915,random_weight_sensitivity,Dirichlet perturbation centered on BWM_weights_main; no performance tuning.
149,volatility_annualized,0.10467968283483287,random_weight_sensitivity,Dirichlet perturbation centered on BWM_weights_main; no performance tuning.
149,rolling_max_drawdown,0.26314945254001126,random_weight_sensitivity,Dirichlet perturbation centered on BWM_weights_main; no performance tuning.
149,rolling_sortino,0.07940476788301365,random_weight_sensitivity,Dirichlet perturbation centered on BWM_weights_main; no performance tuning.
149,avg_dollar_volume,0.032206767123723876,random_weight_sensitivity,Dirichlet perturbation centered on BWM_weights_main; no performance tuning.
149,expense_ratio,0.12172035847521141,random_weight_sensitivity,Dirichlet perturbation centered on BWM_weights_main; no performance tuning.
149,tracking_error_vs_category_benchmark,0.10685600250284046,random_weight_sensitivity,Dirichlet perturbation centered on BWM_weights_main; no performance tuning.
149,beta_vs_category_benchmark,0.05808221444332505,random_weight_sensitivity,Dirichlet perturbation centered on BWM_weights_main; no performance tuning.
149,marginal_correlation_to_selected_universe,0.06421651363824585,random_weight_sensitivity,Dirichlet perturbation centered on BWM_weights_main; no performance tuning.
149,fund_age_months,0.011773954900989212,random_weight_sensitivity,Dirichlet perturbation centered on BWM_weights_main; no performance tuning.
149,aum_usd,0.02573725468800715,random_weight_sensitivity,Dirichlet perturbation centered on BWM_weights_main; no performance tuning.
150,momentum_12_1,0.06090771994596886,random_weight_sensitivity,Dirichlet perturbation centered on BWM_weights_main; no performance tuning.
150,volatility_annualized,0.03654638000992681,random_weight_sensitivity,Dirichlet perturbation centered on BWM_weights_main; no performance tuning.
150,rolling_max_drawdown,0.1616179497420516,random_weight_sensitivity,Dirichlet perturbation centered on BWM_weights_main; no performance tuning.
150,rolling_sortino,0.13513070259883678,random_weight_sensitivity,Dirichlet perturbation centered on BWM_weights_main; no performance tuning.
150,avg_dollar_volume,0.11804584640755919,random_weight_sensitivity,Dirichlet perturbation centered on BWM_weights_main; no performance tuning.
150,expense_ratio,0.1041880300600791,random_weight_sensitivity,Dirichlet perturbation centered on BWM_weights_main; no performance tuning.
150,tracking_error_vs_category_benchmark,0.150863316228298,random_weight_sensitivity,Dirichlet perturbation centered on BWM_weights_main; no performance tuning.
150,beta_vs_category_benchmark,0.03679314540487927,random_weight_sensitivity,Dirichlet perturbation centered on BWM_weights_main; no performance tuning.
150,marginal_correlation_to_selected_universe,0.11213126191048609,random_weight_sensitivity,Dirichlet perturbation centered on BWM_weights_main; no performance tuning.
150,fund_age_months,0.0293775491600487,random_weight_sensitivity,Dirichlet perturbation centered on BWM_weights_main; no performance tuning.
150,aum_usd,0.05439809853186562,random_weight_sensitivity,Dirichlet perturbation centered on BWM_weights_main; no performance tuning.
151,momentum_12_1,0.08265406565940957,random_weight_sensitivity,Dirichlet perturbation centered on BWM_weights_main; no performance tuning.
151,volatility_annualized,0.09006431851500056,random_weight_sensitivity,Dirichlet perturbation centered on BWM_weights_main; no performance tuning.
151,rolling_max_drawdown,0.2713327720561498,random_weight_sensitivity,Dirichlet perturbation centered on BWM_weights_main; no performance tuning.
151,rolling_sortino,0.12300289771086903,random_weight_sensitivity,Dirichlet perturbation centered on BWM_weights_main; no performance tuning.
151,avg_dollar_volume,0.07052514967327611,random_weight_sensitivity,Dirichlet perturbation centered on BWM_weights_main; no performance tuning.
151,expense_ratio,0.07686821533035075,random_weight_sensitivity,Dirichlet perturbation centered on BWM_weights_main; no performance tuning.
151,tracking_error_vs_category_benchmark,0.0703443619807729,random_weight_sensitivity,Dirichlet perturbation centered on BWM_weights_main; no performance tuning.
151,beta_vs_category_benchmark,0.0749275296378906,random_weight_sensitivity,Dirichlet perturbation centered on BWM_weights_main; no performance tuning.
151,marginal_correlation_to_selected_universe,0.0895873286759412,random_weight_sensitivity,Dirichlet perturbation centered on BWM_weights_main; no performance tuning.
151,fund_age_months,0.0315913619205014,random_weight_sensitivity,Dirichlet perturbation centered on BWM_weights_main; no performance tuning.
151,aum_usd,0.019101998839838246,random_weight_sensitivity,Dirichlet perturbation centered on BWM_weights_main; no performance tuning.
152,momentum_12_1,0.1399312782523492,random_weight_sensitivity,Dirichlet perturbation centered on BWM_weights_main; no performance tuning.
152,volatility_annualized,0.09108936194361783,random_weight_sensitivity,Dirichlet perturbation centered on BWM_weights_main; no performance tuning.
152,rolling_max_drawdown,0.236766192104666,random_weight_sensitivity,Dirichlet perturbation centered on BWM_weights_main; no performance tuning.
152,rolling_sortino,0.11618722992790768,random_weight_sensitivity,Dirichlet perturbation centered on BWM_weights_main; no performance tuning.
152,avg_dollar_volume,0.069460013992946,random_weight_sensitivity,Dirichlet perturbation centered on BWM_weights_main; no performance tuning.
152,expense_ratio,0.05876963738067887,random_weight_sensitivity,Dirichlet perturbation centered on BWM_weights_main; no performance tuning.
152,tracking_error_vs_category_benchmark,0.10228957973411351,random_weight_sensitivity,Dirichlet perturbation centered on BWM_weights_main; no performance tuning.
152,beta_vs_category_benchmark,0.05464190832431085,random_weight_sensitivity,Dirichlet perturbation centered on BWM_weights_main; no performance tuning.
152,marginal_correlation_to_selected_universe,0.09232416166249958,random_weight_sensitivity,Dirichlet perturbation centered on BWM_weights_main; no performance tuning.
152,fund_age_months,0.02875804048156471,random_weight_sensitivity,Dirichlet perturbation centered on BWM_weights_main; no performance tuning.
152,aum_usd,0.00978259619534579,random_weight_sensitivity,Dirichlet perturbation centered on BWM_weights_main; no performance tuning.
153,momentum_12_1,0.14177518405655742,random_weight_sensitivity,Dirichlet perturbation centered on BWM_weights_main; no performance tuning.
153,volatility_annualized,0.14271817542225995,random_weight_sensitivity,Dirichlet perturbation centered on BWM_weights_main; no performance tuning.
153,rolling_max_drawdown,0.17892551080305935,random_weight_sensitivity,Dirichlet perturbation centered on BWM_weights_main; no performance tuning.
153,rolling_sortino,0.11329324004227768,random_weight_sensitivity,Dirichlet perturbation centered on BWM_weights_main; no performance tuning.
153,avg_dollar_volume,0.04135801242755253,random_weight_sensitivity,Dirichlet perturbation centered on BWM_weights_main; no performance tuning.
153,expense_ratio,0.08395659112096127,random_weight_sensitivity,Dirichlet perturbation centered on BWM_weights_main; no performance tuning.
153,tracking_error_vs_category_benchmark,0.07457066851366106,random_weight_sensitivity,Dirichlet perturbation centered on BWM_weights_main; no performance tuning.
153,beta_vs_category_benchmark,0.01106505930848168,random_weight_sensitivity,Dirichlet perturbation centered on BWM_weights_main; no performance tuning.
153,marginal_correlation_to_selected_universe,0.16927707833192784,random_weight_sensitivity,Dirichlet perturbation centered on BWM_weights_main; no performance tuning.
153,fund_age_months,0.005786746770131533,random_weight_sensitivity,Dirichlet perturbation centered on BWM_weights_main; no performance tuning.
153,aum_usd,0.03727373320312965,random_weight_sensitivity,Dirichlet perturbation centered on BWM_weights_main; no performance tuning.
154,momentum_12_1,0.1100024227570051,random_weight_sensitivity,Dirichlet perturbation centered on BWM_weights_main; no performance tuning.
154,volatility_annualized,0.12216564976417182,random_weight_sensitivity,Dirichlet perturbation centered on BWM_weights_main; no performance tuning.
154,rolling_max_drawdown,0.18536941494525158,random_weight_sensitivity,Dirichlet perturbation centered on BWM_weights_main; no performance tuning.
154,rolling_sortino,0.11385284505966463,random_weight_sensitivity,Dirichlet perturbation centered on BWM_weights_main; no performance tuning.
154,avg_dollar_volume,0.057342584540178355,random_weight_sensitivity,Dirichlet perturbation centered on BWM_weights_main; no performance tuning.
154,expense_ratio,0.027747176760285937,random_weight_sensitivity,Dirichlet perturbation centered on BWM_weights_main; no performance tuning.
154,tracking_error_vs_category_benchmark,0.10056157926428547,random_weight_sensitivity,Dirichlet perturbation centered on BWM_weights_main; no performance tuning.
154,beta_vs_category_benchmark,0.08831466412536222,random_weight_sensitivity,Dirichlet perturbation centered on BWM_weights_main; no performance tuning.
154,marginal_correlation_to_selected_universe,0.06626459460282212,random_weight_sensitivity,Dirichlet perturbation centered on BWM_weights_main; no performance tuning.
154,fund_age_months,0.02231282294314976,random_weight_sensitivity,Dirichlet perturbation centered on BWM_weights_main; no performance tuning.
154,aum_usd,0.1060662452378229,random_weight_sensitivity,Dirichlet perturbation centered on BWM_weights_main; no performance tuning.
155,momentum_12_1,0.1346582831809902,random_weight_sensitivity,Dirichlet perturbation centered on BWM_weights_main; no performance tuning.
155,volatility_annualized,0.1374453055021041,random_weight_sensitivity,Dirichlet perturbation centered on BWM_weights_main; no performance tuning.
155,rolling_max_drawdown,0.15210037412561356,random_weight_sensitivity,Dirichlet perturbation centered on BWM_weights_main; no performance tuning.
155,rolling_sortino,0.08657465465822903,random_weight_sensitivity,Dirichlet perturbation centered on BWM_weights_main; no performance tuning.
155,avg_dollar_volume,0.05844051504984315,random_weight_sensitivity,Dirichlet perturbation centered on BWM_weights_main; no performance tuning.
155,expense_ratio,0.11916939213389545,random_weight_sensitivity,Dirichlet perturbation centered on BWM_weights_main; no performance tuning.
155,tracking_error_vs_category_benchmark,0.09376022687173528,random_weight_sensitivity,Dirichlet perturbation centered on BWM_weights_main; no performance tuning.
155,beta_vs_category_benchmark,0.029197827512300437,random_weight_sensitivity,Dirichlet perturbation centered on BWM_weights_main; no performance tuning.
155,marginal_correlation_to_selected_universe,0.16251082544759854,random_weight_sensitivity,Dirichlet perturbation centered on BWM_weights_main; no performance tuning.
155,fund_age_months,0.01144399535730938,random_weight_sensitivity,Dirichlet perturbation centered on BWM_weights_main; no performance tuning.
155,aum_usd,0.01469860016038082,random_weight_sensitivity,Dirichlet perturbation centered on BWM_weights_main; no performance tuning.
156,momentum_12_1,0.14860841885165477,random_weight_sensitivity,Dirichlet perturbation centered on BWM_weights_main; no performance tuning.
156,volatility_annualized,0.09682613920980745,random_weight_sensitivity,Dirichlet perturbation centered on BWM_weights_main; no performance tuning.
156,rolling_max_drawdown,0.23749089510746696,random_weight_sensitivity,Dirichlet perturbation centered on BWM_weights_main; no performance tuning.
156,rolling_sortino,0.05573737710527658,random_weight_sensitivity,Dirichlet perturbation centered on BWM_weights_main; no performance tuning.
156,avg_dollar_volume,0.01833435538168784,random_weight_sensitivity,Dirichlet perturbation centered on BWM_weights_main; no performance tuning.
156,expense_ratio,0.07802852646593515,random_weight_sensitivity,Dirichlet perturbation centered on BWM_weights_main; no performance tuning.
156,tracking_error_vs_category_benchmark,0.06932095196084502,random_weight_sensitivity,Dirichlet perturbation centered on BWM_weights_main; no performance tuning.
156,beta_vs_category_benchmark,0.07747924754501136,random_weight_sensitivity,Dirichlet perturbation centered on BWM_weights_main; no performance tuning.
156,marginal_correlation_to_selected_universe,0.11920717136092959,random_weight_sensitivity,Dirichlet perturbation centered on BWM_weights_main; no performance tuning.
156,fund_age_months,0.020392661419302002,random_weight_sensitivity,Dirichlet perturbation centered on BWM_weights_main; no performance tuning.
156,aum_usd,0.07857425559208328,random_weight_sensitivity,Dirichlet perturbation centered on BWM_weights_main; no performance tuning.
157,momentum_12_1,0.2116845172711794,random_weight_sensitivity,Dirichlet perturbation centered on BWM_weights_main; no performance tuning.
157,volatility_annualized,0.09338446408914199,random_weight_sensitivity,Dirichlet perturbation centered on BWM_weights_main; no performance tuning.
157,rolling_max_drawdown,0.24545417142533413,random_weight_sensitivity,Dirichlet perturbation centered on BWM_weights_main; no performance tuning.
157,rolling_sortino,0.03847022784845062,random_weight_sensitivity,Dirichlet perturbation centered on BWM_weights_main; no performance tuning.
157,avg_dollar_volume,0.043601082840701064,random_weight_sensitivity,Dirichlet perturbation centered on BWM_weights_main; no performance tuning.
157,expense_ratio,0.02515152865012355,random_weight_sensitivity,Dirichlet perturbation centered on BWM_weights_main; no performance tuning.
157,tracking_error_vs_category_benchmark,0.060855334744595375,random_weight_sensitivity,Dirichlet perturbation centered on BWM_weights_main; no performance tuning.
157,beta_vs_category_benchmark,0.044941172253431534,random_weight_sensitivity,Dirichlet perturbation centered on BWM_weights_main; no performance tuning.
157,marginal_correlation_to_selected_universe,0.16395573507587616,random_weight_sensitivity,Dirichlet perturbation centered on BWM_weights_main; no performance tuning.
157,fund_age_months,0.015305775693880115,random_weight_sensitivity,Dirichlet perturbation centered on BWM_weights_main; no performance tuning.
157,aum_usd,0.05719599010728604,random_weight_sensitivity,Dirichlet perturbation centered on BWM_weights_main; no performance tuning.
158,momentum_12_1,0.08419066435870416,random_weight_sensitivity,Dirichlet perturbation centered on BWM_weights_main; no performance tuning.
158,volatility_annualized,0.08001566364761686,random_weight_sensitivity,Dirichlet perturbation centered on BWM_weights_main; no performance tuning.
158,rolling_max_drawdown,0.10883018423756542,random_weight_sensitivity,Dirichlet perturbation centered on BWM_weights_main; no performance tuning.
158,rolling_sortino,0.20235412643356895,random_weight_sensitivity,Dirichlet perturbation centered on BWM_weights_main; no performance tuning.
158,avg_dollar_volume,0.12596359100021712,random_weight_sensitivity,Dirichlet perturbation centered on BWM_weights_main; no performance tuning.
158,expense_ratio,0.07319229394351416,random_weight_sensitivity,Dirichlet perturbation centered on BWM_weights_main; no performance tuning.
158,tracking_error_vs_category_benchmark,0.09141507974214583,random_weight_sensitivity,Dirichlet perturbation centered on BWM_weights_main; no performance tuning.
158,beta_vs_category_benchmark,0.06851477062170296,random_weight_sensitivity,Dirichlet perturbation centered on BWM_weights_main; no performance tuning.
158,marginal_correlation_to_selected_universe,0.05573651967661757,random_weight_sensitivity,Dirichlet perturbation centered on BWM_weights_main; no performance tuning.
158,fund_age_months,0.02791939814231939,random_weight_sensitivity,Dirichlet perturbation centered on BWM_weights_main; no performance tuning.
158,aum_usd,0.08186770819602758,random_weight_sensitivity,Dirichlet perturbation centered on BWM_weights_main; no performance tuning.
159,momentum_12_1,0.1621081368989981,random_weight_sensitivity,Dirichlet perturbation centered on BWM_weights_main; no performance tuning.
159,volatility_annualized,0.04722406765269132,random_weight_sensitivity,Dirichlet perturbation centered on BWM_weights_main; no performance tuning.
159,rolling_max_drawdown,0.23799233597285058,random_weight_sensitivity,Dirichlet perturbation centered on BWM_weights_main; no performance tuning.
159,rolling_sortino,0.05319593469728779,random_weight_sensitivity,Dirichlet perturbation centered on BWM_weights_main; no performance tuning.
159,avg_dollar_volume,0.016259415020259693,random_weight_sensitivity,Dirichlet perturbation centered on BWM_weights_main; no performance tuning.
159,expense_ratio,0.10481676269256039,random_weight_sensitivity,Dirichlet perturbation centered on BWM_weights_main; no performance tuning.
159,tracking_error_vs_category_benchmark,0.07746664825582404,random_weight_sensitivity,Dirichlet perturbation centered on BWM_weights_main; no performance tuning.
159,beta_vs_category_benchmark,0.097733180948426,random_weight_sensitivity,Dirichlet perturbation centered on BWM_weights_main; no performance tuning.
159,marginal_correlation_to_selected_universe,0.13373136124543744,random_weight_sensitivity,Dirichlet perturbation centered on BWM_weights_main; no performance tuning.
159,fund_age_months,0.03225347582948379,random_weight_sensitivity,Dirichlet perturbation centered on BWM_weights_main; no performance tuning.
159,aum_usd,0.03721868078618083,random_weight_sensitivity,Dirichlet perturbation centered on BWM_weights_main; no performance tuning.
160,momentum_12_1,0.055436751410351114,random_weight_sensitivity,Dirichlet perturbation centered on BWM_weights_main; no performance tuning.
160,volatility_annualized,0.08450468963991384,random_weight_sensitivity,Dirichlet perturbation centered on BWM_weights_main; no performance tuning.
160,rolling_max_drawdown,0.259397722307358,random_weight_sensitivity,Dirichlet perturbation centered on BWM_weights_main; no performance tuning.
160,rolling_sortino,0.1392455929412983,random_weight_sensitivity,Dirichlet perturbation centered on BWM_weights_main; no performance tuning.
160,avg_dollar_volume,0.054658604084674614,random_weight_sensitivity,Dirichlet perturbation centered on BWM_weights_main; no performance tuning.
160,expense_ratio,0.054312381997721995,random_weight_sensitivity,Dirichlet perturbation centered on BWM_weights_main; no performance tuning.
160,tracking_error_vs_category_benchmark,0.12171614889831307,random_weight_sensitivity,Dirichlet perturbation centered on BWM_weights_main; no performance tuning.
160,beta_vs_category_benchmark,0.06673871402162318,random_weight_sensitivity,Dirichlet perturbation centered on BWM_weights_main; no performance tuning.
160,marginal_correlation_to_selected_universe,0.08815627986216477,random_weight_sensitivity,Dirichlet perturbation centered on BWM_weights_main; no performance tuning.
160,fund_age_months,0.02761544967412343,random_weight_sensitivity,Dirichlet perturbation centered on BWM_weights_main; no performance tuning.
160,aum_usd,0.04821766516245777,random_weight_sensitivity,Dirichlet perturbation centered on BWM_weights_main; no performance tuning.
161,momentum_12_1,0.08211599867040252,random_weight_sensitivity,Dirichlet perturbation centered on BWM_weights_main; no performance tuning.
161,volatility_annualized,0.12341787060566387,random_weight_sensitivity,Dirichlet perturbation centered on BWM_weights_main; no performance tuning.
161,rolling_max_drawdown,0.22245138678149345,random_weight_sensitivity,Dirichlet perturbation centered on BWM_weights_main; no performance tuning.
161,rolling_sortino,0.10766629971692476,random_weight_sensitivity,Dirichlet perturbation centered on BWM_weights_main; no performance tuning.
161,avg_dollar_volume,0.04693377268579527,random_weight_sensitivity,Dirichlet perturbation centered on BWM_weights_main; no performance tuning.
161,expense_ratio,0.059059836400212305,random_weight_sensitivity,Dirichlet perturbation centered on BWM_weights_main; no performance tuning.
161,tracking_error_vs_category_benchmark,0.07182361099968916,random_weight_sensitivity,Dirichlet perturbation centered on BWM_weights_main; no performance tuning.
161,beta_vs_category_benchmark,0.08382740357379757,random_weight_sensitivity,Dirichlet perturbation centered on BWM_weights_main; no performance tuning.
161,marginal_correlation_to_selected_universe,0.05306345914454314,random_weight_sensitivity,Dirichlet perturbation centered on BWM_weights_main; no performance tuning.
161,fund_age_months,0.06478945718203387,random_weight_sensitivity,Dirichlet perturbation centered on BWM_weights_main; no performance tuning.
161,aum_usd,0.08485090423944429,random_weight_sensitivity,Dirichlet perturbation centered on BWM_weights_main; no performance tuning.
162,momentum_12_1,0.10711855936083238,random_weight_sensitivity,Dirichlet perturbation centered on BWM_weights_main; no performance tuning.
162,volatility_annualized,0.1273624301501201,random_weight_sensitivity,Dirichlet perturbation centered on BWM_weights_main; no performance tuning.
162,rolling_max_drawdown,0.20784612751311368,random_weight_sensitivity,Dirichlet perturbation centered on BWM_weights_main; no performance tuning.
162,rolling_sortino,0.09552065701162853,random_weight_sensitivity,Dirichlet perturbation centered on BWM_weights_main; no performance tuning.
162,avg_dollar_volume,0.05330356365420352,random_weight_sensitivity,Dirichlet perturbation centered on BWM_weights_main; no performance tuning.
162,expense_ratio,0.05025862801123513,random_weight_sensitivity,Dirichlet perturbation centered on BWM_weights_main; no performance tuning.
162,tracking_error_vs_category_benchmark,0.1605822487507035,random_weight_sensitivity,Dirichlet perturbation centered on BWM_weights_main; no performance tuning.
162,beta_vs_category_benchmark,0.038232430264319696,random_weight_sensitivity,Dirichlet perturbation centered on BWM_weights_main; no performance tuning.
162,marginal_correlation_to_selected_universe,0.06471285200476407,random_weight_sensitivity,Dirichlet perturbation centered on BWM_weights_main; no performance tuning.
162,fund_age_months,0.037609587220400136,random_weight_sensitivity,Dirichlet perturbation centered on BWM_weights_main; no performance tuning.
162,aum_usd,0.05745291605867936,random_weight_sensitivity,Dirichlet perturbation centered on BWM_weights_main; no performance tuning.
163,momentum_12_1,0.08614105681797621,random_weight_sensitivity,Dirichlet perturbation centered on BWM_weights_main; no performance tuning.
163,volatility_annualized,0.11800238383964191,random_weight_sensitivity,Dirichlet perturbation centered on BWM_weights_main; no performance tuning.
163,rolling_max_drawdown,0.2108737043649194,random_weight_sensitivity,Dirichlet perturbation centered on BWM_weights_main; no performance tuning.
163,rolling_sortino,0.05370203328381159,random_weight_sensitivity,Dirichlet perturbation centered on BWM_weights_main; no performance tuning.
163,avg_dollar_volume,0.11408722897440933,random_weight_sensitivity,Dirichlet perturbation centered on BWM_weights_main; no performance tuning.
163,expense_ratio,0.08578302182115248,random_weight_sensitivity,Dirichlet perturbation centered on BWM_weights_main; no performance tuning.
163,tracking_error_vs_category_benchmark,0.11401914840691839,random_weight_sensitivity,Dirichlet perturbation centered on BWM_weights_main; no performance tuning.
163,beta_vs_category_benchmark,0.0861065184140437,random_weight_sensitivity,Dirichlet perturbation centered on BWM_weights_main; no performance tuning.
163,marginal_correlation_to_selected_universe,0.10857302189161845,random_weight_sensitivity,Dirichlet perturbation centered on BWM_weights_main; no performance tuning.
163,fund_age_months,0.016141736240643613,random_weight_sensitivity,Dirichlet perturbation centered on BWM_weights_main; no performance tuning.
163,aum_usd,0.006570145944864809,random_weight_sensitivity,Dirichlet perturbation centered on BWM_weights_main; no performance tuning.
164,momentum_12_1,0.08585033127935382,random_weight_sensitivity,Dirichlet perturbation centered on BWM_weights_main; no performance tuning.
164,volatility_annualized,0.043724279076270085,random_weight_sensitivity,Dirichlet perturbation centered on BWM_weights_main; no performance tuning.
164,rolling_max_drawdown,0.2546520963318651,random_weight_sensitivity,Dirichlet perturbation centered on BWM_weights_main; no performance tuning.
164,rolling_sortino,0.0776897485968088,random_weight_sensitivity,Dirichlet perturbation centered on BWM_weights_main; no performance tuning.
164,avg_dollar_volume,0.12485453839765404,random_weight_sensitivity,Dirichlet perturbation centered on BWM_weights_main; no performance tuning.
164,expense_ratio,0.05713355665257058,random_weight_sensitivity,Dirichlet perturbation centered on BWM_weights_main; no performance tuning.
164,tracking_error_vs_category_benchmark,0.06323320623217543,random_weight_sensitivity,Dirichlet perturbation centered on BWM_weights_main; no performance tuning.
164,beta_vs_category_benchmark,0.09536081103032815,random_weight_sensitivity,Dirichlet perturbation centered on BWM_weights_main; no performance tuning.
164,marginal_correlation_to_selected_universe,0.09508605880697747,random_weight_sensitivity,Dirichlet perturbation centered on BWM_weights_main; no performance tuning.
164,fund_age_months,0.08301659423560188,random_weight_sensitivity,Dirichlet perturbation centered on BWM_weights_main; no performance tuning.
164,aum_usd,0.01939877936039471,random_weight_sensitivity,Dirichlet perturbation centered on BWM_weights_main; no performance tuning.
165,momentum_12_1,0.13038250798950926,random_weight_sensitivity,Dirichlet perturbation centered on BWM_weights_main; no performance tuning.
165,volatility_annualized,0.18143488510222391,random_weight_sensitivity,Dirichlet perturbation centered on BWM_weights_main; no performance tuning.
165,rolling_max_drawdown,0.21269023742193496,random_weight_sensitivity,Dirichlet perturbation centered on BWM_weights_main; no performance tuning.
165,rolling_sortino,0.10581185032042312,random_weight_sensitivity,Dirichlet perturbation centered on BWM_weights_main; no performance tuning.
165,avg_dollar_volume,0.09748400642284073,random_weight_sensitivity,Dirichlet perturbation centered on BWM_weights_main; no performance tuning.
165,expense_ratio,0.04927954713915632,random_weight_sensitivity,Dirichlet perturbation centered on BWM_weights_main; no performance tuning.
165,tracking_error_vs_category_benchmark,0.0558148863122478,random_weight_sensitivity,Dirichlet perturbation centered on BWM_weights_main; no performance tuning.
165,beta_vs_category_benchmark,0.03939245148162287,random_weight_sensitivity,Dirichlet perturbation centered on BWM_weights_main; no performance tuning.
165,marginal_correlation_to_selected_universe,0.08178828470009628,random_weight_sensitivity,Dirichlet perturbation centered on BWM_weights_main; no performance tuning.
165,fund_age_months,0.028873459641659563,random_weight_sensitivity,Dirichlet perturbation centered on BWM_weights_main; no performance tuning.
165,aum_usd,0.017047883468285157,random_weight_sensitivity,Dirichlet perturbation centered on BWM_weights_main; no performance tuning.
166,momentum_12_1,0.08263875438995281,random_weight_sensitivity,Dirichlet perturbation centered on BWM_weights_main; no performance tuning.
166,volatility_annualized,0.07065211922507551,random_weight_sensitivity,Dirichlet perturbation centered on BWM_weights_main; no performance tuning.
166,rolling_max_drawdown,0.22700386732204478,random_weight_sensitivity,Dirichlet perturbation centered on BWM_weights_main; no performance tuning.
166,rolling_sortino,0.19075985340816445,random_weight_sensitivity,Dirichlet perturbation centered on BWM_weights_main; no performance tuning.
166,avg_dollar_volume,0.03596939180150772,random_weight_sensitivity,Dirichlet perturbation centered on BWM_weights_main; no performance tuning.
166,expense_ratio,0.08094335803582117,random_weight_sensitivity,Dirichlet perturbation centered on BWM_weights_main; no performance tuning.
166,tracking_error_vs_category_benchmark,0.14448704122587908,random_weight_sensitivity,Dirichlet perturbation centered on BWM_weights_main; no performance tuning.
166,beta_vs_category_benchmark,0.056040459716558064,random_weight_sensitivity,Dirichlet perturbation centered on BWM_weights_main; no performance tuning.
166,marginal_correlation_to_selected_universe,0.051809979661015776,random_weight_sensitivity,Dirichlet perturbation centered on BWM_weights_main; no performance tuning.
166,fund_age_months,0.04814244532977506,random_weight_sensitivity,Dirichlet perturbation centered on BWM_weights_main; no performance tuning.
166,aum_usd,0.011552729884205666,random_weight_sensitivity,Dirichlet perturbation centered on BWM_weights_main; no performance tuning.
167,momentum_12_1,0.17175139294553188,random_weight_sensitivity,Dirichlet perturbation centered on BWM_weights_main; no performance tuning.
167,volatility_annualized,0.0708262585930511,random_weight_sensitivity,Dirichlet perturbation centered on BWM_weights_main; no performance tuning.
167,rolling_max_drawdown,0.10490545967604975,random_weight_sensitivity,Dirichlet perturbation centered on BWM_weights_main; no performance tuning.
167,rolling_sortino,0.07916233473980376,random_weight_sensitivity,Dirichlet perturbation centered on BWM_weights_main; no performance tuning.
167,avg_dollar_volume,0.06207137086785704,random_weight_sensitivity,Dirichlet perturbation centered on BWM_weights_main; no performance tuning.
167,expense_ratio,0.06866307846947864,random_weight_sensitivity,Dirichlet perturbation centered on BWM_weights_main; no performance tuning.
167,tracking_error_vs_category_benchmark,0.12330932680090709,random_weight_sensitivity,Dirichlet perturbation centered on BWM_weights_main; no performance tuning.
167,beta_vs_category_benchmark,0.0717403303610104,random_weight_sensitivity,Dirichlet perturbation centered on BWM_weights_main; no performance tuning.
167,marginal_correlation_to_selected_universe,0.18643204120460477,random_weight_sensitivity,Dirichlet perturbation centered on BWM_weights_main; no performance tuning.
167,fund_age_months,0.01680251328538004,random_weight_sensitivity,Dirichlet perturbation centered on BWM_weights_main; no performance tuning.
167,aum_usd,0.04433589305632567,random_weight_sensitivity,Dirichlet perturbation centered on BWM_weights_main; no performance tuning.
168,momentum_12_1,0.11941806681369596,random_weight_sensitivity,Dirichlet perturbation centered on BWM_weights_main; no performance tuning.
168,volatility_annualized,0.05108182318570219,random_weight_sensitivity,Dirichlet perturbation centered on BWM_weights_main; no performance tuning.
168,rolling_max_drawdown,0.13497386408011836,random_weight_sensitivity,Dirichlet perturbation centered on BWM_weights_main; no performance tuning.
168,rolling_sortino,0.11132534160213807,random_weight_sensitivity,Dirichlet perturbation centered on BWM_weights_main; no performance tuning.
168,avg_dollar_volume,0.08812327970815226,random_weight_sensitivity,Dirichlet perturbation centered on BWM_weights_main; no performance tuning.
168,expense_ratio,0.020978916105708994,random_weight_sensitivity,Dirichlet perturbation centered on BWM_weights_main; no performance tuning.
168,tracking_error_vs_category_benchmark,0.21451040008823385,random_weight_sensitivity,Dirichlet perturbation centered on BWM_weights_main; no performance tuning.
168,beta_vs_category_benchmark,0.09160748888331122,random_weight_sensitivity,Dirichlet perturbation centered on BWM_weights_main; no performance tuning.
168,marginal_correlation_to_selected_universe,0.10880280289541194,random_weight_sensitivity,Dirichlet perturbation centered on BWM_weights_main; no performance tuning.
168,fund_age_months,0.03102371570754441,random_weight_sensitivity,Dirichlet perturbation centered on BWM_weights_main; no performance tuning.
168,aum_usd,0.028154300929982796,random_weight_sensitivity,Dirichlet perturbation centered on BWM_weights_main; no performance tuning.
169,momentum_12_1,0.12389866297640506,random_weight_sensitivity,Dirichlet perturbation centered on BWM_weights_main; no performance tuning.
169,volatility_annualized,0.13182519391019076,random_weight_sensitivity,Dirichlet perturbation centered on BWM_weights_main; no performance tuning.
169,rolling_max_drawdown,0.2968472120722908,random_weight_sensitivity,Dirichlet perturbation centered on BWM_weights_main; no performance tuning.
169,rolling_sortino,0.10750261575044852,random_weight_sensitivity,Dirichlet perturbation centered on BWM_weights_main; no performance tuning.
169,avg_dollar_volume,0.03391535321876307,random_weight_sensitivity,Dirichlet perturbation centered on BWM_weights_main; no performance tuning.
169,expense_ratio,0.0470504433546742,random_weight_sensitivity,Dirichlet perturbation centered on BWM_weights_main; no performance tuning.
169,tracking_error_vs_category_benchmark,0.10400178333180567,random_weight_sensitivity,Dirichlet perturbation centered on BWM_weights_main; no performance tuning.
169,beta_vs_category_benchmark,0.03606324027075005,random_weight_sensitivity,Dirichlet perturbation centered on BWM_weights_main; no performance tuning.
169,marginal_correlation_to_selected_universe,0.07565753281693535,random_weight_sensitivity,Dirichlet perturbation centered on BWM_weights_main; no performance tuning.
169,fund_age_months,0.008425380632535374,random_weight_sensitivity,Dirichlet perturbation centered on BWM_weights_main; no performance tuning.
169,aum_usd,0.03481258166520114,random_weight_sensitivity,Dirichlet perturbation centered on BWM_weights_main; no performance tuning.
170,momentum_12_1,0.1134003690181736,random_weight_sensitivity,Dirichlet perturbation centered on BWM_weights_main; no performance tuning.
170,volatility_annualized,0.08001584228173815,random_weight_sensitivity,Dirichlet perturbation centered on BWM_weights_main; no performance tuning.
170,rolling_max_drawdown,0.19866058400974823,random_weight_sensitivity,Dirichlet perturbation centered on BWM_weights_main; no performance tuning.
170,rolling_sortino,0.09277130768190577,random_weight_sensitivity,Dirichlet perturbation centered on BWM_weights_main; no performance tuning.
170,avg_dollar_volume,0.036402835192043015,random_weight_sensitivity,Dirichlet perturbation centered on BWM_weights_main; no performance tuning.
170,expense_ratio,0.07229814496364065,random_weight_sensitivity,Dirichlet perturbation centered on BWM_weights_main; no performance tuning.
170,tracking_error_vs_category_benchmark,0.10044495088868238,random_weight_sensitivity,Dirichlet perturbation centered on BWM_weights_main; no performance tuning.
170,beta_vs_category_benchmark,0.08117961432109617,random_weight_sensitivity,Dirichlet perturbation centered on BWM_weights_main; no performance tuning.
170,marginal_correlation_to_selected_universe,0.12734106667377948,random_weight_sensitivity,Dirichlet perturbation centered on BWM_weights_main; no performance tuning.
170,fund_age_months,0.04847843099933659,random_weight_sensitivity,Dirichlet perturbation centered on BWM_weights_main; no performance tuning.
170,aum_usd,0.04900685396985585,random_weight_sensitivity,Dirichlet perturbation centered on BWM_weights_main; no performance tuning.
171,momentum_12_1,0.10715007138968348,random_weight_sensitivity,Dirichlet perturbation centered on BWM_weights_main; no performance tuning.
171,volatility_annualized,0.1274657227541918,random_weight_sensitivity,Dirichlet perturbation centered on BWM_weights_main; no performance tuning.
171,rolling_max_drawdown,0.157515018537595,random_weight_sensitivity,Dirichlet perturbation centered on BWM_weights_main; no performance tuning.
171,rolling_sortino,0.08050496449978038,random_weight_sensitivity,Dirichlet perturbation centered on BWM_weights_main; no performance tuning.
171,avg_dollar_volume,0.12587350825801358,random_weight_sensitivity,Dirichlet perturbation centered on BWM_weights_main; no performance tuning.
171,expense_ratio,0.04903674819802989,random_weight_sensitivity,Dirichlet perturbation centered on BWM_weights_main; no performance tuning.
171,tracking_error_vs_category_benchmark,0.07013634132664015,random_weight_sensitivity,Dirichlet perturbation centered on BWM_weights_main; no performance tuning.
171,beta_vs_category_benchmark,0.08521925519125383,random_weight_sensitivity,Dirichlet perturbation centered on BWM_weights_main; no performance tuning.
171,marginal_correlation_to_selected_universe,0.08330737490940664,random_weight_sensitivity,Dirichlet perturbation centered on BWM_weights_main; no performance tuning.
171,fund_age_months,0.03720294076715493,random_weight_sensitivity,Dirichlet perturbation centered on BWM_weights_main; no performance tuning.
171,aum_usd,0.07658805416825018,random_weight_sensitivity,Dirichlet perturbation centered on BWM_weights_main; no performance tuning.
172,momentum_12_1,0.07840501262560114,random_weight_sensitivity,Dirichlet perturbation centered on BWM_weights_main; no performance tuning.
172,volatility_annualized,0.1375116964978999,random_weight_sensitivity,Dirichlet perturbation centered on BWM_weights_main; no performance tuning.
172,rolling_max_drawdown,0.1601456488534431,random_weight_sensitivity,Dirichlet perturbation centered on BWM_weights_main; no performance tuning.
172,rolling_sortino,0.09663777240707647,random_weight_sensitivity,Dirichlet perturbation centered on BWM_weights_main; no performance tuning.
172,avg_dollar_volume,0.08072902203348474,random_weight_sensitivity,Dirichlet perturbation centered on BWM_weights_main; no performance tuning.
172,expense_ratio,0.052664897684337866,random_weight_sensitivity,Dirichlet perturbation centered on BWM_weights_main; no performance tuning.
172,tracking_error_vs_category_benchmark,0.11572087674332762,random_weight_sensitivity,Dirichlet perturbation centered on BWM_weights_main; no performance tuning.
172,beta_vs_category_benchmark,0.06432873007888362,random_weight_sensitivity,Dirichlet perturbation centered on BWM_weights_main; no performance tuning.
172,marginal_correlation_to_selected_universe,0.14614968383367224,random_weight_sensitivity,Dirichlet perturbation centered on BWM_weights_main; no performance tuning.
172,fund_age_months,0.04011833116320492,random_weight_sensitivity,Dirichlet perturbation centered on BWM_weights_main; no performance tuning.
172,aum_usd,0.02758832807906856,random_weight_sensitivity,Dirichlet perturbation centered on BWM_weights_main; no performance tuning.
173,momentum_12_1,0.11838876482140502,random_weight_sensitivity,Dirichlet perturbation centered on BWM_weights_main; no performance tuning.
173,volatility_annualized,0.15160194708887667,random_weight_sensitivity,Dirichlet perturbation centered on BWM_weights_main; no performance tuning.
173,rolling_max_drawdown,0.13708159387653007,random_weight_sensitivity,Dirichlet perturbation centered on BWM_weights_main; no performance tuning.
173,rolling_sortino,0.0973860883173868,random_weight_sensitivity,Dirichlet perturbation centered on BWM_weights_main; no performance tuning.
173,avg_dollar_volume,0.07810294976996107,random_weight_sensitivity,Dirichlet perturbation centered on BWM_weights_main; no performance tuning.
173,expense_ratio,0.03864827499016106,random_weight_sensitivity,Dirichlet perturbation centered on BWM_weights_main; no performance tuning.
173,tracking_error_vs_category_benchmark,0.08742282058758884,random_weight_sensitivity,Dirichlet perturbation centered on BWM_weights_main; no performance tuning.
173,beta_vs_category_benchmark,0.14273776117525125,random_weight_sensitivity,Dirichlet perturbation centered on BWM_weights_main; no performance tuning.
173,marginal_correlation_to_selected_universe,0.08204947818948542,random_weight_sensitivity,Dirichlet perturbation centered on BWM_weights_main; no performance tuning.
173,fund_age_months,0.012257933674289652,random_weight_sensitivity,Dirichlet perturbation centered on BWM_weights_main; no performance tuning.
173,aum_usd,0.054322387509063964,random_weight_sensitivity,Dirichlet perturbation centered on BWM_weights_main; no performance tuning.
174,momentum_12_1,0.0778039556648049,random_weight_sensitivity,Dirichlet perturbation centered on BWM_weights_main; no performance tuning.
174,volatility_annualized,0.12113562229633192,random_weight_sensitivity,Dirichlet perturbation centered on BWM_weights_main; no performance tuning.
174,rolling_max_drawdown,0.17802226902281482,random_weight_sensitivity,Dirichlet perturbation centered on BWM_weights_main; no performance tuning.
174,rolling_sortino,0.13938797500403005,random_weight_sensitivity,Dirichlet perturbation centered on BWM_weights_main; no performance tuning.
174,avg_dollar_volume,0.01393580199937791,random_weight_sensitivity,Dirichlet perturbation centered on BWM_weights_main; no performance tuning.
174,expense_ratio,0.08676009237566513,random_weight_sensitivity,Dirichlet perturbation centered on BWM_weights_main; no performance tuning.
174,tracking_error_vs_category_benchmark,0.14503056796783267,random_weight_sensitivity,Dirichlet perturbation centered on BWM_weights_main; no performance tuning.
174,beta_vs_category_benchmark,0.06843164538561605,random_weight_sensitivity,Dirichlet perturbation centered on BWM_weights_main; no performance tuning.
174,marginal_correlation_to_selected_universe,0.11169344342056568,random_weight_sensitivity,Dirichlet perturbation centered on BWM_weights_main; no performance tuning.
174,fund_age_months,0.014320415551141203,random_weight_sensitivity,Dirichlet perturbation centered on BWM_weights_main; no performance tuning.
174,aum_usd,0.043478211311819795,random_weight_sensitivity,Dirichlet perturbation centered on BWM_weights_main; no performance tuning.
175,momentum_12_1,0.15990211119474848,random_weight_sensitivity,Dirichlet perturbation centered on BWM_weights_main; no performance tuning.
175,volatility_annualized,0.12974471611391136,random_weight_sensitivity,Dirichlet perturbation centered on BWM_weights_main; no performance tuning.
175,rolling_max_drawdown,0.16061109590828815,random_weight_sensitivity,Dirichlet perturbation centered on BWM_weights_main; no performance tuning.
175,rolling_sortino,0.07843071475731819,random_weight_sensitivity,Dirichlet perturbation centered on BWM_weights_main; no performance tuning.
175,avg_dollar_volume,0.08724270489500438,random_weight_sensitivity,Dirichlet perturbation centered on BWM_weights_main; no performance tuning.
175,expense_ratio,0.0655090939340375,random_weight_sensitivity,Dirichlet perturbation centered on BWM_weights_main; no performance tuning.
175,tracking_error_vs_category_benchmark,0.05899377193450306,random_weight_sensitivity,Dirichlet perturbation centered on BWM_weights_main; no performance tuning.
175,beta_vs_category_benchmark,0.05322392716922596,random_weight_sensitivity,Dirichlet perturbation centered on BWM_weights_main; no performance tuning.
175,marginal_correlation_to_selected_universe,0.15306581844944,random_weight_sensitivity,Dirichlet perturbation centered on BWM_weights_main; no performance tuning.
175,fund_age_months,0.02684277232501733,random_weight_sensitivity,Dirichlet perturbation centered on BWM_weights_main; no performance tuning.
175,aum_usd,0.026433273318505847,random_weight_sensitivity,Dirichlet perturbation centered on BWM_weights_main; no performance tuning.
176,momentum_12_1,0.06377495324923227,random_weight_sensitivity,Dirichlet perturbation centered on BWM_weights_main; no performance tuning.
176,volatility_annualized,0.13373906225171261,random_weight_sensitivity,Dirichlet perturbation centered on BWM_weights_main; no performance tuning.
176,rolling_max_drawdown,0.2220428016861067,random_weight_sensitivity,Dirichlet perturbation centered on BWM_weights_main; no performance tuning.
176,rolling_sortino,0.11436866071107862,random_weight_sensitivity,Dirichlet perturbation centered on BWM_weights_main; no performance tuning.
176,avg_dollar_volume,0.11591453697469499,random_weight_sensitivity,Dirichlet perturbation centered on BWM_weights_main; no performance tuning.
176,expense_ratio,0.10241461880012825,random_weight_sensitivity,Dirichlet perturbation centered on BWM_weights_main; no performance tuning.
176,tracking_error_vs_category_benchmark,0.06470254457150666,random_weight_sensitivity,Dirichlet perturbation centered on BWM_weights_main; no performance tuning.
176,beta_vs_category_benchmark,0.08066835586479111,random_weight_sensitivity,Dirichlet perturbation centered on BWM_weights_main; no performance tuning.
176,marginal_correlation_to_selected_universe,0.0715221851850936,random_weight_sensitivity,Dirichlet perturbation centered on BWM_weights_main; no performance tuning.
176,fund_age_months,0.014008455856922553,random_weight_sensitivity,Dirichlet perturbation centered on BWM_weights_main; no performance tuning.
176,aum_usd,0.016843824848732526,random_weight_sensitivity,Dirichlet perturbation centered on BWM_weights_main; no performance tuning.
177,momentum_12_1,0.0614520344615311,random_weight_sensitivity,Dirichlet perturbation centered on BWM_weights_main; no performance tuning.
177,volatility_annualized,0.12247499162200434,random_weight_sensitivity,Dirichlet perturbation centered on BWM_weights_main; no performance tuning.
177,rolling_max_drawdown,0.20757303235176652,random_weight_sensitivity,Dirichlet perturbation centered on BWM_weights_main; no performance tuning.
177,rolling_sortino,0.10458117338275721,random_weight_sensitivity,Dirichlet perturbation centered on BWM_weights_main; no performance tuning.
177,avg_dollar_volume,0.051994519076882274,random_weight_sensitivity,Dirichlet perturbation centered on BWM_weights_main; no performance tuning.
177,expense_ratio,0.032536293980981526,random_weight_sensitivity,Dirichlet perturbation centered on BWM_weights_main; no performance tuning.
177,tracking_error_vs_category_benchmark,0.0877074014463335,random_weight_sensitivity,Dirichlet perturbation centered on BWM_weights_main; no performance tuning.
177,beta_vs_category_benchmark,0.07877604360508254,random_weight_sensitivity,Dirichlet perturbation centered on BWM_weights_main; no performance tuning.
177,marginal_correlation_to_selected_universe,0.11686100709367704,random_weight_sensitivity,Dirichlet perturbation centered on BWM_weights_main; no performance tuning.
177,fund_age_months,0.05679437145330161,random_weight_sensitivity,Dirichlet perturbation centered on BWM_weights_main; no performance tuning.
177,aum_usd,0.07924913152568237,random_weight_sensitivity,Dirichlet perturbation centered on BWM_weights_main; no performance tuning.
178,momentum_12_1,0.10493222361057793,random_weight_sensitivity,Dirichlet perturbation centered on BWM_weights_main; no performance tuning.
178,volatility_annualized,0.08627317380538915,random_weight_sensitivity,Dirichlet perturbation centered on BWM_weights_main; no performance tuning.
178,rolling_max_drawdown,0.14880891470477045,random_weight_sensitivity,Dirichlet perturbation centered on BWM_weights_main; no performance tuning.
178,rolling_sortino,0.05419626028062352,random_weight_sensitivity,Dirichlet perturbation centered on BWM_weights_main; no performance tuning.
178,avg_dollar_volume,0.036960802916537874,random_weight_sensitivity,Dirichlet perturbation centered on BWM_weights_main; no performance tuning.
178,expense_ratio,0.14658137102120167,random_weight_sensitivity,Dirichlet perturbation centered on BWM_weights_main; no performance tuning.
178,tracking_error_vs_category_benchmark,0.11655259755204636,random_weight_sensitivity,Dirichlet perturbation centered on BWM_weights_main; no performance tuning.
178,beta_vs_category_benchmark,0.09131746176194036,random_weight_sensitivity,Dirichlet perturbation centered on BWM_weights_main; no performance tuning.
178,marginal_correlation_to_selected_universe,0.09323570119223352,random_weight_sensitivity,Dirichlet perturbation centered on BWM_weights_main; no performance tuning.
178,fund_age_months,0.10425323069791774,random_weight_sensitivity,Dirichlet perturbation centered on BWM_weights_main; no performance tuning.
178,aum_usd,0.01688826245676154,random_weight_sensitivity,Dirichlet perturbation centered on BWM_weights_main; no performance tuning.
179,momentum_12_1,0.05276417843563279,random_weight_sensitivity,Dirichlet perturbation centered on BWM_weights_main; no performance tuning.
179,volatility_annualized,0.24410497028567604,random_weight_sensitivity,Dirichlet perturbation centered on BWM_weights_main; no performance tuning.
179,rolling_max_drawdown,0.12374784452057318,random_weight_sensitivity,Dirichlet perturbation centered on BWM_weights_main; no performance tuning.
179,rolling_sortino,0.0941582675746434,random_weight_sensitivity,Dirichlet perturbation centered on BWM_weights_main; no performance tuning.
179,avg_dollar_volume,0.047663620467399415,random_weight_sensitivity,Dirichlet perturbation centered on BWM_weights_main; no performance tuning.
179,expense_ratio,0.08191545907269437,random_weight_sensitivity,Dirichlet perturbation centered on BWM_weights_main; no performance tuning.
179,tracking_error_vs_category_benchmark,0.09133570937041557,random_weight_sensitivity,Dirichlet perturbation centered on BWM_weights_main; no performance tuning.
179,beta_vs_category_benchmark,0.09286735419220102,random_weight_sensitivity,Dirichlet perturbation centered on BWM_weights_main; no performance tuning.
179,marginal_correlation_to_selected_universe,0.14648776009523876,random_weight_sensitivity,Dirichlet perturbation centered on BWM_weights_main; no performance tuning.
179,fund_age_months,0.003025010431639633,random_weight_sensitivity,Dirichlet perturbation centered on BWM_weights_main; no performance tuning.
179,aum_usd,0.021929825553885923,random_weight_sensitivity,Dirichlet perturbation centered on BWM_weights_main; no performance tuning.
180,momentum_12_1,0.11109647495207284,random_weight_sensitivity,Dirichlet perturbation centered on BWM_weights_main; no performance tuning.
180,volatility_annualized,0.12579321187673165,random_weight_sensitivity,Dirichlet perturbation centered on BWM_weights_main; no performance tuning.
180,rolling_max_drawdown,0.16068711508838635,random_weight_sensitivity,Dirichlet perturbation centered on BWM_weights_main; no performance tuning.
180,rolling_sortino,0.09980310546875697,random_weight_sensitivity,Dirichlet perturbation centered on BWM_weights_main; no performance tuning.
180,avg_dollar_volume,0.10480748517446777,random_weight_sensitivity,Dirichlet perturbation centered on BWM_weights_main; no performance tuning.
180,expense_ratio,0.045920016452804975,random_weight_sensitivity,Dirichlet perturbation centered on BWM_weights_main; no performance tuning.
180,tracking_error_vs_category_benchmark,0.08978234786077309,random_weight_sensitivity,Dirichlet perturbation centered on BWM_weights_main; no performance tuning.
180,beta_vs_category_benchmark,0.09483009901445409,random_weight_sensitivity,Dirichlet perturbation centered on BWM_weights_main; no performance tuning.
180,marginal_correlation_to_selected_universe,0.13531508425046382,random_weight_sensitivity,Dirichlet perturbation centered on BWM_weights_main; no performance tuning.
180,fund_age_months,0.014097830023757902,random_weight_sensitivity,Dirichlet perturbation centered on BWM_weights_main; no performance tuning.
180,aum_usd,0.017867229837330714,random_weight_sensitivity,Dirichlet perturbation centered on BWM_weights_main; no performance tuning.
181,momentum_12_1,0.11194725185544856,random_weight_sensitivity,Dirichlet perturbation centered on BWM_weights_main; no performance tuning.
181,volatility_annualized,0.11623314379443382,random_weight_sensitivity,Dirichlet perturbation centered on BWM_weights_main; no performance tuning.
181,rolling_max_drawdown,0.16502142872394485,random_weight_sensitivity,Dirichlet perturbation centered on BWM_weights_main; no performance tuning.
181,rolling_sortino,0.08804000355484086,random_weight_sensitivity,Dirichlet perturbation centered on BWM_weights_main; no performance tuning.
181,avg_dollar_volume,0.13553511337046564,random_weight_sensitivity,Dirichlet perturbation centered on BWM_weights_main; no performance tuning.
181,expense_ratio,0.09577231467906708,random_weight_sensitivity,Dirichlet perturbation centered on BWM_weights_main; no performance tuning.
181,tracking_error_vs_category_benchmark,0.10417628844457234,random_weight_sensitivity,Dirichlet perturbation centered on BWM_weights_main; no performance tuning.
181,beta_vs_category_benchmark,0.04303108467105169,random_weight_sensitivity,Dirichlet perturbation centered on BWM_weights_main; no performance tuning.
181,marginal_correlation_to_selected_universe,0.08846685092036287,random_weight_sensitivity,Dirichlet perturbation centered on BWM_weights_main; no performance tuning.
181,fund_age_months,0.002572901894360712,random_weight_sensitivity,Dirichlet perturbation centered on BWM_weights_main; no performance tuning.
181,aum_usd,0.04920361809145167,random_weight_sensitivity,Dirichlet perturbation centered on BWM_weights_main; no performance tuning.
182,momentum_12_1,0.07704946687188366,random_weight_sensitivity,Dirichlet perturbation centered on BWM_weights_main; no performance tuning.
182,volatility_annualized,0.1160239133395877,random_weight_sensitivity,Dirichlet perturbation centered on BWM_weights_main; no performance tuning.
182,rolling_max_drawdown,0.23154031341903833,random_weight_sensitivity,Dirichlet perturbation centered on BWM_weights_main; no performance tuning.
182,rolling_sortino,0.11669035128192162,random_weight_sensitivity,Dirichlet perturbation centered on BWM_weights_main; no performance tuning.
182,avg_dollar_volume,0.05512928064327927,random_weight_sensitivity,Dirichlet perturbation centered on BWM_weights_main; no performance tuning.
182,expense_ratio,0.0428860547536536,random_weight_sensitivity,Dirichlet perturbation centered on BWM_weights_main; no performance tuning.
182,tracking_error_vs_category_benchmark,0.06239628368528517,random_weight_sensitivity,Dirichlet perturbation centered on BWM_weights_main; no performance tuning.
182,beta_vs_category_benchmark,0.1151652008883083,random_weight_sensitivity,Dirichlet perturbation centered on BWM_weights_main; no performance tuning.
182,marginal_correlation_to_selected_universe,0.11470431297327618,random_weight_sensitivity,Dirichlet perturbation centered on BWM_weights_main; no performance tuning.
182,fund_age_months,0.013503536911920447,random_weight_sensitivity,Dirichlet perturbation centered on BWM_weights_main; no performance tuning.
182,aum_usd,0.054911285231845804,random_weight_sensitivity,Dirichlet perturbation centered on BWM_weights_main; no performance tuning.
183,momentum_12_1,0.13415018818452154,random_weight_sensitivity,Dirichlet perturbation centered on BWM_weights_main; no performance tuning.
183,volatility_annualized,0.06920282249325356,random_weight_sensitivity,Dirichlet perturbation centered on BWM_weights_main; no performance tuning.
183,rolling_max_drawdown,0.179115774770366,random_weight_sensitivity,Dirichlet perturbation centered on BWM_weights_main; no performance tuning.
183,rolling_sortino,0.10176057652925258,random_weight_sensitivity,Dirichlet perturbation centered on BWM_weights_main; no performance tuning.
183,avg_dollar_volume,0.11295926099732237,random_weight_sensitivity,Dirichlet perturbation centered on BWM_weights_main; no performance tuning.
183,expense_ratio,0.05015210085649405,random_weight_sensitivity,Dirichlet perturbation centered on BWM_weights_main; no performance tuning.
183,tracking_error_vs_category_benchmark,0.06355109692121479,random_weight_sensitivity,Dirichlet perturbation centered on BWM_weights_main; no performance tuning.
183,beta_vs_category_benchmark,0.0706229006697611,random_weight_sensitivity,Dirichlet perturbation centered on BWM_weights_main; no performance tuning.
183,marginal_correlation_to_selected_universe,0.11917051642970439,random_weight_sensitivity,Dirichlet perturbation centered on BWM_weights_main; no performance tuning.
183,fund_age_months,0.019201114680167657,random_weight_sensitivity,Dirichlet perturbation centered on BWM_weights_main; no performance tuning.
183,aum_usd,0.08011364746794218,random_weight_sensitivity,Dirichlet perturbation centered on BWM_weights_main; no performance tuning.
184,momentum_12_1,0.10741484293442188,random_weight_sensitivity,Dirichlet perturbation centered on BWM_weights_main; no performance tuning.
184,volatility_annualized,0.13275761929627158,random_weight_sensitivity,Dirichlet perturbation centered on BWM_weights_main; no performance tuning.
184,rolling_max_drawdown,0.14400841002177978,random_weight_sensitivity,Dirichlet perturbation centered on BWM_weights_main; no performance tuning.
184,rolling_sortino,0.08357372894069316,random_weight_sensitivity,Dirichlet perturbation centered on BWM_weights_main; no performance tuning.
184,avg_dollar_volume,0.0564086489943559,random_weight_sensitivity,Dirichlet perturbation centered on BWM_weights_main; no performance tuning.
184,expense_ratio,0.07297991942328126,random_weight_sensitivity,Dirichlet perturbation centered on BWM_weights_main; no performance tuning.
184,tracking_error_vs_category_benchmark,0.07122465574650276,random_weight_sensitivity,Dirichlet perturbation centered on BWM_weights_main; no performance tuning.
184,beta_vs_category_benchmark,0.10558324870037851,random_weight_sensitivity,Dirichlet perturbation centered on BWM_weights_main; no performance tuning.
184,marginal_correlation_to_selected_universe,0.09002130380986997,random_weight_sensitivity,Dirichlet perturbation centered on BWM_weights_main; no performance tuning.
184,fund_age_months,0.1088603606222738,random_weight_sensitivity,Dirichlet perturbation centered on BWM_weights_main; no performance tuning.
184,aum_usd,0.027167261510171233,random_weight_sensitivity,Dirichlet perturbation centered on BWM_weights_main; no performance tuning.
185,momentum_12_1,0.10347606639215769,random_weight_sensitivity,Dirichlet perturbation centered on BWM_weights_main; no performance tuning.
185,volatility_annualized,0.0984275787719564,random_weight_sensitivity,Dirichlet perturbation centered on BWM_weights_main; no performance tuning.
185,rolling_max_drawdown,0.13378395497632906,random_weight_sensitivity,Dirichlet perturbation centered on BWM_weights_main; no performance tuning.
185,rolling_sortino,0.09314330364570822,random_weight_sensitivity,Dirichlet perturbation centered on BWM_weights_main; no performance tuning.
185,avg_dollar_volume,0.059024534751927024,random_weight_sensitivity,Dirichlet perturbation centered on BWM_weights_main; no performance tuning.
185,expense_ratio,0.09821947399688907,random_weight_sensitivity,Dirichlet perturbation centered on BWM_weights_main; no performance tuning.
185,tracking_error_vs_category_benchmark,0.11676031035349148,random_weight_sensitivity,Dirichlet perturbation centered on BWM_weights_main; no performance tuning.
185,beta_vs_category_benchmark,0.08515710295425613,random_weight_sensitivity,Dirichlet perturbation centered on BWM_weights_main; no performance tuning.
185,marginal_correlation_to_selected_universe,0.13906537741827052,random_weight_sensitivity,Dirichlet perturbation centered on BWM_weights_main; no performance tuning.
185,fund_age_months,0.030011430613228966,random_weight_sensitivity,Dirichlet perturbation centered on BWM_weights_main; no performance tuning.
185,aum_usd,0.042930866125785505,random_weight_sensitivity,Dirichlet perturbation centered on BWM_weights_main; no performance tuning.
186,momentum_12_1,0.0977182689597227,random_weight_sensitivity,Dirichlet perturbation centered on BWM_weights_main; no performance tuning.
186,volatility_annualized,0.13872979805546906,random_weight_sensitivity,Dirichlet perturbation centered on BWM_weights_main; no performance tuning.
186,rolling_max_drawdown,0.18120718337029756,random_weight_sensitivity,Dirichlet perturbation centered on BWM_weights_main; no performance tuning.
186,rolling_sortino,0.12411311050494923,random_weight_sensitivity,Dirichlet perturbation centered on BWM_weights_main; no performance tuning.
186,avg_dollar_volume,0.0746842770539789,random_weight_sensitivity,Dirichlet perturbation centered on BWM_weights_main; no performance tuning.
186,expense_ratio,0.0770306021022406,random_weight_sensitivity,Dirichlet perturbation centered on BWM_weights_main; no performance tuning.
186,tracking_error_vs_category_benchmark,0.07515219460099143,random_weight_sensitivity,Dirichlet perturbation centered on BWM_weights_main; no performance tuning.
186,beta_vs_category_benchmark,0.014710199728724345,random_weight_sensitivity,Dirichlet perturbation centered on BWM_weights_main; no performance tuning.
186,marginal_correlation_to_selected_universe,0.10932510913386488,random_weight_sensitivity,Dirichlet perturbation centered on BWM_weights_main; no performance tuning.
186,fund_age_months,0.057484897489255546,random_weight_sensitivity,Dirichlet perturbation centered on BWM_weights_main; no performance tuning.
186,aum_usd,0.049844359000505864,random_weight_sensitivity,Dirichlet perturbation centered on BWM_weights_main; no performance tuning.
187,momentum_12_1,0.13511027206772142,random_weight_sensitivity,Dirichlet perturbation centered on BWM_weights_main; no performance tuning.
187,volatility_annualized,0.06425307813360731,random_weight_sensitivity,Dirichlet perturbation centered on BWM_weights_main; no performance tuning.
187,rolling_max_drawdown,0.14527370979338275,random_weight_sensitivity,Dirichlet perturbation centered on BWM_weights_main; no performance tuning.
187,rolling_sortino,0.2048232214552427,random_weight_sensitivity,Dirichlet perturbation centered on BWM_weights_main; no performance tuning.
187,avg_dollar_volume,0.03918605000528694,random_weight_sensitivity,Dirichlet perturbation centered on BWM_weights_main; no performance tuning.
187,expense_ratio,0.07736687537229915,random_weight_sensitivity,Dirichlet perturbation centered on BWM_weights_main; no performance tuning.
187,tracking_error_vs_category_benchmark,0.11343732795350961,random_weight_sensitivity,Dirichlet perturbation centered on BWM_weights_main; no performance tuning.
187,beta_vs_category_benchmark,0.07330523265230462,random_weight_sensitivity,Dirichlet perturbation centered on BWM_weights_main; no performance tuning.
187,marginal_correlation_to_selected_universe,0.1140649094703216,random_weight_sensitivity,Dirichlet perturbation centered on BWM_weights_main; no performance tuning.
187,fund_age_months,0.00694551437080163,random_weight_sensitivity,Dirichlet perturbation centered on BWM_weights_main; no performance tuning.
187,aum_usd,0.02623380872552234,random_weight_sensitivity,Dirichlet perturbation centered on BWM_weights_main; no performance tuning.
188,momentum_12_1,0.03264675800897889,random_weight_sensitivity,Dirichlet perturbation centered on BWM_weights_main; no performance tuning.
188,volatility_annualized,0.1852748274254823,random_weight_sensitivity,Dirichlet perturbation centered on BWM_weights_main; no performance tuning.
188,rolling_max_drawdown,0.23049844105824102,random_weight_sensitivity,Dirichlet perturbation centered on BWM_weights_main; no performance tuning.
188,rolling_sortino,0.0817626770134564,random_weight_sensitivity,Dirichlet perturbation centered on BWM_weights_main; no performance tuning.
188,avg_dollar_volume,0.04492219004255757,random_weight_sensitivity,Dirichlet perturbation centered on BWM_weights_main; no performance tuning.
188,expense_ratio,0.1173200712408264,random_weight_sensitivity,Dirichlet perturbation centered on BWM_weights_main; no performance tuning.
188,tracking_error_vs_category_benchmark,0.0794688097572771,random_weight_sensitivity,Dirichlet perturbation centered on BWM_weights_main; no performance tuning.
188,beta_vs_category_benchmark,0.04934040877052659,random_weight_sensitivity,Dirichlet perturbation centered on BWM_weights_main; no performance tuning.
188,marginal_correlation_to_selected_universe,0.06943298581220413,random_weight_sensitivity,Dirichlet perturbation centered on BWM_weights_main; no performance tuning.
188,fund_age_months,0.03666446275828468,random_weight_sensitivity,Dirichlet perturbation centered on BWM_weights_main; no performance tuning.
188,aum_usd,0.07266836811216497,random_weight_sensitivity,Dirichlet perturbation centered on BWM_weights_main; no performance tuning.
189,momentum_12_1,0.09044739066126947,random_weight_sensitivity,Dirichlet perturbation centered on BWM_weights_main; no performance tuning.
189,volatility_annualized,0.1455362324748851,random_weight_sensitivity,Dirichlet perturbation centered on BWM_weights_main; no performance tuning.
189,rolling_max_drawdown,0.19949076456429413,random_weight_sensitivity,Dirichlet perturbation centered on BWM_weights_main; no performance tuning.
189,rolling_sortino,0.06225135574867188,random_weight_sensitivity,Dirichlet perturbation centered on BWM_weights_main; no performance tuning.
189,avg_dollar_volume,0.11998477240906742,random_weight_sensitivity,Dirichlet perturbation centered on BWM_weights_main; no performance tuning.
189,expense_ratio,0.036639598387433636,random_weight_sensitivity,Dirichlet perturbation centered on BWM_weights_main; no performance tuning.
189,tracking_error_vs_category_benchmark,0.09303714659206978,random_weight_sensitivity,Dirichlet perturbation centered on BWM_weights_main; no performance tuning.
189,beta_vs_category_benchmark,0.05745827136867043,random_weight_sensitivity,Dirichlet perturbation centered on BWM_weights_main; no performance tuning.
189,marginal_correlation_to_selected_universe,0.08427757437024058,random_weight_sensitivity,Dirichlet perturbation centered on BWM_weights_main; no performance tuning.
189,fund_age_months,0.001229128381078014,random_weight_sensitivity,Dirichlet perturbation centered on BWM_weights_main; no performance tuning.
189,aum_usd,0.10964776504231939,random_weight_sensitivity,Dirichlet perturbation centered on BWM_weights_main; no performance tuning.
190,momentum_12_1,0.05036223056300468,random_weight_sensitivity,Dirichlet perturbation centered on BWM_weights_main; no performance tuning.
190,volatility_annualized,0.19291628624462376,random_weight_sensitivity,Dirichlet perturbation centered on BWM_weights_main; no performance tuning.
190,rolling_max_drawdown,0.15721804497797964,random_weight_sensitivity,Dirichlet perturbation centered on BWM_weights_main; no performance tuning.
190,rolling_sortino,0.08875212667258932,random_weight_sensitivity,Dirichlet perturbation centered on BWM_weights_main; no performance tuning.
190,avg_dollar_volume,0.13408936558211093,random_weight_sensitivity,Dirichlet perturbation centered on BWM_weights_main; no performance tuning.
190,expense_ratio,0.09100821007363495,random_weight_sensitivity,Dirichlet perturbation centered on BWM_weights_main; no performance tuning.
190,tracking_error_vs_category_benchmark,0.06200843406894619,random_weight_sensitivity,Dirichlet perturbation centered on BWM_weights_main; no performance tuning.
190,beta_vs_category_benchmark,0.03374206149391995,random_weight_sensitivity,Dirichlet perturbation centered on BWM_weights_main; no performance tuning.
190,marginal_correlation_to_selected_universe,0.12693505198258576,random_weight_sensitivity,Dirichlet perturbation centered on BWM_weights_main; no performance tuning.
190,fund_age_months,0.006127359428255427,random_weight_sensitivity,Dirichlet perturbation centered on BWM_weights_main; no performance tuning.
190,aum_usd,0.05684082891234962,random_weight_sensitivity,Dirichlet perturbation centered on BWM_weights_main; no performance tuning.
191,momentum_12_1,0.11334670071886999,random_weight_sensitivity,Dirichlet perturbation centered on BWM_weights_main; no performance tuning.
191,volatility_annualized,0.06493780374878877,random_weight_sensitivity,Dirichlet perturbation centered on BWM_weights_main; no performance tuning.
191,rolling_max_drawdown,0.1389936116476222,random_weight_sensitivity,Dirichlet perturbation centered on BWM_weights_main; no performance tuning.
191,rolling_sortino,0.10221726746749975,random_weight_sensitivity,Dirichlet perturbation centered on BWM_weights_main; no performance tuning.
191,avg_dollar_volume,0.037876863323532156,random_weight_sensitivity,Dirichlet perturbation centered on BWM_weights_main; no performance tuning.
191,expense_ratio,0.06031635381596485,random_weight_sensitivity,Dirichlet perturbation centered on BWM_weights_main; no performance tuning.
191,tracking_error_vs_category_benchmark,0.20530607881082508,random_weight_sensitivity,Dirichlet perturbation centered on BWM_weights_main; no performance tuning.
191,beta_vs_category_benchmark,0.06995960426763706,random_weight_sensitivity,Dirichlet perturbation centered on BWM_weights_main; no performance tuning.
191,marginal_correlation_to_selected_universe,0.0767048757136194,random_weight_sensitivity,Dirichlet perturbation centered on BWM_weights_main; no performance tuning.
191,fund_age_months,0.07589934979550889,random_weight_sensitivity,Dirichlet perturbation centered on BWM_weights_main; no performance tuning.
191,aum_usd,0.054441490690131905,random_weight_sensitivity,Dirichlet perturbation centered on BWM_weights_main; no performance tuning.
192,momentum_12_1,0.07441472497467162,random_weight_sensitivity,Dirichlet perturbation centered on BWM_weights_main; no performance tuning.
192,volatility_annualized,0.0801658609699309,random_weight_sensitivity,Dirichlet perturbation centered on BWM_weights_main; no performance tuning.
192,rolling_max_drawdown,0.12243085325154252,random_weight_sensitivity,Dirichlet perturbation centered on BWM_weights_main; no performance tuning.
192,rolling_sortino,0.13094812946890377,random_weight_sensitivity,Dirichlet perturbation centered on BWM_weights_main; no performance tuning.
192,avg_dollar_volume,0.02201364191855131,random_weight_sensitivity,Dirichlet perturbation centered on BWM_weights_main; no performance tuning.
192,expense_ratio,0.18682815780371914,random_weight_sensitivity,Dirichlet perturbation centered on BWM_weights_main; no performance tuning.
192,tracking_error_vs_category_benchmark,0.10371239792177085,random_weight_sensitivity,Dirichlet perturbation centered on BWM_weights_main; no performance tuning.
192,beta_vs_category_benchmark,0.11357524387087524,random_weight_sensitivity,Dirichlet perturbation centered on BWM_weights_main; no performance tuning.
192,marginal_correlation_to_selected_universe,0.09999096951057235,random_weight_sensitivity,Dirichlet perturbation centered on BWM_weights_main; no performance tuning.
192,fund_age_months,0.02725728829501651,random_weight_sensitivity,Dirichlet perturbation centered on BWM_weights_main; no performance tuning.
192,aum_usd,0.038662732014445714,random_weight_sensitivity,Dirichlet perturbation centered on BWM_weights_main; no performance tuning.
193,momentum_12_1,0.0718501647326083,random_weight_sensitivity,Dirichlet perturbation centered on BWM_weights_main; no performance tuning.
193,volatility_annualized,0.11097303236068572,random_weight_sensitivity,Dirichlet perturbation centered on BWM_weights_main; no performance tuning.
193,rolling_max_drawdown,0.20663085505215306,random_weight_sensitivity,Dirichlet perturbation centered on BWM_weights_main; no performance tuning.
193,rolling_sortino,0.1277841160593534,random_weight_sensitivity,Dirichlet perturbation centered on BWM_weights_main; no performance tuning.
193,avg_dollar_volume,0.17009727856612822,random_weight_sensitivity,Dirichlet perturbation centered on BWM_weights_main; no performance tuning.
193,expense_ratio,0.03151678062640562,random_weight_sensitivity,Dirichlet perturbation centered on BWM_weights_main; no performance tuning.
193,tracking_error_vs_category_benchmark,0.08236966174763456,random_weight_sensitivity,Dirichlet perturbation centered on BWM_weights_main; no performance tuning.
193,beta_vs_category_benchmark,0.031895827992000594,random_weight_sensitivity,Dirichlet perturbation centered on BWM_weights_main; no performance tuning.
193,marginal_correlation_to_selected_universe,0.10915885836810414,random_weight_sensitivity,Dirichlet perturbation centered on BWM_weights_main; no performance tuning.
193,fund_age_months,0.004192048181346919,random_weight_sensitivity,Dirichlet perturbation centered on BWM_weights_main; no performance tuning.
193,aum_usd,0.053531376313579626,random_weight_sensitivity,Dirichlet perturbation centered on BWM_weights_main; no performance tuning.
194,momentum_12_1,0.1274418651032025,random_weight_sensitivity,Dirichlet perturbation centered on BWM_weights_main; no performance tuning.
194,volatility_annualized,0.11369560306704406,random_weight_sensitivity,Dirichlet perturbation centered on BWM_weights_main; no performance tuning.
194,rolling_max_drawdown,0.21578001414135656,random_weight_sensitivity,Dirichlet perturbation centered on BWM_weights_main; no performance tuning.
194,rolling_sortino,0.07161297364764668,random_weight_sensitivity,Dirichlet perturbation centered on BWM_weights_main; no performance tuning.
194,avg_dollar_volume,0.04251046264083935,random_weight_sensitivity,Dirichlet perturbation centered on BWM_weights_main; no performance tuning.
194,expense_ratio,0.08498086422795716,random_weight_sensitivity,Dirichlet perturbation centered on BWM_weights_main; no performance tuning.
194,tracking_error_vs_category_benchmark,0.12799706825528023,random_weight_sensitivity,Dirichlet perturbation centered on BWM_weights_main; no performance tuning.
194,beta_vs_category_benchmark,0.05446398925525582,random_weight_sensitivity,Dirichlet perturbation centered on BWM_weights_main; no performance tuning.
194,marginal_correlation_to_selected_universe,0.105092577121083,random_weight_sensitivity,Dirichlet perturbation centered on BWM_weights_main; no performance tuning.
194,fund_age_months,0.032395757018475566,random_weight_sensitivity,Dirichlet perturbation centered on BWM_weights_main; no performance tuning.
194,aum_usd,0.02402882552185928,random_weight_sensitivity,Dirichlet perturbation centered on BWM_weights_main; no performance tuning.
195,momentum_12_1,0.0458145460358741,random_weight_sensitivity,Dirichlet perturbation centered on BWM_weights_main; no performance tuning.
195,volatility_annualized,0.17928463645984244,random_weight_sensitivity,Dirichlet perturbation centered on BWM_weights_main; no performance tuning.
195,rolling_max_drawdown,0.20354703653963013,random_weight_sensitivity,Dirichlet perturbation centered on BWM_weights_main; no performance tuning.
195,rolling_sortino,0.084267605496924,random_weight_sensitivity,Dirichlet perturbation centered on BWM_weights_main; no performance tuning.
195,avg_dollar_volume,0.04638768195341408,random_weight_sensitivity,Dirichlet perturbation centered on BWM_weights_main; no performance tuning.
195,expense_ratio,0.04308437654582793,random_weight_sensitivity,Dirichlet perturbation centered on BWM_weights_main; no performance tuning.
195,tracking_error_vs_category_benchmark,0.15875511797009093,random_weight_sensitivity,Dirichlet perturbation centered on BWM_weights_main; no performance tuning.
195,beta_vs_category_benchmark,0.03227714642585728,random_weight_sensitivity,Dirichlet perturbation centered on BWM_weights_main; no performance tuning.
195,marginal_correlation_to_selected_universe,0.1198616383124794,random_weight_sensitivity,Dirichlet perturbation centered on BWM_weights_main; no performance tuning.
195,fund_age_months,0.026251273750632898,random_weight_sensitivity,Dirichlet perturbation centered on BWM_weights_main; no performance tuning.
195,aum_usd,0.060468940509426757,random_weight_sensitivity,Dirichlet perturbation centered on BWM_weights_main; no performance tuning.
196,momentum_12_1,0.08466800287018783,random_weight_sensitivity,Dirichlet perturbation centered on BWM_weights_main; no performance tuning.
196,volatility_annualized,0.1674510423450097,random_weight_sensitivity,Dirichlet perturbation centered on BWM_weights_main; no performance tuning.
196,rolling_max_drawdown,0.22748068799366664,random_weight_sensitivity,Dirichlet perturbation centered on BWM_weights_main; no performance tuning.
196,rolling_sortino,0.0835102318365985,random_weight_sensitivity,Dirichlet perturbation centered on BWM_weights_main; no performance tuning.
196,avg_dollar_volume,0.04377385770350967,random_weight_sensitivity,Dirichlet perturbation centered on BWM_weights_main; no performance tuning.
196,expense_ratio,0.06013802891656437,random_weight_sensitivity,Dirichlet perturbation centered on BWM_weights_main; no performance tuning.
196,tracking_error_vs_category_benchmark,0.0823823175428764,random_weight_sensitivity,Dirichlet perturbation centered on BWM_weights_main; no performance tuning.
196,beta_vs_category_benchmark,0.04007533102033848,random_weight_sensitivity,Dirichlet perturbation centered on BWM_weights_main; no performance tuning.
196,marginal_correlation_to_selected_universe,0.1021935494763518,random_weight_sensitivity,Dirichlet perturbation centered on BWM_weights_main; no performance tuning.
196,fund_age_months,0.013683849737244258,random_weight_sensitivity,Dirichlet perturbation centered on BWM_weights_main; no performance tuning.
196,aum_usd,0.09464310055765252,random_weight_sensitivity,Dirichlet perturbation centered on BWM_weights_main; no performance tuning.
197,momentum_12_1,0.08995132384422447,random_weight_sensitivity,Dirichlet perturbation centered on BWM_weights_main; no performance tuning.
197,volatility_annualized,0.07952678340288438,random_weight_sensitivity,Dirichlet perturbation centered on BWM_weights_main; no performance tuning.
197,rolling_max_drawdown,0.1978368118397825,random_weight_sensitivity,Dirichlet perturbation centered on BWM_weights_main; no performance tuning.
197,rolling_sortino,0.12017007901150699,random_weight_sensitivity,Dirichlet perturbation centered on BWM_weights_main; no performance tuning.
197,avg_dollar_volume,0.08284140878868852,random_weight_sensitivity,Dirichlet perturbation centered on BWM_weights_main; no performance tuning.
197,expense_ratio,0.08244813984693973,random_weight_sensitivity,Dirichlet perturbation centered on BWM_weights_main; no performance tuning.
197,tracking_error_vs_category_benchmark,0.11025390964105299,random_weight_sensitivity,Dirichlet perturbation centered on BWM_weights_main; no performance tuning.
197,beta_vs_category_benchmark,0.06921756463697515,random_weight_sensitivity,Dirichlet perturbation centered on BWM_weights_main; no performance tuning.
197,marginal_correlation_to_selected_universe,0.1376347778451807,random_weight_sensitivity,Dirichlet perturbation centered on BWM_weights_main; no performance tuning.
197,fund_age_months,0.006572180251094035,random_weight_sensitivity,Dirichlet perturbation centered on BWM_weights_main; no performance tuning.
197,aum_usd,0.023547020891670673,random_weight_sensitivity,Dirichlet perturbation centered on BWM_weights_main; no performance tuning.
198,momentum_12_1,0.04632218246036732,random_weight_sensitivity,Dirichlet perturbation centered on BWM_weights_main; no performance tuning.
198,volatility_annualized,0.06091808600799899,random_weight_sensitivity,Dirichlet perturbation centered on BWM_weights_main; no performance tuning.
198,rolling_max_drawdown,0.22448468299412477,random_weight_sensitivity,Dirichlet perturbation centered on BWM_weights_main; no performance tuning.
198,rolling_sortino,0.11418394505481079,random_weight_sensitivity,Dirichlet perturbation centered on BWM_weights_main; no performance tuning.
198,avg_dollar_volume,0.13295101269261833,random_weight_sensitivity,Dirichlet perturbation centered on BWM_weights_main; no performance tuning.
198,expense_ratio,0.11775842471470437,random_weight_sensitivity,Dirichlet perturbation centered on BWM_weights_main; no performance tuning.
198,tracking_error_vs_category_benchmark,0.11456899777717629,random_weight_sensitivity,Dirichlet perturbation centered on BWM_weights_main; no performance tuning.
198,beta_vs_category_benchmark,0.06390289672498792,random_weight_sensitivity,Dirichlet perturbation centered on BWM_weights_main; no performance tuning.
198,marginal_correlation_to_selected_universe,0.09247745215534635,random_weight_sensitivity,Dirichlet perturbation centered on BWM_weights_main; no performance tuning.
198,fund_age_months,0.0006888251439711344,random_weight_sensitivity,Dirichlet perturbation centered on BWM_weights_main; no performance tuning.
198,aum_usd,0.03174349427389375,random_weight_sensitivity,Dirichlet perturbation centered on BWM_weights_main; no performance tuning.
199,momentum_12_1,0.09064046901054679,random_weight_sensitivity,Dirichlet perturbation centered on BWM_weights_main; no performance tuning.
199,volatility_annualized,0.07798294025020967,random_weight_sensitivity,Dirichlet perturbation centered on BWM_weights_main; no performance tuning.
199,rolling_max_drawdown,0.23586147506903182,random_weight_sensitivity,Dirichlet perturbation centered on BWM_weights_main; no performance tuning.
199,rolling_sortino,0.10579937856532895,random_weight_sensitivity,Dirichlet perturbation centered on BWM_weights_main; no performance tuning.
199,avg_dollar_volume,0.07786686938865713,random_weight_sensitivity,Dirichlet perturbation centered on BWM_weights_main; no performance tuning.
199,expense_ratio,0.04213751285540226,random_weight_sensitivity,Dirichlet perturbation centered on BWM_weights_main; no performance tuning.
199,tracking_error_vs_category_benchmark,0.1589681343820188,random_weight_sensitivity,Dirichlet perturbation centered on BWM_weights_main; no performance tuning.
199,beta_vs_category_benchmark,0.0588680211510228,random_weight_sensitivity,Dirichlet perturbation centered on BWM_weights_main; no performance tuning.
199,marginal_correlation_to_selected_universe,0.13213318032503554,random_weight_sensitivity,Dirichlet perturbation centered on BWM_weights_main; no performance tuning.
199,fund_age_months,0.014122758992202328,random_weight_sensitivity,Dirichlet perturbation centered on BWM_weights_main; no performance tuning.
199,aum_usd,0.005619260010543898,random_weight_sensitivity,Dirichlet perturbation centered on BWM_weights_main; no performance tuning.
200,momentum_12_1,0.12884198422431958,random_weight_sensitivity,Dirichlet perturbation centered on BWM_weights_main; no performance tuning.
200,volatility_annualized,0.10203567524515149,random_weight_sensitivity,Dirichlet perturbation centered on BWM_weights_main; no performance tuning.
200,rolling_max_drawdown,0.11809270732768784,random_weight_sensitivity,Dirichlet perturbation centered on BWM_weights_main; no performance tuning.
200,rolling_sortino,0.06536248242114755,random_weight_sensitivity,Dirichlet perturbation centered on BWM_weights_main; no performance tuning.
200,avg_dollar_volume,0.10571004523648993,random_weight_sensitivity,Dirichlet perturbation centered on BWM_weights_main; no performance tuning.
200,expense_ratio,0.028961542714624686,random_weight_sensitivity,Dirichlet perturbation centered on BWM_weights_main; no performance tuning.
200,tracking_error_vs_category_benchmark,0.08851174814769248,random_weight_sensitivity,Dirichlet perturbation centered on BWM_weights_main; no performance tuning.
200,beta_vs_category_benchmark,0.16365453140428668,random_weight_sensitivity,Dirichlet perturbation centered on BWM_weights_main; no performance tuning.
200,marginal_correlation_to_selected_universe,0.13015539630922432,random_weight_sensitivity,Dirichlet perturbation centered on BWM_weights_main; no performance tuning.
200,fund_age_months,0.036129172465855716,random_weight_sensitivity,Dirichlet perturbation centered on BWM_weights_main; no performance tuning.
200,aum_usd,0.03254471450351968,random_weight_sensitivity,Dirichlet perturbation centered on BWM_weights_main; no performance tuning.
201,momentum_12_1,0.06454047745247751,random_weight_sensitivity,Dirichlet perturbation centered on BWM_weights_main; no performance tuning.
201,volatility_annualized,0.1467720253046259,random_weight_sensitivity,Dirichlet perturbation centered on BWM_weights_main; no performance tuning.
201,rolling_max_drawdown,0.17624896058714112,random_weight_sensitivity,Dirichlet perturbation centered on BWM_weights_main; no performance tuning.
201,rolling_sortino,0.0815820976698363,random_weight_sensitivity,Dirichlet perturbation centered on BWM_weights_main; no performance tuning.
201,avg_dollar_volume,0.09141057746749821,random_weight_sensitivity,Dirichlet perturbation centered on BWM_weights_main; no performance tuning.
201,expense_ratio,0.05043896152873131,random_weight_sensitivity,Dirichlet perturbation centered on BWM_weights_main; no performance tuning.
201,tracking_error_vs_category_benchmark,0.13373378016335521,random_weight_sensitivity,Dirichlet perturbation centered on BWM_weights_main; no performance tuning.
201,beta_vs_category_benchmark,0.0612137545093216,random_weight_sensitivity,Dirichlet perturbation centered on BWM_weights_main; no performance tuning.
201,marginal_correlation_to_selected_universe,0.13189009899035595,random_weight_sensitivity,Dirichlet perturbation centered on BWM_weights_main; no performance tuning.
201,fund_age_months,0.013957426255119948,random_weight_sensitivity,Dirichlet perturbation centered on BWM_weights_main; no performance tuning.
201,aum_usd,0.04821184007153703,random_weight_sensitivity,Dirichlet perturbation centered on BWM_weights_main; no performance tuning.
202,momentum_12_1,0.15873557159910834,random_weight_sensitivity,Dirichlet perturbation centered on BWM_weights_main; no performance tuning.
202,volatility_annualized,0.12464504304851234,random_weight_sensitivity,Dirichlet perturbation centered on BWM_weights_main; no performance tuning.
202,rolling_max_drawdown,0.16165811581955766,random_weight_sensitivity,Dirichlet perturbation centered on BWM_weights_main; no performance tuning.
202,rolling_sortino,0.1485611340688245,random_weight_sensitivity,Dirichlet perturbation centered on BWM_weights_main; no performance tuning.
202,avg_dollar_volume,0.07244497109822697,random_weight_sensitivity,Dirichlet perturbation centered on BWM_weights_main; no performance tuning.
202,expense_ratio,0.10318215204912015,random_weight_sensitivity,Dirichlet perturbation centered on BWM_weights_main; no performance tuning.
202,tracking_error_vs_category_benchmark,0.049121211809294796,random_weight_sensitivity,Dirichlet perturbation centered on BWM_weights_main; no performance tuning.
202,beta_vs_category_benchmark,0.034733822330677566,random_weight_sensitivity,Dirichlet perturbation centered on BWM_weights_main; no performance tuning.
202,marginal_correlation_to_selected_universe,0.09998072554273427,random_weight_sensitivity,Dirichlet perturbation centered on BWM_weights_main; no performance tuning.
202,fund_age_months,0.013890013770446453,random_weight_sensitivity,Dirichlet perturbation centered on BWM_weights_main; no performance tuning.
202,aum_usd,0.03304723886349684,random_weight_sensitivity,Dirichlet perturbation centered on BWM_weights_main; no performance tuning.
203,momentum_12_1,0.1360638391701527,random_weight_sensitivity,Dirichlet perturbation centered on BWM_weights_main; no performance tuning.
203,volatility_annualized,0.11887105875316274,random_weight_sensitivity,Dirichlet perturbation centered on BWM_weights_main; no performance tuning.
203,rolling_max_drawdown,0.2571962784461829,random_weight_sensitivity,Dirichlet perturbation centered on BWM_weights_main; no performance tuning.
203,rolling_sortino,0.15154730677494022,random_weight_sensitivity,Dirichlet perturbation centered on BWM_weights_main; no performance tuning.
203,avg_dollar_volume,0.042176457987411375,random_weight_sensitivity,Dirichlet perturbation centered on BWM_weights_main; no performance tuning.
203,expense_ratio,0.01850150616842828,random_weight_sensitivity,Dirichlet perturbation centered on BWM_weights_main; no performance tuning.
203,tracking_error_vs_category_benchmark,0.07074178028182994,random_weight_sensitivity,Dirichlet perturbation centered on BWM_weights_main; no performance tuning.
203,beta_vs_category_benchmark,0.03931443963305349,random_weight_sensitivity,Dirichlet perturbation centered on BWM_weights_main; no performance tuning.
203,marginal_correlation_to_selected_universe,0.11142166039096327,random_weight_sensitivity,Dirichlet perturbation centered on BWM_weights_main; no performance tuning.
203,fund_age_months,0.019957610212884613,random_weight_sensitivity,Dirichlet perturbation centered on BWM_weights_main; no performance tuning.
203,aum_usd,0.03420806218099036,random_weight_sensitivity,Dirichlet perturbation centered on BWM_weights_main; no performance tuning.
204,momentum_12_1,0.11063362001776858,random_weight_sensitivity,Dirichlet perturbation centered on BWM_weights_main; no performance tuning.
204,volatility_annualized,0.22395722926618866,random_weight_sensitivity,Dirichlet perturbation centered on BWM_weights_main; no performance tuning.
204,rolling_max_drawdown,0.1580439524152186,random_weight_sensitivity,Dirichlet perturbation centered on BWM_weights_main; no performance tuning.
204,rolling_sortino,0.10256613023330005,random_weight_sensitivity,Dirichlet perturbation centered on BWM_weights_main; no performance tuning.
204,avg_dollar_volume,0.059442540816774705,random_weight_sensitivity,Dirichlet perturbation centered on BWM_weights_main; no performance tuning.
204,expense_ratio,0.043954240354807744,random_weight_sensitivity,Dirichlet perturbation centered on BWM_weights_main; no performance tuning.
204,tracking_error_vs_category_benchmark,0.11637312636240825,random_weight_sensitivity,Dirichlet perturbation centered on BWM_weights_main; no performance tuning.
204,beta_vs_category_benchmark,0.05186720371894241,random_weight_sensitivity,Dirichlet perturbation centered on BWM_weights_main; no performance tuning.
204,marginal_correlation_to_selected_universe,0.06625051749707735,random_weight_sensitivity,Dirichlet perturbation centered on BWM_weights_main; no performance tuning.
204,fund_age_months,0.007415647258625167,random_weight_sensitivity,Dirichlet perturbation centered on BWM_weights_main; no performance tuning.
204,aum_usd,0.059495792058888365,random_weight_sensitivity,Dirichlet perturbation centered on BWM_weights_main; no performance tuning.
205,momentum_12_1,0.14779602353495258,random_weight_sensitivity,Dirichlet perturbation centered on BWM_weights_main; no performance tuning.
205,volatility_annualized,0.09718226491458525,random_weight_sensitivity,Dirichlet perturbation centered on BWM_weights_main; no performance tuning.
205,rolling_max_drawdown,0.2468055974416236,random_weight_sensitivity,Dirichlet perturbation centered on BWM_weights_main; no performance tuning.
205,rolling_sortino,0.11877794394442547,random_weight_sensitivity,Dirichlet perturbation centered on BWM_weights_main; no performance tuning.
205,avg_dollar_volume,0.08775904033177401,random_weight_sensitivity,Dirichlet perturbation centered on BWM_weights_main; no performance tuning.
205,expense_ratio,0.05561413547890952,random_weight_sensitivity,Dirichlet perturbation centered on BWM_weights_main; no performance tuning.
205,tracking_error_vs_category_benchmark,0.07622183364857343,random_weight_sensitivity,Dirichlet perturbation centered on BWM_weights_main; no performance tuning.
205,beta_vs_category_benchmark,0.06633513606850257,random_weight_sensitivity,Dirichlet perturbation centered on BWM_weights_main; no performance tuning.
205,marginal_correlation_to_selected_universe,0.08165539625235924,random_weight_sensitivity,Dirichlet perturbation centered on BWM_weights_main; no performance tuning.
205,fund_age_months,0.00710907084871999,random_weight_sensitivity,Dirichlet perturbation centered on BWM_weights_main; no performance tuning.
205,aum_usd,0.014743557535574062,random_weight_sensitivity,Dirichlet perturbation centered on BWM_weights_main; no performance tuning.
206,momentum_12_1,0.03545776136549426,random_weight_sensitivity,Dirichlet perturbation centered on BWM_weights_main; no performance tuning.
206,volatility_annualized,0.08083356370144708,random_weight_sensitivity,Dirichlet perturbation centered on BWM_weights_main; no performance tuning.
206,rolling_max_drawdown,0.2478064979091333,random_weight_sensitivity,Dirichlet perturbation centered on BWM_weights_main; no performance tuning.
206,rolling_sortino,0.13573002694823624,random_weight_sensitivity,Dirichlet perturbation centered on BWM_weights_main; no performance tuning.
206,avg_dollar_volume,0.1323725227644282,random_weight_sensitivity,Dirichlet perturbation centered on BWM_weights_main; no performance tuning.
206,expense_ratio,0.03703212660912119,random_weight_sensitivity,Dirichlet perturbation centered on BWM_weights_main; no performance tuning.
206,tracking_error_vs_category_benchmark,0.126417970971388,random_weight_sensitivity,Dirichlet perturbation centered on BWM_weights_main; no performance tuning.
206,beta_vs_category_benchmark,0.05931327146137468,random_weight_sensitivity,Dirichlet perturbation centered on BWM_weights_main; no performance tuning.
206,marginal_correlation_to_selected_universe,0.07238637934125877,random_weight_sensitivity,Dirichlet perturbation centered on BWM_weights_main; no performance tuning.
206,fund_age_months,0.03981990861059145,random_weight_sensitivity,Dirichlet perturbation centered on BWM_weights_main; no performance tuning.
206,aum_usd,0.03282997031752693,random_weight_sensitivity,Dirichlet perturbation centered on BWM_weights_main; no performance tuning.
207,momentum_12_1,0.04686125291316685,random_weight_sensitivity,Dirichlet perturbation centered on BWM_weights_main; no performance tuning.
207,volatility_annualized,0.1421383972472115,random_weight_sensitivity,Dirichlet perturbation centered on BWM_weights_main; no performance tuning.
207,rolling_max_drawdown,0.20997508585615407,random_weight_sensitivity,Dirichlet perturbation centered on BWM_weights_main; no performance tuning.
207,rolling_sortino,0.10816833952147673,random_weight_sensitivity,Dirichlet perturbation centered on BWM_weights_main; no performance tuning.
207,avg_dollar_volume,0.03485253549452449,random_weight_sensitivity,Dirichlet perturbation centered on BWM_weights_main; no performance tuning.
207,expense_ratio,0.07472277774581007,random_weight_sensitivity,Dirichlet perturbation centered on BWM_weights_main; no performance tuning.
207,tracking_error_vs_category_benchmark,0.17862744709365494,random_weight_sensitivity,Dirichlet perturbation centered on BWM_weights_main; no performance tuning.
207,beta_vs_category_benchmark,0.07849345649554179,random_weight_sensitivity,Dirichlet perturbation centered on BWM_weights_main; no performance tuning.
207,marginal_correlation_to_selected_universe,0.05309956289565943,random_weight_sensitivity,Dirichlet perturbation centered on BWM_weights_main; no performance tuning.
207,fund_age_months,0.026248364183388592,random_weight_sensitivity,Dirichlet perturbation centered on BWM_weights_main; no performance tuning.
207,aum_usd,0.046812780553411655,random_weight_sensitivity,Dirichlet perturbation centered on BWM_weights_main; no performance tuning.
208,momentum_12_1,0.12235496796158238,random_weight_sensitivity,Dirichlet perturbation centered on BWM_weights_main; no performance tuning.
208,volatility_annualized,0.10429948423395474,random_weight_sensitivity,Dirichlet perturbation centered on BWM_weights_main; no performance tuning.
208,rolling_max_drawdown,0.12537125720117673,random_weight_sensitivity,Dirichlet perturbation centered on BWM_weights_main; no performance tuning.
208,rolling_sortino,0.09436257973141658,random_weight_sensitivity,Dirichlet perturbation centered on BWM_weights_main; no performance tuning.
208,avg_dollar_volume,0.05181442572808533,random_weight_sensitivity,Dirichlet perturbation centered on BWM_weights_main; no performance tuning.
208,expense_ratio,0.06493323058625841,random_weight_sensitivity,Dirichlet perturbation centered on BWM_weights_main; no performance tuning.
208,tracking_error_vs_category_benchmark,0.13673055074081278,random_weight_sensitivity,Dirichlet perturbation centered on BWM_weights_main; no performance tuning.
208,beta_vs_category_benchmark,0.04191557173917534,random_weight_sensitivity,Dirichlet perturbation centered on BWM_weights_main; no performance tuning.
208,marginal_correlation_to_selected_universe,0.1789649798674224,random_weight_sensitivity,Dirichlet perturbation centered on BWM_weights_main; no performance tuning.
208,fund_age_months,0.0232676561496065,random_weight_sensitivity,Dirichlet perturbation centered on BWM_weights_main; no performance tuning.
208,aum_usd,0.05598529606050858,random_weight_sensitivity,Dirichlet perturbation centered on BWM_weights_main; no performance tuning.
209,momentum_12_1,0.13479593850273774,random_weight_sensitivity,Dirichlet perturbation centered on BWM_weights_main; no performance tuning.
209,volatility_annualized,0.11903821419920521,random_weight_sensitivity,Dirichlet perturbation centered on BWM_weights_main; no performance tuning.
209,rolling_max_drawdown,0.22123069805771414,random_weight_sensitivity,Dirichlet perturbation centered on BWM_weights_main; no performance tuning.
209,rolling_sortino,0.020836671826584902,random_weight_sensitivity,Dirichlet perturbation centered on BWM_weights_main; no performance tuning.
209,avg_dollar_volume,0.09249688901937395,random_weight_sensitivity,Dirichlet perturbation centered on BWM_weights_main; no performance tuning.
209,expense_ratio,0.041574811129488354,random_weight_sensitivity,Dirichlet perturbation centered on BWM_weights_main; no performance tuning.
209,tracking_error_vs_category_benchmark,0.1005521485298959,random_weight_sensitivity,Dirichlet perturbation centered on BWM_weights_main; no performance tuning.
209,beta_vs_category_benchmark,0.07924321014597535,random_weight_sensitivity,Dirichlet perturbation centered on BWM_weights_main; no performance tuning.
209,marginal_correlation_to_selected_universe,0.15599845947160865,random_weight_sensitivity,Dirichlet perturbation centered on BWM_weights_main; no performance tuning.
209,fund_age_months,0.006807437977687363,random_weight_sensitivity,Dirichlet perturbation centered on BWM_weights_main; no performance tuning.
209,aum_usd,0.027425521139728692,random_weight_sensitivity,Dirichlet perturbation centered on BWM_weights_main; no performance tuning.
210,momentum_12_1,0.08679850230007224,random_weight_sensitivity,Dirichlet perturbation centered on BWM_weights_main; no performance tuning.
210,volatility_annualized,0.10675784948465536,random_weight_sensitivity,Dirichlet perturbation centered on BWM_weights_main; no performance tuning.
210,rolling_max_drawdown,0.16726528851211045,random_weight_sensitivity,Dirichlet perturbation centered on BWM_weights_main; no performance tuning.
210,rolling_sortino,0.12268617810851415,random_weight_sensitivity,Dirichlet perturbation centered on BWM_weights_main; no performance tuning.
210,avg_dollar_volume,0.023603656619894352,random_weight_sensitivity,Dirichlet perturbation centered on BWM_weights_main; no performance tuning.
210,expense_ratio,0.05944432589618911,random_weight_sensitivity,Dirichlet perturbation centered on BWM_weights_main; no performance tuning.
210,tracking_error_vs_category_benchmark,0.17791919060464156,random_weight_sensitivity,Dirichlet perturbation centered on BWM_weights_main; no performance tuning.
210,beta_vs_category_benchmark,0.05602113827930116,random_weight_sensitivity,Dirichlet perturbation centered on BWM_weights_main; no performance tuning.
210,marginal_correlation_to_selected_universe,0.11616155941054156,random_weight_sensitivity,Dirichlet perturbation centered on BWM_weights_main; no performance tuning.
210,fund_age_months,0.03764563190597636,random_weight_sensitivity,Dirichlet perturbation centered on BWM_weights_main; no performance tuning.
210,aum_usd,0.045696678878103594,random_weight_sensitivity,Dirichlet perturbation centered on BWM_weights_main; no performance tuning.
211,momentum_12_1,0.15438650804147622,random_weight_sensitivity,Dirichlet perturbation centered on BWM_weights_main; no performance tuning.
211,volatility_annualized,0.07928704500813351,random_weight_sensitivity,Dirichlet perturbation centered on BWM_weights_main; no performance tuning.
211,rolling_max_drawdown,0.166965485874729,random_weight_sensitivity,Dirichlet perturbation centered on BWM_weights_main; no performance tuning.
211,rolling_sortino,0.08404149146444646,random_weight_sensitivity,Dirichlet perturbation centered on BWM_weights_main; no performance tuning.
211,avg_dollar_volume,0.09130348766782462,random_weight_sensitivity,Dirichlet perturbation centered on BWM_weights_main; no performance tuning.
211,expense_ratio,0.0402554412513549,random_weight_sensitivity,Dirichlet perturbation centered on BWM_weights_main; no performance tuning.
211,tracking_error_vs_category_benchmark,0.15946428116480219,random_weight_sensitivity,Dirichlet perturbation centered on BWM_weights_main; no performance tuning.
211,beta_vs_category_benchmark,0.03534258429584999,random_weight_sensitivity,Dirichlet perturbation centered on BWM_weights_main; no performance tuning.
211,marginal_correlation_to_selected_universe,0.14310265043549278,random_weight_sensitivity,Dirichlet perturbation centered on BWM_weights_main; no performance tuning.
211,fund_age_months,0.004375539411028837,random_weight_sensitivity,Dirichlet perturbation centered on BWM_weights_main; no performance tuning.
211,aum_usd,0.04147548538486144,random_weight_sensitivity,Dirichlet perturbation centered on BWM_weights_main; no performance tuning.
212,momentum_12_1,0.118788905154367,random_weight_sensitivity,Dirichlet perturbation centered on BWM_weights_main; no performance tuning.
212,volatility_annualized,0.1673543468312075,random_weight_sensitivity,Dirichlet perturbation centered on BWM_weights_main; no performance tuning.
212,rolling_max_drawdown,0.24677425618356663,random_weight_sensitivity,Dirichlet perturbation centered on BWM_weights_main; no performance tuning.
212,rolling_sortino,0.16377621024556147,random_weight_sensitivity,Dirichlet perturbation centered on BWM_weights_main; no performance tuning.
212,avg_dollar_volume,0.04416002242878711,random_weight_sensitivity,Dirichlet perturbation centered on BWM_weights_main; no performance tuning.
212,expense_ratio,0.03130440280347553,random_weight_sensitivity,Dirichlet perturbation centered on BWM_weights_main; no performance tuning.
212,tracking_error_vs_category_benchmark,0.0717181172392201,random_weight_sensitivity,Dirichlet perturbation centered on BWM_weights_main; no performance tuning.
212,beta_vs_category_benchmark,0.03982734264604481,random_weight_sensitivity,Dirichlet perturbation centered on BWM_weights_main; no performance tuning.
212,marginal_correlation_to_selected_universe,0.07646423879968975,random_weight_sensitivity,Dirichlet perturbation centered on BWM_weights_main; no performance tuning.
212,fund_age_months,0.011359660571413266,random_weight_sensitivity,Dirichlet perturbation centered on BWM_weights_main; no performance tuning.
212,aum_usd,0.028472497096666827,random_weight_sensitivity,Dirichlet perturbation centered on BWM_weights_main; no performance tuning.
213,momentum_12_1,0.12074728336954586,random_weight_sensitivity,Dirichlet perturbation centered on BWM_weights_main; no performance tuning.
213,volatility_annualized,0.08485760342215656,random_weight_sensitivity,Dirichlet perturbation centered on BWM_weights_main; no performance tuning.
213,rolling_max_drawdown,0.17429263163770523,random_weight_sensitivity,Dirichlet perturbation centered on BWM_weights_main; no performance tuning.
213,rolling_sortino,0.11036623524753843,random_weight_sensitivity,Dirichlet perturbation centered on BWM_weights_main; no performance tuning.
213,avg_dollar_volume,0.12536269985229764,random_weight_sensitivity,Dirichlet perturbation centered on BWM_weights_main; no performance tuning.
213,expense_ratio,0.06235171794925471,random_weight_sensitivity,Dirichlet perturbation centered on BWM_weights_main; no performance tuning.
213,tracking_error_vs_category_benchmark,0.11758397269978235,random_weight_sensitivity,Dirichlet perturbation centered on BWM_weights_main; no performance tuning.
213,beta_vs_category_benchmark,0.08172936529823357,random_weight_sensitivity,Dirichlet perturbation centered on BWM_weights_main; no performance tuning.
213,marginal_correlation_to_selected_universe,0.08066637174457292,random_weight_sensitivity,Dirichlet perturbation centered on BWM_weights_main; no performance tuning.
213,fund_age_months,0.0151415431164792,random_weight_sensitivity,Dirichlet perturbation centered on BWM_weights_main; no performance tuning.
213,aum_usd,0.026900575662433795,random_weight_sensitivity,Dirichlet perturbation centered on BWM_weights_main; no performance tuning.
214,momentum_12_1,0.1348565200168884,random_weight_sensitivity,Dirichlet perturbation centered on BWM_weights_main; no performance tuning.
214,volatility_annualized,0.13047738022232142,random_weight_sensitivity,Dirichlet perturbation centered on BWM_weights_main; no performance tuning.
214,rolling_max_drawdown,0.13649553771717518,random_weight_sensitivity,Dirichlet perturbation centered on BWM_weights_main; no performance tuning.
214,rolling_sortino,0.0920420927754369,random_weight_sensitivity,Dirichlet perturbation centered on BWM_weights_main; no performance tuning.
214,avg_dollar_volume,0.0814627204711828,random_weight_sensitivity,Dirichlet perturbation centered on BWM_weights_main; no performance tuning.
214,expense_ratio,0.07128684414258346,random_weight_sensitivity,Dirichlet perturbation centered on BWM_weights_main; no performance tuning.
214,tracking_error_vs_category_benchmark,0.11167441367982132,random_weight_sensitivity,Dirichlet perturbation centered on BWM_weights_main; no performance tuning.
214,beta_vs_category_benchmark,0.03712547656594094,random_weight_sensitivity,Dirichlet perturbation centered on BWM_weights_main; no performance tuning.
214,marginal_correlation_to_selected_universe,0.17375034063031305,random_weight_sensitivity,Dirichlet perturbation centered on BWM_weights_main; no performance tuning.
214,fund_age_months,0.008833285215432224,random_weight_sensitivity,Dirichlet perturbation centered on BWM_weights_main; no performance tuning.
214,aum_usd,0.021995388562904068,random_weight_sensitivity,Dirichlet perturbation centered on BWM_weights_main; no performance tuning.
215,momentum_12_1,0.054661400085151045,random_weight_sensitivity,Dirichlet perturbation centered on BWM_weights_main; no performance tuning.
215,volatility_annualized,0.08947091052003793,random_weight_sensitivity,Dirichlet perturbation centered on BWM_weights_main; no performance tuning.
215,rolling_max_drawdown,0.2422025009998263,random_weight_sensitivity,Dirichlet perturbation centered on BWM_weights_main; no performance tuning.
215,rolling_sortino,0.10779582910804561,random_weight_sensitivity,Dirichlet perturbation centered on BWM_weights_main; no performance tuning.
215,avg_dollar_volume,0.05909327837628402,random_weight_sensitivity,Dirichlet perturbation centered on BWM_weights_main; no performance tuning.
215,expense_ratio,0.0884389964089946,random_weight_sensitivity,Dirichlet perturbation centered on BWM_weights_main; no performance tuning.
215,tracking_error_vs_category_benchmark,0.1460195592215641,random_weight_sensitivity,Dirichlet perturbation centered on BWM_weights_main; no performance tuning.
215,beta_vs_category_benchmark,0.09152908780140384,random_weight_sensitivity,Dirichlet perturbation centered on BWM_weights_main; no performance tuning.
215,marginal_correlation_to_selected_universe,0.04161975521354605,random_weight_sensitivity,Dirichlet perturbation centered on BWM_weights_main; no performance tuning.
215,fund_age_months,0.0325279833161566,random_weight_sensitivity,Dirichlet perturbation centered on BWM_weights_main; no performance tuning.
215,aum_usd,0.04664069894898987,random_weight_sensitivity,Dirichlet perturbation centered on BWM_weights_main; no performance tuning.
216,momentum_12_1,0.07469173140837519,random_weight_sensitivity,Dirichlet perturbation centered on BWM_weights_main; no performance tuning.
216,volatility_annualized,0.12512064568260167,random_weight_sensitivity,Dirichlet perturbation centered on BWM_weights_main; no performance tuning.
216,rolling_max_drawdown,0.26423749301492494,random_weight_sensitivity,Dirichlet perturbation centered on BWM_weights_main; no performance tuning.
216,rolling_sortino,0.08256397171519951,random_weight_sensitivity,Dirichlet perturbation centered on BWM_weights_main; no performance tuning.
216,avg_dollar_volume,0.10319993243249535,random_weight_sensitivity,Dirichlet perturbation centered on BWM_weights_main; no performance tuning.
216,expense_ratio,0.07896726722929223,random_weight_sensitivity,Dirichlet perturbation centered on BWM_weights_main; no performance tuning.
216,tracking_error_vs_category_benchmark,0.026170325269992505,random_weight_sensitivity,Dirichlet perturbation centered on BWM_weights_main; no performance tuning.
216,beta_vs_category_benchmark,0.06678883775850651,random_weight_sensitivity,Dirichlet perturbation centered on BWM_weights_main; no performance tuning.
216,marginal_correlation_to_selected_universe,0.11669244571197575,random_weight_sensitivity,Dirichlet perturbation centered on BWM_weights_main; no performance tuning.
216,fund_age_months,0.013690086062142325,random_weight_sensitivity,Dirichlet perturbation centered on BWM_weights_main; no performance tuning.
216,aum_usd,0.047877263714494,random_weight_sensitivity,Dirichlet perturbation centered on BWM_weights_main; no performance tuning.
217,momentum_12_1,0.08878675094859093,random_weight_sensitivity,Dirichlet perturbation centered on BWM_weights_main; no performance tuning.
217,volatility_annualized,0.20982347779773727,random_weight_sensitivity,Dirichlet perturbation centered on BWM_weights_main; no performance tuning.
217,rolling_max_drawdown,0.15296333911141924,random_weight_sensitivity,Dirichlet perturbation centered on BWM_weights_main; no performance tuning.
217,rolling_sortino,0.06767251068266111,random_weight_sensitivity,Dirichlet perturbation centered on BWM_weights_main; no performance tuning.
217,avg_dollar_volume,0.09018307537265954,random_weight_sensitivity,Dirichlet perturbation centered on BWM_weights_main; no performance tuning.
217,expense_ratio,0.05336097143820219,random_weight_sensitivity,Dirichlet perturbation centered on BWM_weights_main; no performance tuning.
217,tracking_error_vs_category_benchmark,0.09069119421755548,random_weight_sensitivity,Dirichlet perturbation centered on BWM_weights_main; no performance tuning.
217,beta_vs_category_benchmark,0.05572912798955775,random_weight_sensitivity,Dirichlet perturbation centered on BWM_weights_main; no performance tuning.
217,marginal_correlation_to_selected_universe,0.12671753917347184,random_weight_sensitivity,Dirichlet perturbation centered on BWM_weights_main; no performance tuning.
217,fund_age_months,0.004966391828948994,random_weight_sensitivity,Dirichlet perturbation centered on BWM_weights_main; no performance tuning.
217,aum_usd,0.059105621439195746,random_weight_sensitivity,Dirichlet perturbation centered on BWM_weights_main; no performance tuning.
218,momentum_12_1,0.11227752274211657,random_weight_sensitivity,Dirichlet perturbation centered on BWM_weights_main; no performance tuning.
218,volatility_annualized,0.1763035520016735,random_weight_sensitivity,Dirichlet perturbation centered on BWM_weights_main; no performance tuning.
218,rolling_max_drawdown,0.17621754930421996,random_weight_sensitivity,Dirichlet perturbation centered on BWM_weights_main; no performance tuning.
218,rolling_sortino,0.0598295570716657,random_weight_sensitivity,Dirichlet perturbation centered on BWM_weights_main; no performance tuning.
218,avg_dollar_volume,0.0652358179574439,random_weight_sensitivity,Dirichlet perturbation centered on BWM_weights_main; no performance tuning.
218,expense_ratio,0.06921365284442639,random_weight_sensitivity,Dirichlet perturbation centered on BWM_weights_main; no performance tuning.
218,tracking_error_vs_category_benchmark,0.14493812808657516,random_weight_sensitivity,Dirichlet perturbation centered on BWM_weights_main; no performance tuning.
218,beta_vs_category_benchmark,0.03455379757662451,random_weight_sensitivity,Dirichlet perturbation centered on BWM_weights_main; no performance tuning.
218,marginal_correlation_to_selected_universe,0.046593684527748105,random_weight_sensitivity,Dirichlet perturbation centered on BWM_weights_main; no performance tuning.
218,fund_age_months,0.01988690301917527,random_weight_sensitivity,Dirichlet perturbation centered on BWM_weights_main; no performance tuning.
218,aum_usd,0.09494983486833099,random_weight_sensitivity,Dirichlet perturbation centered on BWM_weights_main; no performance tuning.
219,momentum_12_1,0.13633272483415218,random_weight_sensitivity,Dirichlet perturbation centered on BWM_weights_main; no performance tuning.
219,volatility_annualized,0.13946526212302596,random_weight_sensitivity,Dirichlet perturbation centered on BWM_weights_main; no performance tuning.
219,rolling_max_drawdown,0.12617969299323473,random_weight_sensitivity,Dirichlet perturbation centered on BWM_weights_main; no performance tuning.
219,rolling_sortino,0.10703522901532672,random_weight_sensitivity,Dirichlet perturbation centered on BWM_weights_main; no performance tuning.
219,avg_dollar_volume,0.12033773826463699,random_weight_sensitivity,Dirichlet perturbation centered on BWM_weights_main; no performance tuning.
219,expense_ratio,0.07992238090746993,random_weight_sensitivity,Dirichlet perturbation centered on BWM_weights_main; no performance tuning.
219,tracking_error_vs_category_benchmark,0.05190911501264403,random_weight_sensitivity,Dirichlet perturbation centered on BWM_weights_main; no performance tuning.
219,beta_vs_category_benchmark,0.06892084227061604,random_weight_sensitivity,Dirichlet perturbation centered on BWM_weights_main; no performance tuning.
219,marginal_correlation_to_selected_universe,0.132565636743714,random_weight_sensitivity,Dirichlet perturbation centered on BWM_weights_main; no performance tuning.
219,fund_age_months,0.01725695148673598,random_weight_sensitivity,Dirichlet perturbation centered on BWM_weights_main; no performance tuning.
219,aum_usd,0.020074426348443485,random_weight_sensitivity,Dirichlet perturbation centered on BWM_weights_main; no performance tuning.
220,momentum_12_1,0.12560553024201668,random_weight_sensitivity,Dirichlet perturbation centered on BWM_weights_main; no performance tuning.
220,volatility_annualized,0.07586975025897168,random_weight_sensitivity,Dirichlet perturbation centered on BWM_weights_main; no performance tuning.
220,rolling_max_drawdown,0.18629365735891165,random_weight_sensitivity,Dirichlet perturbation centered on BWM_weights_main; no performance tuning.
220,rolling_sortino,0.09016317113921093,random_weight_sensitivity,Dirichlet perturbation centered on BWM_weights_main; no performance tuning.
220,avg_dollar_volume,0.04611934021784248,random_weight_sensitivity,Dirichlet perturbation centered on BWM_weights_main; no performance tuning.
220,expense_ratio,0.13918469156413085,random_weight_sensitivity,Dirichlet perturbation centered on BWM_weights_main; no performance tuning.
220,tracking_error_vs_category_benchmark,0.07130423430692606,random_weight_sensitivity,Dirichlet perturbation centered on BWM_weights_main; no performance tuning.
220,beta_vs_category_benchmark,0.06081190450000424,random_weight_sensitivity,Dirichlet perturbation centered on BWM_weights_main; no performance tuning.
220,marginal_correlation_to_selected_universe,0.0900493632150686,random_weight_sensitivity,Dirichlet perturbation centered on BWM_weights_main; no performance tuning.
220,fund_age_months,0.01915244633669342,random_weight_sensitivity,Dirichlet perturbation centered on BWM_weights_main; no performance tuning.
220,aum_usd,0.09544591086022342,random_weight_sensitivity,Dirichlet perturbation centered on BWM_weights_main; no performance tuning.
221,momentum_12_1,0.12566877140180088,random_weight_sensitivity,Dirichlet perturbation centered on BWM_weights_main; no performance tuning.
221,volatility_annualized,0.08214896409952625,random_weight_sensitivity,Dirichlet perturbation centered on BWM_weights_main; no performance tuning.
221,rolling_max_drawdown,0.2755206016476577,random_weight_sensitivity,Dirichlet perturbation centered on BWM_weights_main; no performance tuning.
221,rolling_sortino,0.13426300934724633,random_weight_sensitivity,Dirichlet perturbation centered on BWM_weights_main; no performance tuning.
221,avg_dollar_volume,0.051176885143284986,random_weight_sensitivity,Dirichlet perturbation centered on BWM_weights_main; no performance tuning.
221,expense_ratio,0.11673879919369401,random_weight_sensitivity,Dirichlet perturbation centered on BWM_weights_main; no performance tuning.
221,tracking_error_vs_category_benchmark,0.0555488551411611,random_weight_sensitivity,Dirichlet perturbation centered on BWM_weights_main; no performance tuning.
221,beta_vs_category_benchmark,0.03539255049955748,random_weight_sensitivity,Dirichlet perturbation centered on BWM_weights_main; no performance tuning.
221,marginal_correlation_to_selected_universe,0.04773392435103325,random_weight_sensitivity,Dirichlet perturbation centered on BWM_weights_main; no performance tuning.
221,fund_age_months,0.0008055204991324888,random_weight_sensitivity,Dirichlet perturbation centered on BWM_weights_main; no performance tuning.
221,aum_usd,0.07500211867590567,random_weight_sensitivity,Dirichlet perturbation centered on BWM_weights_main; no performance tuning.
222,momentum_12_1,0.11800262171282333,random_weight_sensitivity,Dirichlet perturbation centered on BWM_weights_main; no performance tuning.
222,volatility_annualized,0.054336427231646285,random_weight_sensitivity,Dirichlet perturbation centered on BWM_weights_main; no performance tuning.
222,rolling_max_drawdown,0.19667966960708932,random_weight_sensitivity,Dirichlet perturbation centered on BWM_weights_main; no performance tuning.
222,rolling_sortino,0.15471097625131153,random_weight_sensitivity,Dirichlet perturbation centered on BWM_weights_main; no performance tuning.
222,avg_dollar_volume,0.04767381890768835,random_weight_sensitivity,Dirichlet perturbation centered on BWM_weights_main; no performance tuning.
222,expense_ratio,0.06005280634339764,random_weight_sensitivity,Dirichlet perturbation centered on BWM_weights_main; no performance tuning.
222,tracking_error_vs_category_benchmark,0.22742366402503336,random_weight_sensitivity,Dirichlet perturbation centered on BWM_weights_main; no performance tuning.
222,beta_vs_category_benchmark,0.06287415442798133,random_weight_sensitivity,Dirichlet perturbation centered on BWM_weights_main; no performance tuning.
222,marginal_correlation_to_selected_universe,0.05631841420353292,random_weight_sensitivity,Dirichlet perturbation centered on BWM_weights_main; no performance tuning.
222,fund_age_months,0.01125370177325978,random_weight_sensitivity,Dirichlet perturbation centered on BWM_weights_main; no performance tuning.
222,aum_usd,0.010673745516236255,random_weight_sensitivity,Dirichlet perturbation centered on BWM_weights_main; no performance tuning.
223,momentum_12_1,0.13874509396245657,random_weight_sensitivity,Dirichlet perturbation centered on BWM_weights_main; no performance tuning.
223,volatility_annualized,0.0734604598314583,random_weight_sensitivity,Dirichlet perturbation centered on BWM_weights_main; no performance tuning.
223,rolling_max_drawdown,0.14670467648354243,random_weight_sensitivity,Dirichlet perturbation centered on BWM_weights_main; no performance tuning.
223,rolling_sortino,0.23078834516703822,random_weight_sensitivity,Dirichlet perturbation centered on BWM_weights_main; no performance tuning.
223,avg_dollar_volume,0.03554875286865905,random_weight_sensitivity,Dirichlet perturbation centered on BWM_weights_main; no performance tuning.
223,expense_ratio,0.03198933739664327,random_weight_sensitivity,Dirichlet perturbation centered on BWM_weights_main; no performance tuning.
223,tracking_error_vs_category_benchmark,0.06782908891160021,random_weight_sensitivity,Dirichlet perturbation centered on BWM_weights_main; no performance tuning.
223,beta_vs_category_benchmark,0.10768488834966586,random_weight_sensitivity,Dirichlet perturbation centered on BWM_weights_main; no performance tuning.
223,marginal_correlation_to_selected_universe,0.13146274847115724,random_weight_sensitivity,Dirichlet perturbation centered on BWM_weights_main; no performance tuning.
223,fund_age_months,0.01085172269916562,random_weight_sensitivity,Dirichlet perturbation centered on BWM_weights_main; no performance tuning.
223,aum_usd,0.024934885858613146,random_weight_sensitivity,Dirichlet perturbation centered on BWM_weights_main; no performance tuning.
224,momentum_12_1,0.12192507550418928,random_weight_sensitivity,Dirichlet perturbation centered on BWM_weights_main; no performance tuning.
224,volatility_annualized,0.1121295224601982,random_weight_sensitivity,Dirichlet perturbation centered on BWM_weights_main; no performance tuning.
224,rolling_max_drawdown,0.17698651947972296,random_weight_sensitivity,Dirichlet perturbation centered on BWM_weights_main; no performance tuning.
224,rolling_sortino,0.12752857639330933,random_weight_sensitivity,Dirichlet perturbation centered on BWM_weights_main; no performance tuning.
224,avg_dollar_volume,0.03587906350794209,random_weight_sensitivity,Dirichlet perturbation centered on BWM_weights_main; no performance tuning.
224,expense_ratio,0.04166581193439884,random_weight_sensitivity,Dirichlet perturbation centered on BWM_weights_main; no performance tuning.
224,tracking_error_vs_category_benchmark,0.13021113473895393,random_weight_sensitivity,Dirichlet perturbation centered on BWM_weights_main; no performance tuning.
224,beta_vs_category_benchmark,0.07727997580949994,random_weight_sensitivity,Dirichlet perturbation centered on BWM_weights_main; no performance tuning.
224,marginal_correlation_to_selected_universe,0.03788160387469259,random_weight_sensitivity,Dirichlet perturbation centered on BWM_weights_main; no performance tuning.
224,fund_age_months,0.01882981142679255,random_weight_sensitivity,Dirichlet perturbation centered on BWM_weights_main; no performance tuning.
224,aum_usd,0.11968290487030055,random_weight_sensitivity,Dirichlet perturbation centered on BWM_weights_main; no performance tuning.
225,momentum_12_1,0.14089405106235056,random_weight_sensitivity,Dirichlet perturbation centered on BWM_weights_main; no performance tuning.
225,volatility_annualized,0.08380704910493676,random_weight_sensitivity,Dirichlet perturbation centered on BWM_weights_main; no performance tuning.
225,rolling_max_drawdown,0.14850680062510505,random_weight_sensitivity,Dirichlet perturbation centered on BWM_weights_main; no performance tuning.
225,rolling_sortino,0.11986883454289435,random_weight_sensitivity,Dirichlet perturbation centered on BWM_weights_main; no performance tuning.
225,avg_dollar_volume,0.11696325240318432,random_weight_sensitivity,Dirichlet perturbation centered on BWM_weights_main; no performance tuning.
225,expense_ratio,0.0240337677002632,random_weight_sensitivity,Dirichlet perturbation centered on BWM_weights_main; no performance tuning.
225,tracking_error_vs_category_benchmark,0.11638402053760641,random_weight_sensitivity,Dirichlet perturbation centered on BWM_weights_main; no performance tuning.
225,beta_vs_category_benchmark,0.05659094354184485,random_weight_sensitivity,Dirichlet perturbation centered on BWM_weights_main; no performance tuning.
225,marginal_correlation_to_selected_universe,0.11214889191646672,random_weight_sensitivity,Dirichlet perturbation centered on BWM_weights_main; no performance tuning.
225,fund_age_months,0.0030565757583385068,random_weight_sensitivity,Dirichlet perturbation centered on BWM_weights_main; no performance tuning.
225,aum_usd,0.07774581280700923,random_weight_sensitivity,Dirichlet perturbation centered on BWM_weights_main; no performance tuning.
226,momentum_12_1,0.14447279978154595,random_weight_sensitivity,Dirichlet perturbation centered on BWM_weights_main; no performance tuning.
226,volatility_annualized,0.1083306143916194,random_weight_sensitivity,Dirichlet perturbation centered on BWM_weights_main; no performance tuning.
226,rolling_max_drawdown,0.2445850997081648,random_weight_sensitivity,Dirichlet perturbation centered on BWM_weights_main; no performance tuning.
226,rolling_sortino,0.07068660124956574,random_weight_sensitivity,Dirichlet perturbation centered on BWM_weights_main; no performance tuning.
226,avg_dollar_volume,0.06112456150702742,random_weight_sensitivity,Dirichlet perturbation centered on BWM_weights_main; no performance tuning.
226,expense_ratio,0.07518652471810205,random_weight_sensitivity,Dirichlet perturbation centered on BWM_weights_main; no performance tuning.
226,tracking_error_vs_category_benchmark,0.09619648243590725,random_weight_sensitivity,Dirichlet perturbation centered on BWM_weights_main; no performance tuning.
226,beta_vs_category_benchmark,0.046964636043884386,random_weight_sensitivity,Dirichlet perturbation centered on BWM_weights_main; no performance tuning.
226,marginal_correlation_to_selected_universe,0.07771892943450129,random_weight_sensitivity,Dirichlet perturbation centered on BWM_weights_main; no performance tuning.
226,fund_age_months,0.0447757896681013,random_weight_sensitivity,Dirichlet perturbation centered on BWM_weights_main; no performance tuning.
226,aum_usd,0.029957961061580572,random_weight_sensitivity,Dirichlet perturbation centered on BWM_weights_main; no performance tuning.
227,momentum_12_1,0.14992111402745562,random_weight_sensitivity,Dirichlet perturbation centered on BWM_weights_main; no performance tuning.
227,volatility_annualized,0.09472706471830286,random_weight_sensitivity,Dirichlet perturbation centered on BWM_weights_main; no performance tuning.
227,rolling_max_drawdown,0.2452999368563984,random_weight_sensitivity,Dirichlet perturbation centered on BWM_weights_main; no performance tuning.
227,rolling_sortino,0.10099128077629911,random_weight_sensitivity,Dirichlet perturbation centered on BWM_weights_main; no performance tuning.
227,avg_dollar_volume,0.08494058657651148,random_weight_sensitivity,Dirichlet perturbation centered on BWM_weights_main; no performance tuning.
227,expense_ratio,0.04443699455823925,random_weight_sensitivity,Dirichlet perturbation centered on BWM_weights_main; no performance tuning.
227,tracking_error_vs_category_benchmark,0.10824522823414168,random_weight_sensitivity,Dirichlet perturbation centered on BWM_weights_main; no performance tuning.
227,beta_vs_category_benchmark,0.04478504828563111,random_weight_sensitivity,Dirichlet perturbation centered on BWM_weights_main; no performance tuning.
227,marginal_correlation_to_selected_universe,0.08238280565746708,random_weight_sensitivity,Dirichlet perturbation centered on BWM_weights_main; no performance tuning.
227,fund_age_months,0.012513097713410453,random_weight_sensitivity,Dirichlet perturbation centered on BWM_weights_main; no performance tuning.
227,aum_usd,0.03175684259614316,random_weight_sensitivity,Dirichlet perturbation centered on BWM_weights_main; no performance tuning.
228,momentum_12_1,0.15849151067294912,random_weight_sensitivity,Dirichlet perturbation centered on BWM_weights_main; no performance tuning.
228,volatility_annualized,0.09011969607941463,random_weight_sensitivity,Dirichlet perturbation centered on BWM_weights_main; no performance tuning.
228,rolling_max_drawdown,0.20681867040621443,random_weight_sensitivity,Dirichlet perturbation centered on BWM_weights_main; no performance tuning.
228,rolling_sortino,0.16644529473533287,random_weight_sensitivity,Dirichlet perturbation centered on BWM_weights_main; no performance tuning.
228,avg_dollar_volume,0.09344799921443836,random_weight_sensitivity,Dirichlet perturbation centered on BWM_weights_main; no performance tuning.
228,expense_ratio,0.025420829371304562,random_weight_sensitivity,Dirichlet perturbation centered on BWM_weights_main; no performance tuning.
228,tracking_error_vs_category_benchmark,0.05669273027567363,random_weight_sensitivity,Dirichlet perturbation centered on BWM_weights_main; no performance tuning.
228,beta_vs_category_benchmark,0.08525559235793319,random_weight_sensitivity,Dirichlet perturbation centered on BWM_weights_main; no performance tuning.
228,marginal_correlation_to_selected_universe,0.088252527390209,random_weight_sensitivity,Dirichlet perturbation centered on BWM_weights_main; no performance tuning.
228,fund_age_months,0.0024466450454779594,random_weight_sensitivity,Dirichlet perturbation centered on BWM_weights_main; no performance tuning.
228,aum_usd,0.02660850445105222,random_weight_sensitivity,Dirichlet perturbation centered on BWM_weights_main; no performance tuning.
229,momentum_12_1,0.1376684982151385,random_weight_sensitivity,Dirichlet perturbation centered on BWM_weights_main; no performance tuning.
229,volatility_annualized,0.10073580556817924,random_weight_sensitivity,Dirichlet perturbation centered on BWM_weights_main; no performance tuning.
229,rolling_max_drawdown,0.21476485744672402,random_weight_sensitivity,Dirichlet perturbation centered on BWM_weights_main; no performance tuning.
229,rolling_sortino,0.10444457353323067,random_weight_sensitivity,Dirichlet perturbation centered on BWM_weights_main; no performance tuning.
229,avg_dollar_volume,0.051823144900221,random_weight_sensitivity,Dirichlet perturbation centered on BWM_weights_main; no performance tuning.
229,expense_ratio,0.08462348431210114,random_weight_sensitivity,Dirichlet perturbation centered on BWM_weights_main; no performance tuning.
229,tracking_error_vs_category_benchmark,0.054341921922637294,random_weight_sensitivity,Dirichlet perturbation centered on BWM_weights_main; no performance tuning.
229,beta_vs_category_benchmark,0.04838551651057618,random_weight_sensitivity,Dirichlet perturbation centered on BWM_weights_main; no performance tuning.
229,marginal_correlation_to_selected_universe,0.15715137342790267,random_weight_sensitivity,Dirichlet perturbation centered on BWM_weights_main; no performance tuning.
229,fund_age_months,0.0034362323260489834,random_weight_sensitivity,Dirichlet perturbation centered on BWM_weights_main; no performance tuning.
229,aum_usd,0.042624591837240426,random_weight_sensitivity,Dirichlet perturbation centered on BWM_weights_main; no performance tuning.
230,momentum_12_1,0.09273727502918808,random_weight_sensitivity,Dirichlet perturbation centered on BWM_weights_main; no performance tuning.
230,volatility_annualized,0.08913907301089619,random_weight_sensitivity,Dirichlet perturbation centered on BWM_weights_main; no performance tuning.
230,rolling_max_drawdown,0.2596857523138062,random_weight_sensitivity,Dirichlet perturbation centered on BWM_weights_main; no performance tuning.
230,rolling_sortino,0.16730854767917433,random_weight_sensitivity,Dirichlet perturbation centered on BWM_weights_main; no performance tuning.
230,avg_dollar_volume,0.040145444317194454,random_weight_sensitivity,Dirichlet perturbation centered on BWM_weights_main; no performance tuning.
230,expense_ratio,0.06567367093102036,random_weight_sensitivity,Dirichlet perturbation centered on BWM_weights_main; no performance tuning.
230,tracking_error_vs_category_benchmark,0.04558464056058077,random_weight_sensitivity,Dirichlet perturbation centered on BWM_weights_main; no performance tuning.
230,beta_vs_category_benchmark,0.10563470211336244,random_weight_sensitivity,Dirichlet perturbation centered on BWM_weights_main; no performance tuning.
230,marginal_correlation_to_selected_universe,0.10817421531901411,random_weight_sensitivity,Dirichlet perturbation centered on BWM_weights_main; no performance tuning.
230,fund_age_months,0.0029382758742853656,random_weight_sensitivity,Dirichlet perturbation centered on BWM_weights_main; no performance tuning.
230,aum_usd,0.02297840285147747,random_weight_sensitivity,Dirichlet perturbation centered on BWM_weights_main; no performance tuning.
231,momentum_12_1,0.06932259658723892,random_weight_sensitivity,Dirichlet perturbation centered on BWM_weights_main; no performance tuning.
231,volatility_annualized,0.07977789876090874,random_weight_sensitivity,Dirichlet perturbation centered on BWM_weights_main; no performance tuning.
231,rolling_max_drawdown,0.11358263878006099,random_weight_sensitivity,Dirichlet perturbation centered on BWM_weights_main; no performance tuning.
231,rolling_sortino,0.1898734699389156,random_weight_sensitivity,Dirichlet perturbation centered on BWM_weights_main; no performance tuning.
231,avg_dollar_volume,0.042209552222564,random_weight_sensitivity,Dirichlet perturbation centered on BWM_weights_main; no performance tuning.
231,expense_ratio,0.07367818079314281,random_weight_sensitivity,Dirichlet perturbation centered on BWM_weights_main; no performance tuning.
231,tracking_error_vs_category_benchmark,0.13434245210606158,random_weight_sensitivity,Dirichlet perturbation centered on BWM_weights_main; no performance tuning.
231,beta_vs_category_benchmark,0.12257936528604585,random_weight_sensitivity,Dirichlet perturbation centered on BWM_weights_main; no performance tuning.
231,marginal_correlation_to_selected_universe,0.11526949276261485,random_weight_sensitivity,Dirichlet perturbation centered on BWM_weights_main; no performance tuning.
231,fund_age_months,0.015522886756128559,random_weight_sensitivity,Dirichlet perturbation centered on BWM_weights_main; no performance tuning.
231,aum_usd,0.04384146600631812,random_weight_sensitivity,Dirichlet perturbation centered on BWM_weights_main; no performance tuning.
232,momentum_12_1,0.06917550972375643,random_weight_sensitivity,Dirichlet perturbation centered on BWM_weights_main; no performance tuning.
232,volatility_annualized,0.07156422989679614,random_weight_sensitivity,Dirichlet perturbation centered on BWM_weights_main; no performance tuning.
232,rolling_max_drawdown,0.1822295958460858,random_weight_sensitivity,Dirichlet perturbation centered on BWM_weights_main; no performance tuning.
232,rolling_sortino,0.0396777359036509,random_weight_sensitivity,Dirichlet perturbation centered on BWM_weights_main; no performance tuning.
232,avg_dollar_volume,0.0494054353084244,random_weight_sensitivity,Dirichlet perturbation centered on BWM_weights_main; no performance tuning.
232,expense_ratio,0.05521755267748175,random_weight_sensitivity,Dirichlet perturbation centered on BWM_weights_main; no performance tuning.
232,tracking_error_vs_category_benchmark,0.21881336373262197,random_weight_sensitivity,Dirichlet perturbation centered on BWM_weights_main; no performance tuning.
232,beta_vs_category_benchmark,0.12535957199018644,random_weight_sensitivity,Dirichlet perturbation centered on BWM_weights_main; no performance tuning.
232,marginal_correlation_to_selected_universe,0.12911659714574,random_weight_sensitivity,Dirichlet perturbation centered on BWM_weights_main; no performance tuning.
232,fund_age_months,0.040375342526252495,random_weight_sensitivity,Dirichlet perturbation centered on BWM_weights_main; no performance tuning.
232,aum_usd,0.01906506524900355,random_weight_sensitivity,Dirichlet perturbation centered on BWM_weights_main; no performance tuning.
233,momentum_12_1,0.11595819602812686,random_weight_sensitivity,Dirichlet perturbation centered on BWM_weights_main; no performance tuning.
233,volatility_annualized,0.14674138338390935,random_weight_sensitivity,Dirichlet perturbation centered on BWM_weights_main; no performance tuning.
233,rolling_max_drawdown,0.1488119124678046,random_weight_sensitivity,Dirichlet perturbation centered on BWM_weights_main; no performance tuning.
233,rolling_sortino,0.0581804887902726,random_weight_sensitivity,Dirichlet perturbation centered on BWM_weights_main; no performance tuning.
233,avg_dollar_volume,0.08389685329300597,random_weight_sensitivity,Dirichlet perturbation centered on BWM_weights_main; no performance tuning.
233,expense_ratio,0.033536780887098154,random_weight_sensitivity,Dirichlet perturbation centered on BWM_weights_main; no performance tuning.
233,tracking_error_vs_category_benchmark,0.13607072763979464,random_weight_sensitivity,Dirichlet perturbation centered on BWM_weights_main; no performance tuning.
233,beta_vs_category_benchmark,0.1189607879486616,random_weight_sensitivity,Dirichlet perturbation centered on BWM_weights_main; no performance tuning.
233,marginal_correlation_to_selected_universe,0.07376345401498768,random_weight_sensitivity,Dirichlet perturbation centered on BWM_weights_main; no performance tuning.
233,fund_age_months,0.007429593148872572,random_weight_sensitivity,Dirichlet perturbation centered on BWM_weights_main; no performance tuning.
233,aum_usd,0.07664982239746589,random_weight_sensitivity,Dirichlet perturbation centered on BWM_weights_main; no performance tuning.
234,momentum_12_1,0.09860449594086497,random_weight_sensitivity,Dirichlet perturbation centered on BWM_weights_main; no performance tuning.
234,volatility_annualized,0.13671987486103118,random_weight_sensitivity,Dirichlet perturbation centered on BWM_weights_main; no performance tuning.
234,rolling_max_drawdown,0.16337800402690822,random_weight_sensitivity,Dirichlet perturbation centered on BWM_weights_main; no performance tuning.
234,rolling_sortino,0.08991510321293522,random_weight_sensitivity,Dirichlet perturbation centered on BWM_weights_main; no performance tuning.
234,avg_dollar_volume,0.06332138753409493,random_weight_sensitivity,Dirichlet perturbation centered on BWM_weights_main; no performance tuning.
234,expense_ratio,0.13120188352013676,random_weight_sensitivity,Dirichlet perturbation centered on BWM_weights_main; no performance tuning.
234,tracking_error_vs_category_benchmark,0.13246359508228372,random_weight_sensitivity,Dirichlet perturbation centered on BWM_weights_main; no performance tuning.
234,beta_vs_category_benchmark,0.04304901542397943,random_weight_sensitivity,Dirichlet perturbation centered on BWM_weights_main; no performance tuning.
234,marginal_correlation_to_selected_universe,0.10407536221300105,random_weight_sensitivity,Dirichlet perturbation centered on BWM_weights_main; no performance tuning.
234,fund_age_months,0.012493875779543709,random_weight_sensitivity,Dirichlet perturbation centered on BWM_weights_main; no performance tuning.
234,aum_usd,0.02477740240522093,random_weight_sensitivity,Dirichlet perturbation centered on BWM_weights_main; no performance tuning.
235,momentum_12_1,0.13234433098249293,random_weight_sensitivity,Dirichlet perturbation centered on BWM_weights_main; no performance tuning.
235,volatility_annualized,0.1217090468842408,random_weight_sensitivity,Dirichlet perturbation centered on BWM_weights_main; no performance tuning.
235,rolling_max_drawdown,0.14829467238982755,random_weight_sensitivity,Dirichlet perturbation centered on BWM_weights_main; no performance tuning.
235,rolling_sortino,0.11013453731643405,random_weight_sensitivity,Dirichlet perturbation centered on BWM_weights_main; no performance tuning.
235,avg_dollar_volume,0.05337759353013072,random_weight_sensitivity,Dirichlet perturbation centered on BWM_weights_main; no performance tuning.
235,expense_ratio,0.08690707888357674,random_weight_sensitivity,Dirichlet perturbation centered on BWM_weights_main; no performance tuning.
235,tracking_error_vs_category_benchmark,0.0856461084318525,random_weight_sensitivity,Dirichlet perturbation centered on BWM_weights_main; no performance tuning.
235,beta_vs_category_benchmark,0.06469084750934807,random_weight_sensitivity,Dirichlet perturbation centered on BWM_weights_main; no performance tuning.
235,marginal_correlation_to_selected_universe,0.0893502677487502,random_weight_sensitivity,Dirichlet perturbation centered on BWM_weights_main; no performance tuning.
235,fund_age_months,0.06728844176438718,random_weight_sensitivity,Dirichlet perturbation centered on BWM_weights_main; no performance tuning.
235,aum_usd,0.040257074558959244,random_weight_sensitivity,Dirichlet perturbation centered on BWM_weights_main; no performance tuning.
236,momentum_12_1,0.17295646227841077,random_weight_sensitivity,Dirichlet perturbation centered on BWM_weights_main; no performance tuning.
236,volatility_annualized,0.09693954564042796,random_weight_sensitivity,Dirichlet perturbation centered on BWM_weights_main; no performance tuning.
236,rolling_max_drawdown,0.21005039867924102,random_weight_sensitivity,Dirichlet perturbation centered on BWM_weights_main; no performance tuning.
236,rolling_sortino,0.07222319186942325,random_weight_sensitivity,Dirichlet perturbation centered on BWM_weights_main; no performance tuning.
236,avg_dollar_volume,0.044204540031346544,random_weight_sensitivity,Dirichlet perturbation centered on BWM_weights_main; no performance tuning.
236,expense_ratio,0.060026344540534536,random_weight_sensitivity,Dirichlet perturbation centered on BWM_weights_main; no performance tuning.
236,tracking_error_vs_category_benchmark,0.1723263964163254,random_weight_sensitivity,Dirichlet perturbation centered on BWM_weights_main; no performance tuning.
236,beta_vs_category_benchmark,0.03755875475261438,random_weight_sensitivity,Dirichlet perturbation centered on BWM_weights_main; no performance tuning.
236,marginal_correlation_to_selected_universe,0.03916628813592197,random_weight_sensitivity,Dirichlet perturbation centered on BWM_weights_main; no performance tuning.
236,fund_age_months,0.03970984612690116,random_weight_sensitivity,Dirichlet perturbation centered on BWM_weights_main; no performance tuning.
236,aum_usd,0.05483823152885293,random_weight_sensitivity,Dirichlet perturbation centered on BWM_weights_main; no performance tuning.
237,momentum_12_1,0.07482671681290493,random_weight_sensitivity,Dirichlet perturbation centered on BWM_weights_main; no performance tuning.
237,volatility_annualized,0.18767754839561543,random_weight_sensitivity,Dirichlet perturbation centered on BWM_weights_main; no performance tuning.
237,rolling_max_drawdown,0.29101187424624925,random_weight_sensitivity,Dirichlet perturbation centered on BWM_weights_main; no performance tuning.
237,rolling_sortino,0.04000102082081116,random_weight_sensitivity,Dirichlet perturbation centered on BWM_weights_main; no performance tuning.
237,avg_dollar_volume,0.04062280515005942,random_weight_sensitivity,Dirichlet perturbation centered on BWM_weights_main; no performance tuning.
237,expense_ratio,0.05638111038551681,random_weight_sensitivity,Dirichlet perturbation centered on BWM_weights_main; no performance tuning.
237,tracking_error_vs_category_benchmark,0.1044644417414264,random_weight_sensitivity,Dirichlet perturbation centered on BWM_weights_main; no performance tuning.
237,beta_vs_category_benchmark,0.06511735647192418,random_weight_sensitivity,Dirichlet perturbation centered on BWM_weights_main; no performance tuning.
237,marginal_correlation_to_selected_universe,0.08961365951095263,random_weight_sensitivity,Dirichlet perturbation centered on BWM_weights_main; no performance tuning.
237,fund_age_months,0.004744221867670483,random_weight_sensitivity,Dirichlet perturbation centered on BWM_weights_main; no performance tuning.
237,aum_usd,0.045539244596869456,random_weight_sensitivity,Dirichlet perturbation centered on BWM_weights_main; no performance tuning.
238,momentum_12_1,0.1539698000672359,random_weight_sensitivity,Dirichlet perturbation centered on BWM_weights_main; no performance tuning.
238,volatility_annualized,0.1762806785469263,random_weight_sensitivity,Dirichlet perturbation centered on BWM_weights_main; no performance tuning.
238,rolling_max_drawdown,0.15400712999849403,random_weight_sensitivity,Dirichlet perturbation centered on BWM_weights_main; no performance tuning.
238,rolling_sortino,0.11248273525274324,random_weight_sensitivity,Dirichlet perturbation centered on BWM_weights_main; no performance tuning.
238,avg_dollar_volume,0.06206843166465506,random_weight_sensitivity,Dirichlet perturbation centered on BWM_weights_main; no performance tuning.
238,expense_ratio,0.0408801687783141,random_weight_sensitivity,Dirichlet perturbation centered on BWM_weights_main; no performance tuning.
238,tracking_error_vs_category_benchmark,0.11176219137260637,random_weight_sensitivity,Dirichlet perturbation centered on BWM_weights_main; no performance tuning.
238,beta_vs_category_benchmark,0.045916369769968324,random_weight_sensitivity,Dirichlet perturbation centered on BWM_weights_main; no performance tuning.
238,marginal_correlation_to_selected_universe,0.0676442388295687,random_weight_sensitivity,Dirichlet perturbation centered on BWM_weights_main; no performance tuning.
238,fund_age_months,0.04179910672839696,random_weight_sensitivity,Dirichlet perturbation centered on BWM_weights_main; no performance tuning.
238,aum_usd,0.03318914899109092,random_weight_sensitivity,Dirichlet perturbation centered on BWM_weights_main; no performance tuning.
239,momentum_12_1,0.0776552422442187,random_weight_sensitivity,Dirichlet perturbation centered on BWM_weights_main; no performance tuning.
239,volatility_annualized,0.16540774488530446,random_weight_sensitivity,Dirichlet perturbation centered on BWM_weights_main; no performance tuning.
239,rolling_max_drawdown,0.22878132936220713,random_weight_sensitivity,Dirichlet perturbation centered on BWM_weights_main; no performance tuning.
239,rolling_sortino,0.04133872691328979,random_weight_sensitivity,Dirichlet perturbation centered on BWM_weights_main; no performance tuning.
239,avg_dollar_volume,0.08275637800305095,random_weight_sensitivity,Dirichlet perturbation centered on BWM_weights_main; no performance tuning.
239,expense_ratio,0.08256442933936305,random_weight_sensitivity,Dirichlet perturbation centered on BWM_weights_main; no performance tuning.
239,tracking_error_vs_category_benchmark,0.09402077426615807,random_weight_sensitivity,Dirichlet perturbation centered on BWM_weights_main; no performance tuning.
239,beta_vs_category_benchmark,0.05811891543526176,random_weight_sensitivity,Dirichlet perturbation centered on BWM_weights_main; no performance tuning.
239,marginal_correlation_to_selected_universe,0.05097668465529226,random_weight_sensitivity,Dirichlet perturbation centered on BWM_weights_main; no performance tuning.
239,fund_age_months,0.08558076603287984,random_weight_sensitivity,Dirichlet perturbation centered on BWM_weights_main; no performance tuning.
239,aum_usd,0.03279900886297398,random_weight_sensitivity,Dirichlet perturbation centered on BWM_weights_main; no performance tuning.
240,momentum_12_1,0.10728708597006953,random_weight_sensitivity,Dirichlet perturbation centered on BWM_weights_main; no performance tuning.
240,volatility_annualized,0.08696890906414295,random_weight_sensitivity,Dirichlet perturbation centered on BWM_weights_main; no performance tuning.
240,rolling_max_drawdown,0.1373951698082706,random_weight_sensitivity,Dirichlet perturbation centered on BWM_weights_main; no performance tuning.
240,rolling_sortino,0.12888563319679777,random_weight_sensitivity,Dirichlet perturbation centered on BWM_weights_main; no performance tuning.
240,avg_dollar_volume,0.0652820998721096,random_weight_sensitivity,Dirichlet perturbation centered on BWM_weights_main; no performance tuning.
240,expense_ratio,0.05404680216096427,random_weight_sensitivity,Dirichlet perturbation centered on BWM_weights_main; no performance tuning.
240,tracking_error_vs_category_benchmark,0.10683014085643179,random_weight_sensitivity,Dirichlet perturbation centered on BWM_weights_main; no performance tuning.
240,beta_vs_category_benchmark,0.05792584696954624,random_weight_sensitivity,Dirichlet perturbation centered on BWM_weights_main; no performance tuning.
240,marginal_correlation_to_selected_universe,0.17540913911042097,random_weight_sensitivity,Dirichlet perturbation centered on BWM_weights_main; no performance tuning.
240,fund_age_months,0.032986710486300544,random_weight_sensitivity,Dirichlet perturbation centered on BWM_weights_main; no performance tuning.
240,aum_usd,0.046982462504945664,random_weight_sensitivity,Dirichlet perturbation centered on BWM_weights_main; no performance tuning.
241,momentum_12_1,0.05799479291701135,random_weight_sensitivity,Dirichlet perturbation centered on BWM_weights_main; no performance tuning.
241,volatility_annualized,0.13994576038608317,random_weight_sensitivity,Dirichlet perturbation centered on BWM_weights_main; no performance tuning.
241,rolling_max_drawdown,0.2401109008319203,random_weight_sensitivity,Dirichlet perturbation centered on BWM_weights_main; no performance tuning.
241,rolling_sortino,0.07414758468572519,random_weight_sensitivity,Dirichlet perturbation centered on BWM_weights_main; no performance tuning.
241,avg_dollar_volume,0.030709395462288458,random_weight_sensitivity,Dirichlet perturbation centered on BWM_weights_main; no performance tuning.
241,expense_ratio,0.10508684896217921,random_weight_sensitivity,Dirichlet perturbation centered on BWM_weights_main; no performance tuning.
241,tracking_error_vs_category_benchmark,0.15933662018918654,random_weight_sensitivity,Dirichlet perturbation centered on BWM_weights_main; no performance tuning.
241,beta_vs_category_benchmark,0.05309523848932484,random_weight_sensitivity,Dirichlet perturbation centered on BWM_weights_main; no performance tuning.
241,marginal_correlation_to_selected_universe,0.08598046882224215,random_weight_sensitivity,Dirichlet perturbation centered on BWM_weights_main; no performance tuning.
241,fund_age_months,0.022954600255780448,random_weight_sensitivity,Dirichlet perturbation centered on BWM_weights_main; no performance tuning.
241,aum_usd,0.030637788998258406,random_weight_sensitivity,Dirichlet perturbation centered on BWM_weights_main; no performance tuning.
242,momentum_12_1,0.057422156988505786,random_weight_sensitivity,Dirichlet perturbation centered on BWM_weights_main; no performance tuning.
242,volatility_annualized,0.0745132700319417,random_weight_sensitivity,Dirichlet perturbation centered on BWM_weights_main; no performance tuning.
242,rolling_max_drawdown,0.22888369594249722,random_weight_sensitivity,Dirichlet perturbation centered on BWM_weights_main; no performance tuning.
242,rolling_sortino,0.07627486965449574,random_weight_sensitivity,Dirichlet perturbation centered on BWM_weights_main; no performance tuning.
242,avg_dollar_volume,0.11525063463063585,random_weight_sensitivity,Dirichlet perturbation centered on BWM_weights_main; no performance tuning.
242,expense_ratio,0.09418420349331368,random_weight_sensitivity,Dirichlet perturbation centered on BWM_weights_main; no performance tuning.
242,tracking_error_vs_category_benchmark,0.13165166681816867,random_weight_sensitivity,Dirichlet perturbation centered on BWM_weights_main; no performance tuning.
242,beta_vs_category_benchmark,0.07851616764466231,random_weight_sensitivity,Dirichlet perturbation centered on BWM_weights_main; no performance tuning.
242,marginal_correlation_to_selected_universe,0.08378388938439184,random_weight_sensitivity,Dirichlet perturbation centered on BWM_weights_main; no performance tuning.
242,fund_age_months,0.03550637359315526,random_weight_sensitivity,Dirichlet perturbation centered on BWM_weights_main; no performance tuning.
242,aum_usd,0.024013071818232153,random_weight_sensitivity,Dirichlet perturbation centered on BWM_weights_main; no performance tuning.
243,momentum_12_1,0.13455358069561107,random_weight_sensitivity,Dirichlet perturbation centered on BWM_weights_main; no performance tuning.
243,volatility_annualized,0.16144191311467354,random_weight_sensitivity,Dirichlet perturbation centered on BWM_weights_main; no performance tuning.
243,rolling_max_drawdown,0.1749246186868012,random_weight_sensitivity,Dirichlet perturbation centered on BWM_weights_main; no performance tuning.
243,rolling_sortino,0.15282143995181674,random_weight_sensitivity,Dirichlet perturbation centered on BWM_weights_main; no performance tuning.
243,avg_dollar_volume,0.03478556738255291,random_weight_sensitivity,Dirichlet perturbation centered on BWM_weights_main; no performance tuning.
243,expense_ratio,0.07595402286217416,random_weight_sensitivity,Dirichlet perturbation centered on BWM_weights_main; no performance tuning.
243,tracking_error_vs_category_benchmark,0.0912966945765987,random_weight_sensitivity,Dirichlet perturbation centered on BWM_weights_main; no performance tuning.
243,beta_vs_category_benchmark,0.08581323406034254,random_weight_sensitivity,Dirichlet perturbation centered on BWM_weights_main; no performance tuning.
243,marginal_correlation_to_selected_universe,0.03712861326678269,random_weight_sensitivity,Dirichlet perturbation centered on BWM_weights_main; no performance tuning.
243,fund_age_months,0.030227508063749325,random_weight_sensitivity,Dirichlet perturbation centered on BWM_weights_main; no performance tuning.
243,aum_usd,0.021052807338896987,random_weight_sensitivity,Dirichlet perturbation centered on BWM_weights_main; no performance tuning.
244,momentum_12_1,0.0844572711379446,random_weight_sensitivity,Dirichlet perturbation centered on BWM_weights_main; no performance tuning.
244,volatility_annualized,0.17315299197290818,random_weight_sensitivity,Dirichlet perturbation centered on BWM_weights_main; no performance tuning.
244,rolling_max_drawdown,0.17790125009233762,random_weight_sensitivity,Dirichlet perturbation centered on BWM_weights_main; no performance tuning.
244,rolling_sortino,0.09761525621891953,random_weight_sensitivity,Dirichlet perturbation centered on BWM_weights_main; no performance tuning.
244,avg_dollar_volume,0.06303043460458062,random_weight_sensitivity,Dirichlet perturbation centered on BWM_weights_main; no performance tuning.
244,expense_ratio,0.09044015484985447,random_weight_sensitivity,Dirichlet perturbation centered on BWM_weights_main; no performance tuning.
244,tracking_error_vs_category_benchmark,0.11382587515107473,random_weight_sensitivity,Dirichlet perturbation centered on BWM_weights_main; no performance tuning.
244,beta_vs_category_benchmark,0.06337092229869497,random_weight_sensitivity,Dirichlet perturbation centered on BWM_weights_main; no performance tuning.
244,marginal_correlation_to_selected_universe,0.09028251732127543,random_weight_sensitivity,Dirichlet perturbation centered on BWM_weights_main; no performance tuning.
244,fund_age_months,0.016832359533690708,random_weight_sensitivity,Dirichlet perturbation centered on BWM_weights_main; no performance tuning.
244,aum_usd,0.02909096681871911,random_weight_sensitivity,Dirichlet perturbation centered on BWM_weights_main; no performance tuning.
245,momentum_12_1,0.05800873987992607,random_weight_sensitivity,Dirichlet perturbation centered on BWM_weights_main; no performance tuning.
245,volatility_annualized,0.119674598309126,random_weight_sensitivity,Dirichlet perturbation centered on BWM_weights_main; no performance tuning.
245,rolling_max_drawdown,0.14997410931420385,random_weight_sensitivity,Dirichlet perturbation centered on BWM_weights_main; no performance tuning.
245,rolling_sortino,0.09039929632427714,random_weight_sensitivity,Dirichlet perturbation centered on BWM_weights_main; no performance tuning.
245,avg_dollar_volume,0.09579393375057527,random_weight_sensitivity,Dirichlet perturbation centered on BWM_weights_main; no performance tuning.
245,expense_ratio,0.061797821269508904,random_weight_sensitivity,Dirichlet perturbation centered on BWM_weights_main; no performance tuning.
245,tracking_error_vs_category_benchmark,0.0929043552220637,random_weight_sensitivity,Dirichlet perturbation centered on BWM_weights_main; no performance tuning.
245,beta_vs_category_benchmark,0.06815471080712071,random_weight_sensitivity,Dirichlet perturbation centered on BWM_weights_main; no performance tuning.
245,marginal_correlation_to_selected_universe,0.08578171976971155,random_weight_sensitivity,Dirichlet perturbation centered on BWM_weights_main; no performance tuning.
245,fund_age_months,0.07741275282728394,random_weight_sensitivity,Dirichlet perturbation centered on BWM_weights_main; no performance tuning.
245,aum_usd,0.10009796252620308,random_weight_sensitivity,Dirichlet perturbation centered on BWM_weights_main; no performance tuning.
246,momentum_12_1,0.17313251122259873,random_weight_sensitivity,Dirichlet perturbation centered on BWM_weights_main; no performance tuning.
246,volatility_annualized,0.10225369472094431,random_weight_sensitivity,Dirichlet perturbation centered on BWM_weights_main; no performance tuning.
246,rolling_max_drawdown,0.13565610953065124,random_weight_sensitivity,Dirichlet perturbation centered on BWM_weights_main; no performance tuning.
246,rolling_sortino,0.1276674456969958,random_weight_sensitivity,Dirichlet perturbation centered on BWM_weights_main; no performance tuning.
246,avg_dollar_volume,0.04977071965886783,random_weight_sensitivity,Dirichlet perturbation centered on BWM_weights_main; no performance tuning.
246,expense_ratio,0.0932384333397545,random_weight_sensitivity,Dirichlet perturbation centered on BWM_weights_main; no performance tuning.
246,tracking_error_vs_category_benchmark,0.06808969736512765,random_weight_sensitivity,Dirichlet perturbation centered on BWM_weights_main; no performance tuning.
246,beta_vs_category_benchmark,0.07062698969620233,random_weight_sensitivity,Dirichlet perturbation centered on BWM_weights_main; no performance tuning.
246,marginal_correlation_to_selected_universe,0.13952254304101214,random_weight_sensitivity,Dirichlet perturbation centered on BWM_weights_main; no performance tuning.
246,fund_age_months,0.012452714613218889,random_weight_sensitivity,Dirichlet perturbation centered on BWM_weights_main; no performance tuning.
246,aum_usd,0.027589141114626462,random_weight_sensitivity,Dirichlet perturbation centered on BWM_weights_main; no performance tuning.
247,momentum_12_1,0.0656883093280264,random_weight_sensitivity,Dirichlet perturbation centered on BWM_weights_main; no performance tuning.
247,volatility_annualized,0.09516875632992779,random_weight_sensitivity,Dirichlet perturbation centered on BWM_weights_main; no performance tuning.
247,rolling_max_drawdown,0.24764240753420913,random_weight_sensitivity,Dirichlet perturbation centered on BWM_weights_main; no performance tuning.
247,rolling_sortino,0.1484482401908596,random_weight_sensitivity,Dirichlet perturbation centered on BWM_weights_main; no performance tuning.
247,avg_dollar_volume,0.1073138092272936,random_weight_sensitivity,Dirichlet perturbation centered on BWM_weights_main; no performance tuning.
247,expense_ratio,0.02815995578604295,random_weight_sensitivity,Dirichlet perturbation centered on BWM_weights_main; no performance tuning.
247,tracking_error_vs_category_benchmark,0.10970614616908023,random_weight_sensitivity,Dirichlet perturbation centered on BWM_weights_main; no performance tuning.
247,beta_vs_category_benchmark,0.03801798827165393,random_weight_sensitivity,Dirichlet perturbation centered on BWM_weights_main; no performance tuning.
247,marginal_correlation_to_selected_universe,0.1372782885853128,random_weight_sensitivity,Dirichlet perturbation centered on BWM_weights_main; no performance tuning.
247,fund_age_months,0.0026797802323813478,random_weight_sensitivity,Dirichlet perturbation centered on BWM_weights_main; no performance tuning.
247,aum_usd,0.019896318345211945,random_weight_sensitivity,Dirichlet perturbation centered on BWM_weights_main; no performance tuning.
248,momentum_12_1,0.12530481940849336,random_weight_sensitivity,Dirichlet perturbation centered on BWM_weights_main; no performance tuning.
248,volatility_annualized,0.0740320968103318,random_weight_sensitivity,Dirichlet perturbation centered on BWM_weights_main; no performance tuning.
248,rolling_max_drawdown,0.24810567048375823,random_weight_sensitivity,Dirichlet perturbation centered on BWM_weights_main; no performance tuning.
248,rolling_sortino,0.11785839666421132,random_weight_sensitivity,Dirichlet perturbation centered on BWM_weights_main; no performance tuning.
248,avg_dollar_volume,0.05263282899948876,random_weight_sensitivity,Dirichlet perturbation centered on BWM_weights_main; no performance tuning.
248,expense_ratio,0.09358288805321129,random_weight_sensitivity,Dirichlet perturbation centered on BWM_weights_main; no performance tuning.
248,tracking_error_vs_category_benchmark,0.0862208520726968,random_weight_sensitivity,Dirichlet perturbation centered on BWM_weights_main; no performance tuning.
248,beta_vs_category_benchmark,0.08461138240875542,random_weight_sensitivity,Dirichlet perturbation centered on BWM_weights_main; no performance tuning.
248,marginal_correlation_to_selected_universe,0.06928400565013318,random_weight_sensitivity,Dirichlet perturbation centered on BWM_weights_main; no performance tuning.
248,fund_age_months,0.03845621172043641,random_weight_sensitivity,Dirichlet perturbation centered on BWM_weights_main; no performance tuning.
248,aum_usd,0.009910847728483559,random_weight_sensitivity,Dirichlet perturbation centered on BWM_weights_main; no performance tuning.
249,momentum_12_1,0.061584117664260196,random_weight_sensitivity,Dirichlet perturbation centered on BWM_weights_main; no performance tuning.
249,volatility_annualized,0.06603238114517498,random_weight_sensitivity,Dirichlet perturbation centered on BWM_weights_main; no performance tuning.
249,rolling_max_drawdown,0.15057008608528935,random_weight_sensitivity,Dirichlet perturbation centered on BWM_weights_main; no performance tuning.
249,rolling_sortino,0.11294253865023536,random_weight_sensitivity,Dirichlet perturbation centered on BWM_weights_main; no performance tuning.
249,avg_dollar_volume,0.06419709413936528,random_weight_sensitivity,Dirichlet perturbation centered on BWM_weights_main; no performance tuning.
249,expense_ratio,0.09106210505318373,random_weight_sensitivity,Dirichlet perturbation centered on BWM_weights_main; no performance tuning.
249,tracking_error_vs_category_benchmark,0.1539935296124965,random_weight_sensitivity,Dirichlet perturbation centered on BWM_weights_main; no performance tuning.
249,beta_vs_category_benchmark,0.0250786920242788,random_weight_sensitivity,Dirichlet perturbation centered on BWM_weights_main; no performance tuning.
249,marginal_correlation_to_selected_universe,0.16136842583907673,random_weight_sensitivity,Dirichlet perturbation centered on BWM_weights_main; no performance tuning.
249,fund_age_months,0.014612456074310571,random_weight_sensitivity,Dirichlet perturbation centered on BWM_weights_main; no performance tuning.
249,aum_usd,0.09855857371232858,random_weight_sensitivity,Dirichlet perturbation centered on BWM_weights_main; no performance tuning.
250,momentum_12_1,0.08094075701913603,random_weight_sensitivity,Dirichlet perturbation centered on BWM_weights_main; no performance tuning.
250,volatility_annualized,0.046292285926249635,random_weight_sensitivity,Dirichlet perturbation centered on BWM_weights_main; no performance tuning.
250,rolling_max_drawdown,0.24123405857131136,random_weight_sensitivity,Dirichlet perturbation centered on BWM_weights_main; no performance tuning.
250,rolling_sortino,0.13740119139086757,random_weight_sensitivity,Dirichlet perturbation centered on BWM_weights_main; no performance tuning.
250,avg_dollar_volume,0.039617314017162945,random_weight_sensitivity,Dirichlet perturbation centered on BWM_weights_main; no performance tuning.
250,expense_ratio,0.04179810125109937,random_weight_sensitivity,Dirichlet perturbation centered on BWM_weights_main; no performance tuning.
250,tracking_error_vs_category_benchmark,0.15072430333600875,random_weight_sensitivity,Dirichlet perturbation centered on BWM_weights_main; no performance tuning.
250,beta_vs_category_benchmark,0.08587100667608379,random_weight_sensitivity,Dirichlet perturbation centered on BWM_weights_main; no performance tuning.
250,marginal_correlation_to_selected_universe,0.09759767779778523,random_weight_sensitivity,Dirichlet perturbation centered on BWM_weights_main; no performance tuning.
250,fund_age_months,0.030241857898420845,random_weight_sensitivity,Dirichlet perturbation centered on BWM_weights_main; no performance tuning.
250,aum_usd,0.04828144611587458,random_weight_sensitivity,Dirichlet perturbation centered on BWM_weights_main; no performance tuning.
251,momentum_12_1,0.06513935163573414,random_weight_sensitivity,Dirichlet perturbation centered on BWM_weights_main; no performance tuning.
251,volatility_annualized,0.13411450650319204,random_weight_sensitivity,Dirichlet perturbation centered on BWM_weights_main; no performance tuning.
251,rolling_max_drawdown,0.2112406239489838,random_weight_sensitivity,Dirichlet perturbation centered on BWM_weights_main; no performance tuning.
251,rolling_sortino,0.09605907060996197,random_weight_sensitivity,Dirichlet perturbation centered on BWM_weights_main; no performance tuning.
251,avg_dollar_volume,0.0906648096080557,random_weight_sensitivity,Dirichlet perturbation centered on BWM_weights_main; no performance tuning.
251,expense_ratio,0.14268824155014945,random_weight_sensitivity,Dirichlet perturbation centered on BWM_weights_main; no performance tuning.
251,tracking_error_vs_category_benchmark,0.06205390772871513,random_weight_sensitivity,Dirichlet perturbation centered on BWM_weights_main; no performance tuning.
251,beta_vs_category_benchmark,0.054245236510005894,random_weight_sensitivity,Dirichlet perturbation centered on BWM_weights_main; no performance tuning.
251,marginal_correlation_to_selected_universe,0.08759449925750745,random_weight_sensitivity,Dirichlet perturbation centered on BWM_weights_main; no performance tuning.
251,fund_age_months,0.033491309308543264,random_weight_sensitivity,Dirichlet perturbation centered on BWM_weights_main; no performance tuning.
251,aum_usd,0.022708443339151018,random_weight_sensitivity,Dirichlet perturbation centered on BWM_weights_main; no performance tuning.
252,momentum_12_1,0.1516381680379392,random_weight_sensitivity,Dirichlet perturbation centered on BWM_weights_main; no performance tuning.
252,volatility_annualized,0.09308517608701046,random_weight_sensitivity,Dirichlet perturbation centered on BWM_weights_main; no performance tuning.
252,rolling_max_drawdown,0.14724399657093015,random_weight_sensitivity,Dirichlet perturbation centered on BWM_weights_main; no performance tuning.
252,rolling_sortino,0.11803457367409996,random_weight_sensitivity,Dirichlet perturbation centered on BWM_weights_main; no performance tuning.
252,avg_dollar_volume,0.0566228410639823,random_weight_sensitivity,Dirichlet perturbation centered on BWM_weights_main; no performance tuning.
252,expense_ratio,0.0808629423206483,random_weight_sensitivity,Dirichlet perturbation centered on BWM_weights_main; no performance tuning.
252,tracking_error_vs_category_benchmark,0.1343246314477127,random_weight_sensitivity,Dirichlet perturbation centered on BWM_weights_main; no performance tuning.
252,beta_vs_category_benchmark,0.03016673661707793,random_weight_sensitivity,Dirichlet perturbation centered on BWM_weights_main; no performance tuning.
252,marginal_correlation_to_selected_universe,0.0966049389538064,random_weight_sensitivity,Dirichlet perturbation centered on BWM_weights_main; no performance tuning.
252,fund_age_months,0.022060386604716074,random_weight_sensitivity,Dirichlet perturbation centered on BWM_weights_main; no performance tuning.
252,aum_usd,0.06935560862207645,random_weight_sensitivity,Dirichlet perturbation centered on BWM_weights_main; no performance tuning.
253,momentum_12_1,0.14329748015557028,random_weight_sensitivity,Dirichlet perturbation centered on BWM_weights_main; no performance tuning.
253,volatility_annualized,0.07779001030336748,random_weight_sensitivity,Dirichlet perturbation centered on BWM_weights_main; no performance tuning.
253,rolling_max_drawdown,0.19085678570540876,random_weight_sensitivity,Dirichlet perturbation centered on BWM_weights_main; no performance tuning.
253,rolling_sortino,0.13171548893552829,random_weight_sensitivity,Dirichlet perturbation centered on BWM_weights_main; no performance tuning.
253,avg_dollar_volume,0.06346121520731052,random_weight_sensitivity,Dirichlet perturbation centered on BWM_weights_main; no performance tuning.
253,expense_ratio,0.04845468666575419,random_weight_sensitivity,Dirichlet perturbation centered on BWM_weights_main; no performance tuning.
253,tracking_error_vs_category_benchmark,0.10813049574060975,random_weight_sensitivity,Dirichlet perturbation centered on BWM_weights_main; no performance tuning.
253,beta_vs_category_benchmark,0.08501102699370951,random_weight_sensitivity,Dirichlet perturbation centered on BWM_weights_main; no performance tuning.
253,marginal_correlation_to_selected_universe,0.07469970175710956,random_weight_sensitivity,Dirichlet perturbation centered on BWM_weights_main; no performance tuning.
253,fund_age_months,0.032495260633998733,random_weight_sensitivity,Dirichlet perturbation centered on BWM_weights_main; no performance tuning.
253,aum_usd,0.044087847901633156,random_weight_sensitivity,Dirichlet perturbation centered on BWM_weights_main; no performance tuning.
254,momentum_12_1,0.10869226212599399,random_weight_sensitivity,Dirichlet perturbation centered on BWM_weights_main; no performance tuning.
254,volatility_annualized,0.08363774483341148,random_weight_sensitivity,Dirichlet perturbation centered on BWM_weights_main; no performance tuning.
254,rolling_max_drawdown,0.25186568655580166,random_weight_sensitivity,Dirichlet perturbation centered on BWM_weights_main; no performance tuning.
254,rolling_sortino,0.09822633582594069,random_weight_sensitivity,Dirichlet perturbation centered on BWM_weights_main; no performance tuning.
254,avg_dollar_volume,0.07843328678225599,random_weight_sensitivity,Dirichlet perturbation centered on BWM_weights_main; no performance tuning.
254,expense_ratio,0.07297919597003093,random_weight_sensitivity,Dirichlet perturbation centered on BWM_weights_main; no performance tuning.
254,tracking_error_vs_category_benchmark,0.07999458541758653,random_weight_sensitivity,Dirichlet perturbation centered on BWM_weights_main; no performance tuning.
254,beta_vs_category_benchmark,0.06290043719871032,random_weight_sensitivity,Dirichlet perturbation centered on BWM_weights_main; no performance tuning.
254,marginal_correlation_to_selected_universe,0.06721296130174882,random_weight_sensitivity,Dirichlet perturbation centered on BWM_weights_main; no performance tuning.
254,fund_age_months,0.05409606608285652,random_weight_sensitivity,Dirichlet perturbation centered on BWM_weights_main; no performance tuning.
254,aum_usd,0.04196143790566322,random_weight_sensitivity,Dirichlet perturbation centered on BWM_weights_main; no performance tuning.
255,momentum_12_1,0.06869620453067564,random_weight_sensitivity,Dirichlet perturbation centered on BWM_weights_main; no performance tuning.
255,volatility_annualized,0.1580270471784486,random_weight_sensitivity,Dirichlet perturbation centered on BWM_weights_main; no performance tuning.
255,rolling_max_drawdown,0.16788108108759947,random_weight_sensitivity,Dirichlet perturbation centered on BWM_weights_main; no performance tuning.
255,rolling_sortino,0.13350894521109577,random_weight_sensitivity,Dirichlet perturbation centered on BWM_weights_main; no performance tuning.
255,avg_dollar_volume,0.024828473822864478,random_weight_sensitivity,Dirichlet perturbation centered on BWM_weights_main; no performance tuning.
255,expense_ratio,0.10443010389695868,random_weight_sensitivity,Dirichlet perturbation centered on BWM_weights_main; no performance tuning.
255,tracking_error_vs_category_benchmark,0.1124112860243154,random_weight_sensitivity,Dirichlet perturbation centered on BWM_weights_main; no performance tuning.
255,beta_vs_category_benchmark,0.039160429712232166,random_weight_sensitivity,Dirichlet perturbation centered on BWM_weights_main; no performance tuning.
255,marginal_correlation_to_selected_universe,0.11164429061151242,random_weight_sensitivity,Dirichlet perturbation centered on BWM_weights_main; no performance tuning.
255,fund_age_months,0.055752978380174546,random_weight_sensitivity,Dirichlet perturbation centered on BWM_weights_main; no performance tuning.
255,aum_usd,0.02365915954412281,random_weight_sensitivity,Dirichlet perturbation centered on BWM_weights_main; no performance tuning.
256,momentum_12_1,0.07390991011612226,random_weight_sensitivity,Dirichlet perturbation centered on BWM_weights_main; no performance tuning.
256,volatility_annualized,0.08686475819073454,random_weight_sensitivity,Dirichlet perturbation centered on BWM_weights_main; no performance tuning.
256,rolling_max_drawdown,0.17424540844529088,random_weight_sensitivity,Dirichlet perturbation centered on BWM_weights_main; no performance tuning.
256,rolling_sortino,0.13419978856896644,random_weight_sensitivity,Dirichlet perturbation centered on BWM_weights_main; no performance tuning.
256,avg_dollar_volume,0.07612571457168012,random_weight_sensitivity,Dirichlet perturbation centered on BWM_weights_main; no performance tuning.
256,expense_ratio,0.055232147618857586,random_weight_sensitivity,Dirichlet perturbation centered on BWM_weights_main; no performance tuning.
256,tracking_error_vs_category_benchmark,0.1052901898320617,random_weight_sensitivity,Dirichlet perturbation centered on BWM_weights_main; no performance tuning.
256,beta_vs_category_benchmark,0.1289027140867546,random_weight_sensitivity,Dirichlet perturbation centered on BWM_weights_main; no performance tuning.
256,marginal_correlation_to_selected_universe,0.1201066695316952,random_weight_sensitivity,Dirichlet perturbation centered on BWM_weights_main; no performance tuning.
256,fund_age_months,0.015449173004451767,random_weight_sensitivity,Dirichlet perturbation centered on BWM_weights_main; no performance tuning.
256,aum_usd,0.02967352603338488,random_weight_sensitivity,Dirichlet perturbation centered on BWM_weights_main; no performance tuning.
257,momentum_12_1,0.0939931676718189,random_weight_sensitivity,Dirichlet perturbation centered on BWM_weights_main; no performance tuning.
257,volatility_annualized,0.12203810427875808,random_weight_sensitivity,Dirichlet perturbation centered on BWM_weights_main; no performance tuning.
257,rolling_max_drawdown,0.1261301178063941,random_weight_sensitivity,Dirichlet perturbation centered on BWM_weights_main; no performance tuning.
257,rolling_sortino,0.11552571668672601,random_weight_sensitivity,Dirichlet perturbation centered on BWM_weights_main; no performance tuning.
257,avg_dollar_volume,0.052631831333241355,random_weight_sensitivity,Dirichlet perturbation centered on BWM_weights_main; no performance tuning.
257,expense_ratio,0.05647808568441494,random_weight_sensitivity,Dirichlet perturbation centered on BWM_weights_main; no performance tuning.
257,tracking_error_vs_category_benchmark,0.2079505332594487,random_weight_sensitivity,Dirichlet perturbation centered on BWM_weights_main; no performance tuning.
257,beta_vs_category_benchmark,0.07633663991026289,random_weight_sensitivity,Dirichlet perturbation centered on BWM_weights_main; no performance tuning.
257,marginal_correlation_to_selected_universe,0.0699255572620439,random_weight_sensitivity,Dirichlet perturbation centered on BWM_weights_main; no performance tuning.
257,fund_age_months,0.022116724036173877,random_weight_sensitivity,Dirichlet perturbation centered on BWM_weights_main; no performance tuning.
257,aum_usd,0.056873522070717455,random_weight_sensitivity,Dirichlet perturbation centered on BWM_weights_main; no performance tuning.
258,momentum_12_1,0.1556956733870633,random_weight_sensitivity,Dirichlet perturbation centered on BWM_weights_main; no performance tuning.
258,volatility_annualized,0.04650287439324511,random_weight_sensitivity,Dirichlet perturbation centered on BWM_weights_main; no performance tuning.
258,rolling_max_drawdown,0.08193673975187535,random_weight_sensitivity,Dirichlet perturbation centered on BWM_weights_main; no performance tuning.
258,rolling_sortino,0.11936071054710752,random_weight_sensitivity,Dirichlet perturbation centered on BWM_weights_main; no performance tuning.
258,avg_dollar_volume,0.09649451138759294,random_weight_sensitivity,Dirichlet perturbation centered on BWM_weights_main; no performance tuning.
258,expense_ratio,0.09281458048280684,random_weight_sensitivity,Dirichlet perturbation centered on BWM_weights_main; no performance tuning.
258,tracking_error_vs_category_benchmark,0.10083071662718222,random_weight_sensitivity,Dirichlet perturbation centered on BWM_weights_main; no performance tuning.
258,beta_vs_category_benchmark,0.10806511233951145,random_weight_sensitivity,Dirichlet perturbation centered on BWM_weights_main; no performance tuning.
258,marginal_correlation_to_selected_universe,0.18364230962276581,random_weight_sensitivity,Dirichlet perturbation centered on BWM_weights_main; no performance tuning.
258,fund_age_months,0.002938770438019499,random_weight_sensitivity,Dirichlet perturbation centered on BWM_weights_main; no performance tuning.
258,aum_usd,0.01171800102282993,random_weight_sensitivity,Dirichlet perturbation centered on BWM_weights_main; no performance tuning.
259,momentum_12_1,0.12584304997912127,random_weight_sensitivity,Dirichlet perturbation centered on BWM_weights_main; no performance tuning.
259,volatility_annualized,0.14541688668548594,random_weight_sensitivity,Dirichlet perturbation centered on BWM_weights_main; no performance tuning.
259,rolling_max_drawdown,0.16542144650155458,random_weight_sensitivity,Dirichlet perturbation centered on BWM_weights_main; no performance tuning.
259,rolling_sortino,0.04288984824580036,random_weight_sensitivity,Dirichlet perturbation centered on BWM_weights_main; no performance tuning.
259,avg_dollar_volume,0.07007233092372724,random_weight_sensitivity,Dirichlet perturbation centered on BWM_weights_main; no performance tuning.
259,expense_ratio,0.08403740421661525,random_weight_sensitivity,Dirichlet perturbation centered on BWM_weights_main; no performance tuning.
259,tracking_error_vs_category_benchmark,0.096520587531834,random_weight_sensitivity,Dirichlet perturbation centered on BWM_weights_main; no performance tuning.
259,beta_vs_category_benchmark,0.11142702753493013,random_weight_sensitivity,Dirichlet perturbation centered on BWM_weights_main; no performance tuning.
259,marginal_correlation_to_selected_universe,0.12219592526331134,random_weight_sensitivity,Dirichlet perturbation centered on BWM_weights_main; no performance tuning.
259,fund_age_months,0.009633425682174191,random_weight_sensitivity,Dirichlet perturbation centered on BWM_weights_main; no performance tuning.
259,aum_usd,0.02654206743544555,random_weight_sensitivity,Dirichlet perturbation centered on BWM_weights_main; no performance tuning.
260,momentum_12_1,0.10905063504835746,random_weight_sensitivity,Dirichlet perturbation centered on BWM_weights_main; no performance tuning.
260,volatility_annualized,0.09405465419434249,random_weight_sensitivity,Dirichlet perturbation centered on BWM_weights_main; no performance tuning.
260,rolling_max_drawdown,0.11414531799653947,random_weight_sensitivity,Dirichlet perturbation centered on BWM_weights_main; no performance tuning.
260,rolling_sortino,0.11827820776743751,random_weight_sensitivity,Dirichlet perturbation centered on BWM_weights_main; no performance tuning.
260,avg_dollar_volume,0.05276332823567496,random_weight_sensitivity,Dirichlet perturbation centered on BWM_weights_main; no performance tuning.
260,expense_ratio,0.05732837781431019,random_weight_sensitivity,Dirichlet perturbation centered on BWM_weights_main; no performance tuning.
260,tracking_error_vs_category_benchmark,0.06985505510336847,random_weight_sensitivity,Dirichlet perturbation centered on BWM_weights_main; no performance tuning.
260,beta_vs_category_benchmark,0.1391334174741595,random_weight_sensitivity,Dirichlet perturbation centered on BWM_weights_main; no performance tuning.
260,marginal_correlation_to_selected_universe,0.13634076761207506,random_weight_sensitivity,Dirichlet perturbation centered on BWM_weights_main; no performance tuning.
260,fund_age_months,0.07621298163546154,random_weight_sensitivity,Dirichlet perturbation centered on BWM_weights_main; no performance tuning.
260,aum_usd,0.0328372571182735,random_weight_sensitivity,Dirichlet perturbation centered on BWM_weights_main; no performance tuning.
261,momentum_12_1,0.1297266991892033,random_weight_sensitivity,Dirichlet perturbation centered on BWM_weights_main; no performance tuning.
261,volatility_annualized,0.11086202224001396,random_weight_sensitivity,Dirichlet perturbation centered on BWM_weights_main; no performance tuning.
261,rolling_max_drawdown,0.15107253871521023,random_weight_sensitivity,Dirichlet perturbation centered on BWM_weights_main; no performance tuning.
261,rolling_sortino,0.08942212161017586,random_weight_sensitivity,Dirichlet perturbation centered on BWM_weights_main; no performance tuning.
261,avg_dollar_volume,0.08679270408411187,random_weight_sensitivity,Dirichlet perturbation centered on BWM_weights_main; no performance tuning.
261,expense_ratio,0.03754702523102617,random_weight_sensitivity,Dirichlet perturbation centered on BWM_weights_main; no performance tuning.
261,tracking_error_vs_category_benchmark,0.14762797759610186,random_weight_sensitivity,Dirichlet perturbation centered on BWM_weights_main; no performance tuning.
261,beta_vs_category_benchmark,0.07070114390489597,random_weight_sensitivity,Dirichlet perturbation centered on BWM_weights_main; no performance tuning.
261,marginal_correlation_to_selected_universe,0.1400745898942668,random_weight_sensitivity,Dirichlet perturbation centered on BWM_weights_main; no performance tuning.
261,fund_age_months,0.02546249587189293,random_weight_sensitivity,Dirichlet perturbation centered on BWM_weights_main; no performance tuning.
261,aum_usd,0.010710681663101027,random_weight_sensitivity,Dirichlet perturbation centered on BWM_weights_main; no performance tuning.
262,momentum_12_1,0.09658274484881456,random_weight_sensitivity,Dirichlet perturbation centered on BWM_weights_main; no performance tuning.
262,volatility_annualized,0.1437239319939181,random_weight_sensitivity,Dirichlet perturbation centered on BWM_weights_main; no performance tuning.
262,rolling_max_drawdown,0.18462850561531263,random_weight_sensitivity,Dirichlet perturbation centered on BWM_weights_main; no performance tuning.
262,rolling_sortino,0.09755543766585849,random_weight_sensitivity,Dirichlet perturbation centered on BWM_weights_main; no performance tuning.
262,avg_dollar_volume,0.06774033981346042,random_weight_sensitivity,Dirichlet perturbation centered on BWM_weights_main; no performance tuning.
262,expense_ratio,0.022682836872185645,random_weight_sensitivity,Dirichlet perturbation centered on BWM_weights_main; no performance tuning.
262,tracking_error_vs_category_benchmark,0.14948680927335856,random_weight_sensitivity,Dirichlet perturbation centered on BWM_weights_main; no performance tuning.
262,beta_vs_category_benchmark,0.016224872086017483,random_weight_sensitivity,Dirichlet perturbation centered on BWM_weights_main; no performance tuning.
262,marginal_correlation_to_selected_universe,0.16154593637745518,random_weight_sensitivity,Dirichlet perturbation centered on BWM_weights_main; no performance tuning.
262,fund_age_months,0.012353200350174079,random_weight_sensitivity,Dirichlet perturbation centered on BWM_weights_main; no performance tuning.
262,aum_usd,0.047475385103444956,random_weight_sensitivity,Dirichlet perturbation centered on BWM_weights_main; no performance tuning.
263,momentum_12_1,0.04702537547953745,random_weight_sensitivity,Dirichlet perturbation centered on BWM_weights_main; no performance tuning.
263,volatility_annualized,0.1448914030756709,random_weight_sensitivity,Dirichlet perturbation centered on BWM_weights_main; no performance tuning.
263,rolling_max_drawdown,0.23272133877499024,random_weight_sensitivity,Dirichlet perturbation centered on BWM_weights_main; no performance tuning.
263,rolling_sortino,0.1322063599697951,random_weight_sensitivity,Dirichlet perturbation centered on BWM_weights_main; no performance tuning.
263,avg_dollar_volume,0.023335915401719847,random_weight_sensitivity,Dirichlet perturbation centered on BWM_weights_main; no performance tuning.
263,expense_ratio,0.04697548901437724,random_weight_sensitivity,Dirichlet perturbation centered on BWM_weights_main; no performance tuning.
263,tracking_error_vs_category_benchmark,0.12566069232073565,random_weight_sensitivity,Dirichlet perturbation centered on BWM_weights_main; no performance tuning.
263,beta_vs_category_benchmark,0.11712843866519644,random_weight_sensitivity,Dirichlet perturbation centered on BWM_weights_main; no performance tuning.
263,marginal_correlation_to_selected_universe,0.07387128193090042,random_weight_sensitivity,Dirichlet perturbation centered on BWM_weights_main; no performance tuning.
263,fund_age_months,0.007478137886771257,random_weight_sensitivity,Dirichlet perturbation centered on BWM_weights_main; no performance tuning.
263,aum_usd,0.0487055674803053,random_weight_sensitivity,Dirichlet perturbation centered on BWM_weights_main; no performance tuning.
264,momentum_12_1,0.19410588642921106,random_weight_sensitivity,Dirichlet perturbation centered on BWM_weights_main; no performance tuning.
264,volatility_annualized,0.06456085534998812,random_weight_sensitivity,Dirichlet perturbation centered on BWM_weights_main; no performance tuning.
264,rolling_max_drawdown,0.136015240910798,random_weight_sensitivity,Dirichlet perturbation centered on BWM_weights_main; no performance tuning.
264,rolling_sortino,0.06771132689296505,random_weight_sensitivity,Dirichlet perturbation centered on BWM_weights_main; no performance tuning.
264,avg_dollar_volume,0.05107282005651857,random_weight_sensitivity,Dirichlet perturbation centered on BWM_weights_main; no performance tuning.
264,expense_ratio,0.09371288745558924,random_weight_sensitivity,Dirichlet perturbation centered on BWM_weights_main; no performance tuning.
264,tracking_error_vs_category_benchmark,0.0812850226771923,random_weight_sensitivity,Dirichlet perturbation centered on BWM_weights_main; no performance tuning.
264,beta_vs_category_benchmark,0.156651560345834,random_weight_sensitivity,Dirichlet perturbation centered on BWM_weights_main; no performance tuning.
264,marginal_correlation_to_selected_universe,0.08711588809601453,random_weight_sensitivity,Dirichlet perturbation centered on BWM_weights_main; no performance tuning.
264,fund_age_months,0.042622131305529255,random_weight_sensitivity,Dirichlet perturbation centered on BWM_weights_main; no performance tuning.
264,aum_usd,0.025146380480359814,random_weight_sensitivity,Dirichlet perturbation centered on BWM_weights_main; no performance tuning.
265,momentum_12_1,0.06042399947785887,random_weight_sensitivity,Dirichlet perturbation centered on BWM_weights_main; no performance tuning.
265,volatility_annualized,0.09980269653543686,random_weight_sensitivity,Dirichlet perturbation centered on BWM_weights_main; no performance tuning.
265,rolling_max_drawdown,0.2175687640810645,random_weight_sensitivity,Dirichlet perturbation centered on BWM_weights_main; no performance tuning.
265,rolling_sortino,0.07476962097736992,random_weight_sensitivity,Dirichlet perturbation centered on BWM_weights_main; no performance tuning.
265,avg_dollar_volume,0.11144612047413713,random_weight_sensitivity,Dirichlet perturbation centered on BWM_weights_main; no performance tuning.
265,expense_ratio,0.05247883257477325,random_weight_sensitivity,Dirichlet perturbation centered on BWM_weights_main; no performance tuning.
265,tracking_error_vs_category_benchmark,0.0661727144988687,random_weight_sensitivity,Dirichlet perturbation centered on BWM_weights_main; no performance tuning.
265,beta_vs_category_benchmark,0.17492504286547378,random_weight_sensitivity,Dirichlet perturbation centered on BWM_weights_main; no performance tuning.
265,marginal_correlation_to_selected_universe,0.07317473992147899,random_weight_sensitivity,Dirichlet perturbation centered on BWM_weights_main; no performance tuning.
265,fund_age_months,0.01123161766475353,random_weight_sensitivity,Dirichlet perturbation centered on BWM_weights_main; no performance tuning.
265,aum_usd,0.05800585092878464,random_weight_sensitivity,Dirichlet perturbation centered on BWM_weights_main; no performance tuning.
266,momentum_12_1,0.08890941011359531,random_weight_sensitivity,Dirichlet perturbation centered on BWM_weights_main; no performance tuning.
266,volatility_annualized,0.06654595650958132,random_weight_sensitivity,Dirichlet perturbation centered on BWM_weights_main; no performance tuning.
266,rolling_max_drawdown,0.1547054137067216,random_weight_sensitivity,Dirichlet perturbation centered on BWM_weights_main; no performance tuning.
266,rolling_sortino,0.20065629055174863,random_weight_sensitivity,Dirichlet perturbation centered on BWM_weights_main; no performance tuning.
266,avg_dollar_volume,0.08642726302000531,random_weight_sensitivity,Dirichlet perturbation centered on BWM_weights_main; no performance tuning.
266,expense_ratio,0.09457800986844542,random_weight_sensitivity,Dirichlet perturbation centered on BWM_weights_main; no performance tuning.
266,tracking_error_vs_category_benchmark,0.11279563901040396,random_weight_sensitivity,Dirichlet perturbation centered on BWM_weights_main; no performance tuning.
266,beta_vs_category_benchmark,0.08120482421571962,random_weight_sensitivity,Dirichlet perturbation centered on BWM_weights_main; no performance tuning.
266,marginal_correlation_to_selected_universe,0.08622897254790263,random_weight_sensitivity,Dirichlet perturbation centered on BWM_weights_main; no performance tuning.
266,fund_age_months,0.02081432443833481,random_weight_sensitivity,Dirichlet perturbation centered on BWM_weights_main; no performance tuning.
266,aum_usd,0.007133896017541342,random_weight_sensitivity,Dirichlet perturbation centered on BWM_weights_main; no performance tuning.
267,momentum_12_1,0.14568981946585813,random_weight_sensitivity,Dirichlet perturbation centered on BWM_weights_main; no performance tuning.
267,volatility_annualized,0.08555963976148039,random_weight_sensitivity,Dirichlet perturbation centered on BWM_weights_main; no performance tuning.
267,rolling_max_drawdown,0.12868859655470083,random_weight_sensitivity,Dirichlet perturbation centered on BWM_weights_main; no performance tuning.
267,rolling_sortino,0.10926575125115377,random_weight_sensitivity,Dirichlet perturbation centered on BWM_weights_main; no performance tuning.
267,avg_dollar_volume,0.05971453444311666,random_weight_sensitivity,Dirichlet perturbation centered on BWM_weights_main; no performance tuning.
267,expense_ratio,0.10088012724932299,random_weight_sensitivity,Dirichlet perturbation centered on BWM_weights_main; no performance tuning.
267,tracking_error_vs_category_benchmark,0.09933625639321463,random_weight_sensitivity,Dirichlet perturbation centered on BWM_weights_main; no performance tuning.
267,beta_vs_category_benchmark,0.047930179028697256,random_weight_sensitivity,Dirichlet perturbation centered on BWM_weights_main; no performance tuning.
267,marginal_correlation_to_selected_universe,0.1002873944211371,random_weight_sensitivity,Dirichlet perturbation centered on BWM_weights_main; no performance tuning.
267,fund_age_months,0.05629699246979839,random_weight_sensitivity,Dirichlet perturbation centered on BWM_weights_main; no performance tuning.
267,aum_usd,0.06635070896151991,random_weight_sensitivity,Dirichlet perturbation centered on BWM_weights_main; no performance tuning.
268,momentum_12_1,0.11572727178447818,random_weight_sensitivity,Dirichlet perturbation centered on BWM_weights_main; no performance tuning.
268,volatility_annualized,0.13600046711529318,random_weight_sensitivity,Dirichlet perturbation centered on BWM_weights_main; no performance tuning.
268,rolling_max_drawdown,0.2036949889934025,random_weight_sensitivity,Dirichlet perturbation centered on BWM_weights_main; no performance tuning.
268,rolling_sortino,0.06438465316700687,random_weight_sensitivity,Dirichlet perturbation centered on BWM_weights_main; no performance tuning.
268,avg_dollar_volume,0.08688738925468384,random_weight_sensitivity,Dirichlet perturbation centered on BWM_weights_main; no performance tuning.
268,expense_ratio,0.10149252425173455,random_weight_sensitivity,Dirichlet perturbation centered on BWM_weights_main; no performance tuning.
268,tracking_error_vs_category_benchmark,0.14545626464488784,random_weight_sensitivity,Dirichlet perturbation centered on BWM_weights_main; no performance tuning.
268,beta_vs_category_benchmark,0.033759498474597326,random_weight_sensitivity,Dirichlet perturbation centered on BWM_weights_main; no performance tuning.
268,marginal_correlation_to_selected_universe,0.0760842984988186,random_weight_sensitivity,Dirichlet perturbation centered on BWM_weights_main; no performance tuning.
268,fund_age_months,0.008682150323978344,random_weight_sensitivity,Dirichlet perturbation centered on BWM_weights_main; no performance tuning.
268,aum_usd,0.027830493491118727,random_weight_sensitivity,Dirichlet perturbation centered on BWM_weights_main; no performance tuning.
269,momentum_12_1,0.11078851256464957,random_weight_sensitivity,Dirichlet perturbation centered on BWM_weights_main; no performance tuning.
269,volatility_annualized,0.09919819102315629,random_weight_sensitivity,Dirichlet perturbation centered on BWM_weights_main; no performance tuning.
269,rolling_max_drawdown,0.17734877938008128,random_weight_sensitivity,Dirichlet perturbation centered on BWM_weights_main; no performance tuning.
269,rolling_sortino,0.05217788876039288,random_weight_sensitivity,Dirichlet perturbation centered on BWM_weights_main; no performance tuning.
269,avg_dollar_volume,0.04595245062740957,random_weight_sensitivity,Dirichlet perturbation centered on BWM_weights_main; no performance tuning.
269,expense_ratio,0.10759290098326244,random_weight_sensitivity,Dirichlet perturbation centered on BWM_weights_main; no performance tuning.
269,tracking_error_vs_category_benchmark,0.14175603882530358,random_weight_sensitivity,Dirichlet perturbation centered on BWM_weights_main; no performance tuning.
269,beta_vs_category_benchmark,0.05836184400178212,random_weight_sensitivity,Dirichlet perturbation centered on BWM_weights_main; no performance tuning.
269,marginal_correlation_to_selected_universe,0.12499813488712165,random_weight_sensitivity,Dirichlet perturbation centered on BWM_weights_main; no performance tuning.
269,fund_age_months,0.02314303837548927,random_weight_sensitivity,Dirichlet perturbation centered on BWM_weights_main; no performance tuning.
269,aum_usd,0.05868222057135146,random_weight_sensitivity,Dirichlet perturbation centered on BWM_weights_main; no performance tuning.
270,momentum_12_1,0.11460668857540657,random_weight_sensitivity,Dirichlet perturbation centered on BWM_weights_main; no performance tuning.
270,volatility_annualized,0.08415081677367033,random_weight_sensitivity,Dirichlet perturbation centered on BWM_weights_main; no performance tuning.
270,rolling_max_drawdown,0.17948976679082143,random_weight_sensitivity,Dirichlet perturbation centered on BWM_weights_main; no performance tuning.
270,rolling_sortino,0.09884555918850939,random_weight_sensitivity,Dirichlet perturbation centered on BWM_weights_main; no performance tuning.
270,avg_dollar_volume,0.055402814091553655,random_weight_sensitivity,Dirichlet perturbation centered on BWM_weights_main; no performance tuning.
270,expense_ratio,0.04968888828492721,random_weight_sensitivity,Dirichlet perturbation centered on BWM_weights_main; no performance tuning.
270,tracking_error_vs_category_benchmark,0.15604706892692632,random_weight_sensitivity,Dirichlet perturbation centered on BWM_weights_main; no performance tuning.
270,beta_vs_category_benchmark,0.05543649810252183,random_weight_sensitivity,Dirichlet perturbation centered on BWM_weights_main; no performance tuning.
270,marginal_correlation_to_selected_universe,0.10997537065649028,random_weight_sensitivity,Dirichlet perturbation centered on BWM_weights_main; no performance tuning.
270,fund_age_months,0.05243975756629168,random_weight_sensitivity,Dirichlet perturbation centered on BWM_weights_main; no performance tuning.
270,aum_usd,0.04391677104288107,random_weight_sensitivity,Dirichlet perturbation centered on BWM_weights_main; no performance tuning.
271,momentum_12_1,0.11341670749474292,random_weight_sensitivity,Dirichlet perturbation centered on BWM_weights_main; no performance tuning.
271,volatility_annualized,0.09437922461631378,random_weight_sensitivity,Dirichlet perturbation centered on BWM_weights_main; no performance tuning.
271,rolling_max_drawdown,0.1917287578255449,random_weight_sensitivity,Dirichlet perturbation centered on BWM_weights_main; no performance tuning.
271,rolling_sortino,0.08338572757957961,random_weight_sensitivity,Dirichlet perturbation centered on BWM_weights_main; no performance tuning.
271,avg_dollar_volume,0.18454143960608935,random_weight_sensitivity,Dirichlet perturbation centered on BWM_weights_main; no performance tuning.
271,expense_ratio,0.029241619561675997,random_weight_sensitivity,Dirichlet perturbation centered on BWM_weights_main; no performance tuning.
271,tracking_error_vs_category_benchmark,0.08836136613856398,random_weight_sensitivity,Dirichlet perturbation centered on BWM_weights_main; no performance tuning.
271,beta_vs_category_benchmark,0.07943491530421538,random_weight_sensitivity,Dirichlet perturbation centered on BWM_weights_main; no performance tuning.
271,marginal_correlation_to_selected_universe,0.1134561671142643,random_weight_sensitivity,Dirichlet perturbation centered on BWM_weights_main; no performance tuning.
271,fund_age_months,0.012953808578544551,random_weight_sensitivity,Dirichlet perturbation centered on BWM_weights_main; no performance tuning.
271,aum_usd,0.009100266180465028,random_weight_sensitivity,Dirichlet perturbation centered on BWM_weights_main; no performance tuning.
272,momentum_12_1,0.0685143702563578,random_weight_sensitivity,Dirichlet perturbation centered on BWM_weights_main; no performance tuning.
272,volatility_annualized,0.12393938437128404,random_weight_sensitivity,Dirichlet perturbation centered on BWM_weights_main; no performance tuning.
272,rolling_max_drawdown,0.11082793500125518,random_weight_sensitivity,Dirichlet perturbation centered on BWM_weights_main; no performance tuning.
272,rolling_sortino,0.14545505824823032,random_weight_sensitivity,Dirichlet perturbation centered on BWM_weights_main; no performance tuning.
272,avg_dollar_volume,0.1278039796558341,random_weight_sensitivity,Dirichlet perturbation centered on BWM_weights_main; no performance tuning.
272,expense_ratio,0.10846938198654207,random_weight_sensitivity,Dirichlet perturbation centered on BWM_weights_main; no performance tuning.
272,tracking_error_vs_category_benchmark,0.16740246101808212,random_weight_sensitivity,Dirichlet perturbation centered on BWM_weights_main; no performance tuning.
272,beta_vs_category_benchmark,0.024521844200243153,random_weight_sensitivity,Dirichlet perturbation centered on BWM_weights_main; no performance tuning.
272,marginal_correlation_to_selected_universe,0.10317160312999653,random_weight_sensitivity,Dirichlet perturbation centered on BWM_weights_main; no performance tuning.
272,fund_age_months,0.007160145627788979,random_weight_sensitivity,Dirichlet perturbation centered on BWM_weights_main; no performance tuning.
272,aum_usd,0.01273383650438577,random_weight_sensitivity,Dirichlet perturbation centered on BWM_weights_main; no performance tuning.
273,momentum_12_1,0.07538398685755977,random_weight_sensitivity,Dirichlet perturbation centered on BWM_weights_main; no performance tuning.
273,volatility_annualized,0.16091057786680107,random_weight_sensitivity,Dirichlet perturbation centered on BWM_weights_main; no performance tuning.
273,rolling_max_drawdown,0.2755733576944142,random_weight_sensitivity,Dirichlet perturbation centered on BWM_weights_main; no performance tuning.
273,rolling_sortino,0.06345593734889529,random_weight_sensitivity,Dirichlet perturbation centered on BWM_weights_main; no performance tuning.
273,avg_dollar_volume,0.06161331716372269,random_weight_sensitivity,Dirichlet perturbation centered on BWM_weights_main; no performance tuning.
273,expense_ratio,0.07177542827029117,random_weight_sensitivity,Dirichlet perturbation centered on BWM_weights_main; no performance tuning.
273,tracking_error_vs_category_benchmark,0.08238389433609294,random_weight_sensitivity,Dirichlet perturbation centered on BWM_weights_main; no performance tuning.
273,beta_vs_category_benchmark,0.10520423351846195,random_weight_sensitivity,Dirichlet perturbation centered on BWM_weights_main; no performance tuning.
273,marginal_correlation_to_selected_universe,0.07584742347325925,random_weight_sensitivity,Dirichlet perturbation centered on BWM_weights_main; no performance tuning.
273,fund_age_months,0.008938083862865834,random_weight_sensitivity,Dirichlet perturbation centered on BWM_weights_main; no performance tuning.
273,aum_usd,0.018913759607635514,random_weight_sensitivity,Dirichlet perturbation centered on BWM_weights_main; no performance tuning.
274,momentum_12_1,0.1070142442970258,random_weight_sensitivity,Dirichlet perturbation centered on BWM_weights_main; no performance tuning.
274,volatility_annualized,0.03412595087902336,random_weight_sensitivity,Dirichlet perturbation centered on BWM_weights_main; no performance tuning.
274,rolling_max_drawdown,0.20201156898737968,random_weight_sensitivity,Dirichlet perturbation centered on BWM_weights_main; no performance tuning.
274,rolling_sortino,0.12531648993835873,random_weight_sensitivity,Dirichlet perturbation centered on BWM_weights_main; no performance tuning.
274,avg_dollar_volume,0.08520190547103619,random_weight_sensitivity,Dirichlet perturbation centered on BWM_weights_main; no performance tuning.
274,expense_ratio,0.044358635522045144,random_weight_sensitivity,Dirichlet perturbation centered on BWM_weights_main; no performance tuning.
274,tracking_error_vs_category_benchmark,0.1274636962881956,random_weight_sensitivity,Dirichlet perturbation centered on BWM_weights_main; no performance tuning.
274,beta_vs_category_benchmark,0.08356537437232851,random_weight_sensitivity,Dirichlet perturbation centered on BWM_weights_main; no performance tuning.
274,marginal_correlation_to_selected_universe,0.12752527041862008,random_weight_sensitivity,Dirichlet perturbation centered on BWM_weights_main; no performance tuning.
274,fund_age_months,0.04347457502263951,random_weight_sensitivity,Dirichlet perturbation centered on BWM_weights_main; no performance tuning.
274,aum_usd,0.019942288803347568,random_weight_sensitivity,Dirichlet perturbation centered on BWM_weights_main; no performance tuning.
275,momentum_12_1,0.09853305183223772,random_weight_sensitivity,Dirichlet perturbation centered on BWM_weights_main; no performance tuning.
275,volatility_annualized,0.050076380775318105,random_weight_sensitivity,Dirichlet perturbation centered on BWM_weights_main; no performance tuning.
275,rolling_max_drawdown,0.24197045698331585,random_weight_sensitivity,Dirichlet perturbation centered on BWM_weights_main; no performance tuning.
275,rolling_sortino,0.07316689318874091,random_weight_sensitivity,Dirichlet perturbation centered on BWM_weights_main; no performance tuning.
275,avg_dollar_volume,0.11132916387047452,random_weight_sensitivity,Dirichlet perturbation centered on BWM_weights_main; no performance tuning.
275,expense_ratio,0.11318683581323502,random_weight_sensitivity,Dirichlet perturbation centered on BWM_weights_main; no performance tuning.
275,tracking_error_vs_category_benchmark,0.1023907733904587,random_weight_sensitivity,Dirichlet perturbation centered on BWM_weights_main; no performance tuning.
275,beta_vs_category_benchmark,0.06404585328318046,random_weight_sensitivity,Dirichlet perturbation centered on BWM_weights_main; no performance tuning.
275,marginal_correlation_to_selected_universe,0.05847397281967503,random_weight_sensitivity,Dirichlet perturbation centered on BWM_weights_main; no performance tuning.
275,fund_age_months,0.020779139987954436,random_weight_sensitivity,Dirichlet perturbation centered on BWM_weights_main; no performance tuning.
275,aum_usd,0.06604747805540939,random_weight_sensitivity,Dirichlet perturbation centered on BWM_weights_main; no performance tuning.
276,momentum_12_1,0.10524009812002764,random_weight_sensitivity,Dirichlet perturbation centered on BWM_weights_main; no performance tuning.
276,volatility_annualized,0.1565397411648816,random_weight_sensitivity,Dirichlet perturbation centered on BWM_weights_main; no performance tuning.
276,rolling_max_drawdown,0.1522284699389015,random_weight_sensitivity,Dirichlet perturbation centered on BWM_weights_main; no performance tuning.
276,rolling_sortino,0.08086212233188314,random_weight_sensitivity,Dirichlet perturbation centered on BWM_weights_main; no performance tuning.
276,avg_dollar_volume,0.03835942460288819,random_weight_sensitivity,Dirichlet perturbation centered on BWM_weights_main; no performance tuning.
276,expense_ratio,0.14922442079549572,random_weight_sensitivity,Dirichlet perturbation centered on BWM_weights_main; no performance tuning.
276,tracking_error_vs_category_benchmark,0.05015433632088696,random_weight_sensitivity,Dirichlet perturbation centered on BWM_weights_main; no performance tuning.
276,beta_vs_category_benchmark,0.08593895369310656,random_weight_sensitivity,Dirichlet perturbation centered on BWM_weights_main; no performance tuning.
276,marginal_correlation_to_selected_universe,0.1284267274598487,random_weight_sensitivity,Dirichlet perturbation centered on BWM_weights_main; no performance tuning.
276,fund_age_months,0.03335757876733142,random_weight_sensitivity,Dirichlet perturbation centered on BWM_weights_main; no performance tuning.
276,aum_usd,0.01966812680474851,random_weight_sensitivity,Dirichlet perturbation centered on BWM_weights_main; no performance tuning.
277,momentum_12_1,0.06104798460408926,random_weight_sensitivity,Dirichlet perturbation centered on BWM_weights_main; no performance tuning.
277,volatility_annualized,0.09980780907651979,random_weight_sensitivity,Dirichlet perturbation centered on BWM_weights_main; no performance tuning.
277,rolling_max_drawdown,0.22665603371854615,random_weight_sensitivity,Dirichlet perturbation centered on BWM_weights_main; no performance tuning.
277,rolling_sortino,0.08277016429760407,random_weight_sensitivity,Dirichlet perturbation centered on BWM_weights_main; no performance tuning.
277,avg_dollar_volume,0.05966848700417358,random_weight_sensitivity,Dirichlet perturbation centered on BWM_weights_main; no performance tuning.
277,expense_ratio,0.05111623900083209,random_weight_sensitivity,Dirichlet perturbation centered on BWM_weights_main; no performance tuning.
277,tracking_error_vs_category_benchmark,0.11052491123199691,random_weight_sensitivity,Dirichlet perturbation centered on BWM_weights_main; no performance tuning.
277,beta_vs_category_benchmark,0.07041593864416155,random_weight_sensitivity,Dirichlet perturbation centered on BWM_weights_main; no performance tuning.
277,marginal_correlation_to_selected_universe,0.18975580027411335,random_weight_sensitivity,Dirichlet perturbation centered on BWM_weights_main; no performance tuning.
277,fund_age_months,0.03267076507168613,random_weight_sensitivity,Dirichlet perturbation centered on BWM_weights_main; no performance tuning.
277,aum_usd,0.015565867076277023,random_weight_sensitivity,Dirichlet perturbation centered on BWM_weights_main; no performance tuning.
278,momentum_12_1,0.05207293945453804,random_weight_sensitivity,Dirichlet perturbation centered on BWM_weights_main; no performance tuning.
278,volatility_annualized,0.11402228964437533,random_weight_sensitivity,Dirichlet perturbation centered on BWM_weights_main; no performance tuning.
278,rolling_max_drawdown,0.156381649319415,random_weight_sensitivity,Dirichlet perturbation centered on BWM_weights_main; no performance tuning.
278,rolling_sortino,0.17529523655862317,random_weight_sensitivity,Dirichlet perturbation centered on BWM_weights_main; no performance tuning.
278,avg_dollar_volume,0.1323996455066149,random_weight_sensitivity,Dirichlet perturbation centered on BWM_weights_main; no performance tuning.
278,expense_ratio,0.03497859939770922,random_weight_sensitivity,Dirichlet perturbation centered on BWM_weights_main; no performance tuning.
278,tracking_error_vs_category_benchmark,0.09683293218354777,random_weight_sensitivity,Dirichlet perturbation centered on BWM_weights_main; no performance tuning.
278,beta_vs_category_benchmark,0.029913045403173643,random_weight_sensitivity,Dirichlet perturbation centered on BWM_weights_main; no performance tuning.
278,marginal_correlation_to_selected_universe,0.11326633818166376,random_weight_sensitivity,Dirichlet perturbation centered on BWM_weights_main; no performance tuning.
278,fund_age_months,0.059317701274401065,random_weight_sensitivity,Dirichlet perturbation centered on BWM_weights_main; no performance tuning.
278,aum_usd,0.035519623075938096,random_weight_sensitivity,Dirichlet perturbation centered on BWM_weights_main; no performance tuning.
279,momentum_12_1,0.08016826904519306,random_weight_sensitivity,Dirichlet perturbation centered on BWM_weights_main; no performance tuning.
279,volatility_annualized,0.11068192179911625,random_weight_sensitivity,Dirichlet perturbation centered on BWM_weights_main; no performance tuning.
279,rolling_max_drawdown,0.22305063938832692,random_weight_sensitivity,Dirichlet perturbation centered on BWM_weights_main; no performance tuning.
279,rolling_sortino,0.1348638804657983,random_weight_sensitivity,Dirichlet perturbation centered on BWM_weights_main; no performance tuning.
279,avg_dollar_volume,0.05048014937235149,random_weight_sensitivity,Dirichlet perturbation centered on BWM_weights_main; no performance tuning.
279,expense_ratio,0.04439687303347125,random_weight_sensitivity,Dirichlet perturbation centered on BWM_weights_main; no performance tuning.
279,tracking_error_vs_category_benchmark,0.10416586364722964,random_weight_sensitivity,Dirichlet perturbation centered on BWM_weights_main; no performance tuning.
279,beta_vs_category_benchmark,0.05218002428129109,random_weight_sensitivity,Dirichlet perturbation centered on BWM_weights_main; no performance tuning.
279,marginal_correlation_to_selected_universe,0.1502171109999497,random_weight_sensitivity,Dirichlet perturbation centered on BWM_weights_main; no performance tuning.
279,fund_age_months,0.012557634689592676,random_weight_sensitivity,Dirichlet perturbation centered on BWM_weights_main; no performance tuning.
279,aum_usd,0.03723763327767963,random_weight_sensitivity,Dirichlet perturbation centered on BWM_weights_main; no performance tuning.
280,momentum_12_1,0.10471124494397667,random_weight_sensitivity,Dirichlet perturbation centered on BWM_weights_main; no performance tuning.
280,volatility_annualized,0.04889899829985318,random_weight_sensitivity,Dirichlet perturbation centered on BWM_weights_main; no performance tuning.
280,rolling_max_drawdown,0.1380823006837763,random_weight_sensitivity,Dirichlet perturbation centered on BWM_weights_main; no performance tuning.
280,rolling_sortino,0.18071687128516148,random_weight_sensitivity,Dirichlet perturbation centered on BWM_weights_main; no performance tuning.
280,avg_dollar_volume,0.08885702186393399,random_weight_sensitivity,Dirichlet perturbation centered on BWM_weights_main; no performance tuning.
280,expense_ratio,0.049221271319454224,random_weight_sensitivity,Dirichlet perturbation centered on BWM_weights_main; no performance tuning.
280,tracking_error_vs_category_benchmark,0.11910415353500838,random_weight_sensitivity,Dirichlet perturbation centered on BWM_weights_main; no performance tuning.
280,beta_vs_category_benchmark,0.10275212430997734,random_weight_sensitivity,Dirichlet perturbation centered on BWM_weights_main; no performance tuning.
280,marginal_correlation_to_selected_universe,0.08307107173062268,random_weight_sensitivity,Dirichlet perturbation centered on BWM_weights_main; no performance tuning.
280,fund_age_months,0.03354186568411308,random_weight_sensitivity,Dirichlet perturbation centered on BWM_weights_main; no performance tuning.
280,aum_usd,0.05104307634412275,random_weight_sensitivity,Dirichlet perturbation centered on BWM_weights_main; no performance tuning.
281,momentum_12_1,0.06150238599440697,random_weight_sensitivity,Dirichlet perturbation centered on BWM_weights_main; no performance tuning.
281,volatility_annualized,0.09254250100003757,random_weight_sensitivity,Dirichlet perturbation centered on BWM_weights_main; no performance tuning.
281,rolling_max_drawdown,0.2840811056532558,random_weight_sensitivity,Dirichlet perturbation centered on BWM_weights_main; no performance tuning.
281,rolling_sortino,0.1985453200391468,random_weight_sensitivity,Dirichlet perturbation centered on BWM_weights_main; no performance tuning.
281,avg_dollar_volume,0.09915775950038681,random_weight_sensitivity,Dirichlet perturbation centered on BWM_weights_main; no performance tuning.
281,expense_ratio,0.04835055688073233,random_weight_sensitivity,Dirichlet perturbation centered on BWM_weights_main; no performance tuning.
281,tracking_error_vs_category_benchmark,0.03664535217993843,random_weight_sensitivity,Dirichlet perturbation centered on BWM_weights_main; no performance tuning.
281,beta_vs_category_benchmark,0.04503384998263169,random_weight_sensitivity,Dirichlet perturbation centered on BWM_weights_main; no performance tuning.
281,marginal_correlation_to_selected_universe,0.05802779128284648,random_weight_sensitivity,Dirichlet perturbation centered on BWM_weights_main; no performance tuning.
281,fund_age_months,0.06720062389443464,random_weight_sensitivity,Dirichlet perturbation centered on BWM_weights_main; no performance tuning.
281,aum_usd,0.00891275359218264,random_weight_sensitivity,Dirichlet perturbation centered on BWM_weights_main; no performance tuning.
282,momentum_12_1,0.05545258689482746,random_weight_sensitivity,Dirichlet perturbation centered on BWM_weights_main; no performance tuning.
282,volatility_annualized,0.09780128347721931,random_weight_sensitivity,Dirichlet perturbation centered on BWM_weights_main; no performance tuning.
282,rolling_max_drawdown,0.162324238408432,random_weight_sensitivity,Dirichlet perturbation centered on BWM_weights_main; no performance tuning.
282,rolling_sortino,0.15792883789570694,random_weight_sensitivity,Dirichlet perturbation centered on BWM_weights_main; no performance tuning.
282,avg_dollar_volume,0.07792164220710705,random_weight_sensitivity,Dirichlet perturbation centered on BWM_weights_main; no performance tuning.
282,expense_ratio,0.05466949938878912,random_weight_sensitivity,Dirichlet perturbation centered on BWM_weights_main; no performance tuning.
282,tracking_error_vs_category_benchmark,0.14323090310958744,random_weight_sensitivity,Dirichlet perturbation centered on BWM_weights_main; no performance tuning.
282,beta_vs_category_benchmark,0.04806866244357488,random_weight_sensitivity,Dirichlet perturbation centered on BWM_weights_main; no performance tuning.
282,marginal_correlation_to_selected_universe,0.16308668648690539,random_weight_sensitivity,Dirichlet perturbation centered on BWM_weights_main; no performance tuning.
282,fund_age_months,0.006715676440858458,random_weight_sensitivity,Dirichlet perturbation centered on BWM_weights_main; no performance tuning.
282,aum_usd,0.03279998324699174,random_weight_sensitivity,Dirichlet perturbation centered on BWM_weights_main; no performance tuning.
283,momentum_12_1,0.03751969740976586,random_weight_sensitivity,Dirichlet perturbation centered on BWM_weights_main; no performance tuning.
283,volatility_annualized,0.13775739834262302,random_weight_sensitivity,Dirichlet perturbation centered on BWM_weights_main; no performance tuning.
283,rolling_max_drawdown,0.18276583382085163,random_weight_sensitivity,Dirichlet perturbation centered on BWM_weights_main; no performance tuning.
283,rolling_sortino,0.17547349797456935,random_weight_sensitivity,Dirichlet perturbation centered on BWM_weights_main; no performance tuning.
283,avg_dollar_volume,0.055668841129101386,random_weight_sensitivity,Dirichlet perturbation centered on BWM_weights_main; no performance tuning.
283,expense_ratio,0.02848711151418929,random_weight_sensitivity,Dirichlet perturbation centered on BWM_weights_main; no performance tuning.
283,tracking_error_vs_category_benchmark,0.11555304299665174,random_weight_sensitivity,Dirichlet perturbation centered on BWM_weights_main; no performance tuning.
283,beta_vs_category_benchmark,0.047842948079047966,random_weight_sensitivity,Dirichlet perturbation centered on BWM_weights_main; no performance tuning.
283,marginal_correlation_to_selected_universe,0.12996350979441693,random_weight_sensitivity,Dirichlet perturbation centered on BWM_weights_main; no performance tuning.
283,fund_age_months,0.007394936255815346,random_weight_sensitivity,Dirichlet perturbation centered on BWM_weights_main; no performance tuning.
283,aum_usd,0.08157318268296765,random_weight_sensitivity,Dirichlet perturbation centered on BWM_weights_main; no performance tuning.
284,momentum_12_1,0.08785201328785602,random_weight_sensitivity,Dirichlet perturbation centered on BWM_weights_main; no performance tuning.
284,volatility_annualized,0.0807598919881358,random_weight_sensitivity,Dirichlet perturbation centered on BWM_weights_main; no performance tuning.
284,rolling_max_drawdown,0.22451318223032563,random_weight_sensitivity,Dirichlet perturbation centered on BWM_weights_main; no performance tuning.
284,rolling_sortino,0.12246282422155157,random_weight_sensitivity,Dirichlet perturbation centered on BWM_weights_main; no performance tuning.
284,avg_dollar_volume,0.03847708997774462,random_weight_sensitivity,Dirichlet perturbation centered on BWM_weights_main; no performance tuning.
284,expense_ratio,0.08544313789015091,random_weight_sensitivity,Dirichlet perturbation centered on BWM_weights_main; no performance tuning.
284,tracking_error_vs_category_benchmark,0.11124392519031218,random_weight_sensitivity,Dirichlet perturbation centered on BWM_weights_main; no performance tuning.
284,beta_vs_category_benchmark,0.05349438168464144,random_weight_sensitivity,Dirichlet perturbation centered on BWM_weights_main; no performance tuning.
284,marginal_correlation_to_selected_universe,0.1172067769029134,random_weight_sensitivity,Dirichlet perturbation centered on BWM_weights_main; no performance tuning.
284,fund_age_months,0.047720007969258814,random_weight_sensitivity,Dirichlet perturbation centered on BWM_weights_main; no performance tuning.
284,aum_usd,0.03082676865710973,random_weight_sensitivity,Dirichlet perturbation centered on BWM_weights_main; no performance tuning.
285,momentum_12_1,0.10589376694387966,random_weight_sensitivity,Dirichlet perturbation centered on BWM_weights_main; no performance tuning.
285,volatility_annualized,0.10359799450701968,random_weight_sensitivity,Dirichlet perturbation centered on BWM_weights_main; no performance tuning.
285,rolling_max_drawdown,0.15528246125414608,random_weight_sensitivity,Dirichlet perturbation centered on BWM_weights_main; no performance tuning.
285,rolling_sortino,0.10531215633562041,random_weight_sensitivity,Dirichlet perturbation centered on BWM_weights_main; no performance tuning.
285,avg_dollar_volume,0.06461862891947001,random_weight_sensitivity,Dirichlet perturbation centered on BWM_weights_main; no performance tuning.
285,expense_ratio,0.06275536458726653,random_weight_sensitivity,Dirichlet perturbation centered on BWM_weights_main; no performance tuning.
285,tracking_error_vs_category_benchmark,0.09774816768169117,random_weight_sensitivity,Dirichlet perturbation centered on BWM_weights_main; no performance tuning.
285,beta_vs_category_benchmark,0.038246716655137326,random_weight_sensitivity,Dirichlet perturbation centered on BWM_weights_main; no performance tuning.
285,marginal_correlation_to_selected_universe,0.16113999430556017,random_weight_sensitivity,Dirichlet perturbation centered on BWM_weights_main; no performance tuning.
285,fund_age_months,0.011346115617736144,random_weight_sensitivity,Dirichlet perturbation centered on BWM_weights_main; no performance tuning.
285,aum_usd,0.09405863319247272,random_weight_sensitivity,Dirichlet perturbation centered on BWM_weights_main; no performance tuning.
286,momentum_12_1,0.07303892524270408,random_weight_sensitivity,Dirichlet perturbation centered on BWM_weights_main; no performance tuning.
286,volatility_annualized,0.20416280509663767,random_weight_sensitivity,Dirichlet perturbation centered on BWM_weights_main; no performance tuning.
286,rolling_max_drawdown,0.17715337784727175,random_weight_sensitivity,Dirichlet perturbation centered on BWM_weights_main; no performance tuning.
286,rolling_sortino,0.15500677181007796,random_weight_sensitivity,Dirichlet perturbation centered on BWM_weights_main; no performance tuning.
286,avg_dollar_volume,0.07632365379315285,random_weight_sensitivity,Dirichlet perturbation centered on BWM_weights_main; no performance tuning.
286,expense_ratio,0.035670913115453645,random_weight_sensitivity,Dirichlet perturbation centered on BWM_weights_main; no performance tuning.
286,tracking_error_vs_category_benchmark,0.06461178291891895,random_weight_sensitivity,Dirichlet perturbation centered on BWM_weights_main; no performance tuning.
286,beta_vs_category_benchmark,0.05077714833779788,random_weight_sensitivity,Dirichlet perturbation centered on BWM_weights_main; no performance tuning.
286,marginal_correlation_to_selected_universe,0.09236133285062074,random_weight_sensitivity,Dirichlet perturbation centered on BWM_weights_main; no performance tuning.
286,fund_age_months,0.01989248447783892,random_weight_sensitivity,Dirichlet perturbation centered on BWM_weights_main; no performance tuning.
286,aum_usd,0.051000804509525544,random_weight_sensitivity,Dirichlet perturbation centered on BWM_weights_main; no performance tuning.
287,momentum_12_1,0.08591748721901424,random_weight_sensitivity,Dirichlet perturbation centered on BWM_weights_main; no performance tuning.
287,volatility_annualized,0.10291216256605804,random_weight_sensitivity,Dirichlet perturbation centered on BWM_weights_main; no performance tuning.
287,rolling_max_drawdown,0.18914048199827777,random_weight_sensitivity,Dirichlet perturbation centered on BWM_weights_main; no performance tuning.
287,rolling_sortino,0.08439158758599374,random_weight_sensitivity,Dirichlet perturbation centered on BWM_weights_main; no performance tuning.
287,avg_dollar_volume,0.08195255051576363,random_weight_sensitivity,Dirichlet perturbation centered on BWM_weights_main; no performance tuning.
287,expense_ratio,0.09075956796077321,random_weight_sensitivity,Dirichlet perturbation centered on BWM_weights_main; no performance tuning.
287,tracking_error_vs_category_benchmark,0.11066422609771823,random_weight_sensitivity,Dirichlet perturbation centered on BWM_weights_main; no performance tuning.
287,beta_vs_category_benchmark,0.07757652581715131,random_weight_sensitivity,Dirichlet perturbation centered on BWM_weights_main; no performance tuning.
287,marginal_correlation_to_selected_universe,0.09930667240087551,random_weight_sensitivity,Dirichlet perturbation centered on BWM_weights_main; no performance tuning.
287,fund_age_months,0.04316496073755275,random_weight_sensitivity,Dirichlet perturbation centered on BWM_weights_main; no performance tuning.
287,aum_usd,0.03421377710082164,random_weight_sensitivity,Dirichlet perturbation centered on BWM_weights_main; no performance tuning.
288,momentum_12_1,0.08862061233403554,random_weight_sensitivity,Dirichlet perturbation centered on BWM_weights_main; no performance tuning.
288,volatility_annualized,0.11639164800268337,random_weight_sensitivity,Dirichlet perturbation centered on BWM_weights_main; no performance tuning.
288,rolling_max_drawdown,0.1408626015917655,random_weight_sensitivity,Dirichlet perturbation centered on BWM_weights_main; no performance tuning.
288,rolling_sortino,0.06392611523156548,random_weight_sensitivity,Dirichlet perturbation centered on BWM_weights_main; no performance tuning.
288,avg_dollar_volume,0.11442552363550992,random_weight_sensitivity,Dirichlet perturbation centered on BWM_weights_main; no performance tuning.
288,expense_ratio,0.1462705702641785,random_weight_sensitivity,Dirichlet perturbation centered on BWM_weights_main; no performance tuning.
288,tracking_error_vs_category_benchmark,0.10117249537455582,random_weight_sensitivity,Dirichlet perturbation centered on BWM_weights_main; no performance tuning.
288,beta_vs_category_benchmark,0.11494846489425253,random_weight_sensitivity,Dirichlet perturbation centered on BWM_weights_main; no performance tuning.
288,marginal_correlation_to_selected_universe,0.053120061622025656,random_weight_sensitivity,Dirichlet perturbation centered on BWM_weights_main; no performance tuning.
288,fund_age_months,0.001662128817110266,random_weight_sensitivity,Dirichlet perturbation centered on BWM_weights_main; no performance tuning.
288,aum_usd,0.058599778232317455,random_weight_sensitivity,Dirichlet perturbation centered on BWM_weights_main; no performance tuning.
289,momentum_12_1,0.0989108379540823,random_weight_sensitivity,Dirichlet perturbation centered on BWM_weights_main; no performance tuning.
289,volatility_annualized,0.18211357517366653,random_weight_sensitivity,Dirichlet perturbation centered on BWM_weights_main; no performance tuning.
289,rolling_max_drawdown,0.17123466229678416,random_weight_sensitivity,Dirichlet perturbation centered on BWM_weights_main; no performance tuning.
289,rolling_sortino,0.0642696829012053,random_weight_sensitivity,Dirichlet perturbation centered on BWM_weights_main; no performance tuning.
289,avg_dollar_volume,0.028264533149996187,random_weight_sensitivity,Dirichlet perturbation centered on BWM_weights_main; no performance tuning.
289,expense_ratio,0.06540437999590086,random_weight_sensitivity,Dirichlet perturbation centered on BWM_weights_main; no performance tuning.
289,tracking_error_vs_category_benchmark,0.10715143461714362,random_weight_sensitivity,Dirichlet perturbation centered on BWM_weights_main; no performance tuning.
289,beta_vs_category_benchmark,0.05838979622746601,random_weight_sensitivity,Dirichlet perturbation centered on BWM_weights_main; no performance tuning.
289,marginal_correlation_to_selected_universe,0.14108265234951708,random_weight_sensitivity,Dirichlet perturbation centered on BWM_weights_main; no performance tuning.
289,fund_age_months,0.05355767892280448,random_weight_sensitivity,Dirichlet perturbation centered on BWM_weights_main; no performance tuning.
289,aum_usd,0.02962076641143321,random_weight_sensitivity,Dirichlet perturbation centered on BWM_weights_main; no performance tuning.
290,momentum_12_1,0.0420293392648427,random_weight_sensitivity,Dirichlet perturbation centered on BWM_weights_main; no performance tuning.
290,volatility_annualized,0.10274691229263391,random_weight_sensitivity,Dirichlet perturbation centered on BWM_weights_main; no performance tuning.
290,rolling_max_drawdown,0.229835479893845,random_weight_sensitivity,Dirichlet perturbation centered on BWM_weights_main; no performance tuning.
290,rolling_sortino,0.07991116790018406,random_weight_sensitivity,Dirichlet perturbation centered on BWM_weights_main; no performance tuning.
290,avg_dollar_volume,0.0772689847790001,random_weight_sensitivity,Dirichlet perturbation centered on BWM_weights_main; no performance tuning.
290,expense_ratio,0.03326243995870273,random_weight_sensitivity,Dirichlet perturbation centered on BWM_weights_main; no performance tuning.
290,tracking_error_vs_category_benchmark,0.10176796115856043,random_weight_sensitivity,Dirichlet perturbation centered on BWM_weights_main; no performance tuning.
290,beta_vs_category_benchmark,0.07794815683687302,random_weight_sensitivity,Dirichlet perturbation centered on BWM_weights_main; no performance tuning.
290,marginal_correlation_to_selected_universe,0.10289295334289054,random_weight_sensitivity,Dirichlet perturbation centered on BWM_weights_main; no performance tuning.
290,fund_age_months,0.07286072487951252,random_weight_sensitivity,Dirichlet perturbation centered on BWM_weights_main; no performance tuning.
290,aum_usd,0.07947587969295512,random_weight_sensitivity,Dirichlet perturbation centered on BWM_weights_main; no performance tuning.
291,momentum_12_1,0.11282336425571844,random_weight_sensitivity,Dirichlet perturbation centered on BWM_weights_main; no performance tuning.
291,volatility_annualized,0.12746264204715188,random_weight_sensitivity,Dirichlet perturbation centered on BWM_weights_main; no performance tuning.
291,rolling_max_drawdown,0.16675765722741476,random_weight_sensitivity,Dirichlet perturbation centered on BWM_weights_main; no performance tuning.
291,rolling_sortino,0.0838052595992,random_weight_sensitivity,Dirichlet perturbation centered on BWM_weights_main; no performance tuning.
291,avg_dollar_volume,0.0447359242278148,random_weight_sensitivity,Dirichlet perturbation centered on BWM_weights_main; no performance tuning.
291,expense_ratio,0.030739122576600525,random_weight_sensitivity,Dirichlet perturbation centered on BWM_weights_main; no performance tuning.
291,tracking_error_vs_category_benchmark,0.14942931911671212,random_weight_sensitivity,Dirichlet perturbation centered on BWM_weights_main; no performance tuning.
291,beta_vs_category_benchmark,0.13383509045655975,random_weight_sensitivity,Dirichlet perturbation centered on BWM_weights_main; no performance tuning.
291,marginal_correlation_to_selected_universe,0.08694938042664879,random_weight_sensitivity,Dirichlet perturbation centered on BWM_weights_main; no performance tuning.
291,fund_age_months,0.016955676721940923,random_weight_sensitivity,Dirichlet perturbation centered on BWM_weights_main; no performance tuning.
291,aum_usd,0.046506563344237965,random_weight_sensitivity,Dirichlet perturbation centered on BWM_weights_main; no performance tuning.
292,momentum_12_1,0.11143721384315232,random_weight_sensitivity,Dirichlet perturbation centered on BWM_weights_main; no performance tuning.
292,volatility_annualized,0.07741298492674017,random_weight_sensitivity,Dirichlet perturbation centered on BWM_weights_main; no performance tuning.
292,rolling_max_drawdown,0.14269780634089305,random_weight_sensitivity,Dirichlet perturbation centered on BWM_weights_main; no performance tuning.
292,rolling_sortino,0.23989360035319032,random_weight_sensitivity,Dirichlet perturbation centered on BWM_weights_main; no performance tuning.
292,avg_dollar_volume,0.030788038594307364,random_weight_sensitivity,Dirichlet perturbation centered on BWM_weights_main; no performance tuning.
292,expense_ratio,0.09084486595048952,random_weight_sensitivity,Dirichlet perturbation centered on BWM_weights_main; no performance tuning.
292,tracking_error_vs_category_benchmark,0.06070818675648152,random_weight_sensitivity,Dirichlet perturbation centered on BWM_weights_main; no performance tuning.
292,beta_vs_category_benchmark,0.0735885335013425,random_weight_sensitivity,Dirichlet perturbation centered on BWM_weights_main; no performance tuning.
292,marginal_correlation_to_selected_universe,0.10273879628930287,random_weight_sensitivity,Dirichlet perturbation centered on BWM_weights_main; no performance tuning.
292,fund_age_months,0.004300462502742914,random_weight_sensitivity,Dirichlet perturbation centered on BWM_weights_main; no performance tuning.
292,aum_usd,0.06558951094135743,random_weight_sensitivity,Dirichlet perturbation centered on BWM_weights_main; no performance tuning.
293,momentum_12_1,0.06918175578815793,random_weight_sensitivity,Dirichlet perturbation centered on BWM_weights_main; no performance tuning.
293,volatility_annualized,0.05635742869472262,random_weight_sensitivity,Dirichlet perturbation centered on BWM_weights_main; no performance tuning.
293,rolling_max_drawdown,0.24346693697632366,random_weight_sensitivity,Dirichlet perturbation centered on BWM_weights_main; no performance tuning.
293,rolling_sortino,0.09469487404723777,random_weight_sensitivity,Dirichlet perturbation centered on BWM_weights_main; no performance tuning.
293,avg_dollar_volume,0.04811475093772087,random_weight_sensitivity,Dirichlet perturbation centered on BWM_weights_main; no performance tuning.
293,expense_ratio,0.10402243112994954,random_weight_sensitivity,Dirichlet perturbation centered on BWM_weights_main; no performance tuning.
293,tracking_error_vs_category_benchmark,0.06774019611318192,random_weight_sensitivity,Dirichlet perturbation centered on BWM_weights_main; no performance tuning.
293,beta_vs_category_benchmark,0.02659578418454749,random_weight_sensitivity,Dirichlet perturbation centered on BWM_weights_main; no performance tuning.
293,marginal_correlation_to_selected_universe,0.17438396582695195,random_weight_sensitivity,Dirichlet perturbation centered on BWM_weights_main; no performance tuning.
293,fund_age_months,0.07784745317072453,random_weight_sensitivity,Dirichlet perturbation centered on BWM_weights_main; no performance tuning.
293,aum_usd,0.03759442313048187,random_weight_sensitivity,Dirichlet perturbation centered on BWM_weights_main; no performance tuning.
294,momentum_12_1,0.02407786802737717,random_weight_sensitivity,Dirichlet perturbation centered on BWM_weights_main; no performance tuning.
294,volatility_annualized,0.0909664883816783,random_weight_sensitivity,Dirichlet perturbation centered on BWM_weights_main; no performance tuning.
294,rolling_max_drawdown,0.22298377932183147,random_weight_sensitivity,Dirichlet perturbation centered on BWM_weights_main; no performance tuning.
294,rolling_sortino,0.14800149347719424,random_weight_sensitivity,Dirichlet perturbation centered on BWM_weights_main; no performance tuning.
294,avg_dollar_volume,0.03665758453947532,random_weight_sensitivity,Dirichlet perturbation centered on BWM_weights_main; no performance tuning.
294,expense_ratio,0.054211679928438956,random_weight_sensitivity,Dirichlet perturbation centered on BWM_weights_main; no performance tuning.
294,tracking_error_vs_category_benchmark,0.10625684979585365,random_weight_sensitivity,Dirichlet perturbation centered on BWM_weights_main; no performance tuning.
294,beta_vs_category_benchmark,0.09188264710073166,random_weight_sensitivity,Dirichlet perturbation centered on BWM_weights_main; no performance tuning.
294,marginal_correlation_to_selected_universe,0.1256194656522366,random_weight_sensitivity,Dirichlet perturbation centered on BWM_weights_main; no performance tuning.
294,fund_age_months,0.02838969346379164,random_weight_sensitivity,Dirichlet perturbation centered on BWM_weights_main; no performance tuning.
294,aum_usd,0.07095245031139087,random_weight_sensitivity,Dirichlet perturbation centered on BWM_weights_main; no performance tuning.
295,momentum_12_1,0.09478957888764454,random_weight_sensitivity,Dirichlet perturbation centered on BWM_weights_main; no performance tuning.
295,volatility_annualized,0.16973768994782368,random_weight_sensitivity,Dirichlet perturbation centered on BWM_weights_main; no performance tuning.
295,rolling_max_drawdown,0.14804015397237044,random_weight_sensitivity,Dirichlet perturbation centered on BWM_weights_main; no performance tuning.
295,rolling_sortino,0.12737419724900367,random_weight_sensitivity,Dirichlet perturbation centered on BWM_weights_main; no performance tuning.
295,avg_dollar_volume,0.051299128937847084,random_weight_sensitivity,Dirichlet perturbation centered on BWM_weights_main; no performance tuning.
295,expense_ratio,0.05996670767842215,random_weight_sensitivity,Dirichlet perturbation centered on BWM_weights_main; no performance tuning.
295,tracking_error_vs_category_benchmark,0.09851255832099247,random_weight_sensitivity,Dirichlet perturbation centered on BWM_weights_main; no performance tuning.
295,beta_vs_category_benchmark,0.04984722139001551,random_weight_sensitivity,Dirichlet perturbation centered on BWM_weights_main; no performance tuning.
295,marginal_correlation_to_selected_universe,0.15158192975509835,random_weight_sensitivity,Dirichlet perturbation centered on BWM_weights_main; no performance tuning.
295,fund_age_months,0.012707544731670855,random_weight_sensitivity,Dirichlet perturbation centered on BWM_weights_main; no performance tuning.
295,aum_usd,0.036143289129111404,random_weight_sensitivity,Dirichlet perturbation centered on BWM_weights_main; no performance tuning.
296,momentum_12_1,0.11975049366468545,random_weight_sensitivity,Dirichlet perturbation centered on BWM_weights_main; no performance tuning.
296,volatility_annualized,0.22752765552086582,random_weight_sensitivity,Dirichlet perturbation centered on BWM_weights_main; no performance tuning.
296,rolling_max_drawdown,0.20640013718285585,random_weight_sensitivity,Dirichlet perturbation centered on BWM_weights_main; no performance tuning.
296,rolling_sortino,0.0984446355725902,random_weight_sensitivity,Dirichlet perturbation centered on BWM_weights_main; no performance tuning.
296,avg_dollar_volume,0.021144008037872624,random_weight_sensitivity,Dirichlet perturbation centered on BWM_weights_main; no performance tuning.
296,expense_ratio,0.05832693958161863,random_weight_sensitivity,Dirichlet perturbation centered on BWM_weights_main; no performance tuning.
296,tracking_error_vs_category_benchmark,0.07324171218935295,random_weight_sensitivity,Dirichlet perturbation centered on BWM_weights_main; no performance tuning.
296,beta_vs_category_benchmark,0.05348790363256494,random_weight_sensitivity,Dirichlet perturbation centered on BWM_weights_main; no performance tuning.
296,marginal_correlation_to_selected_universe,0.07995727661489262,random_weight_sensitivity,Dirichlet perturbation centered on BWM_weights_main; no performance tuning.
296,fund_age_months,0.029425500430345416,random_weight_sensitivity,Dirichlet perturbation centered on BWM_weights_main; no performance tuning.
296,aum_usd,0.03229373757235564,random_weight_sensitivity,Dirichlet perturbation centered on BWM_weights_main; no performance tuning.
297,momentum_12_1,0.06522871436817401,random_weight_sensitivity,Dirichlet perturbation centered on BWM_weights_main; no performance tuning.
297,volatility_annualized,0.13330564745060045,random_weight_sensitivity,Dirichlet perturbation centered on BWM_weights_main; no performance tuning.
297,rolling_max_drawdown,0.11643680780367774,random_weight_sensitivity,Dirichlet perturbation centered on BWM_weights_main; no performance tuning.
297,rolling_sortino,0.09512556778665664,random_weight_sensitivity,Dirichlet perturbation centered on BWM_weights_main; no performance tuning.
297,avg_dollar_volume,0.05760163684906055,random_weight_sensitivity,Dirichlet perturbation centered on BWM_weights_main; no performance tuning.
297,expense_ratio,0.07324473523269528,random_weight_sensitivity,Dirichlet perturbation centered on BWM_weights_main; no performance tuning.
297,tracking_error_vs_category_benchmark,0.1451063205113143,random_weight_sensitivity,Dirichlet perturbation centered on BWM_weights_main; no performance tuning.
297,beta_vs_category_benchmark,0.187285651885716,random_weight_sensitivity,Dirichlet perturbation centered on BWM_weights_main; no performance tuning.
297,marginal_correlation_to_selected_universe,0.09685118669326481,random_weight_sensitivity,Dirichlet perturbation centered on BWM_weights_main; no performance tuning.
297,fund_age_months,0.009004759166304027,random_weight_sensitivity,Dirichlet perturbation centered on BWM_weights_main; no performance tuning.
297,aum_usd,0.020808972252536112,random_weight_sensitivity,Dirichlet perturbation centered on BWM_weights_main; no performance tuning.
298,momentum_12_1,0.07737335194575101,random_weight_sensitivity,Dirichlet perturbation centered on BWM_weights_main; no performance tuning.
298,volatility_annualized,0.120265364202956,random_weight_sensitivity,Dirichlet perturbation centered on BWM_weights_main; no performance tuning.
298,rolling_max_drawdown,0.0974949077482047,random_weight_sensitivity,Dirichlet perturbation centered on BWM_weights_main; no performance tuning.
298,rolling_sortino,0.06150822369539139,random_weight_sensitivity,Dirichlet perturbation centered on BWM_weights_main; no performance tuning.
298,avg_dollar_volume,0.08104632984749414,random_weight_sensitivity,Dirichlet perturbation centered on BWM_weights_main; no performance tuning.
298,expense_ratio,0.10858214592345883,random_weight_sensitivity,Dirichlet perturbation centered on BWM_weights_main; no performance tuning.
298,tracking_error_vs_category_benchmark,0.15340038424399138,random_weight_sensitivity,Dirichlet perturbation centered on BWM_weights_main; no performance tuning.
298,beta_vs_category_benchmark,0.07346331574984885,random_weight_sensitivity,Dirichlet perturbation centered on BWM_weights_main; no performance tuning.
298,marginal_correlation_to_selected_universe,0.14524515783411937,random_weight_sensitivity,Dirichlet perturbation centered on BWM_weights_main; no performance tuning.
298,fund_age_months,0.05099007031409539,random_weight_sensitivity,Dirichlet perturbation centered on BWM_weights_main; no performance tuning.
298,aum_usd,0.030630748494688956,random_weight_sensitivity,Dirichlet perturbation centered on BWM_weights_main; no performance tuning.
299,momentum_12_1,0.2040948014423344,random_weight_sensitivity,Dirichlet perturbation centered on BWM_weights_main; no performance tuning.
299,volatility_annualized,0.06848885346471449,random_weight_sensitivity,Dirichlet perturbation centered on BWM_weights_main; no performance tuning.
299,rolling_max_drawdown,0.16513830784723985,random_weight_sensitivity,Dirichlet perturbation centered on BWM_weights_main; no performance tuning.
299,rolling_sortino,0.1198606809263399,random_weight_sensitivity,Dirichlet perturbation centered on BWM_weights_main; no performance tuning.
299,avg_dollar_volume,0.03436523238336901,random_weight_sensitivity,Dirichlet perturbation centered on BWM_weights_main; no performance tuning.
299,expense_ratio,0.11845730916276641,random_weight_sensitivity,Dirichlet perturbation centered on BWM_weights_main; no performance tuning.
299,tracking_error_vs_category_benchmark,0.11011337208130037,random_weight_sensitivity,Dirichlet perturbation centered on BWM_weights_main; no performance tuning.
299,beta_vs_category_benchmark,0.08429506941904835,random_weight_sensitivity,Dirichlet perturbation centered on BWM_weights_main; no performance tuning.
299,marginal_correlation_to_selected_universe,0.030848468432522872,random_weight_sensitivity,Dirichlet perturbation centered on BWM_weights_main; no performance tuning.
299,fund_age_months,0.023810373066181813,random_weight_sensitivity,Dirichlet perturbation centered on BWM_weights_main; no performance tuning.
299,aum_usd,0.040527531774182494,random_weight_sensitivity,Dirichlet perturbation centered on BWM_weights_main; no performance tuning.
300,momentum_12_1,0.07372008323775112,random_weight_sensitivity,Dirichlet perturbation centered on BWM_weights_main; no performance tuning.
300,volatility_annualized,0.12464160527173637,random_weight_sensitivity,Dirichlet perturbation centered on BWM_weights_main; no performance tuning.
300,rolling_max_drawdown,0.15443444593231928,random_weight_sensitivity,Dirichlet perturbation centered on BWM_weights_main; no performance tuning.
300,rolling_sortino,0.09725354156894829,random_weight_sensitivity,Dirichlet perturbation centered on BWM_weights_main; no performance tuning.
300,avg_dollar_volume,0.07915404719907736,random_weight_sensitivity,Dirichlet perturbation centered on BWM_weights_main; no performance tuning.
300,expense_ratio,0.11268470941492623,random_weight_sensitivity,Dirichlet perturbation centered on BWM_weights_main; no performance tuning.
300,tracking_error_vs_category_benchmark,0.15170060375066094,random_weight_sensitivity,Dirichlet perturbation centered on BWM_weights_main; no performance tuning.
300,beta_vs_category_benchmark,0.05210683076706917,random_weight_sensitivity,Dirichlet perturbation centered on BWM_weights_main; no performance tuning.
300,marginal_correlation_to_selected_universe,0.07216793816527887,random_weight_sensitivity,Dirichlet perturbation centered on BWM_weights_main; no performance tuning.
300,fund_age_months,0.05626143300790801,random_weight_sensitivity,Dirichlet perturbation centered on BWM_weights_main; no performance tuning.
300,aum_usd,0.0258747616843245,random_weight_sensitivity,Dirichlet perturbation centered on BWM_weights_main; no performance tuning.
301,momentum_12_1,0.14584327141565642,random_weight_sensitivity,Dirichlet perturbation centered on BWM_weights_main; no performance tuning.
301,volatility_annualized,0.05562412654415124,random_weight_sensitivity,Dirichlet perturbation centered on BWM_weights_main; no performance tuning.
301,rolling_max_drawdown,0.10984081126124681,random_weight_sensitivity,Dirichlet perturbation centered on BWM_weights_main; no performance tuning.
301,rolling_sortino,0.12379254376976971,random_weight_sensitivity,Dirichlet perturbation centered on BWM_weights_main; no performance tuning.
301,avg_dollar_volume,0.0699366439905562,random_weight_sensitivity,Dirichlet perturbation centered on BWM_weights_main; no performance tuning.
301,expense_ratio,0.11203010046758365,random_weight_sensitivity,Dirichlet perturbation centered on BWM_weights_main; no performance tuning.
301,tracking_error_vs_category_benchmark,0.08806775432349416,random_weight_sensitivity,Dirichlet perturbation centered on BWM_weights_main; no performance tuning.
301,beta_vs_category_benchmark,0.09069613501902234,random_weight_sensitivity,Dirichlet perturbation centered on BWM_weights_main; no performance tuning.
301,marginal_correlation_to_selected_universe,0.15715006019801625,random_weight_sensitivity,Dirichlet perturbation centered on BWM_weights_main; no performance tuning.
301,fund_age_months,0.010836289447156353,random_weight_sensitivity,Dirichlet perturbation centered on BWM_weights_main; no performance tuning.
301,aum_usd,0.03618226356334709,random_weight_sensitivity,Dirichlet perturbation centered on BWM_weights_main; no performance tuning.
302,momentum_12_1,0.06005206688497485,random_weight_sensitivity,Dirichlet perturbation centered on BWM_weights_main; no performance tuning.
302,volatility_annualized,0.13098762149467105,random_weight_sensitivity,Dirichlet perturbation centered on BWM_weights_main; no performance tuning.
302,rolling_max_drawdown,0.20488482717191553,random_weight_sensitivity,Dirichlet perturbation centered on BWM_weights_main; no performance tuning.
302,rolling_sortino,0.12336306369823348,random_weight_sensitivity,Dirichlet perturbation centered on BWM_weights_main; no performance tuning.
302,avg_dollar_volume,0.05614915345614685,random_weight_sensitivity,Dirichlet perturbation centered on BWM_weights_main; no performance tuning.
302,expense_ratio,0.08160834159900969,random_weight_sensitivity,Dirichlet perturbation centered on BWM_weights_main; no performance tuning.
302,tracking_error_vs_category_benchmark,0.0269717545963208,random_weight_sensitivity,Dirichlet perturbation centered on BWM_weights_main; no performance tuning.
302,beta_vs_category_benchmark,0.058644513551501416,random_weight_sensitivity,Dirichlet perturbation centered on BWM_weights_main; no performance tuning.
302,marginal_correlation_to_selected_universe,0.17286283711839162,random_weight_sensitivity,Dirichlet perturbation centered on BWM_weights_main; no performance tuning.
302,fund_age_months,0.018080313147887488,random_weight_sensitivity,Dirichlet perturbation centered on BWM_weights_main; no performance tuning.
302,aum_usd,0.06639550728094726,random_weight_sensitivity,Dirichlet perturbation centered on BWM_weights_main; no performance tuning.
303,momentum_12_1,0.09621175442563856,random_weight_sensitivity,Dirichlet perturbation centered on BWM_weights_main; no performance tuning.
303,volatility_annualized,0.17273787146577033,random_weight_sensitivity,Dirichlet perturbation centered on BWM_weights_main; no performance tuning.
303,rolling_max_drawdown,0.1487366270512046,random_weight_sensitivity,Dirichlet perturbation centered on BWM_weights_main; no performance tuning.
303,rolling_sortino,0.12452441715219295,random_weight_sensitivity,Dirichlet perturbation centered on BWM_weights_main; no performance tuning.
303,avg_dollar_volume,0.04979596776054408,random_weight_sensitivity,Dirichlet perturbation centered on BWM_weights_main; no performance tuning.
303,expense_ratio,0.07803739379809048,random_weight_sensitivity,Dirichlet perturbation centered on BWM_weights_main; no performance tuning.
303,tracking_error_vs_category_benchmark,0.08424552296681158,random_weight_sensitivity,Dirichlet perturbation centered on BWM_weights_main; no performance tuning.
303,beta_vs_category_benchmark,0.06869557599604283,random_weight_sensitivity,Dirichlet perturbation centered on BWM_weights_main; no performance tuning.
303,marginal_correlation_to_selected_universe,0.08915954990731316,random_weight_sensitivity,Dirichlet perturbation centered on BWM_weights_main; no performance tuning.
303,fund_age_months,0.03479909689276423,random_weight_sensitivity,Dirichlet perturbation centered on BWM_weights_main; no performance tuning.
303,aum_usd,0.05305622258362733,random_weight_sensitivity,Dirichlet perturbation centered on BWM_weights_main; no performance tuning.
304,momentum_12_1,0.08724609205661435,random_weight_sensitivity,Dirichlet perturbation centered on BWM_weights_main; no performance tuning.
304,volatility_annualized,0.08624484028040719,random_weight_sensitivity,Dirichlet perturbation centered on BWM_weights_main; no performance tuning.
304,rolling_max_drawdown,0.15774494056282037,random_weight_sensitivity,Dirichlet perturbation centered on BWM_weights_main; no performance tuning.
304,rolling_sortino,0.07281377779693762,random_weight_sensitivity,Dirichlet perturbation centered on BWM_weights_main; no performance tuning.
304,avg_dollar_volume,0.10593209254427666,random_weight_sensitivity,Dirichlet perturbation centered on BWM_weights_main; no performance tuning.
304,expense_ratio,0.045587438052534415,random_weight_sensitivity,Dirichlet perturbation centered on BWM_weights_main; no performance tuning.
304,tracking_error_vs_category_benchmark,0.13108417065764785,random_weight_sensitivity,Dirichlet perturbation centered on BWM_weights_main; no performance tuning.
304,beta_vs_category_benchmark,0.05823166815148181,random_weight_sensitivity,Dirichlet perturbation centered on BWM_weights_main; no performance tuning.
304,marginal_correlation_to_selected_universe,0.16656985597797233,random_weight_sensitivity,Dirichlet perturbation centered on BWM_weights_main; no performance tuning.
304,fund_age_months,0.08604634778871194,random_weight_sensitivity,Dirichlet perturbation centered on BWM_weights_main; no performance tuning.
304,aum_usd,0.002498776130595443,random_weight_sensitivity,Dirichlet perturbation centered on BWM_weights_main; no performance tuning.
305,momentum_12_1,0.0772070627478982,random_weight_sensitivity,Dirichlet perturbation centered on BWM_weights_main; no performance tuning.
305,volatility_annualized,0.08813906285801394,random_weight_sensitivity,Dirichlet perturbation centered on BWM_weights_main; no performance tuning.
305,rolling_max_drawdown,0.184768420098703,random_weight_sensitivity,Dirichlet perturbation centered on BWM_weights_main; no performance tuning.
305,rolling_sortino,0.09782659148521004,random_weight_sensitivity,Dirichlet perturbation centered on BWM_weights_main; no performance tuning.
305,avg_dollar_volume,0.03495460283420126,random_weight_sensitivity,Dirichlet perturbation centered on BWM_weights_main; no performance tuning.
305,expense_ratio,0.16212159945573393,random_weight_sensitivity,Dirichlet perturbation centered on BWM_weights_main; no performance tuning.
305,tracking_error_vs_category_benchmark,0.09925195085048548,random_weight_sensitivity,Dirichlet perturbation centered on BWM_weights_main; no performance tuning.
305,beta_vs_category_benchmark,0.08870841459772605,random_weight_sensitivity,Dirichlet perturbation centered on BWM_weights_main; no performance tuning.
305,marginal_correlation_to_selected_universe,0.13176339999484335,random_weight_sensitivity,Dirichlet perturbation centered on BWM_weights_main; no performance tuning.
305,fund_age_months,0.003256372508486507,random_weight_sensitivity,Dirichlet perturbation centered on BWM_weights_main; no performance tuning.
305,aum_usd,0.032002522568698184,random_weight_sensitivity,Dirichlet perturbation centered on BWM_weights_main; no performance tuning.
306,momentum_12_1,0.15955134719132869,random_weight_sensitivity,Dirichlet perturbation centered on BWM_weights_main; no performance tuning.
306,volatility_annualized,0.20222449263139414,random_weight_sensitivity,Dirichlet perturbation centered on BWM_weights_main; no performance tuning.
306,rolling_max_drawdown,0.19635216614443482,random_weight_sensitivity,Dirichlet perturbation centered on BWM_weights_main; no performance tuning.
306,rolling_sortino,0.06725323822403688,random_weight_sensitivity,Dirichlet perturbation centered on BWM_weights_main; no performance tuning.
306,avg_dollar_volume,0.05799387420160176,random_weight_sensitivity,Dirichlet perturbation centered on BWM_weights_main; no performance tuning.
306,expense_ratio,0.0649292874092036,random_weight_sensitivity,Dirichlet perturbation centered on BWM_weights_main; no performance tuning.
306,tracking_error_vs_category_benchmark,0.10162358883106981,random_weight_sensitivity,Dirichlet perturbation centered on BWM_weights_main; no performance tuning.
306,beta_vs_category_benchmark,0.049292047717360954,random_weight_sensitivity,Dirichlet perturbation centered on BWM_weights_main; no performance tuning.
306,marginal_correlation_to_selected_universe,0.0642430520263237,random_weight_sensitivity,Dirichlet perturbation centered on BWM_weights_main; no performance tuning.
306,fund_age_months,0.006409571193777538,random_weight_sensitivity,Dirichlet perturbation centered on BWM_weights_main; no performance tuning.
306,aum_usd,0.03012733442946803,random_weight_sensitivity,Dirichlet perturbation centered on BWM_weights_main; no performance tuning.
307,momentum_12_1,0.12254038668999839,random_weight_sensitivity,Dirichlet perturbation centered on BWM_weights_main; no performance tuning.
307,volatility_annualized,0.14087503304788773,random_weight_sensitivity,Dirichlet perturbation centered on BWM_weights_main; no performance tuning.
307,rolling_max_drawdown,0.17300768052859522,random_weight_sensitivity,Dirichlet perturbation centered on BWM_weights_main; no performance tuning.
307,rolling_sortino,0.058335957895069394,random_weight_sensitivity,Dirichlet perturbation centered on BWM_weights_main; no performance tuning.
307,avg_dollar_volume,0.04635025826099395,random_weight_sensitivity,Dirichlet perturbation centered on BWM_weights_main; no performance tuning.
307,expense_ratio,0.018189535400058514,random_weight_sensitivity,Dirichlet perturbation centered on BWM_weights_main; no performance tuning.
307,tracking_error_vs_category_benchmark,0.15754565520714045,random_weight_sensitivity,Dirichlet perturbation centered on BWM_weights_main; no performance tuning.
307,beta_vs_category_benchmark,0.04271996025742115,random_weight_sensitivity,Dirichlet perturbation centered on BWM_weights_main; no performance tuning.
307,marginal_correlation_to_selected_universe,0.10782386479681402,random_weight_sensitivity,Dirichlet perturbation centered on BWM_weights_main; no performance tuning.
307,fund_age_months,0.040155572902916714,random_weight_sensitivity,Dirichlet perturbation centered on BWM_weights_main; no performance tuning.
307,aum_usd,0.09245609501310458,random_weight_sensitivity,Dirichlet perturbation centered on BWM_weights_main; no performance tuning.
308,momentum_12_1,0.1377672739828733,random_weight_sensitivity,Dirichlet perturbation centered on BWM_weights_main; no performance tuning.
308,volatility_annualized,0.08443895232439026,random_weight_sensitivity,Dirichlet perturbation centered on BWM_weights_main; no performance tuning.
308,rolling_max_drawdown,0.21003296907339716,random_weight_sensitivity,Dirichlet perturbation centered on BWM_weights_main; no performance tuning.
308,rolling_sortino,0.18562484159616738,random_weight_sensitivity,Dirichlet perturbation centered on BWM_weights_main; no performance tuning.
308,avg_dollar_volume,0.045804380719970596,random_weight_sensitivity,Dirichlet perturbation centered on BWM_weights_main; no performance tuning.
308,expense_ratio,0.028643286642388334,random_weight_sensitivity,Dirichlet perturbation centered on BWM_weights_main; no performance tuning.
308,tracking_error_vs_category_benchmark,0.0693660374250203,random_weight_sensitivity,Dirichlet perturbation centered on BWM_weights_main; no performance tuning.
308,beta_vs_category_benchmark,0.08099609665291228,random_weight_sensitivity,Dirichlet perturbation centered on BWM_weights_main; no performance tuning.
308,marginal_correlation_to_selected_universe,0.08531111717634458,random_weight_sensitivity,Dirichlet perturbation centered on BWM_weights_main; no performance tuning.
308,fund_age_months,0.017124779680299324,random_weight_sensitivity,Dirichlet perturbation centered on BWM_weights_main; no performance tuning.
308,aum_usd,0.05489026472623649,random_weight_sensitivity,Dirichlet perturbation centered on BWM_weights_main; no performance tuning.
309,momentum_12_1,0.061199964968476094,random_weight_sensitivity,Dirichlet perturbation centered on BWM_weights_main; no performance tuning.
309,volatility_annualized,0.08406034001087503,random_weight_sensitivity,Dirichlet perturbation centered on BWM_weights_main; no performance tuning.
309,rolling_max_drawdown,0.1365753350982921,random_weight_sensitivity,Dirichlet perturbation centered on BWM_weights_main; no performance tuning.
309,rolling_sortino,0.16258856202665262,random_weight_sensitivity,Dirichlet perturbation centered on BWM_weights_main; no performance tuning.
309,avg_dollar_volume,0.08480023722406967,random_weight_sensitivity,Dirichlet perturbation centered on BWM_weights_main; no performance tuning.
309,expense_ratio,0.047877677184608995,random_weight_sensitivity,Dirichlet perturbation centered on BWM_weights_main; no performance tuning.
309,tracking_error_vs_category_benchmark,0.07445857028082947,random_weight_sensitivity,Dirichlet perturbation centered on BWM_weights_main; no performance tuning.
309,beta_vs_category_benchmark,0.12723831153992574,random_weight_sensitivity,Dirichlet perturbation centered on BWM_weights_main; no performance tuning.
309,marginal_correlation_to_selected_universe,0.16438003292452993,random_weight_sensitivity,Dirichlet perturbation centered on BWM_weights_main; no performance tuning.
309,fund_age_months,0.024522866703811673,random_weight_sensitivity,Dirichlet perturbation centered on BWM_weights_main; no performance tuning.
309,aum_usd,0.032298102037928406,random_weight_sensitivity,Dirichlet perturbation centered on BWM_weights_main; no performance tuning.
310,momentum_12_1,0.0780018144946919,random_weight_sensitivity,Dirichlet perturbation centered on BWM_weights_main; no performance tuning.
310,volatility_annualized,0.09396205494296278,random_weight_sensitivity,Dirichlet perturbation centered on BWM_weights_main; no performance tuning.
310,rolling_max_drawdown,0.1600712294760869,random_weight_sensitivity,Dirichlet perturbation centered on BWM_weights_main; no performance tuning.
310,rolling_sortino,0.20231097449466362,random_weight_sensitivity,Dirichlet perturbation centered on BWM_weights_main; no performance tuning.
310,avg_dollar_volume,0.04435318488835153,random_weight_sensitivity,Dirichlet perturbation centered on BWM_weights_main; no performance tuning.
310,expense_ratio,0.07006770475339617,random_weight_sensitivity,Dirichlet perturbation centered on BWM_weights_main; no performance tuning.
310,tracking_error_vs_category_benchmark,0.057683249269850995,random_weight_sensitivity,Dirichlet perturbation centered on BWM_weights_main; no performance tuning.
310,beta_vs_category_benchmark,0.03651418726162463,random_weight_sensitivity,Dirichlet perturbation centered on BWM_weights_main; no performance tuning.
310,marginal_correlation_to_selected_universe,0.17449881098659834,random_weight_sensitivity,Dirichlet perturbation centered on BWM_weights_main; no performance tuning.
310,fund_age_months,0.0324156214412523,random_weight_sensitivity,Dirichlet perturbation centered on BWM_weights_main; no performance tuning.
310,aum_usd,0.05012116799052074,random_weight_sensitivity,Dirichlet perturbation centered on BWM_weights_main; no performance tuning.
311,momentum_12_1,0.09142094371888747,random_weight_sensitivity,Dirichlet perturbation centered on BWM_weights_main; no performance tuning.
311,volatility_annualized,0.05168731402873942,random_weight_sensitivity,Dirichlet perturbation centered on BWM_weights_main; no performance tuning.
311,rolling_max_drawdown,0.166076244728822,random_weight_sensitivity,Dirichlet perturbation centered on BWM_weights_main; no performance tuning.
311,rolling_sortino,0.10049513427727075,random_weight_sensitivity,Dirichlet perturbation centered on BWM_weights_main; no performance tuning.
311,avg_dollar_volume,0.09446537235699812,random_weight_sensitivity,Dirichlet perturbation centered on BWM_weights_main; no performance tuning.
311,expense_ratio,0.11367731393723482,random_weight_sensitivity,Dirichlet perturbation centered on BWM_weights_main; no performance tuning.
311,tracking_error_vs_category_benchmark,0.1427809523557314,random_weight_sensitivity,Dirichlet perturbation centered on BWM_weights_main; no performance tuning.
311,beta_vs_category_benchmark,0.08134693347608184,random_weight_sensitivity,Dirichlet perturbation centered on BWM_weights_main; no performance tuning.
311,marginal_correlation_to_selected_universe,0.10786318789660282,random_weight_sensitivity,Dirichlet perturbation centered on BWM_weights_main; no performance tuning.
311,fund_age_months,0.02383127562158847,random_weight_sensitivity,Dirichlet perturbation centered on BWM_weights_main; no performance tuning.
311,aum_usd,0.026355327602042945,random_weight_sensitivity,Dirichlet perturbation centered on BWM_weights_main; no performance tuning.
312,momentum_12_1,0.0924310299867945,random_weight_sensitivity,Dirichlet perturbation centered on BWM_weights_main; no performance tuning.
312,volatility_annualized,0.08306786498273946,random_weight_sensitivity,Dirichlet perturbation centered on BWM_weights_main; no performance tuning.
312,rolling_max_drawdown,0.3007656668950131,random_weight_sensitivity,Dirichlet perturbation centered on BWM_weights_main; no performance tuning.
312,rolling_sortino,0.09766036921394358,random_weight_sensitivity,Dirichlet perturbation centered on BWM_weights_main; no performance tuning.
312,avg_dollar_volume,0.016836377450595606,random_weight_sensitivity,Dirichlet perturbation centered on BWM_weights_main; no performance tuning.
312,expense_ratio,0.04607873367205829,random_weight_sensitivity,Dirichlet perturbation centered on BWM_weights_main; no performance tuning.
312,tracking_error_vs_category_benchmark,0.07941574614984864,random_weight_sensitivity,Dirichlet perturbation centered on BWM_weights_main; no performance tuning.
312,beta_vs_category_benchmark,0.08745834737795599,random_weight_sensitivity,Dirichlet perturbation centered on BWM_weights_main; no performance tuning.
312,marginal_correlation_to_selected_universe,0.10258584593141223,random_weight_sensitivity,Dirichlet perturbation centered on BWM_weights_main; no performance tuning.
312,fund_age_months,0.02155207789304678,random_weight_sensitivity,Dirichlet perturbation centered on BWM_weights_main; no performance tuning.
312,aum_usd,0.07214794044659183,random_weight_sensitivity,Dirichlet perturbation centered on BWM_weights_main; no performance tuning.
313,momentum_12_1,0.17927809711569953,random_weight_sensitivity,Dirichlet perturbation centered on BWM_weights_main; no performance tuning.
313,volatility_annualized,0.1252473936700986,random_weight_sensitivity,Dirichlet perturbation centered on BWM_weights_main; no performance tuning.
313,rolling_max_drawdown,0.15467104255096067,random_weight_sensitivity,Dirichlet perturbation centered on BWM_weights_main; no performance tuning.
313,rolling_sortino,0.08296038445872006,random_weight_sensitivity,Dirichlet perturbation centered on BWM_weights_main; no performance tuning.
313,avg_dollar_volume,0.006924259706878033,random_weight_sensitivity,Dirichlet perturbation centered on BWM_weights_main; no performance tuning.
313,expense_ratio,0.10709590558462635,random_weight_sensitivity,Dirichlet perturbation centered on BWM_weights_main; no performance tuning.
313,tracking_error_vs_category_benchmark,0.08285843055898494,random_weight_sensitivity,Dirichlet perturbation centered on BWM_weights_main; no performance tuning.
313,beta_vs_category_benchmark,0.06035641129296607,random_weight_sensitivity,Dirichlet perturbation centered on BWM_weights_main; no performance tuning.
313,marginal_correlation_to_selected_universe,0.07879900210055255,random_weight_sensitivity,Dirichlet perturbation centered on BWM_weights_main; no performance tuning.
313,fund_age_months,0.005245103989212286,random_weight_sensitivity,Dirichlet perturbation centered on BWM_weights_main; no performance tuning.
313,aum_usd,0.11656396897130077,random_weight_sensitivity,Dirichlet perturbation centered on BWM_weights_main; no performance tuning.
314,momentum_12_1,0.08911358308963949,random_weight_sensitivity,Dirichlet perturbation centered on BWM_weights_main; no performance tuning.
314,volatility_annualized,0.15840354491016428,random_weight_sensitivity,Dirichlet perturbation centered on BWM_weights_main; no performance tuning.
314,rolling_max_drawdown,0.149171352245838,random_weight_sensitivity,Dirichlet perturbation centered on BWM_weights_main; no performance tuning.
314,rolling_sortino,0.06984064795727943,random_weight_sensitivity,Dirichlet perturbation centered on BWM_weights_main; no performance tuning.
314,avg_dollar_volume,0.07927410657490594,random_weight_sensitivity,Dirichlet perturbation centered on BWM_weights_main; no performance tuning.
314,expense_ratio,0.09606508702191258,random_weight_sensitivity,Dirichlet perturbation centered on BWM_weights_main; no performance tuning.
314,tracking_error_vs_category_benchmark,0.13864802052937927,random_weight_sensitivity,Dirichlet perturbation centered on BWM_weights_main; no performance tuning.
314,beta_vs_category_benchmark,0.05412823540530266,random_weight_sensitivity,Dirichlet perturbation centered on BWM_weights_main; no performance tuning.
314,marginal_correlation_to_selected_universe,0.12010149572495579,random_weight_sensitivity,Dirichlet perturbation centered on BWM_weights_main; no performance tuning.
314,fund_age_months,0.009664281951244386,random_weight_sensitivity,Dirichlet perturbation centered on BWM_weights_main; no performance tuning.
314,aum_usd,0.03558964458937823,random_weight_sensitivity,Dirichlet perturbation centered on BWM_weights_main; no performance tuning.
315,momentum_12_1,0.10345736753426889,random_weight_sensitivity,Dirichlet perturbation centered on BWM_weights_main; no performance tuning.
315,volatility_annualized,0.09718270728136516,random_weight_sensitivity,Dirichlet perturbation centered on BWM_weights_main; no performance tuning.
315,rolling_max_drawdown,0.21750512793600418,random_weight_sensitivity,Dirichlet perturbation centered on BWM_weights_main; no performance tuning.
315,rolling_sortino,0.07247332564599901,random_weight_sensitivity,Dirichlet perturbation centered on BWM_weights_main; no performance tuning.
315,avg_dollar_volume,0.11735734936341245,random_weight_sensitivity,Dirichlet perturbation centered on BWM_weights_main; no performance tuning.
315,expense_ratio,0.06069002602429507,random_weight_sensitivity,Dirichlet perturbation centered on BWM_weights_main; no performance tuning.
315,tracking_error_vs_category_benchmark,0.16315753127911686,random_weight_sensitivity,Dirichlet perturbation centered on BWM_weights_main; no performance tuning.
315,beta_vs_category_benchmark,0.04642255573549675,random_weight_sensitivity,Dirichlet perturbation centered on BWM_weights_main; no performance tuning.
315,marginal_correlation_to_selected_universe,0.09720572105695205,random_weight_sensitivity,Dirichlet perturbation centered on BWM_weights_main; no performance tuning.
315,fund_age_months,0.00611991958481441,random_weight_sensitivity,Dirichlet perturbation centered on BWM_weights_main; no performance tuning.
315,aum_usd,0.018428368558275142,random_weight_sensitivity,Dirichlet perturbation centered on BWM_weights_main; no performance tuning.
316,momentum_12_1,0.08777616047915017,random_weight_sensitivity,Dirichlet perturbation centered on BWM_weights_main; no performance tuning.
316,volatility_annualized,0.08375079002630377,random_weight_sensitivity,Dirichlet perturbation centered on BWM_weights_main; no performance tuning.
316,rolling_max_drawdown,0.15784452842216143,random_weight_sensitivity,Dirichlet perturbation centered on BWM_weights_main; no performance tuning.
316,rolling_sortino,0.12274781855022132,random_weight_sensitivity,Dirichlet perturbation centered on BWM_weights_main; no performance tuning.
316,avg_dollar_volume,0.10541125148439329,random_weight_sensitivity,Dirichlet perturbation centered on BWM_weights_main; no performance tuning.
316,expense_ratio,0.10806171082157214,random_weight_sensitivity,Dirichlet perturbation centered on BWM_weights_main; no performance tuning.
316,tracking_error_vs_category_benchmark,0.05682929846385942,random_weight_sensitivity,Dirichlet perturbation centered on BWM_weights_main; no performance tuning.
316,beta_vs_category_benchmark,0.06894079097073776,random_weight_sensitivity,Dirichlet perturbation centered on BWM_weights_main; no performance tuning.
316,marginal_correlation_to_selected_universe,0.10461496399836251,random_weight_sensitivity,Dirichlet perturbation centered on BWM_weights_main; no performance tuning.
316,fund_age_months,0.06559863706691658,random_weight_sensitivity,Dirichlet perturbation centered on BWM_weights_main; no performance tuning.
316,aum_usd,0.038424049716321566,random_weight_sensitivity,Dirichlet perturbation centered on BWM_weights_main; no performance tuning.
317,momentum_12_1,0.12422387824454209,random_weight_sensitivity,Dirichlet perturbation centered on BWM_weights_main; no performance tuning.
317,volatility_annualized,0.06863848498906028,random_weight_sensitivity,Dirichlet perturbation centered on BWM_weights_main; no performance tuning.
317,rolling_max_drawdown,0.1806068883553802,random_weight_sensitivity,Dirichlet perturbation centered on BWM_weights_main; no performance tuning.
317,rolling_sortino,0.06685204715701153,random_weight_sensitivity,Dirichlet perturbation centered on BWM_weights_main; no performance tuning.
317,avg_dollar_volume,0.08638099537262792,random_weight_sensitivity,Dirichlet perturbation centered on BWM_weights_main; no performance tuning.
317,expense_ratio,0.15641207800952867,random_weight_sensitivity,Dirichlet perturbation centered on BWM_weights_main; no performance tuning.
317,tracking_error_vs_category_benchmark,0.09218028023995099,random_weight_sensitivity,Dirichlet perturbation centered on BWM_weights_main; no performance tuning.
317,beta_vs_category_benchmark,0.07385880748651875,random_weight_sensitivity,Dirichlet perturbation centered on BWM_weights_main; no performance tuning.
317,marginal_correlation_to_selected_universe,0.08788911843087138,random_weight_sensitivity,Dirichlet perturbation centered on BWM_weights_main; no performance tuning.
317,fund_age_months,0.012460432327211052,random_weight_sensitivity,Dirichlet perturbation centered on BWM_weights_main; no performance tuning.
317,aum_usd,0.05049698938729707,random_weight_sensitivity,Dirichlet perturbation centered on BWM_weights_main; no performance tuning.
318,momentum_12_1,0.16326283673960376,random_weight_sensitivity,Dirichlet perturbation centered on BWM_weights_main; no performance tuning.
318,volatility_annualized,0.13500590046046446,random_weight_sensitivity,Dirichlet perturbation centered on BWM_weights_main; no performance tuning.
318,rolling_max_drawdown,0.23622093283350712,random_weight_sensitivity,Dirichlet perturbation centered on BWM_weights_main; no performance tuning.
318,rolling_sortino,0.11603089560681884,random_weight_sensitivity,Dirichlet perturbation centered on BWM_weights_main; no performance tuning.
318,avg_dollar_volume,0.04705168501445327,random_weight_sensitivity,Dirichlet perturbation centered on BWM_weights_main; no performance tuning.
318,expense_ratio,0.04386329619808182,random_weight_sensitivity,Dirichlet perturbation centered on BWM_weights_main; no performance tuning.
318,tracking_error_vs_category_benchmark,0.05926035069597262,random_weight_sensitivity,Dirichlet perturbation centered on BWM_weights_main; no performance tuning.
318,beta_vs_category_benchmark,0.011497330838783909,random_weight_sensitivity,Dirichlet perturbation centered on BWM_weights_main; no performance tuning.
318,marginal_correlation_to_selected_universe,0.07363403624528583,random_weight_sensitivity,Dirichlet perturbation centered on BWM_weights_main; no performance tuning.
318,fund_age_months,0.04562214271078407,random_weight_sensitivity,Dirichlet perturbation centered on BWM_weights_main; no performance tuning.
318,aum_usd,0.06855059265624433,random_weight_sensitivity,Dirichlet perturbation centered on BWM_weights_main; no performance tuning.
319,momentum_12_1,0.21324582544476103,random_weight_sensitivity,Dirichlet perturbation centered on BWM_weights_main; no performance tuning.
319,volatility_annualized,0.09971399800838963,random_weight_sensitivity,Dirichlet perturbation centered on BWM_weights_main; no performance tuning.
319,rolling_max_drawdown,0.11478358096903564,random_weight_sensitivity,Dirichlet perturbation centered on BWM_weights_main; no performance tuning.
319,rolling_sortino,0.11421243287607862,random_weight_sensitivity,Dirichlet perturbation centered on BWM_weights_main; no performance tuning.
319,avg_dollar_volume,0.14030853574881694,random_weight_sensitivity,Dirichlet perturbation centered on BWM_weights_main; no performance tuning.
319,expense_ratio,0.12203060829899497,random_weight_sensitivity,Dirichlet perturbation centered on BWM_weights_main; no performance tuning.
319,tracking_error_vs_category_benchmark,0.07601690074570684,random_weight_sensitivity,Dirichlet perturbation centered on BWM_weights_main; no performance tuning.
319,beta_vs_category_benchmark,0.03240476856782521,random_weight_sensitivity,Dirichlet perturbation centered on BWM_weights_main; no performance tuning.
319,marginal_correlation_to_selected_universe,0.05616199462339577,random_weight_sensitivity,Dirichlet perturbation centered on BWM_weights_main; no performance tuning.
319,fund_age_months,0.008042876703913663,random_weight_sensitivity,Dirichlet perturbation centered on BWM_weights_main; no performance tuning.
319,aum_usd,0.02307847801308183,random_weight_sensitivity,Dirichlet perturbation centered on BWM_weights_main; no performance tuning.
320,momentum_12_1,0.11494504067569003,random_weight_sensitivity,Dirichlet perturbation centered on BWM_weights_main; no performance tuning.
320,volatility_annualized,0.1689967506636893,random_weight_sensitivity,Dirichlet perturbation centered on BWM_weights_main; no performance tuning.
320,rolling_max_drawdown,0.21350338596578233,random_weight_sensitivity,Dirichlet perturbation centered on BWM_weights_main; no performance tuning.
320,rolling_sortino,0.13297627633013825,random_weight_sensitivity,Dirichlet perturbation centered on BWM_weights_main; no performance tuning.
320,avg_dollar_volume,0.03585359071153377,random_weight_sensitivity,Dirichlet perturbation centered on BWM_weights_main; no performance tuning.
320,expense_ratio,0.056764182850268255,random_weight_sensitivity,Dirichlet perturbation centered on BWM_weights_main; no performance tuning.
320,tracking_error_vs_category_benchmark,0.09302165954831551,random_weight_sensitivity,Dirichlet perturbation centered on BWM_weights_main; no performance tuning.
320,beta_vs_category_benchmark,0.03249738940676254,random_weight_sensitivity,Dirichlet perturbation centered on BWM_weights_main; no performance tuning.
320,marginal_correlation_to_selected_universe,0.11222156359523817,random_weight_sensitivity,Dirichlet perturbation centered on BWM_weights_main; no performance tuning.
320,fund_age_months,0.0035322039168423735,random_weight_sensitivity,Dirichlet perturbation centered on BWM_weights_main; no performance tuning.
320,aum_usd,0.03568795633573944,random_weight_sensitivity,Dirichlet perturbation centered on BWM_weights_main; no performance tuning.
321,momentum_12_1,0.1003002269168121,random_weight_sensitivity,Dirichlet perturbation centered on BWM_weights_main; no performance tuning.
321,volatility_annualized,0.16315684590438384,random_weight_sensitivity,Dirichlet perturbation centered on BWM_weights_main; no performance tuning.
321,rolling_max_drawdown,0.13330060478076702,random_weight_sensitivity,Dirichlet perturbation centered on BWM_weights_main; no performance tuning.
321,rolling_sortino,0.09919090499891325,random_weight_sensitivity,Dirichlet perturbation centered on BWM_weights_main; no performance tuning.
321,avg_dollar_volume,0.04443581699932867,random_weight_sensitivity,Dirichlet perturbation centered on BWM_weights_main; no performance tuning.
321,expense_ratio,0.025531715926620385,random_weight_sensitivity,Dirichlet perturbation centered on BWM_weights_main; no performance tuning.
321,tracking_error_vs_category_benchmark,0.16391683582765304,random_weight_sensitivity,Dirichlet perturbation centered on BWM_weights_main; no performance tuning.
321,beta_vs_category_benchmark,0.06745724653386605,random_weight_sensitivity,Dirichlet perturbation centered on BWM_weights_main; no performance tuning.
321,marginal_correlation_to_selected_universe,0.11515191835407566,random_weight_sensitivity,Dirichlet perturbation centered on BWM_weights_main; no performance tuning.
321,fund_age_months,0.061532470179515936,random_weight_sensitivity,Dirichlet perturbation centered on BWM_weights_main; no performance tuning.
321,aum_usd,0.0260254135780641,random_weight_sensitivity,Dirichlet perturbation centered on BWM_weights_main; no performance tuning.
322,momentum_12_1,0.05120305647268168,random_weight_sensitivity,Dirichlet perturbation centered on BWM_weights_main; no performance tuning.
322,volatility_annualized,0.061631954691983085,random_weight_sensitivity,Dirichlet perturbation centered on BWM_weights_main; no performance tuning.
322,rolling_max_drawdown,0.10526406270403531,random_weight_sensitivity,Dirichlet perturbation centered on BWM_weights_main; no performance tuning.
322,rolling_sortino,0.1355291159744001,random_weight_sensitivity,Dirichlet perturbation centered on BWM_weights_main; no performance tuning.
322,avg_dollar_volume,0.13680352147905275,random_weight_sensitivity,Dirichlet perturbation centered on BWM_weights_main; no performance tuning.
322,expense_ratio,0.0610447249869677,random_weight_sensitivity,Dirichlet perturbation centered on BWM_weights_main; no performance tuning.
322,tracking_error_vs_category_benchmark,0.11630070589151124,random_weight_sensitivity,Dirichlet perturbation centered on BWM_weights_main; no performance tuning.
322,beta_vs_category_benchmark,0.09062713407815212,random_weight_sensitivity,Dirichlet perturbation centered on BWM_weights_main; no performance tuning.
322,marginal_correlation_to_selected_universe,0.1667737462176712,random_weight_sensitivity,Dirichlet perturbation centered on BWM_weights_main; no performance tuning.
322,fund_age_months,0.06800422017214254,random_weight_sensitivity,Dirichlet perturbation centered on BWM_weights_main; no performance tuning.
322,aum_usd,0.006817757331402108,random_weight_sensitivity,Dirichlet perturbation centered on BWM_weights_main; no performance tuning.
323,momentum_12_1,0.09075592688443439,random_weight_sensitivity,Dirichlet perturbation centered on BWM_weights_main; no performance tuning.
323,volatility_annualized,0.1169968745468821,random_weight_sensitivity,Dirichlet perturbation centered on BWM_weights_main; no performance tuning.
323,rolling_max_drawdown,0.16994687691827837,random_weight_sensitivity,Dirichlet perturbation centered on BWM_weights_main; no performance tuning.
323,rolling_sortino,0.10422232662723578,random_weight_sensitivity,Dirichlet perturbation centered on BWM_weights_main; no performance tuning.
323,avg_dollar_volume,0.0929053153832193,random_weight_sensitivity,Dirichlet perturbation centered on BWM_weights_main; no performance tuning.
323,expense_ratio,0.0192792019129871,random_weight_sensitivity,Dirichlet perturbation centered on BWM_weights_main; no performance tuning.
323,tracking_error_vs_category_benchmark,0.13614400448061978,random_weight_sensitivity,Dirichlet perturbation centered on BWM_weights_main; no performance tuning.
323,beta_vs_category_benchmark,0.11765156883619399,random_weight_sensitivity,Dirichlet perturbation centered on BWM_weights_main; no performance tuning.
323,marginal_correlation_to_selected_universe,0.11804236935238764,random_weight_sensitivity,Dirichlet perturbation centered on BWM_weights_main; no performance tuning.
323,fund_age_months,0.00041237647150173425,random_weight_sensitivity,Dirichlet perturbation centered on BWM_weights_main; no performance tuning.
323,aum_usd,0.03364315858625962,random_weight_sensitivity,Dirichlet perturbation centered on BWM_weights_main; no performance tuning.
324,momentum_12_1,0.11193948066579727,random_weight_sensitivity,Dirichlet perturbation centered on BWM_weights_main; no performance tuning.
324,volatility_annualized,0.14539026343028216,random_weight_sensitivity,Dirichlet perturbation centered on BWM_weights_main; no performance tuning.
324,rolling_max_drawdown,0.2295800583537858,random_weight_sensitivity,Dirichlet perturbation centered on BWM_weights_main; no performance tuning.
324,rolling_sortino,0.0944833647275545,random_weight_sensitivity,Dirichlet perturbation centered on BWM_weights_main; no performance tuning.
324,avg_dollar_volume,0.045219071679795074,random_weight_sensitivity,Dirichlet perturbation centered on BWM_weights_main; no performance tuning.
324,expense_ratio,0.06214056049596403,random_weight_sensitivity,Dirichlet perturbation centered on BWM_weights_main; no performance tuning.
324,tracking_error_vs_category_benchmark,0.04499413018719313,random_weight_sensitivity,Dirichlet perturbation centered on BWM_weights_main; no performance tuning.
324,beta_vs_category_benchmark,0.047518520268438114,random_weight_sensitivity,Dirichlet perturbation centered on BWM_weights_main; no performance tuning.
324,marginal_correlation_to_selected_universe,0.15603187438082322,random_weight_sensitivity,Dirichlet perturbation centered on BWM_weights_main; no performance tuning.
324,fund_age_months,0.016813624331350075,random_weight_sensitivity,Dirichlet perturbation centered on BWM_weights_main; no performance tuning.
324,aum_usd,0.04588905147901649,random_weight_sensitivity,Dirichlet perturbation centered on BWM_weights_main; no performance tuning.
325,momentum_12_1,0.05778640182523671,random_weight_sensitivity,Dirichlet perturbation centered on BWM_weights_main; no performance tuning.
325,volatility_annualized,0.15528788138513663,random_weight_sensitivity,Dirichlet perturbation centered on BWM_weights_main; no performance tuning.
325,rolling_max_drawdown,0.18313340297059144,random_weight_sensitivity,Dirichlet perturbation centered on BWM_weights_main; no performance tuning.
325,rolling_sortino,0.1202712244842878,random_weight_sensitivity,Dirichlet perturbation centered on BWM_weights_main; no performance tuning.
325,avg_dollar_volume,0.0891348526690211,random_weight_sensitivity,Dirichlet perturbation centered on BWM_weights_main; no performance tuning.
325,expense_ratio,0.10796568390190228,random_weight_sensitivity,Dirichlet perturbation centered on BWM_weights_main; no performance tuning.
325,tracking_error_vs_category_benchmark,0.11300721885363901,random_weight_sensitivity,Dirichlet perturbation centered on BWM_weights_main; no performance tuning.
325,beta_vs_category_benchmark,0.06412441723352569,random_weight_sensitivity,Dirichlet perturbation centered on BWM_weights_main; no performance tuning.
325,marginal_correlation_to_selected_universe,0.06324730110617142,random_weight_sensitivity,Dirichlet perturbation centered on BWM_weights_main; no performance tuning.
325,fund_age_months,0.0031127104486090807,random_weight_sensitivity,Dirichlet perturbation centered on BWM_weights_main; no performance tuning.
325,aum_usd,0.0429289051218788,random_weight_sensitivity,Dirichlet perturbation centered on BWM_weights_main; no performance tuning.
326,momentum_12_1,0.10568539624921296,random_weight_sensitivity,Dirichlet perturbation centered on BWM_weights_main; no performance tuning.
326,volatility_annualized,0.11259616359490189,random_weight_sensitivity,Dirichlet perturbation centered on BWM_weights_main; no performance tuning.
326,rolling_max_drawdown,0.13009691901405168,random_weight_sensitivity,Dirichlet perturbation centered on BWM_weights_main; no performance tuning.
326,rolling_sortino,0.07323527127404911,random_weight_sensitivity,Dirichlet perturbation centered on BWM_weights_main; no performance tuning.
326,avg_dollar_volume,0.06415264166636034,random_weight_sensitivity,Dirichlet perturbation centered on BWM_weights_main; no performance tuning.
326,expense_ratio,0.04773749257826884,random_weight_sensitivity,Dirichlet perturbation centered on BWM_weights_main; no performance tuning.
326,tracking_error_vs_category_benchmark,0.22108665999232577,random_weight_sensitivity,Dirichlet perturbation centered on BWM_weights_main; no performance tuning.
326,beta_vs_category_benchmark,0.044327278775722574,random_weight_sensitivity,Dirichlet perturbation centered on BWM_weights_main; no performance tuning.
326,marginal_correlation_to_selected_universe,0.1085636577449091,random_weight_sensitivity,Dirichlet perturbation centered on BWM_weights_main; no performance tuning.
326,fund_age_months,0.03374341585243685,random_weight_sensitivity,Dirichlet perturbation centered on BWM_weights_main; no performance tuning.
326,aum_usd,0.058775103257760974,random_weight_sensitivity,Dirichlet perturbation centered on BWM_weights_main; no performance tuning.
327,momentum_12_1,0.07969565255250691,random_weight_sensitivity,Dirichlet perturbation centered on BWM_weights_main; no performance tuning.
327,volatility_annualized,0.11963485318735044,random_weight_sensitivity,Dirichlet perturbation centered on BWM_weights_main; no performance tuning.
327,rolling_max_drawdown,0.1983482924097187,random_weight_sensitivity,Dirichlet perturbation centered on BWM_weights_main; no performance tuning.
327,rolling_sortino,0.12167700408947162,random_weight_sensitivity,Dirichlet perturbation centered on BWM_weights_main; no performance tuning.
327,avg_dollar_volume,0.06644983443757518,random_weight_sensitivity,Dirichlet perturbation centered on BWM_weights_main; no performance tuning.
327,expense_ratio,0.09280831599580039,random_weight_sensitivity,Dirichlet perturbation centered on BWM_weights_main; no performance tuning.
327,tracking_error_vs_category_benchmark,0.10596576856250245,random_weight_sensitivity,Dirichlet perturbation centered on BWM_weights_main; no performance tuning.
327,beta_vs_category_benchmark,0.03056058940828786,random_weight_sensitivity,Dirichlet perturbation centered on BWM_weights_main; no performance tuning.
327,marginal_correlation_to_selected_universe,0.10470839857114475,random_weight_sensitivity,Dirichlet perturbation centered on BWM_weights_main; no performance tuning.
327,fund_age_months,0.023384411352648335,random_weight_sensitivity,Dirichlet perturbation centered on BWM_weights_main; no performance tuning.
327,aum_usd,0.056766879432993446,random_weight_sensitivity,Dirichlet perturbation centered on BWM_weights_main; no performance tuning.
328,momentum_12_1,0.09560542255641925,random_weight_sensitivity,Dirichlet perturbation centered on BWM_weights_main; no performance tuning.
328,volatility_annualized,0.17154581867132732,random_weight_sensitivity,Dirichlet perturbation centered on BWM_weights_main; no performance tuning.
328,rolling_max_drawdown,0.15881510262942614,random_weight_sensitivity,Dirichlet perturbation centered on BWM_weights_main; no performance tuning.
328,rolling_sortino,0.07278994969204797,random_weight_sensitivity,Dirichlet perturbation centered on BWM_weights_main; no performance tuning.
328,avg_dollar_volume,0.10871087383964233,random_weight_sensitivity,Dirichlet perturbation centered on BWM_weights_main; no performance tuning.
328,expense_ratio,0.05486346911294379,random_weight_sensitivity,Dirichlet perturbation centered on BWM_weights_main; no performance tuning.
328,tracking_error_vs_category_benchmark,0.09210073888283014,random_weight_sensitivity,Dirichlet perturbation centered on BWM_weights_main; no performance tuning.
328,beta_vs_category_benchmark,0.06842045075447196,random_weight_sensitivity,Dirichlet perturbation centered on BWM_weights_main; no performance tuning.
328,marginal_correlation_to_selected_universe,0.09887705103629787,random_weight_sensitivity,Dirichlet perturbation centered on BWM_weights_main; no performance tuning.
328,fund_age_months,0.02722021405133832,random_weight_sensitivity,Dirichlet perturbation centered on BWM_weights_main; no performance tuning.
328,aum_usd,0.05105090877325473,random_weight_sensitivity,Dirichlet perturbation centered on BWM_weights_main; no performance tuning.
329,momentum_12_1,0.08410788911364711,random_weight_sensitivity,Dirichlet perturbation centered on BWM_weights_main; no performance tuning.
329,volatility_annualized,0.06691644082358003,random_weight_sensitivity,Dirichlet perturbation centered on BWM_weights_main; no performance tuning.
329,rolling_max_drawdown,0.14350986673502353,random_weight_sensitivity,Dirichlet perturbation centered on BWM_weights_main; no performance tuning.
329,rolling_sortino,0.17170517286935952,random_weight_sensitivity,Dirichlet perturbation centered on BWM_weights_main; no performance tuning.
329,avg_dollar_volume,0.06308455171187326,random_weight_sensitivity,Dirichlet perturbation centered on BWM_weights_main; no performance tuning.
329,expense_ratio,0.10298916464891349,random_weight_sensitivity,Dirichlet perturbation centered on BWM_weights_main; no performance tuning.
329,tracking_error_vs_category_benchmark,0.14269946333638692,random_weight_sensitivity,Dirichlet perturbation centered on BWM_weights_main; no performance tuning.
329,beta_vs_category_benchmark,0.0720921738331078,random_weight_sensitivity,Dirichlet perturbation centered on BWM_weights_main; no performance tuning.
329,marginal_correlation_to_selected_universe,0.07543769288722857,random_weight_sensitivity,Dirichlet perturbation centered on BWM_weights_main; no performance tuning.
329,fund_age_months,0.037071874674769786,random_weight_sensitivity,Dirichlet perturbation centered on BWM_weights_main; no performance tuning.
329,aum_usd,0.04038570936610999,random_weight_sensitivity,Dirichlet perturbation centered on BWM_weights_main; no performance tuning.
330,momentum_12_1,0.07003601560382391,random_weight_sensitivity,Dirichlet perturbation centered on BWM_weights_main; no performance tuning.
330,volatility_annualized,0.0968289135153277,random_weight_sensitivity,Dirichlet perturbation centered on BWM_weights_main; no performance tuning.
330,rolling_max_drawdown,0.12947800523136657,random_weight_sensitivity,Dirichlet perturbation centered on BWM_weights_main; no performance tuning.
330,rolling_sortino,0.0986788833552309,random_weight_sensitivity,Dirichlet perturbation centered on BWM_weights_main; no performance tuning.
330,avg_dollar_volume,0.07948543323171996,random_weight_sensitivity,Dirichlet perturbation centered on BWM_weights_main; no performance tuning.
330,expense_ratio,0.07224995920020172,random_weight_sensitivity,Dirichlet perturbation centered on BWM_weights_main; no performance tuning.
330,tracking_error_vs_category_benchmark,0.10685915192144688,random_weight_sensitivity,Dirichlet perturbation centered on BWM_weights_main; no performance tuning.
330,beta_vs_category_benchmark,0.0790824019181832,random_weight_sensitivity,Dirichlet perturbation centered on BWM_weights_main; no performance tuning.
330,marginal_correlation_to_selected_universe,0.14237833988379525,random_weight_sensitivity,Dirichlet perturbation centered on BWM_weights_main; no performance tuning.
330,fund_age_months,0.0447598840665699,random_weight_sensitivity,Dirichlet perturbation centered on BWM_weights_main; no performance tuning.
330,aum_usd,0.08016301207233406,random_weight_sensitivity,Dirichlet perturbation centered on BWM_weights_main; no performance tuning.
331,momentum_12_1,0.08485019732622673,random_weight_sensitivity,Dirichlet perturbation centered on BWM_weights_main; no performance tuning.
331,volatility_annualized,0.17620531355299282,random_weight_sensitivity,Dirichlet perturbation centered on BWM_weights_main; no performance tuning.
331,rolling_max_drawdown,0.208838029448918,random_weight_sensitivity,Dirichlet perturbation centered on BWM_weights_main; no performance tuning.
331,rolling_sortino,0.10046339467934406,random_weight_sensitivity,Dirichlet perturbation centered on BWM_weights_main; no performance tuning.
331,avg_dollar_volume,0.04375152372714242,random_weight_sensitivity,Dirichlet perturbation centered on BWM_weights_main; no performance tuning.
331,expense_ratio,0.01633307662250467,random_weight_sensitivity,Dirichlet perturbation centered on BWM_weights_main; no performance tuning.
331,tracking_error_vs_category_benchmark,0.1361714023446491,random_weight_sensitivity,Dirichlet perturbation centered on BWM_weights_main; no performance tuning.
331,beta_vs_category_benchmark,0.09044374220719896,random_weight_sensitivity,Dirichlet perturbation centered on BWM_weights_main; no performance tuning.
331,marginal_correlation_to_selected_universe,0.09173098212047388,random_weight_sensitivity,Dirichlet perturbation centered on BWM_weights_main; no performance tuning.
331,fund_age_months,0.01240277743874684,random_weight_sensitivity,Dirichlet perturbation centered on BWM_weights_main; no performance tuning.
331,aum_usd,0.038809560531802303,random_weight_sensitivity,Dirichlet perturbation centered on BWM_weights_main; no performance tuning.
332,momentum_12_1,0.09080506438457822,random_weight_sensitivity,Dirichlet perturbation centered on BWM_weights_main; no performance tuning.
332,volatility_annualized,0.07579533086192275,random_weight_sensitivity,Dirichlet perturbation centered on BWM_weights_main; no performance tuning.
332,rolling_max_drawdown,0.13477091947882203,random_weight_sensitivity,Dirichlet perturbation centered on BWM_weights_main; no performance tuning.
332,rolling_sortino,0.16108267040936122,random_weight_sensitivity,Dirichlet perturbation centered on BWM_weights_main; no performance tuning.
332,avg_dollar_volume,0.053639922365005116,random_weight_sensitivity,Dirichlet perturbation centered on BWM_weights_main; no performance tuning.
332,expense_ratio,0.08209319309998339,random_weight_sensitivity,Dirichlet perturbation centered on BWM_weights_main; no performance tuning.
332,tracking_error_vs_category_benchmark,0.1311451651003359,random_weight_sensitivity,Dirichlet perturbation centered on BWM_weights_main; no performance tuning.
332,beta_vs_category_benchmark,0.08406438877841835,random_weight_sensitivity,Dirichlet perturbation centered on BWM_weights_main; no performance tuning.
332,marginal_correlation_to_selected_universe,0.13393060056807632,random_weight_sensitivity,Dirichlet perturbation centered on BWM_weights_main; no performance tuning.
332,fund_age_months,0.02792759745330606,random_weight_sensitivity,Dirichlet perturbation centered on BWM_weights_main; no performance tuning.
332,aum_usd,0.024745147500190752,random_weight_sensitivity,Dirichlet perturbation centered on BWM_weights_main; no performance tuning.
333,momentum_12_1,0.08344036826829704,random_weight_sensitivity,Dirichlet perturbation centered on BWM_weights_main; no performance tuning.
333,volatility_annualized,0.14321258029054468,random_weight_sensitivity,Dirichlet perturbation centered on BWM_weights_main; no performance tuning.
333,rolling_max_drawdown,0.14695926398419112,random_weight_sensitivity,Dirichlet perturbation centered on BWM_weights_main; no performance tuning.
333,rolling_sortino,0.09427792974992762,random_weight_sensitivity,Dirichlet perturbation centered on BWM_weights_main; no performance tuning.
333,avg_dollar_volume,0.07812713912884998,random_weight_sensitivity,Dirichlet perturbation centered on BWM_weights_main; no performance tuning.
333,expense_ratio,0.11992832924713628,random_weight_sensitivity,Dirichlet perturbation centered on BWM_weights_main; no performance tuning.
333,tracking_error_vs_category_benchmark,0.13816869931560924,random_weight_sensitivity,Dirichlet perturbation centered on BWM_weights_main; no performance tuning.
333,beta_vs_category_benchmark,0.03777922348203767,random_weight_sensitivity,Dirichlet perturbation centered on BWM_weights_main; no performance tuning.
333,marginal_correlation_to_selected_universe,0.10808222809865137,random_weight_sensitivity,Dirichlet perturbation centered on BWM_weights_main; no performance tuning.
333,fund_age_months,0.02131588735269304,random_weight_sensitivity,Dirichlet perturbation centered on BWM_weights_main; no performance tuning.
333,aum_usd,0.02870835108206199,random_weight_sensitivity,Dirichlet perturbation centered on BWM_weights_main; no performance tuning.
334,momentum_12_1,0.10692106904793647,random_weight_sensitivity,Dirichlet perturbation centered on BWM_weights_main; no performance tuning.
334,volatility_annualized,0.08058743164567776,random_weight_sensitivity,Dirichlet perturbation centered on BWM_weights_main; no performance tuning.
334,rolling_max_drawdown,0.1824530960546758,random_weight_sensitivity,Dirichlet perturbation centered on BWM_weights_main; no performance tuning.
334,rolling_sortino,0.08642759112537918,random_weight_sensitivity,Dirichlet perturbation centered on BWM_weights_main; no performance tuning.
334,avg_dollar_volume,0.07237353716469806,random_weight_sensitivity,Dirichlet perturbation centered on BWM_weights_main; no performance tuning.
334,expense_ratio,0.05826880186782167,random_weight_sensitivity,Dirichlet perturbation centered on BWM_weights_main; no performance tuning.
334,tracking_error_vs_category_benchmark,0.18900259099005012,random_weight_sensitivity,Dirichlet perturbation centered on BWM_weights_main; no performance tuning.
334,beta_vs_category_benchmark,0.07353869574036187,random_weight_sensitivity,Dirichlet perturbation centered on BWM_weights_main; no performance tuning.
334,marginal_correlation_to_selected_universe,0.10321701722733945,random_weight_sensitivity,Dirichlet perturbation centered on BWM_weights_main; no performance tuning.
334,fund_age_months,0.015757492887409786,random_weight_sensitivity,Dirichlet perturbation centered on BWM_weights_main; no performance tuning.
334,aum_usd,0.03145267624864975,random_weight_sensitivity,Dirichlet perturbation centered on BWM_weights_main; no performance tuning.
335,momentum_12_1,0.046987219310731375,random_weight_sensitivity,Dirichlet perturbation centered on BWM_weights_main; no performance tuning.
335,volatility_annualized,0.10643276717916016,random_weight_sensitivity,Dirichlet perturbation centered on BWM_weights_main; no performance tuning.
335,rolling_max_drawdown,0.20814230630690864,random_weight_sensitivity,Dirichlet perturbation centered on BWM_weights_main; no performance tuning.
335,rolling_sortino,0.0639157632745459,random_weight_sensitivity,Dirichlet perturbation centered on BWM_weights_main; no performance tuning.
335,avg_dollar_volume,0.08508344099921619,random_weight_sensitivity,Dirichlet perturbation centered on BWM_weights_main; no performance tuning.
335,expense_ratio,0.1434081196587028,random_weight_sensitivity,Dirichlet perturbation centered on BWM_weights_main; no performance tuning.
335,tracking_error_vs_category_benchmark,0.15734181894397317,random_weight_sensitivity,Dirichlet perturbation centered on BWM_weights_main; no performance tuning.
335,beta_vs_category_benchmark,0.09208432915395207,random_weight_sensitivity,Dirichlet perturbation centered on BWM_weights_main; no performance tuning.
335,marginal_correlation_to_selected_universe,0.049396309957862775,random_weight_sensitivity,Dirichlet perturbation centered on BWM_weights_main; no performance tuning.
335,fund_age_months,0.0041594109040099456,random_weight_sensitivity,Dirichlet perturbation centered on BWM_weights_main; no performance tuning.
335,aum_usd,0.04304851431093705,random_weight_sensitivity,Dirichlet perturbation centered on BWM_weights_main; no performance tuning.
336,momentum_12_1,0.11368631752394691,random_weight_sensitivity,Dirichlet perturbation centered on BWM_weights_main; no performance tuning.
336,volatility_annualized,0.04663247681101611,random_weight_sensitivity,Dirichlet perturbation centered on BWM_weights_main; no performance tuning.
336,rolling_max_drawdown,0.1820598626460945,random_weight_sensitivity,Dirichlet perturbation centered on BWM_weights_main; no performance tuning.
336,rolling_sortino,0.1418168298199896,random_weight_sensitivity,Dirichlet perturbation centered on BWM_weights_main; no performance tuning.
336,avg_dollar_volume,0.06840225271256502,random_weight_sensitivity,Dirichlet perturbation centered on BWM_weights_main; no performance tuning.
336,expense_ratio,0.07425720663703526,random_weight_sensitivity,Dirichlet perturbation centered on BWM_weights_main; no performance tuning.
336,tracking_error_vs_category_benchmark,0.07075184008578123,random_weight_sensitivity,Dirichlet perturbation centered on BWM_weights_main; no performance tuning.
336,beta_vs_category_benchmark,0.05978511545449989,random_weight_sensitivity,Dirichlet perturbation centered on BWM_weights_main; no performance tuning.
336,marginal_correlation_to_selected_universe,0.14453429069877977,random_weight_sensitivity,Dirichlet perturbation centered on BWM_weights_main; no performance tuning.
336,fund_age_months,0.013144256632993512,random_weight_sensitivity,Dirichlet perturbation centered on BWM_weights_main; no performance tuning.
336,aum_usd,0.08492955097729808,random_weight_sensitivity,Dirichlet perturbation centered on BWM_weights_main; no performance tuning.
337,momentum_12_1,0.1189858365147357,random_weight_sensitivity,Dirichlet perturbation centered on BWM_weights_main; no performance tuning.
337,volatility_annualized,0.13831545865728423,random_weight_sensitivity,Dirichlet perturbation centered on BWM_weights_main; no performance tuning.
337,rolling_max_drawdown,0.253489738471858,random_weight_sensitivity,Dirichlet perturbation centered on BWM_weights_main; no performance tuning.
337,rolling_sortino,0.14604114495982504,random_weight_sensitivity,Dirichlet perturbation centered on BWM_weights_main; no performance tuning.
337,avg_dollar_volume,0.04629304234279033,random_weight_sensitivity,Dirichlet perturbation centered on BWM_weights_main; no performance tuning.
337,expense_ratio,0.050536289875398765,random_weight_sensitivity,Dirichlet perturbation centered on BWM_weights_main; no performance tuning.
337,tracking_error_vs_category_benchmark,0.047896354855521815,random_weight_sensitivity,Dirichlet perturbation centered on BWM_weights_main; no performance tuning.
337,beta_vs_category_benchmark,0.06544451506343474,random_weight_sensitivity,Dirichlet perturbation centered on BWM_weights_main; no performance tuning.
337,marginal_correlation_to_selected_universe,0.0819333653350971,random_weight_sensitivity,Dirichlet perturbation centered on BWM_weights_main; no performance tuning.
337,fund_age_months,0.013201412755010886,random_weight_sensitivity,Dirichlet perturbation centered on BWM_weights_main; no performance tuning.
337,aum_usd,0.03786284116904334,random_weight_sensitivity,Dirichlet perturbation centered on BWM_weights_main; no performance tuning.
338,momentum_12_1,0.10874588479863874,random_weight_sensitivity,Dirichlet perturbation centered on BWM_weights_main; no performance tuning.
338,volatility_annualized,0.0965849874386226,random_weight_sensitivity,Dirichlet perturbation centered on BWM_weights_main; no performance tuning.
338,rolling_max_drawdown,0.1766089416930761,random_weight_sensitivity,Dirichlet perturbation centered on BWM_weights_main; no performance tuning.
338,rolling_sortino,0.11661981895842438,random_weight_sensitivity,Dirichlet perturbation centered on BWM_weights_main; no performance tuning.
338,avg_dollar_volume,0.06546550992266556,random_weight_sensitivity,Dirichlet perturbation centered on BWM_weights_main; no performance tuning.
338,expense_ratio,0.09954341533540864,random_weight_sensitivity,Dirichlet perturbation centered on BWM_weights_main; no performance tuning.
338,tracking_error_vs_category_benchmark,0.10095943796561295,random_weight_sensitivity,Dirichlet perturbation centered on BWM_weights_main; no performance tuning.
338,beta_vs_category_benchmark,0.13011404696534729,random_weight_sensitivity,Dirichlet perturbation centered on BWM_weights_main; no performance tuning.
338,marginal_correlation_to_selected_universe,0.06750072756244559,random_weight_sensitivity,Dirichlet perturbation centered on BWM_weights_main; no performance tuning.
338,fund_age_months,0.013665167521898999,random_weight_sensitivity,Dirichlet perturbation centered on BWM_weights_main; no performance tuning.
338,aum_usd,0.02419206183785924,random_weight_sensitivity,Dirichlet perturbation centered on BWM_weights_main; no performance tuning.
339,momentum_12_1,0.1303692479126519,random_weight_sensitivity,Dirichlet perturbation centered on BWM_weights_main; no performance tuning.
339,volatility_annualized,0.07970664975345884,random_weight_sensitivity,Dirichlet perturbation centered on BWM_weights_main; no performance tuning.
339,rolling_max_drawdown,0.2812710926465237,random_weight_sensitivity,Dirichlet perturbation centered on BWM_weights_main; no performance tuning.
339,rolling_sortino,0.06549079904057462,random_weight_sensitivity,Dirichlet perturbation centered on BWM_weights_main; no performance tuning.
339,avg_dollar_volume,0.05113120658347587,random_weight_sensitivity,Dirichlet perturbation centered on BWM_weights_main; no performance tuning.
339,expense_ratio,0.03745383493142755,random_weight_sensitivity,Dirichlet perturbation centered on BWM_weights_main; no performance tuning.
339,tracking_error_vs_category_benchmark,0.11135120469103693,random_weight_sensitivity,Dirichlet perturbation centered on BWM_weights_main; no performance tuning.
339,beta_vs_category_benchmark,0.08478388504507109,random_weight_sensitivity,Dirichlet perturbation centered on BWM_weights_main; no performance tuning.
339,marginal_correlation_to_selected_universe,0.061527606099768574,random_weight_sensitivity,Dirichlet perturbation centered on BWM_weights_main; no performance tuning.
339,fund_age_months,0.015179299349149017,random_weight_sensitivity,Dirichlet perturbation centered on BWM_weights_main; no performance tuning.
339,aum_usd,0.08173517394686192,random_weight_sensitivity,Dirichlet perturbation centered on BWM_weights_main; no performance tuning.
340,momentum_12_1,0.16300975250482,random_weight_sensitivity,Dirichlet perturbation centered on BWM_weights_main; no performance tuning.
340,volatility_annualized,0.1317342831309637,random_weight_sensitivity,Dirichlet perturbation centered on BWM_weights_main; no performance tuning.
340,rolling_max_drawdown,0.08517710244165327,random_weight_sensitivity,Dirichlet perturbation centered on BWM_weights_main; no performance tuning.
340,rolling_sortino,0.10295585253357979,random_weight_sensitivity,Dirichlet perturbation centered on BWM_weights_main; no performance tuning.
340,avg_dollar_volume,0.10958859641598741,random_weight_sensitivity,Dirichlet perturbation centered on BWM_weights_main; no performance tuning.
340,expense_ratio,0.051097982783866874,random_weight_sensitivity,Dirichlet perturbation centered on BWM_weights_main; no performance tuning.
340,tracking_error_vs_category_benchmark,0.06025289221411857,random_weight_sensitivity,Dirichlet perturbation centered on BWM_weights_main; no performance tuning.
340,beta_vs_category_benchmark,0.10573350729316668,random_weight_sensitivity,Dirichlet perturbation centered on BWM_weights_main; no performance tuning.
340,marginal_correlation_to_selected_universe,0.1572663319419758,random_weight_sensitivity,Dirichlet perturbation centered on BWM_weights_main; no performance tuning.
340,fund_age_months,0.017786695808254465,random_weight_sensitivity,Dirichlet perturbation centered on BWM_weights_main; no performance tuning.
340,aum_usd,0.015397002931613578,random_weight_sensitivity,Dirichlet perturbation centered on BWM_weights_main; no performance tuning.
341,momentum_12_1,0.06421759317166392,random_weight_sensitivity,Dirichlet perturbation centered on BWM_weights_main; no performance tuning.
341,volatility_annualized,0.14906140076372137,random_weight_sensitivity,Dirichlet perturbation centered on BWM_weights_main; no performance tuning.
341,rolling_max_drawdown,0.19844690950058164,random_weight_sensitivity,Dirichlet perturbation centered on BWM_weights_main; no performance tuning.
341,rolling_sortino,0.12753698140876377,random_weight_sensitivity,Dirichlet perturbation centered on BWM_weights_main; no performance tuning.
341,avg_dollar_volume,0.07806081761466054,random_weight_sensitivity,Dirichlet perturbation centered on BWM_weights_main; no performance tuning.
341,expense_ratio,0.05476381256065415,random_weight_sensitivity,Dirichlet perturbation centered on BWM_weights_main; no performance tuning.
341,tracking_error_vs_category_benchmark,0.06278711968505865,random_weight_sensitivity,Dirichlet perturbation centered on BWM_weights_main; no performance tuning.
341,beta_vs_category_benchmark,0.06852356346131923,random_weight_sensitivity,Dirichlet perturbation centered on BWM_weights_main; no performance tuning.
341,marginal_correlation_to_selected_universe,0.13834688866684203,random_weight_sensitivity,Dirichlet perturbation centered on BWM_weights_main; no performance tuning.
341,fund_age_months,0.028001626816164783,random_weight_sensitivity,Dirichlet perturbation centered on BWM_weights_main; no performance tuning.
341,aum_usd,0.03025328635057026,random_weight_sensitivity,Dirichlet perturbation centered on BWM_weights_main; no performance tuning.
342,momentum_12_1,0.18923666325411834,random_weight_sensitivity,Dirichlet perturbation centered on BWM_weights_main; no performance tuning.
342,volatility_annualized,0.07630341896060291,random_weight_sensitivity,Dirichlet perturbation centered on BWM_weights_main; no performance tuning.
342,rolling_max_drawdown,0.0960179736694985,random_weight_sensitivity,Dirichlet perturbation centered on BWM_weights_main; no performance tuning.
342,rolling_sortino,0.17238402904828315,random_weight_sensitivity,Dirichlet perturbation centered on BWM_weights_main; no performance tuning.
342,avg_dollar_volume,0.08210391002650003,random_weight_sensitivity,Dirichlet perturbation centered on BWM_weights_main; no performance tuning.
342,expense_ratio,0.06306209070792758,random_weight_sensitivity,Dirichlet perturbation centered on BWM_weights_main; no performance tuning.
342,tracking_error_vs_category_benchmark,0.14343447850637106,random_weight_sensitivity,Dirichlet perturbation centered on BWM_weights_main; no performance tuning.
342,beta_vs_category_benchmark,0.06947281018831457,random_weight_sensitivity,Dirichlet perturbation centered on BWM_weights_main; no performance tuning.
342,marginal_correlation_to_selected_universe,0.06570187820612594,random_weight_sensitivity,Dirichlet perturbation centered on BWM_weights_main; no performance tuning.
342,fund_age_months,0.005956117391472066,random_weight_sensitivity,Dirichlet perturbation centered on BWM_weights_main; no performance tuning.
342,aum_usd,0.036326630040785714,random_weight_sensitivity,Dirichlet perturbation centered on BWM_weights_main; no performance tuning.
343,momentum_12_1,0.10076760392615594,random_weight_sensitivity,Dirichlet perturbation centered on BWM_weights_main; no performance tuning.
343,volatility_annualized,0.1790253544438905,random_weight_sensitivity,Dirichlet perturbation centered on BWM_weights_main; no performance tuning.
343,rolling_max_drawdown,0.1917872107018168,random_weight_sensitivity,Dirichlet perturbation centered on BWM_weights_main; no performance tuning.
343,rolling_sortino,0.09658239986922822,random_weight_sensitivity,Dirichlet perturbation centered on BWM_weights_main; no performance tuning.
343,avg_dollar_volume,0.05484638063537115,random_weight_sensitivity,Dirichlet perturbation centered on BWM_weights_main; no performance tuning.
343,expense_ratio,0.05252533156646389,random_weight_sensitivity,Dirichlet perturbation centered on BWM_weights_main; no performance tuning.
343,tracking_error_vs_category_benchmark,0.08976345139569428,random_weight_sensitivity,Dirichlet perturbation centered on BWM_weights_main; no performance tuning.
343,beta_vs_category_benchmark,0.04086710105429211,random_weight_sensitivity,Dirichlet perturbation centered on BWM_weights_main; no performance tuning.
343,marginal_correlation_to_selected_universe,0.13333797176229498,random_weight_sensitivity,Dirichlet perturbation centered on BWM_weights_main; no performance tuning.
343,fund_age_months,0.019693342553176986,random_weight_sensitivity,Dirichlet perturbation centered on BWM_weights_main; no performance tuning.
343,aum_usd,0.04080385209161534,random_weight_sensitivity,Dirichlet perturbation centered on BWM_weights_main; no performance tuning.
344,momentum_12_1,0.04391644119516138,random_weight_sensitivity,Dirichlet perturbation centered on BWM_weights_main; no performance tuning.
344,volatility_annualized,0.10101463378617313,random_weight_sensitivity,Dirichlet perturbation centered on BWM_weights_main; no performance tuning.
344,rolling_max_drawdown,0.18212792486158966,random_weight_sensitivity,Dirichlet perturbation centered on BWM_weights_main; no performance tuning.
344,rolling_sortino,0.1509962765886055,random_weight_sensitivity,Dirichlet perturbation centered on BWM_weights_main; no performance tuning.
344,avg_dollar_volume,0.06923419646990056,random_weight_sensitivity,Dirichlet perturbation centered on BWM_weights_main; no performance tuning.
344,expense_ratio,0.12083689760205595,random_weight_sensitivity,Dirichlet perturbation centered on BWM_weights_main; no performance tuning.
344,tracking_error_vs_category_benchmark,0.065857814288144,random_weight_sensitivity,Dirichlet perturbation centered on BWM_weights_main; no performance tuning.
344,beta_vs_category_benchmark,0.11313297972732807,random_weight_sensitivity,Dirichlet perturbation centered on BWM_weights_main; no performance tuning.
344,marginal_correlation_to_selected_universe,0.10399382337239602,random_weight_sensitivity,Dirichlet perturbation centered on BWM_weights_main; no performance tuning.
344,fund_age_months,0.02099105861613779,random_weight_sensitivity,Dirichlet perturbation centered on BWM_weights_main; no performance tuning.
344,aum_usd,0.02789795349250833,random_weight_sensitivity,Dirichlet perturbation centered on BWM_weights_main; no performance tuning.
345,momentum_12_1,0.07468918553048956,random_weight_sensitivity,Dirichlet perturbation centered on BWM_weights_main; no performance tuning.
345,volatility_annualized,0.06872177809334999,random_weight_sensitivity,Dirichlet perturbation centered on BWM_weights_main; no performance tuning.
345,rolling_max_drawdown,0.25040384267763394,random_weight_sensitivity,Dirichlet perturbation centered on BWM_weights_main; no performance tuning.
345,rolling_sortino,0.08029134511626396,random_weight_sensitivity,Dirichlet perturbation centered on BWM_weights_main; no performance tuning.
345,avg_dollar_volume,0.07182736036827946,random_weight_sensitivity,Dirichlet perturbation centered on BWM_weights_main; no performance tuning.
345,expense_ratio,0.07925894570810978,random_weight_sensitivity,Dirichlet perturbation centered on BWM_weights_main; no performance tuning.
345,tracking_error_vs_category_benchmark,0.1143861425571393,random_weight_sensitivity,Dirichlet perturbation centered on BWM_weights_main; no performance tuning.
345,beta_vs_category_benchmark,0.061955704488349556,random_weight_sensitivity,Dirichlet perturbation centered on BWM_weights_main; no performance tuning.
345,marginal_correlation_to_selected_universe,0.15511715712488852,random_weight_sensitivity,Dirichlet perturbation centered on BWM_weights_main; no performance tuning.
345,fund_age_months,0.022519262484259808,random_weight_sensitivity,Dirichlet perturbation centered on BWM_weights_main; no performance tuning.
345,aum_usd,0.020829275851236225,random_weight_sensitivity,Dirichlet perturbation centered on BWM_weights_main; no performance tuning.
346,momentum_12_1,0.09265123828086555,random_weight_sensitivity,Dirichlet perturbation centered on BWM_weights_main; no performance tuning.
346,volatility_annualized,0.05546699172343951,random_weight_sensitivity,Dirichlet perturbation centered on BWM_weights_main; no performance tuning.
346,rolling_max_drawdown,0.21158353456226206,random_weight_sensitivity,Dirichlet perturbation centered on BWM_weights_main; no performance tuning.
346,rolling_sortino,0.13343369286829762,random_weight_sensitivity,Dirichlet perturbation centered on BWM_weights_main; no performance tuning.
346,avg_dollar_volume,0.09466859477160143,random_weight_sensitivity,Dirichlet perturbation centered on BWM_weights_main; no performance tuning.
346,expense_ratio,0.08677758582307107,random_weight_sensitivity,Dirichlet perturbation centered on BWM_weights_main; no performance tuning.
346,tracking_error_vs_category_benchmark,0.09917537917116086,random_weight_sensitivity,Dirichlet perturbation centered on BWM_weights_main; no performance tuning.
346,beta_vs_category_benchmark,0.06882215452415641,random_weight_sensitivity,Dirichlet perturbation centered on BWM_weights_main; no performance tuning.
346,marginal_correlation_to_selected_universe,0.10651309007026968,random_weight_sensitivity,Dirichlet perturbation centered on BWM_weights_main; no performance tuning.
346,fund_age_months,0.042385540048929526,random_weight_sensitivity,Dirichlet perturbation centered on BWM_weights_main; no performance tuning.
346,aum_usd,0.008522198155946216,random_weight_sensitivity,Dirichlet perturbation centered on BWM_weights_main; no performance tuning.
347,momentum_12_1,0.08352606171818168,random_weight_sensitivity,Dirichlet perturbation centered on BWM_weights_main; no performance tuning.
347,volatility_annualized,0.06624449404202255,random_weight_sensitivity,Dirichlet perturbation centered on BWM_weights_main; no performance tuning.
347,rolling_max_drawdown,0.31727463995613275,random_weight_sensitivity,Dirichlet perturbation centered on BWM_weights_main; no performance tuning.
347,rolling_sortino,0.15610008320772434,random_weight_sensitivity,Dirichlet perturbation centered on BWM_weights_main; no performance tuning.
347,avg_dollar_volume,0.05266442650830885,random_weight_sensitivity,Dirichlet perturbation centered on BWM_weights_main; no performance tuning.
347,expense_ratio,0.031262872185074495,random_weight_sensitivity,Dirichlet perturbation centered on BWM_weights_main; no performance tuning.
347,tracking_error_vs_category_benchmark,0.06288414869378169,random_weight_sensitivity,Dirichlet perturbation centered on BWM_weights_main; no performance tuning.
347,beta_vs_category_benchmark,0.1013097830369831,random_weight_sensitivity,Dirichlet perturbation centered on BWM_weights_main; no performance tuning.
347,marginal_correlation_to_selected_universe,0.0516590377621083,random_weight_sensitivity,Dirichlet perturbation centered on BWM_weights_main; no performance tuning.
347,fund_age_months,0.01803311197908475,random_weight_sensitivity,Dirichlet perturbation centered on BWM_weights_main; no performance tuning.
347,aum_usd,0.05904134091059742,random_weight_sensitivity,Dirichlet perturbation centered on BWM_weights_main; no performance tuning.
348,momentum_12_1,0.06595165494782552,random_weight_sensitivity,Dirichlet perturbation centered on BWM_weights_main; no performance tuning.
348,volatility_annualized,0.1096966759662746,random_weight_sensitivity,Dirichlet perturbation centered on BWM_weights_main; no performance tuning.
348,rolling_max_drawdown,0.17756241961966612,random_weight_sensitivity,Dirichlet perturbation centered on BWM_weights_main; no performance tuning.
348,rolling_sortino,0.08853393722651802,random_weight_sensitivity,Dirichlet perturbation centered on BWM_weights_main; no performance tuning.
348,avg_dollar_volume,0.049771987733419884,random_weight_sensitivity,Dirichlet perturbation centered on BWM_weights_main; no performance tuning.
348,expense_ratio,0.10612316173479994,random_weight_sensitivity,Dirichlet perturbation centered on BWM_weights_main; no performance tuning.
348,tracking_error_vs_category_benchmark,0.18434111282103322,random_weight_sensitivity,Dirichlet perturbation centered on BWM_weights_main; no performance tuning.
348,beta_vs_category_benchmark,0.06240383920975689,random_weight_sensitivity,Dirichlet perturbation centered on BWM_weights_main; no performance tuning.
348,marginal_correlation_to_selected_universe,0.12593233322779895,random_weight_sensitivity,Dirichlet perturbation centered on BWM_weights_main; no performance tuning.
348,fund_age_months,0.019900719997331177,random_weight_sensitivity,Dirichlet perturbation centered on BWM_weights_main; no performance tuning.
348,aum_usd,0.009782157515575573,random_weight_sensitivity,Dirichlet perturbation centered on BWM_weights_main; no performance tuning.
349,momentum_12_1,0.09308041669065033,random_weight_sensitivity,Dirichlet perturbation centered on BWM_weights_main; no performance tuning.
349,volatility_annualized,0.04453805337360646,random_weight_sensitivity,Dirichlet perturbation centered on BWM_weights_main; no performance tuning.
349,rolling_max_drawdown,0.16561616709335553,random_weight_sensitivity,Dirichlet perturbation centered on BWM_weights_main; no performance tuning.
349,rolling_sortino,0.10370204830487291,random_weight_sensitivity,Dirichlet perturbation centered on BWM_weights_main; no performance tuning.
349,avg_dollar_volume,0.09396328376656017,random_weight_sensitivity,Dirichlet perturbation centered on BWM_weights_main; no performance tuning.
349,expense_ratio,0.07705471021874001,random_weight_sensitivity,Dirichlet perturbation centered on BWM_weights_main; no performance tuning.
349,tracking_error_vs_category_benchmark,0.14690554315372004,random_weight_sensitivity,Dirichlet perturbation centered on BWM_weights_main; no performance tuning.
349,beta_vs_category_benchmark,0.04373482363102048,random_weight_sensitivity,Dirichlet perturbation centered on BWM_weights_main; no performance tuning.
349,marginal_correlation_to_selected_universe,0.16738911676555265,random_weight_sensitivity,Dirichlet perturbation centered on BWM_weights_main; no performance tuning.
349,fund_age_months,0.05651570739116662,random_weight_sensitivity,Dirichlet perturbation centered on BWM_weights_main; no performance tuning.
349,aum_usd,0.007500129610754825,random_weight_sensitivity,Dirichlet perturbation centered on BWM_weights_main; no performance tuning.
350,momentum_12_1,0.051439278988643866,random_weight_sensitivity,Dirichlet perturbation centered on BWM_weights_main; no performance tuning.
350,volatility_annualized,0.1005140334183635,random_weight_sensitivity,Dirichlet perturbation centered on BWM_weights_main; no performance tuning.
350,rolling_max_drawdown,0.15855157659393782,random_weight_sensitivity,Dirichlet perturbation centered on BWM_weights_main; no performance tuning.
350,rolling_sortino,0.08686690804023947,random_weight_sensitivity,Dirichlet perturbation centered on BWM_weights_main; no performance tuning.
350,avg_dollar_volume,0.07504819188433103,random_weight_sensitivity,Dirichlet perturbation centered on BWM_weights_main; no performance tuning.
350,expense_ratio,0.10226818522586366,random_weight_sensitivity,Dirichlet perturbation centered on BWM_weights_main; no performance tuning.
350,tracking_error_vs_category_benchmark,0.07087890184755458,random_weight_sensitivity,Dirichlet perturbation centered on BWM_weights_main; no performance tuning.
350,beta_vs_category_benchmark,0.11024131727405964,random_weight_sensitivity,Dirichlet perturbation centered on BWM_weights_main; no performance tuning.
350,marginal_correlation_to_selected_universe,0.07675784091870103,random_weight_sensitivity,Dirichlet perturbation centered on BWM_weights_main; no performance tuning.
350,fund_age_months,0.08871010056900765,random_weight_sensitivity,Dirichlet perturbation centered on BWM_weights_main; no performance tuning.
350,aum_usd,0.07872366523929787,random_weight_sensitivity,Dirichlet perturbation centered on BWM_weights_main; no performance tuning.
351,momentum_12_1,0.10535130760673377,random_weight_sensitivity,Dirichlet perturbation centered on BWM_weights_main; no performance tuning.
351,volatility_annualized,0.07681667480159125,random_weight_sensitivity,Dirichlet perturbation centered on BWM_weights_main; no performance tuning.
351,rolling_max_drawdown,0.20408524166699912,random_weight_sensitivity,Dirichlet perturbation centered on BWM_weights_main; no performance tuning.
351,rolling_sortino,0.09876232171295993,random_weight_sensitivity,Dirichlet perturbation centered on BWM_weights_main; no performance tuning.
351,avg_dollar_volume,0.11423006850567657,random_weight_sensitivity,Dirichlet perturbation centered on BWM_weights_main; no performance tuning.
351,expense_ratio,0.028532738821465117,random_weight_sensitivity,Dirichlet perturbation centered on BWM_weights_main; no performance tuning.
351,tracking_error_vs_category_benchmark,0.06820649052528227,random_weight_sensitivity,Dirichlet perturbation centered on BWM_weights_main; no performance tuning.
351,beta_vs_category_benchmark,0.11270617832346076,random_weight_sensitivity,Dirichlet perturbation centered on BWM_weights_main; no performance tuning.
351,marginal_correlation_to_selected_universe,0.09709526586336527,random_weight_sensitivity,Dirichlet perturbation centered on BWM_weights_main; no performance tuning.
351,fund_age_months,0.014981549574776168,random_weight_sensitivity,Dirichlet perturbation centered on BWM_weights_main; no performance tuning.
351,aum_usd,0.07923216259768966,random_weight_sensitivity,Dirichlet perturbation centered on BWM_weights_main; no performance tuning.
352,momentum_12_1,0.14525287838423415,random_weight_sensitivity,Dirichlet perturbation centered on BWM_weights_main; no performance tuning.
352,volatility_annualized,0.1576491967976915,random_weight_sensitivity,Dirichlet perturbation centered on BWM_weights_main; no performance tuning.
352,rolling_max_drawdown,0.22261682097713034,random_weight_sensitivity,Dirichlet perturbation centered on BWM_weights_main; no performance tuning.
352,rolling_sortino,0.09211835825412734,random_weight_sensitivity,Dirichlet perturbation centered on BWM_weights_main; no performance tuning.
352,avg_dollar_volume,0.05601879469810069,random_weight_sensitivity,Dirichlet perturbation centered on BWM_weights_main; no performance tuning.
352,expense_ratio,0.05285762208354587,random_weight_sensitivity,Dirichlet perturbation centered on BWM_weights_main; no performance tuning.
352,tracking_error_vs_category_benchmark,0.06041623711342303,random_weight_sensitivity,Dirichlet perturbation centered on BWM_weights_main; no performance tuning.
352,beta_vs_category_benchmark,0.039902776292222976,random_weight_sensitivity,Dirichlet perturbation centered on BWM_weights_main; no performance tuning.
352,marginal_correlation_to_selected_universe,0.1496136512844926,random_weight_sensitivity,Dirichlet perturbation centered on BWM_weights_main; no performance tuning.
352,fund_age_months,0.008460882742534743,random_weight_sensitivity,Dirichlet perturbation centered on BWM_weights_main; no performance tuning.
352,aum_usd,0.015092781372496752,random_weight_sensitivity,Dirichlet perturbation centered on BWM_weights_main; no performance tuning.
353,momentum_12_1,0.1667698755199271,random_weight_sensitivity,Dirichlet perturbation centered on BWM_weights_main; no performance tuning.
353,volatility_annualized,0.05815448061811507,random_weight_sensitivity,Dirichlet perturbation centered on BWM_weights_main; no performance tuning.
353,rolling_max_drawdown,0.20903071049631958,random_weight_sensitivity,Dirichlet perturbation centered on BWM_weights_main; no performance tuning.
353,rolling_sortino,0.04072175065263036,random_weight_sensitivity,Dirichlet perturbation centered on BWM_weights_main; no performance tuning.
353,avg_dollar_volume,0.1457069419167189,random_weight_sensitivity,Dirichlet perturbation centered on BWM_weights_main; no performance tuning.
353,expense_ratio,0.13839332297953488,random_weight_sensitivity,Dirichlet perturbation centered on BWM_weights_main; no performance tuning.
353,tracking_error_vs_category_benchmark,0.06772970401278497,random_weight_sensitivity,Dirichlet perturbation centered on BWM_weights_main; no performance tuning.
353,beta_vs_category_benchmark,0.06623567885216096,random_weight_sensitivity,Dirichlet perturbation centered on BWM_weights_main; no performance tuning.
353,marginal_correlation_to_selected_universe,0.07149047756433276,random_weight_sensitivity,Dirichlet perturbation centered on BWM_weights_main; no performance tuning.
353,fund_age_months,0.0063523543582017245,random_weight_sensitivity,Dirichlet perturbation centered on BWM_weights_main; no performance tuning.
353,aum_usd,0.029414703029273633,random_weight_sensitivity,Dirichlet perturbation centered on BWM_weights_main; no performance tuning.
354,momentum_12_1,0.12999525616184512,random_weight_sensitivity,Dirichlet perturbation centered on BWM_weights_main; no performance tuning.
354,volatility_annualized,0.13029310031240351,random_weight_sensitivity,Dirichlet perturbation centered on BWM_weights_main; no performance tuning.
354,rolling_max_drawdown,0.2161951196267668,random_weight_sensitivity,Dirichlet perturbation centered on BWM_weights_main; no performance tuning.
354,rolling_sortino,0.09498049069872709,random_weight_sensitivity,Dirichlet perturbation centered on BWM_weights_main; no performance tuning.
354,avg_dollar_volume,0.09117518849162203,random_weight_sensitivity,Dirichlet perturbation centered on BWM_weights_main; no performance tuning.
354,expense_ratio,0.03503045131842802,random_weight_sensitivity,Dirichlet perturbation centered on BWM_weights_main; no performance tuning.
354,tracking_error_vs_category_benchmark,0.11240609290900841,random_weight_sensitivity,Dirichlet perturbation centered on BWM_weights_main; no performance tuning.
354,beta_vs_category_benchmark,0.06717235319263702,random_weight_sensitivity,Dirichlet perturbation centered on BWM_weights_main; no performance tuning.
354,marginal_correlation_to_selected_universe,0.09275934790120102,random_weight_sensitivity,Dirichlet perturbation centered on BWM_weights_main; no performance tuning.
354,fund_age_months,0.023022185806479686,random_weight_sensitivity,Dirichlet perturbation centered on BWM_weights_main; no performance tuning.
354,aum_usd,0.00697041358088144,random_weight_sensitivity,Dirichlet perturbation centered on BWM_weights_main; no performance tuning.
355,momentum_12_1,0.07919825083844155,random_weight_sensitivity,Dirichlet perturbation centered on BWM_weights_main; no performance tuning.
355,volatility_annualized,0.14483464812677388,random_weight_sensitivity,Dirichlet perturbation centered on BWM_weights_main; no performance tuning.
355,rolling_max_drawdown,0.2158433053673197,random_weight_sensitivity,Dirichlet perturbation centered on BWM_weights_main; no performance tuning.
355,rolling_sortino,0.062382449318339306,random_weight_sensitivity,Dirichlet perturbation centered on BWM_weights_main; no performance tuning.
355,avg_dollar_volume,0.07541861167515286,random_weight_sensitivity,Dirichlet perturbation centered on BWM_weights_main; no performance tuning.
355,expense_ratio,0.05840096898371553,random_weight_sensitivity,Dirichlet perturbation centered on BWM_weights_main; no performance tuning.
355,tracking_error_vs_category_benchmark,0.17931139989940348,random_weight_sensitivity,Dirichlet perturbation centered on BWM_weights_main; no performance tuning.
355,beta_vs_category_benchmark,0.04183476948384305,random_weight_sensitivity,Dirichlet perturbation centered on BWM_weights_main; no performance tuning.
355,marginal_correlation_to_selected_universe,0.07464724717001311,random_weight_sensitivity,Dirichlet perturbation centered on BWM_weights_main; no performance tuning.
355,fund_age_months,0.029492969910282118,random_weight_sensitivity,Dirichlet perturbation centered on BWM_weights_main; no performance tuning.
355,aum_usd,0.03863537922671523,random_weight_sensitivity,Dirichlet perturbation centered on BWM_weights_main; no performance tuning.
356,momentum_12_1,0.1000105211014609,random_weight_sensitivity,Dirichlet perturbation centered on BWM_weights_main; no performance tuning.
356,volatility_annualized,0.23735022156282945,random_weight_sensitivity,Dirichlet perturbation centered on BWM_weights_main; no performance tuning.
356,rolling_max_drawdown,0.23893925210403294,random_weight_sensitivity,Dirichlet perturbation centered on BWM_weights_main; no performance tuning.
356,rolling_sortino,0.09506172132482553,random_weight_sensitivity,Dirichlet perturbation centered on BWM_weights_main; no performance tuning.
356,avg_dollar_volume,0.028850388117707983,random_weight_sensitivity,Dirichlet perturbation centered on BWM_weights_main; no performance tuning.
356,expense_ratio,0.05774560336275921,random_weight_sensitivity,Dirichlet perturbation centered on BWM_weights_main; no performance tuning.
356,tracking_error_vs_category_benchmark,0.06481174033911603,random_weight_sensitivity,Dirichlet perturbation centered on BWM_weights_main; no performance tuning.
356,beta_vs_category_benchmark,0.04368788108928759,random_weight_sensitivity,Dirichlet perturbation centered on BWM_weights_main; no performance tuning.
356,marginal_correlation_to_selected_universe,0.07566006911642272,random_weight_sensitivity,Dirichlet perturbation centered on BWM_weights_main; no performance tuning.
356,fund_age_months,0.044483888709868746,random_weight_sensitivity,Dirichlet perturbation centered on BWM_weights_main; no performance tuning.
356,aum_usd,0.01339871317168891,random_weight_sensitivity,Dirichlet perturbation centered on BWM_weights_main; no performance tuning.
357,momentum_12_1,0.12056844916983922,random_weight_sensitivity,Dirichlet perturbation centered on BWM_weights_main; no performance tuning.
357,volatility_annualized,0.1011767763845906,random_weight_sensitivity,Dirichlet perturbation centered on BWM_weights_main; no performance tuning.
357,rolling_max_drawdown,0.17631889358212313,random_weight_sensitivity,Dirichlet perturbation centered on BWM_weights_main; no performance tuning.
357,rolling_sortino,0.05772638299595987,random_weight_sensitivity,Dirichlet perturbation centered on BWM_weights_main; no performance tuning.
357,avg_dollar_volume,0.07896867481190693,random_weight_sensitivity,Dirichlet perturbation centered on BWM_weights_main; no performance tuning.
357,expense_ratio,0.03160027540721108,random_weight_sensitivity,Dirichlet perturbation centered on BWM_weights_main; no performance tuning.
357,tracking_error_vs_category_benchmark,0.14551867430695892,random_weight_sensitivity,Dirichlet perturbation centered on BWM_weights_main; no performance tuning.
357,beta_vs_category_benchmark,0.08939200549212031,random_weight_sensitivity,Dirichlet perturbation centered on BWM_weights_main; no performance tuning.
357,marginal_correlation_to_selected_universe,0.15542058140931314,random_weight_sensitivity,Dirichlet perturbation centered on BWM_weights_main; no performance tuning.
357,fund_age_months,0.015415208656359865,random_weight_sensitivity,Dirichlet perturbation centered on BWM_weights_main; no performance tuning.
357,aum_usd,0.02789407778361695,random_weight_sensitivity,Dirichlet perturbation centered on BWM_weights_main; no performance tuning.
358,momentum_12_1,0.08006003351801592,random_weight_sensitivity,Dirichlet perturbation centered on BWM_weights_main; no performance tuning.
358,volatility_annualized,0.20482171662879536,random_weight_sensitivity,Dirichlet perturbation centered on BWM_weights_main; no performance tuning.
358,rolling_max_drawdown,0.20541229662820737,random_weight_sensitivity,Dirichlet perturbation centered on BWM_weights_main; no performance tuning.
358,rolling_sortino,0.05668631203521954,random_weight_sensitivity,Dirichlet perturbation centered on BWM_weights_main; no performance tuning.
358,avg_dollar_volume,0.11059767729196328,random_weight_sensitivity,Dirichlet perturbation centered on BWM_weights_main; no performance tuning.
358,expense_ratio,0.055355226557717845,random_weight_sensitivity,Dirichlet perturbation centered on BWM_weights_main; no performance tuning.
358,tracking_error_vs_category_benchmark,0.02972289279470713,random_weight_sensitivity,Dirichlet perturbation centered on BWM_weights_main; no performance tuning.
358,beta_vs_category_benchmark,0.041420748129662815,random_weight_sensitivity,Dirichlet perturbation centered on BWM_weights_main; no performance tuning.
358,marginal_correlation_to_selected_universe,0.14023004691676025,random_weight_sensitivity,Dirichlet perturbation centered on BWM_weights_main; no performance tuning.
358,fund_age_months,0.02460444148428597,random_weight_sensitivity,Dirichlet perturbation centered on BWM_weights_main; no performance tuning.
358,aum_usd,0.05108860801466458,random_weight_sensitivity,Dirichlet perturbation centered on BWM_weights_main; no performance tuning.
359,momentum_12_1,0.18544432156552534,random_weight_sensitivity,Dirichlet perturbation centered on BWM_weights_main; no performance tuning.
359,volatility_annualized,0.053157486728790705,random_weight_sensitivity,Dirichlet perturbation centered on BWM_weights_main; no performance tuning.
359,rolling_max_drawdown,0.16761911363171936,random_weight_sensitivity,Dirichlet perturbation centered on BWM_weights_main; no performance tuning.
359,rolling_sortino,0.11679118413971243,random_weight_sensitivity,Dirichlet perturbation centered on BWM_weights_main; no performance tuning.
359,avg_dollar_volume,0.1215273950348349,random_weight_sensitivity,Dirichlet perturbation centered on BWM_weights_main; no performance tuning.
359,expense_ratio,0.042248237073219494,random_weight_sensitivity,Dirichlet perturbation centered on BWM_weights_main; no performance tuning.
359,tracking_error_vs_category_benchmark,0.0999577509994884,random_weight_sensitivity,Dirichlet perturbation centered on BWM_weights_main; no performance tuning.
359,beta_vs_category_benchmark,0.07347280193278036,random_weight_sensitivity,Dirichlet perturbation centered on BWM_weights_main; no performance tuning.
359,marginal_correlation_to_selected_universe,0.08283172064006343,random_weight_sensitivity,Dirichlet perturbation centered on BWM_weights_main; no performance tuning.
359,fund_age_months,0.01966719078099039,random_weight_sensitivity,Dirichlet perturbation centered on BWM_weights_main; no performance tuning.
359,aum_usd,0.037282797472875204,random_weight_sensitivity,Dirichlet perturbation centered on BWM_weights_main; no performance tuning.
360,momentum_12_1,0.07691198350074076,random_weight_sensitivity,Dirichlet perturbation centered on BWM_weights_main; no performance tuning.
360,volatility_annualized,0.1286510409774374,random_weight_sensitivity,Dirichlet perturbation centered on BWM_weights_main; no performance tuning.
360,rolling_max_drawdown,0.2068777834141561,random_weight_sensitivity,Dirichlet perturbation centered on BWM_weights_main; no performance tuning.
360,rolling_sortino,0.13089732894257022,random_weight_sensitivity,Dirichlet perturbation centered on BWM_weights_main; no performance tuning.
360,avg_dollar_volume,0.09455279139757634,random_weight_sensitivity,Dirichlet perturbation centered on BWM_weights_main; no performance tuning.
360,expense_ratio,0.1253444490231998,random_weight_sensitivity,Dirichlet perturbation centered on BWM_weights_main; no performance tuning.
360,tracking_error_vs_category_benchmark,0.049950211211795104,random_weight_sensitivity,Dirichlet perturbation centered on BWM_weights_main; no performance tuning.
360,beta_vs_category_benchmark,0.028538573180312332,random_weight_sensitivity,Dirichlet perturbation centered on BWM_weights_main; no performance tuning.
360,marginal_correlation_to_selected_universe,0.12437375871681075,random_weight_sensitivity,Dirichlet perturbation centered on BWM_weights_main; no performance tuning.
360,fund_age_months,0.010616699468004859,random_weight_sensitivity,Dirichlet perturbation centered on BWM_weights_main; no performance tuning.
360,aum_usd,0.023285380167396556,random_weight_sensitivity,Dirichlet perturbation centered on BWM_weights_main; no performance tuning.
361,momentum_12_1,0.07371489007493601,random_weight_sensitivity,Dirichlet perturbation centered on BWM_weights_main; no performance tuning.
361,volatility_annualized,0.13735482711693697,random_weight_sensitivity,Dirichlet perturbation centered on BWM_weights_main; no performance tuning.
361,rolling_max_drawdown,0.3215876402351512,random_weight_sensitivity,Dirichlet perturbation centered on BWM_weights_main; no performance tuning.
361,rolling_sortino,0.1398871992648259,random_weight_sensitivity,Dirichlet perturbation centered on BWM_weights_main; no performance tuning.
361,avg_dollar_volume,0.049714219244286796,random_weight_sensitivity,Dirichlet perturbation centered on BWM_weights_main; no performance tuning.
361,expense_ratio,0.09318483332760269,random_weight_sensitivity,Dirichlet perturbation centered on BWM_weights_main; no performance tuning.
361,tracking_error_vs_category_benchmark,0.05344816825884012,random_weight_sensitivity,Dirichlet perturbation centered on BWM_weights_main; no performance tuning.
361,beta_vs_category_benchmark,0.012324773067348666,random_weight_sensitivity,Dirichlet perturbation centered on BWM_weights_main; no performance tuning.
361,marginal_correlation_to_selected_universe,0.09063387762951744,random_weight_sensitivity,Dirichlet perturbation centered on BWM_weights_main; no performance tuning.
361,fund_age_months,0.0017491385275755944,random_weight_sensitivity,Dirichlet perturbation centered on BWM_weights_main; no performance tuning.
361,aum_usd,0.026400433252978417,random_weight_sensitivity,Dirichlet perturbation centered on BWM_weights_main; no performance tuning.
362,momentum_12_1,0.10151311357794388,random_weight_sensitivity,Dirichlet perturbation centered on BWM_weights_main; no performance tuning.
362,volatility_annualized,0.21641638958533677,random_weight_sensitivity,Dirichlet perturbation centered on BWM_weights_main; no performance tuning.
362,rolling_max_drawdown,0.2423550158648524,random_weight_sensitivity,Dirichlet perturbation centered on BWM_weights_main; no performance tuning.
362,rolling_sortino,0.044712446465776774,random_weight_sensitivity,Dirichlet perturbation centered on BWM_weights_main; no performance tuning.
362,avg_dollar_volume,0.02452148402087816,random_weight_sensitivity,Dirichlet perturbation centered on BWM_weights_main; no performance tuning.
362,expense_ratio,0.04113117816653161,random_weight_sensitivity,Dirichlet perturbation centered on BWM_weights_main; no performance tuning.
362,tracking_error_vs_category_benchmark,0.18245998691826254,random_weight_sensitivity,Dirichlet perturbation centered on BWM_weights_main; no performance tuning.
362,beta_vs_category_benchmark,0.023851936417804157,random_weight_sensitivity,Dirichlet perturbation centered on BWM_weights_main; no performance tuning.
362,marginal_correlation_to_selected_universe,0.07086378533994378,random_weight_sensitivity,Dirichlet perturbation centered on BWM_weights_main; no performance tuning.
362,fund_age_months,0.007783016626341446,random_weight_sensitivity,Dirichlet perturbation centered on BWM_weights_main; no performance tuning.
362,aum_usd,0.044391647016328625,random_weight_sensitivity,Dirichlet perturbation centered on BWM_weights_main; no performance tuning.
363,momentum_12_1,0.12858477671144036,random_weight_sensitivity,Dirichlet perturbation centered on BWM_weights_main; no performance tuning.
363,volatility_annualized,0.11755874754542693,random_weight_sensitivity,Dirichlet perturbation centered on BWM_weights_main; no performance tuning.
363,rolling_max_drawdown,0.18463604483874987,random_weight_sensitivity,Dirichlet perturbation centered on BWM_weights_main; no performance tuning.
363,rolling_sortino,0.049669005210724405,random_weight_sensitivity,Dirichlet perturbation centered on BWM_weights_main; no performance tuning.
363,avg_dollar_volume,0.06325579933808458,random_weight_sensitivity,Dirichlet perturbation centered on BWM_weights_main; no performance tuning.
363,expense_ratio,0.11109307086307274,random_weight_sensitivity,Dirichlet perturbation centered on BWM_weights_main; no performance tuning.
363,tracking_error_vs_category_benchmark,0.17465464583203616,random_weight_sensitivity,Dirichlet perturbation centered on BWM_weights_main; no performance tuning.
363,beta_vs_category_benchmark,0.07239659500821527,random_weight_sensitivity,Dirichlet perturbation centered on BWM_weights_main; no performance tuning.
363,marginal_correlation_to_selected_universe,0.04430512088918288,random_weight_sensitivity,Dirichlet perturbation centered on BWM_weights_main; no performance tuning.
363,fund_age_months,0.023250420282105395,random_weight_sensitivity,Dirichlet perturbation centered on BWM_weights_main; no performance tuning.
363,aum_usd,0.030595773480961385,random_weight_sensitivity,Dirichlet perturbation centered on BWM_weights_main; no performance tuning.
364,momentum_12_1,0.053535311056819496,random_weight_sensitivity,Dirichlet perturbation centered on BWM_weights_main; no performance tuning.
364,volatility_annualized,0.06686795224312778,random_weight_sensitivity,Dirichlet perturbation centered on BWM_weights_main; no performance tuning.
364,rolling_max_drawdown,0.14650914702433376,random_weight_sensitivity,Dirichlet perturbation centered on BWM_weights_main; no performance tuning.
364,rolling_sortino,0.13802647543766816,random_weight_sensitivity,Dirichlet perturbation centered on BWM_weights_main; no performance tuning.
364,avg_dollar_volume,0.14293097891984477,random_weight_sensitivity,Dirichlet perturbation centered on BWM_weights_main; no performance tuning.
364,expense_ratio,0.08772190670325848,random_weight_sensitivity,Dirichlet perturbation centered on BWM_weights_main; no performance tuning.
364,tracking_error_vs_category_benchmark,0.13976745418275582,random_weight_sensitivity,Dirichlet perturbation centered on BWM_weights_main; no performance tuning.
364,beta_vs_category_benchmark,0.0655631569565438,random_weight_sensitivity,Dirichlet perturbation centered on BWM_weights_main; no performance tuning.
364,marginal_correlation_to_selected_universe,0.08341956037403114,random_weight_sensitivity,Dirichlet perturbation centered on BWM_weights_main; no performance tuning.
364,fund_age_months,0.030004896926966024,random_weight_sensitivity,Dirichlet perturbation centered on BWM_weights_main; no performance tuning.
364,aum_usd,0.04565316017465085,random_weight_sensitivity,Dirichlet perturbation centered on BWM_weights_main; no performance tuning.
365,momentum_12_1,0.07129654438935157,random_weight_sensitivity,Dirichlet perturbation centered on BWM_weights_main; no performance tuning.
365,volatility_annualized,0.10933025820394497,random_weight_sensitivity,Dirichlet perturbation centered on BWM_weights_main; no performance tuning.
365,rolling_max_drawdown,0.18381455827897694,random_weight_sensitivity,Dirichlet perturbation centered on BWM_weights_main; no performance tuning.
365,rolling_sortino,0.08842274935212255,random_weight_sensitivity,Dirichlet perturbation centered on BWM_weights_main; no performance tuning.
365,avg_dollar_volume,0.04736705998390368,random_weight_sensitivity,Dirichlet perturbation centered on BWM_weights_main; no performance tuning.
365,expense_ratio,0.07808675805276159,random_weight_sensitivity,Dirichlet perturbation centered on BWM_weights_main; no performance tuning.
365,tracking_error_vs_category_benchmark,0.08046266140213414,random_weight_sensitivity,Dirichlet perturbation centered on BWM_weights_main; no performance tuning.
365,beta_vs_category_benchmark,0.16203216719850863,random_weight_sensitivity,Dirichlet perturbation centered on BWM_weights_main; no performance tuning.
365,marginal_correlation_to_selected_universe,0.12197692246437734,random_weight_sensitivity,Dirichlet perturbation centered on BWM_weights_main; no performance tuning.
365,fund_age_months,0.025064247891221605,random_weight_sensitivity,Dirichlet perturbation centered on BWM_weights_main; no performance tuning.
365,aum_usd,0.032146072782696974,random_weight_sensitivity,Dirichlet perturbation centered on BWM_weights_main; no performance tuning.
366,momentum_12_1,0.11282963610806976,random_weight_sensitivity,Dirichlet perturbation centered on BWM_weights_main; no performance tuning.
366,volatility_annualized,0.056910791763392664,random_weight_sensitivity,Dirichlet perturbation centered on BWM_weights_main; no performance tuning.
366,rolling_max_drawdown,0.19343254879213223,random_weight_sensitivity,Dirichlet perturbation centered on BWM_weights_main; no performance tuning.
366,rolling_sortino,0.06262545614879504,random_weight_sensitivity,Dirichlet perturbation centered on BWM_weights_main; no performance tuning.
366,avg_dollar_volume,0.0322299609415523,random_weight_sensitivity,Dirichlet perturbation centered on BWM_weights_main; no performance tuning.
366,expense_ratio,0.044167260987770414,random_weight_sensitivity,Dirichlet perturbation centered on BWM_weights_main; no performance tuning.
366,tracking_error_vs_category_benchmark,0.21087021361729502,random_weight_sensitivity,Dirichlet perturbation centered on BWM_weights_main; no performance tuning.
366,beta_vs_category_benchmark,0.15022855574627933,random_weight_sensitivity,Dirichlet perturbation centered on BWM_weights_main; no performance tuning.
366,marginal_correlation_to_selected_universe,0.09782214723898074,random_weight_sensitivity,Dirichlet perturbation centered on BWM_weights_main; no performance tuning.
366,fund_age_months,0.00366205966658535,random_weight_sensitivity,Dirichlet perturbation centered on BWM_weights_main; no performance tuning.
366,aum_usd,0.03522136898914725,random_weight_sensitivity,Dirichlet perturbation centered on BWM_weights_main; no performance tuning.
367,momentum_12_1,0.12601468371161156,random_weight_sensitivity,Dirichlet perturbation centered on BWM_weights_main; no performance tuning.
367,volatility_annualized,0.14078309688161975,random_weight_sensitivity,Dirichlet perturbation centered on BWM_weights_main; no performance tuning.
367,rolling_max_drawdown,0.18775090019039423,random_weight_sensitivity,Dirichlet perturbation centered on BWM_weights_main; no performance tuning.
367,rolling_sortino,0.11188357964885533,random_weight_sensitivity,Dirichlet perturbation centered on BWM_weights_main; no performance tuning.
367,avg_dollar_volume,0.07111587835744067,random_weight_sensitivity,Dirichlet perturbation centered on BWM_weights_main; no performance tuning.
367,expense_ratio,0.024603495010060063,random_weight_sensitivity,Dirichlet perturbation centered on BWM_weights_main; no performance tuning.
367,tracking_error_vs_category_benchmark,0.05316252776805017,random_weight_sensitivity,Dirichlet perturbation centered on BWM_weights_main; no performance tuning.
367,beta_vs_category_benchmark,0.1336300437864104,random_weight_sensitivity,Dirichlet perturbation centered on BWM_weights_main; no performance tuning.
367,marginal_correlation_to_selected_universe,0.10434761407005202,random_weight_sensitivity,Dirichlet perturbation centered on BWM_weights_main; no performance tuning.
367,fund_age_months,0.0006886637057241187,random_weight_sensitivity,Dirichlet perturbation centered on BWM_weights_main; no performance tuning.
367,aum_usd,0.04601951686978162,random_weight_sensitivity,Dirichlet perturbation centered on BWM_weights_main; no performance tuning.
368,momentum_12_1,0.05885006316194483,random_weight_sensitivity,Dirichlet perturbation centered on BWM_weights_main; no performance tuning.
368,volatility_annualized,0.1320725807277212,random_weight_sensitivity,Dirichlet perturbation centered on BWM_weights_main; no performance tuning.
368,rolling_max_drawdown,0.2116384393071702,random_weight_sensitivity,Dirichlet perturbation centered on BWM_weights_main; no performance tuning.
368,rolling_sortino,0.11202370444715311,random_weight_sensitivity,Dirichlet perturbation centered on BWM_weights_main; no performance tuning.
368,avg_dollar_volume,0.061899576697531995,random_weight_sensitivity,Dirichlet perturbation centered on BWM_weights_main; no performance tuning.
368,expense_ratio,0.10417340991128167,random_weight_sensitivity,Dirichlet perturbation centered on BWM_weights_main; no performance tuning.
368,tracking_error_vs_category_benchmark,0.15070305924592936,random_weight_sensitivity,Dirichlet perturbation centered on BWM_weights_main; no performance tuning.
368,beta_vs_category_benchmark,0.03455744873766648,random_weight_sensitivity,Dirichlet perturbation centered on BWM_weights_main; no performance tuning.
368,marginal_correlation_to_selected_universe,0.1115378209006493,random_weight_sensitivity,Dirichlet perturbation centered on BWM_weights_main; no performance tuning.
368,fund_age_months,0.008189742146404418,random_weight_sensitivity,Dirichlet perturbation centered on BWM_weights_main; no performance tuning.
368,aum_usd,0.014354154716547366,random_weight_sensitivity,Dirichlet perturbation centered on BWM_weights_main; no performance tuning.
369,momentum_12_1,0.14902016642898372,random_weight_sensitivity,Dirichlet perturbation centered on BWM_weights_main; no performance tuning.
369,volatility_annualized,0.11735226224795756,random_weight_sensitivity,Dirichlet perturbation centered on BWM_weights_main; no performance tuning.
369,rolling_max_drawdown,0.17211821112471012,random_weight_sensitivity,Dirichlet perturbation centered on BWM_weights_main; no performance tuning.
369,rolling_sortino,0.061215008975223806,random_weight_sensitivity,Dirichlet perturbation centered on BWM_weights_main; no performance tuning.
369,avg_dollar_volume,0.10961929470065612,random_weight_sensitivity,Dirichlet perturbation centered on BWM_weights_main; no performance tuning.
369,expense_ratio,0.16456364754695638,random_weight_sensitivity,Dirichlet perturbation centered on BWM_weights_main; no performance tuning.
369,tracking_error_vs_category_benchmark,0.057860869579544436,random_weight_sensitivity,Dirichlet perturbation centered on BWM_weights_main; no performance tuning.
369,beta_vs_category_benchmark,0.029443186778731773,random_weight_sensitivity,Dirichlet perturbation centered on BWM_weights_main; no performance tuning.
369,marginal_correlation_to_selected_universe,0.08677430163187626,random_weight_sensitivity,Dirichlet perturbation centered on BWM_weights_main; no performance tuning.
369,fund_age_months,0.02738941341693449,random_weight_sensitivity,Dirichlet perturbation centered on BWM_weights_main; no performance tuning.
369,aum_usd,0.024643637568425417,random_weight_sensitivity,Dirichlet perturbation centered on BWM_weights_main; no performance tuning.
370,momentum_12_1,0.28288791659395995,random_weight_sensitivity,Dirichlet perturbation centered on BWM_weights_main; no performance tuning.
370,volatility_annualized,0.07976467749583414,random_weight_sensitivity,Dirichlet perturbation centered on BWM_weights_main; no performance tuning.
370,rolling_max_drawdown,0.11437738263734124,random_weight_sensitivity,Dirichlet perturbation centered on BWM_weights_main; no performance tuning.
370,rolling_sortino,0.061142067740119245,random_weight_sensitivity,Dirichlet perturbation centered on BWM_weights_main; no performance tuning.
370,avg_dollar_volume,0.10894374772858269,random_weight_sensitivity,Dirichlet perturbation centered on BWM_weights_main; no performance tuning.
370,expense_ratio,0.04579307521354934,random_weight_sensitivity,Dirichlet perturbation centered on BWM_weights_main; no performance tuning.
370,tracking_error_vs_category_benchmark,0.12628404548916233,random_weight_sensitivity,Dirichlet perturbation centered on BWM_weights_main; no performance tuning.
370,beta_vs_category_benchmark,0.017733022436970593,random_weight_sensitivity,Dirichlet perturbation centered on BWM_weights_main; no performance tuning.
370,marginal_correlation_to_selected_universe,0.11321536916296379,random_weight_sensitivity,Dirichlet perturbation centered on BWM_weights_main; no performance tuning.
370,fund_age_months,0.005482330926553893,random_weight_sensitivity,Dirichlet perturbation centered on BWM_weights_main; no performance tuning.
370,aum_usd,0.044376364574962725,random_weight_sensitivity,Dirichlet perturbation centered on BWM_weights_main; no performance tuning.
371,momentum_12_1,0.08405439621565405,random_weight_sensitivity,Dirichlet perturbation centered on BWM_weights_main; no performance tuning.
371,volatility_annualized,0.09886112838812687,random_weight_sensitivity,Dirichlet perturbation centered on BWM_weights_main; no performance tuning.
371,rolling_max_drawdown,0.1536202716267436,random_weight_sensitivity,Dirichlet perturbation centered on BWM_weights_main; no performance tuning.
371,rolling_sortino,0.1612221543698842,random_weight_sensitivity,Dirichlet perturbation centered on BWM_weights_main; no performance tuning.
371,avg_dollar_volume,0.12030356867395188,random_weight_sensitivity,Dirichlet perturbation centered on BWM_weights_main; no performance tuning.
371,expense_ratio,0.05070437512614544,random_weight_sensitivity,Dirichlet perturbation centered on BWM_weights_main; no performance tuning.
371,tracking_error_vs_category_benchmark,0.060154694028451056,random_weight_sensitivity,Dirichlet perturbation centered on BWM_weights_main; no performance tuning.
371,beta_vs_category_benchmark,0.14247142725946227,random_weight_sensitivity,Dirichlet perturbation centered on BWM_weights_main; no performance tuning.
371,marginal_correlation_to_selected_universe,0.08973730925736988,random_weight_sensitivity,Dirichlet perturbation centered on BWM_weights_main; no performance tuning.
371,fund_age_months,0.017520365810903698,random_weight_sensitivity,Dirichlet perturbation centered on BWM_weights_main; no performance tuning.
371,aum_usd,0.021350309243307088,random_weight_sensitivity,Dirichlet perturbation centered on BWM_weights_main; no performance tuning.
372,momentum_12_1,0.1089330526135103,random_weight_sensitivity,Dirichlet perturbation centered on BWM_weights_main; no performance tuning.
372,volatility_annualized,0.11002652219422566,random_weight_sensitivity,Dirichlet perturbation centered on BWM_weights_main; no performance tuning.
372,rolling_max_drawdown,0.23521034015205794,random_weight_sensitivity,Dirichlet perturbation centered on BWM_weights_main; no performance tuning.
372,rolling_sortino,0.12645508834640598,random_weight_sensitivity,Dirichlet perturbation centered on BWM_weights_main; no performance tuning.
372,avg_dollar_volume,0.0866872271974696,random_weight_sensitivity,Dirichlet perturbation centered on BWM_weights_main; no performance tuning.
372,expense_ratio,0.0515313319846613,random_weight_sensitivity,Dirichlet perturbation centered on BWM_weights_main; no performance tuning.
372,tracking_error_vs_category_benchmark,0.0764723821332048,random_weight_sensitivity,Dirichlet perturbation centered on BWM_weights_main; no performance tuning.
372,beta_vs_category_benchmark,0.07434065799296506,random_weight_sensitivity,Dirichlet perturbation centered on BWM_weights_main; no performance tuning.
372,marginal_correlation_to_selected_universe,0.07864060659561986,random_weight_sensitivity,Dirichlet perturbation centered on BWM_weights_main; no performance tuning.
372,fund_age_months,0.03741703705271749,random_weight_sensitivity,Dirichlet perturbation centered on BWM_weights_main; no performance tuning.
372,aum_usd,0.014285753737162206,random_weight_sensitivity,Dirichlet perturbation centered on BWM_weights_main; no performance tuning.
373,momentum_12_1,0.05271676492026032,random_weight_sensitivity,Dirichlet perturbation centered on BWM_weights_main; no performance tuning.
373,volatility_annualized,0.14444612819303954,random_weight_sensitivity,Dirichlet perturbation centered on BWM_weights_main; no performance tuning.
373,rolling_max_drawdown,0.18026009402756174,random_weight_sensitivity,Dirichlet perturbation centered on BWM_weights_main; no performance tuning.
373,rolling_sortino,0.0709702603499021,random_weight_sensitivity,Dirichlet perturbation centered on BWM_weights_main; no performance tuning.
373,avg_dollar_volume,0.1964255432870619,random_weight_sensitivity,Dirichlet perturbation centered on BWM_weights_main; no performance tuning.
373,expense_ratio,0.07550043081222955,random_weight_sensitivity,Dirichlet perturbation centered on BWM_weights_main; no performance tuning.
373,tracking_error_vs_category_benchmark,0.0641555834706187,random_weight_sensitivity,Dirichlet perturbation centered on BWM_weights_main; no performance tuning.
373,beta_vs_category_benchmark,0.05306172053161316,random_weight_sensitivity,Dirichlet perturbation centered on BWM_weights_main; no performance tuning.
373,marginal_correlation_to_selected_universe,0.10331841570170386,random_weight_sensitivity,Dirichlet perturbation centered on BWM_weights_main; no performance tuning.
373,fund_age_months,0.03272619713941314,random_weight_sensitivity,Dirichlet perturbation centered on BWM_weights_main; no performance tuning.
373,aum_usd,0.026418861566596112,random_weight_sensitivity,Dirichlet perturbation centered on BWM_weights_main; no performance tuning.
374,momentum_12_1,0.08134942595212248,random_weight_sensitivity,Dirichlet perturbation centered on BWM_weights_main; no performance tuning.
374,volatility_annualized,0.09676378618149026,random_weight_sensitivity,Dirichlet perturbation centered on BWM_weights_main; no performance tuning.
374,rolling_max_drawdown,0.18162044057785282,random_weight_sensitivity,Dirichlet perturbation centered on BWM_weights_main; no performance tuning.
374,rolling_sortino,0.08376324912753186,random_weight_sensitivity,Dirichlet perturbation centered on BWM_weights_main; no performance tuning.
374,avg_dollar_volume,0.12440463231904558,random_weight_sensitivity,Dirichlet perturbation centered on BWM_weights_main; no performance tuning.
374,expense_ratio,0.07843530733843929,random_weight_sensitivity,Dirichlet perturbation centered on BWM_weights_main; no performance tuning.
374,tracking_error_vs_category_benchmark,0.11151280365449447,random_weight_sensitivity,Dirichlet perturbation centered on BWM_weights_main; no performance tuning.
374,beta_vs_category_benchmark,0.07495481055926435,random_weight_sensitivity,Dirichlet perturbation centered on BWM_weights_main; no performance tuning.
374,marginal_correlation_to_selected_universe,0.13406123389003463,random_weight_sensitivity,Dirichlet perturbation centered on BWM_weights_main; no performance tuning.
374,fund_age_months,0.018430822895836797,random_weight_sensitivity,Dirichlet perturbation centered on BWM_weights_main; no performance tuning.
374,aum_usd,0.014703487503887492,random_weight_sensitivity,Dirichlet perturbation centered on BWM_weights_main; no performance tuning.
375,momentum_12_1,0.12403397087913992,random_weight_sensitivity,Dirichlet perturbation centered on BWM_weights_main; no performance tuning.
375,volatility_annualized,0.13034386238252468,random_weight_sensitivity,Dirichlet perturbation centered on BWM_weights_main; no performance tuning.
375,rolling_max_drawdown,0.28046508856449437,random_weight_sensitivity,Dirichlet perturbation centered on BWM_weights_main; no performance tuning.
375,rolling_sortino,0.06529475829801498,random_weight_sensitivity,Dirichlet perturbation centered on BWM_weights_main; no performance tuning.
375,avg_dollar_volume,0.04204061633610844,random_weight_sensitivity,Dirichlet perturbation centered on BWM_weights_main; no performance tuning.
375,expense_ratio,0.06950382177099831,random_weight_sensitivity,Dirichlet perturbation centered on BWM_weights_main; no performance tuning.
375,tracking_error_vs_category_benchmark,0.13509280092382162,random_weight_sensitivity,Dirichlet perturbation centered on BWM_weights_main; no performance tuning.
375,beta_vs_category_benchmark,0.0333581590554791,random_weight_sensitivity,Dirichlet perturbation centered on BWM_weights_main; no performance tuning.
375,marginal_correlation_to_selected_universe,0.06604768912023595,random_weight_sensitivity,Dirichlet perturbation centered on BWM_weights_main; no performance tuning.
375,fund_age_months,0.039171224882994654,random_weight_sensitivity,Dirichlet perturbation centered on BWM_weights_main; no performance tuning.
375,aum_usd,0.014648007786187715,random_weight_sensitivity,Dirichlet perturbation centered on BWM_weights_main; no performance tuning.
376,momentum_12_1,0.0697669730539092,random_weight_sensitivity,Dirichlet perturbation centered on BWM_weights_main; no performance tuning.
376,volatility_annualized,0.14613833736720794,random_weight_sensitivity,Dirichlet perturbation centered on BWM_weights_main; no performance tuning.
376,rolling_max_drawdown,0.22253388373715505,random_weight_sensitivity,Dirichlet perturbation centered on BWM_weights_main; no performance tuning.
376,rolling_sortino,0.07750634768932287,random_weight_sensitivity,Dirichlet perturbation centered on BWM_weights_main; no performance tuning.
376,avg_dollar_volume,0.08341214103408492,random_weight_sensitivity,Dirichlet perturbation centered on BWM_weights_main; no performance tuning.
376,expense_ratio,0.07567174965274427,random_weight_sensitivity,Dirichlet perturbation centered on BWM_weights_main; no performance tuning.
376,tracking_error_vs_category_benchmark,0.09653078242699836,random_weight_sensitivity,Dirichlet perturbation centered on BWM_weights_main; no performance tuning.
376,beta_vs_category_benchmark,0.05353633510464713,random_weight_sensitivity,Dirichlet perturbation centered on BWM_weights_main; no performance tuning.
376,marginal_correlation_to_selected_universe,0.12146875913987563,random_weight_sensitivity,Dirichlet perturbation centered on BWM_weights_main; no performance tuning.
376,fund_age_months,0.00447484332466362,random_weight_sensitivity,Dirichlet perturbation centered on BWM_weights_main; no performance tuning.
376,aum_usd,0.048959847469391034,random_weight_sensitivity,Dirichlet perturbation centered on BWM_weights_main; no performance tuning.
377,momentum_12_1,0.11411018191063092,random_weight_sensitivity,Dirichlet perturbation centered on BWM_weights_main; no performance tuning.
377,volatility_annualized,0.11741084322596843,random_weight_sensitivity,Dirichlet perturbation centered on BWM_weights_main; no performance tuning.
377,rolling_max_drawdown,0.14494616420919168,random_weight_sensitivity,Dirichlet perturbation centered on BWM_weights_main; no performance tuning.
377,rolling_sortino,0.17516604050756843,random_weight_sensitivity,Dirichlet perturbation centered on BWM_weights_main; no performance tuning.
377,avg_dollar_volume,0.04860743246650508,random_weight_sensitivity,Dirichlet perturbation centered on BWM_weights_main; no performance tuning.
377,expense_ratio,0.05265434327754003,random_weight_sensitivity,Dirichlet perturbation centered on BWM_weights_main; no performance tuning.
377,tracking_error_vs_category_benchmark,0.09873660568132968,random_weight_sensitivity,Dirichlet perturbation centered on BWM_weights_main; no performance tuning.
377,beta_vs_category_benchmark,0.0917420705486729,random_weight_sensitivity,Dirichlet perturbation centered on BWM_weights_main; no performance tuning.
377,marginal_correlation_to_selected_universe,0.11599750474494869,random_weight_sensitivity,Dirichlet perturbation centered on BWM_weights_main; no performance tuning.
377,fund_age_months,0.0024454786943818485,random_weight_sensitivity,Dirichlet perturbation centered on BWM_weights_main; no performance tuning.
377,aum_usd,0.03818333473326239,random_weight_sensitivity,Dirichlet perturbation centered on BWM_weights_main; no performance tuning.
378,momentum_12_1,0.08408351749600841,random_weight_sensitivity,Dirichlet perturbation centered on BWM_weights_main; no performance tuning.
378,volatility_annualized,0.13659992980107938,random_weight_sensitivity,Dirichlet perturbation centered on BWM_weights_main; no performance tuning.
378,rolling_max_drawdown,0.13586126252862948,random_weight_sensitivity,Dirichlet perturbation centered on BWM_weights_main; no performance tuning.
378,rolling_sortino,0.10016124870208232,random_weight_sensitivity,Dirichlet perturbation centered on BWM_weights_main; no performance tuning.
378,avg_dollar_volume,0.168408384466378,random_weight_sensitivity,Dirichlet perturbation centered on BWM_weights_main; no performance tuning.
378,expense_ratio,0.09062343485750991,random_weight_sensitivity,Dirichlet perturbation centered on BWM_weights_main; no performance tuning.
378,tracking_error_vs_category_benchmark,0.053720699346216566,random_weight_sensitivity,Dirichlet perturbation centered on BWM_weights_main; no performance tuning.
378,beta_vs_category_benchmark,0.07545227316305278,random_weight_sensitivity,Dirichlet perturbation centered on BWM_weights_main; no performance tuning.
378,marginal_correlation_to_selected_universe,0.09722094244101216,random_weight_sensitivity,Dirichlet perturbation centered on BWM_weights_main; no performance tuning.
378,fund_age_months,0.010143677514390256,random_weight_sensitivity,Dirichlet perturbation centered on BWM_weights_main; no performance tuning.
378,aum_usd,0.04772462968364086,random_weight_sensitivity,Dirichlet perturbation centered on BWM_weights_main; no performance tuning.
379,momentum_12_1,0.07372046657530053,random_weight_sensitivity,Dirichlet perturbation centered on BWM_weights_main; no performance tuning.
379,volatility_annualized,0.08676003683283778,random_weight_sensitivity,Dirichlet perturbation centered on BWM_weights_main; no performance tuning.
379,rolling_max_drawdown,0.19654408983130794,random_weight_sensitivity,Dirichlet perturbation centered on BWM_weights_main; no performance tuning.
379,rolling_sortino,0.09607490677239097,random_weight_sensitivity,Dirichlet perturbation centered on BWM_weights_main; no performance tuning.
379,avg_dollar_volume,0.0993212136975265,random_weight_sensitivity,Dirichlet perturbation centered on BWM_weights_main; no performance tuning.
379,expense_ratio,0.07149960615162959,random_weight_sensitivity,Dirichlet perturbation centered on BWM_weights_main; no performance tuning.
379,tracking_error_vs_category_benchmark,0.09216490086565511,random_weight_sensitivity,Dirichlet perturbation centered on BWM_weights_main; no performance tuning.
379,beta_vs_category_benchmark,0.12414191427666786,random_weight_sensitivity,Dirichlet perturbation centered on BWM_weights_main; no performance tuning.
379,marginal_correlation_to_selected_universe,0.14287692039871727,random_weight_sensitivity,Dirichlet perturbation centered on BWM_weights_main; no performance tuning.
379,fund_age_months,0.003471043642616265,random_weight_sensitivity,Dirichlet perturbation centered on BWM_weights_main; no performance tuning.
379,aum_usd,0.013424900955350252,random_weight_sensitivity,Dirichlet perturbation centered on BWM_weights_main; no performance tuning.
380,momentum_12_1,0.08262913045725004,random_weight_sensitivity,Dirichlet perturbation centered on BWM_weights_main; no performance tuning.
380,volatility_annualized,0.05736370088822066,random_weight_sensitivity,Dirichlet perturbation centered on BWM_weights_main; no performance tuning.
380,rolling_max_drawdown,0.24328739360533613,random_weight_sensitivity,Dirichlet perturbation centered on BWM_weights_main; no performance tuning.
380,rolling_sortino,0.07907482314277758,random_weight_sensitivity,Dirichlet perturbation centered on BWM_weights_main; no performance tuning.
380,avg_dollar_volume,0.08372204056194428,random_weight_sensitivity,Dirichlet perturbation centered on BWM_weights_main; no performance tuning.
380,expense_ratio,0.1593133715949333,random_weight_sensitivity,Dirichlet perturbation centered on BWM_weights_main; no performance tuning.
380,tracking_error_vs_category_benchmark,0.13412239480826815,random_weight_sensitivity,Dirichlet perturbation centered on BWM_weights_main; no performance tuning.
380,beta_vs_category_benchmark,0.02157321851162535,random_weight_sensitivity,Dirichlet perturbation centered on BWM_weights_main; no performance tuning.
380,marginal_correlation_to_selected_universe,0.0805545711482032,random_weight_sensitivity,Dirichlet perturbation centered on BWM_weights_main; no performance tuning.
380,fund_age_months,0.014495006866380437,random_weight_sensitivity,Dirichlet perturbation centered on BWM_weights_main; no performance tuning.
380,aum_usd,0.04386434841506061,random_weight_sensitivity,Dirichlet perturbation centered on BWM_weights_main; no performance tuning.
381,momentum_12_1,0.1107397698920698,random_weight_sensitivity,Dirichlet perturbation centered on BWM_weights_main; no performance tuning.
381,volatility_annualized,0.1762521911082536,random_weight_sensitivity,Dirichlet perturbation centered on BWM_weights_main; no performance tuning.
381,rolling_max_drawdown,0.22805615386004396,random_weight_sensitivity,Dirichlet perturbation centered on BWM_weights_main; no performance tuning.
381,rolling_sortino,0.07672912483682438,random_weight_sensitivity,Dirichlet perturbation centered on BWM_weights_main; no performance tuning.
381,avg_dollar_volume,0.04903290144939549,random_weight_sensitivity,Dirichlet perturbation centered on BWM_weights_main; no performance tuning.
381,expense_ratio,0.10130201788352003,random_weight_sensitivity,Dirichlet perturbation centered on BWM_weights_main; no performance tuning.
381,tracking_error_vs_category_benchmark,0.07842054539443166,random_weight_sensitivity,Dirichlet perturbation centered on BWM_weights_main; no performance tuning.
381,beta_vs_category_benchmark,0.03770570748876121,random_weight_sensitivity,Dirichlet perturbation centered on BWM_weights_main; no performance tuning.
381,marginal_correlation_to_selected_universe,0.11402377270687437,random_weight_sensitivity,Dirichlet perturbation centered on BWM_weights_main; no performance tuning.
381,fund_age_months,0.018540787373510285,random_weight_sensitivity,Dirichlet perturbation centered on BWM_weights_main; no performance tuning.
381,aum_usd,0.009197028006315163,random_weight_sensitivity,Dirichlet perturbation centered on BWM_weights_main; no performance tuning.
382,momentum_12_1,0.1092341505703981,random_weight_sensitivity,Dirichlet perturbation centered on BWM_weights_main; no performance tuning.
382,volatility_annualized,0.07130072167785872,random_weight_sensitivity,Dirichlet perturbation centered on BWM_weights_main; no performance tuning.
382,rolling_max_drawdown,0.10038228372925961,random_weight_sensitivity,Dirichlet perturbation centered on BWM_weights_main; no performance tuning.
382,rolling_sortino,0.24144382392088515,random_weight_sensitivity,Dirichlet perturbation centered on BWM_weights_main; no performance tuning.
382,avg_dollar_volume,0.08523658507248086,random_weight_sensitivity,Dirichlet perturbation centered on BWM_weights_main; no performance tuning.
382,expense_ratio,0.06971058921954451,random_weight_sensitivity,Dirichlet perturbation centered on BWM_weights_main; no performance tuning.
382,tracking_error_vs_category_benchmark,0.10104741342565234,random_weight_sensitivity,Dirichlet perturbation centered on BWM_weights_main; no performance tuning.
382,beta_vs_category_benchmark,0.08084407899489583,random_weight_sensitivity,Dirichlet perturbation centered on BWM_weights_main; no performance tuning.
382,marginal_correlation_to_selected_universe,0.10052704038590388,random_weight_sensitivity,Dirichlet perturbation centered on BWM_weights_main; no performance tuning.
382,fund_age_months,0.007312158220244247,random_weight_sensitivity,Dirichlet perturbation centered on BWM_weights_main; no performance tuning.
382,aum_usd,0.032961154782877054,random_weight_sensitivity,Dirichlet perturbation centered on BWM_weights_main; no performance tuning.
383,momentum_12_1,0.13913910169205013,random_weight_sensitivity,Dirichlet perturbation centered on BWM_weights_main; no performance tuning.
383,volatility_annualized,0.1181792707784367,random_weight_sensitivity,Dirichlet perturbation centered on BWM_weights_main; no performance tuning.
383,rolling_max_drawdown,0.13081351975060893,random_weight_sensitivity,Dirichlet perturbation centered on BWM_weights_main; no performance tuning.
383,rolling_sortino,0.16644597658098714,random_weight_sensitivity,Dirichlet perturbation centered on BWM_weights_main; no performance tuning.
383,avg_dollar_volume,0.05128477331832784,random_weight_sensitivity,Dirichlet perturbation centered on BWM_weights_main; no performance tuning.
383,expense_ratio,0.03520636903004502,random_weight_sensitivity,Dirichlet perturbation centered on BWM_weights_main; no performance tuning.
383,tracking_error_vs_category_benchmark,0.09479391017078725,random_weight_sensitivity,Dirichlet perturbation centered on BWM_weights_main; no performance tuning.
383,beta_vs_category_benchmark,0.10865035598128994,random_weight_sensitivity,Dirichlet perturbation centered on BWM_weights_main; no performance tuning.
383,marginal_correlation_to_selected_universe,0.13647961585538337,random_weight_sensitivity,Dirichlet perturbation centered on BWM_weights_main; no performance tuning.
383,fund_age_months,0.006620043173546722,random_weight_sensitivity,Dirichlet perturbation centered on BWM_weights_main; no performance tuning.
383,aum_usd,0.01238706366853693,random_weight_sensitivity,Dirichlet perturbation centered on BWM_weights_main; no performance tuning.
384,momentum_12_1,0.07486322819987008,random_weight_sensitivity,Dirichlet perturbation centered on BWM_weights_main; no performance tuning.
384,volatility_annualized,0.10701649114603928,random_weight_sensitivity,Dirichlet perturbation centered on BWM_weights_main; no performance tuning.
384,rolling_max_drawdown,0.20025764147207384,random_weight_sensitivity,Dirichlet perturbation centered on BWM_weights_main; no performance tuning.
384,rolling_sortino,0.13625263067887114,random_weight_sensitivity,Dirichlet perturbation centered on BWM_weights_main; no performance tuning.
384,avg_dollar_volume,0.0613537772524061,random_weight_sensitivity,Dirichlet perturbation centered on BWM_weights_main; no performance tuning.
384,expense_ratio,0.06234760718737802,random_weight_sensitivity,Dirichlet perturbation centered on BWM_weights_main; no performance tuning.
384,tracking_error_vs_category_benchmark,0.09194325545262162,random_weight_sensitivity,Dirichlet perturbation centered on BWM_weights_main; no performance tuning.
384,beta_vs_category_benchmark,0.09127595879309622,random_weight_sensitivity,Dirichlet perturbation centered on BWM_weights_main; no performance tuning.
384,marginal_correlation_to_selected_universe,0.11931358825456405,random_weight_sensitivity,Dirichlet perturbation centered on BWM_weights_main; no performance tuning.
384,fund_age_months,0.006723524498612791,random_weight_sensitivity,Dirichlet perturbation centered on BWM_weights_main; no performance tuning.
384,aum_usd,0.04865229706446712,random_weight_sensitivity,Dirichlet perturbation centered on BWM_weights_main; no performance tuning.
385,momentum_12_1,0.125561868329017,random_weight_sensitivity,Dirichlet perturbation centered on BWM_weights_main; no performance tuning.
385,volatility_annualized,0.12954350132459871,random_weight_sensitivity,Dirichlet perturbation centered on BWM_weights_main; no performance tuning.
385,rolling_max_drawdown,0.17400618809438007,random_weight_sensitivity,Dirichlet perturbation centered on BWM_weights_main; no performance tuning.
385,rolling_sortino,0.0962940225750236,random_weight_sensitivity,Dirichlet perturbation centered on BWM_weights_main; no performance tuning.
385,avg_dollar_volume,0.05533816227639102,random_weight_sensitivity,Dirichlet perturbation centered on BWM_weights_main; no performance tuning.
385,expense_ratio,0.058223149399796864,random_weight_sensitivity,Dirichlet perturbation centered on BWM_weights_main; no performance tuning.
385,tracking_error_vs_category_benchmark,0.16469318758832607,random_weight_sensitivity,Dirichlet perturbation centered on BWM_weights_main; no performance tuning.
385,beta_vs_category_benchmark,0.05919243264492041,random_weight_sensitivity,Dirichlet perturbation centered on BWM_weights_main; no performance tuning.
385,marginal_correlation_to_selected_universe,0.0650078442677021,random_weight_sensitivity,Dirichlet perturbation centered on BWM_weights_main; no performance tuning.
385,fund_age_months,0.020889814559903026,random_weight_sensitivity,Dirichlet perturbation centered on BWM_weights_main; no performance tuning.
385,aum_usd,0.05124982893994108,random_weight_sensitivity,Dirichlet perturbation centered on BWM_weights_main; no performance tuning.
386,momentum_12_1,0.13271154066584034,random_weight_sensitivity,Dirichlet perturbation centered on BWM_weights_main; no performance tuning.
386,volatility_annualized,0.05940444672545308,random_weight_sensitivity,Dirichlet perturbation centered on BWM_weights_main; no performance tuning.
386,rolling_max_drawdown,0.25106354144795584,random_weight_sensitivity,Dirichlet perturbation centered on BWM_weights_main; no performance tuning.
386,rolling_sortino,0.12033868912728478,random_weight_sensitivity,Dirichlet perturbation centered on BWM_weights_main; no performance tuning.
386,avg_dollar_volume,0.11158576656774008,random_weight_sensitivity,Dirichlet perturbation centered on BWM_weights_main; no performance tuning.
386,expense_ratio,0.027742986203496293,random_weight_sensitivity,Dirichlet perturbation centered on BWM_weights_main; no performance tuning.
386,tracking_error_vs_category_benchmark,0.13698166161631606,random_weight_sensitivity,Dirichlet perturbation centered on BWM_weights_main; no performance tuning.
386,beta_vs_category_benchmark,0.03347500266419777,random_weight_sensitivity,Dirichlet perturbation centered on BWM_weights_main; no performance tuning.
386,marginal_correlation_to_selected_universe,0.08143697341472723,random_weight_sensitivity,Dirichlet perturbation centered on BWM_weights_main; no performance tuning.
386,fund_age_months,0.031094899630978133,random_weight_sensitivity,Dirichlet perturbation centered on BWM_weights_main; no performance tuning.
386,aum_usd,0.014164491936010304,random_weight_sensitivity,Dirichlet perturbation centered on BWM_weights_main; no performance tuning.
387,momentum_12_1,0.08849197428671769,random_weight_sensitivity,Dirichlet perturbation centered on BWM_weights_main; no performance tuning.
387,volatility_annualized,0.06065119237537845,random_weight_sensitivity,Dirichlet perturbation centered on BWM_weights_main; no performance tuning.
387,rolling_max_drawdown,0.2484488060826809,random_weight_sensitivity,Dirichlet perturbation centered on BWM_weights_main; no performance tuning.
387,rolling_sortino,0.07896756991014739,random_weight_sensitivity,Dirichlet perturbation centered on BWM_weights_main; no performance tuning.
387,avg_dollar_volume,0.07242535433914872,random_weight_sensitivity,Dirichlet perturbation centered on BWM_weights_main; no performance tuning.
387,expense_ratio,0.08757758666560393,random_weight_sensitivity,Dirichlet perturbation centered on BWM_weights_main; no performance tuning.
387,tracking_error_vs_category_benchmark,0.12480034863742627,random_weight_sensitivity,Dirichlet perturbation centered on BWM_weights_main; no performance tuning.
387,beta_vs_category_benchmark,0.07955481993560526,random_weight_sensitivity,Dirichlet perturbation centered on BWM_weights_main; no performance tuning.
387,marginal_correlation_to_selected_universe,0.12024203856637962,random_weight_sensitivity,Dirichlet perturbation centered on BWM_weights_main; no performance tuning.
387,fund_age_months,0.004042309093057096,random_weight_sensitivity,Dirichlet perturbation centered on BWM_weights_main; no performance tuning.
387,aum_usd,0.03479800010785485,random_weight_sensitivity,Dirichlet perturbation centered on BWM_weights_main; no performance tuning.
388,momentum_12_1,0.10622219015451095,random_weight_sensitivity,Dirichlet perturbation centered on BWM_weights_main; no performance tuning.
388,volatility_annualized,0.10168211698929493,random_weight_sensitivity,Dirichlet perturbation centered on BWM_weights_main; no performance tuning.
388,rolling_max_drawdown,0.17262111971757832,random_weight_sensitivity,Dirichlet perturbation centered on BWM_weights_main; no performance tuning.
388,rolling_sortino,0.07387470875590964,random_weight_sensitivity,Dirichlet perturbation centered on BWM_weights_main; no performance tuning.
388,avg_dollar_volume,0.07298808009193011,random_weight_sensitivity,Dirichlet perturbation centered on BWM_weights_main; no performance tuning.
388,expense_ratio,0.0796046101270199,random_weight_sensitivity,Dirichlet perturbation centered on BWM_weights_main; no performance tuning.
388,tracking_error_vs_category_benchmark,0.0826627165744748,random_weight_sensitivity,Dirichlet perturbation centered on BWM_weights_main; no performance tuning.
388,beta_vs_category_benchmark,0.10090922002287925,random_weight_sensitivity,Dirichlet perturbation centered on BWM_weights_main; no performance tuning.
388,marginal_correlation_to_selected_universe,0.17048858004839731,random_weight_sensitivity,Dirichlet perturbation centered on BWM_weights_main; no performance tuning.
388,fund_age_months,0.018225316602806782,random_weight_sensitivity,Dirichlet perturbation centered on BWM_weights_main; no performance tuning.
388,aum_usd,0.020721340915198155,random_weight_sensitivity,Dirichlet perturbation centered on BWM_weights_main; no performance tuning.
389,momentum_12_1,0.07257156832857081,random_weight_sensitivity,Dirichlet perturbation centered on BWM_weights_main; no performance tuning.
389,volatility_annualized,0.10569659881994983,random_weight_sensitivity,Dirichlet perturbation centered on BWM_weights_main; no performance tuning.
389,rolling_max_drawdown,0.214780730265329,random_weight_sensitivity,Dirichlet perturbation centered on BWM_weights_main; no performance tuning.
389,rolling_sortino,0.07097972752998134,random_weight_sensitivity,Dirichlet perturbation centered on BWM_weights_main; no performance tuning.
389,avg_dollar_volume,0.06547658568813904,random_weight_sensitivity,Dirichlet perturbation centered on BWM_weights_main; no performance tuning.
389,expense_ratio,0.1194774634501275,random_weight_sensitivity,Dirichlet perturbation centered on BWM_weights_main; no performance tuning.
389,tracking_error_vs_category_benchmark,0.04658016588712257,random_weight_sensitivity,Dirichlet perturbation centered on BWM_weights_main; no performance tuning.
389,beta_vs_category_benchmark,0.08116222342774447,random_weight_sensitivity,Dirichlet perturbation centered on BWM_weights_main; no performance tuning.
389,marginal_correlation_to_selected_universe,0.09502642014189885,random_weight_sensitivity,Dirichlet perturbation centered on BWM_weights_main; no performance tuning.
389,fund_age_months,0.021249799299667634,random_weight_sensitivity,Dirichlet perturbation centered on BWM_weights_main; no performance tuning.
389,aum_usd,0.10699871716146876,random_weight_sensitivity,Dirichlet perturbation centered on BWM_weights_main; no performance tuning.
390,momentum_12_1,0.08938121846592191,random_weight_sensitivity,Dirichlet perturbation centered on BWM_weights_main; no performance tuning.
390,volatility_annualized,0.08429857608916617,random_weight_sensitivity,Dirichlet perturbation centered on BWM_weights_main; no performance tuning.
390,rolling_max_drawdown,0.20083441086570766,random_weight_sensitivity,Dirichlet perturbation centered on BWM_weights_main; no performance tuning.
390,rolling_sortino,0.10252011478661588,random_weight_sensitivity,Dirichlet perturbation centered on BWM_weights_main; no performance tuning.
390,avg_dollar_volume,0.06226823360214285,random_weight_sensitivity,Dirichlet perturbation centered on BWM_weights_main; no performance tuning.
390,expense_ratio,0.06949369840319002,random_weight_sensitivity,Dirichlet perturbation centered on BWM_weights_main; no performance tuning.
390,tracking_error_vs_category_benchmark,0.14408365713560248,random_weight_sensitivity,Dirichlet perturbation centered on BWM_weights_main; no performance tuning.
390,beta_vs_category_benchmark,0.0886711423126635,random_weight_sensitivity,Dirichlet perturbation centered on BWM_weights_main; no performance tuning.
390,marginal_correlation_to_selected_universe,0.0820050703727435,random_weight_sensitivity,Dirichlet perturbation centered on BWM_weights_main; no performance tuning.
390,fund_age_months,0.05267099762668208,random_weight_sensitivity,Dirichlet perturbation centered on BWM_weights_main; no performance tuning.
390,aum_usd,0.02377288033956399,random_weight_sensitivity,Dirichlet perturbation centered on BWM_weights_main; no performance tuning.
391,momentum_12_1,0.10903916533385984,random_weight_sensitivity,Dirichlet perturbation centered on BWM_weights_main; no performance tuning.
391,volatility_annualized,0.1139509341435521,random_weight_sensitivity,Dirichlet perturbation centered on BWM_weights_main; no performance tuning.
391,rolling_max_drawdown,0.17390621951516486,random_weight_sensitivity,Dirichlet perturbation centered on BWM_weights_main; no performance tuning.
391,rolling_sortino,0.17408528286867248,random_weight_sensitivity,Dirichlet perturbation centered on BWM_weights_main; no performance tuning.
391,avg_dollar_volume,0.05659694736968428,random_weight_sensitivity,Dirichlet perturbation centered on BWM_weights_main; no performance tuning.
391,expense_ratio,0.063642574033168,random_weight_sensitivity,Dirichlet perturbation centered on BWM_weights_main; no performance tuning.
391,tracking_error_vs_category_benchmark,0.1540871805655696,random_weight_sensitivity,Dirichlet perturbation centered on BWM_weights_main; no performance tuning.
391,beta_vs_category_benchmark,0.053695240986898825,random_weight_sensitivity,Dirichlet perturbation centered on BWM_weights_main; no performance tuning.
391,marginal_correlation_to_selected_universe,0.06132855199688689,random_weight_sensitivity,Dirichlet perturbation centered on BWM_weights_main; no performance tuning.
391,fund_age_months,0.021144740844659924,random_weight_sensitivity,Dirichlet perturbation centered on BWM_weights_main; no performance tuning.
391,aum_usd,0.018523162341883174,random_weight_sensitivity,Dirichlet perturbation centered on BWM_weights_main; no performance tuning.
392,momentum_12_1,0.0887072386017935,random_weight_sensitivity,Dirichlet perturbation centered on BWM_weights_main; no performance tuning.
392,volatility_annualized,0.05584282129674458,random_weight_sensitivity,Dirichlet perturbation centered on BWM_weights_main; no performance tuning.
392,rolling_max_drawdown,0.13847366319989277,random_weight_sensitivity,Dirichlet perturbation centered on BWM_weights_main; no performance tuning.
392,rolling_sortino,0.061105428775346714,random_weight_sensitivity,Dirichlet perturbation centered on BWM_weights_main; no performance tuning.
392,avg_dollar_volume,0.1906945636180612,random_weight_sensitivity,Dirichlet perturbation centered on BWM_weights_main; no performance tuning.
392,expense_ratio,0.030954594080276007,random_weight_sensitivity,Dirichlet perturbation centered on BWM_weights_main; no performance tuning.
392,tracking_error_vs_category_benchmark,0.0919524661964818,random_weight_sensitivity,Dirichlet perturbation centered on BWM_weights_main; no performance tuning.
392,beta_vs_category_benchmark,0.08663723772436281,random_weight_sensitivity,Dirichlet perturbation centered on BWM_weights_main; no performance tuning.
392,marginal_correlation_to_selected_universe,0.1789997558852373,random_weight_sensitivity,Dirichlet perturbation centered on BWM_weights_main; no performance tuning.
392,fund_age_months,0.04675724028160994,random_weight_sensitivity,Dirichlet perturbation centered on BWM_weights_main; no performance tuning.
392,aum_usd,0.02987499034019313,random_weight_sensitivity,Dirichlet perturbation centered on BWM_weights_main; no performance tuning.
393,momentum_12_1,0.09270432322258233,random_weight_sensitivity,Dirichlet perturbation centered on BWM_weights_main; no performance tuning.
393,volatility_annualized,0.08474643619835567,random_weight_sensitivity,Dirichlet perturbation centered on BWM_weights_main; no performance tuning.
393,rolling_max_drawdown,0.16462472156051194,random_weight_sensitivity,Dirichlet perturbation centered on BWM_weights_main; no performance tuning.
393,rolling_sortino,0.09537794613110415,random_weight_sensitivity,Dirichlet perturbation centered on BWM_weights_main; no performance tuning.
393,avg_dollar_volume,0.07085504526567336,random_weight_sensitivity,Dirichlet perturbation centered on BWM_weights_main; no performance tuning.
393,expense_ratio,0.043360727734151505,random_weight_sensitivity,Dirichlet perturbation centered on BWM_weights_main; no performance tuning.
393,tracking_error_vs_category_benchmark,0.13927324519977574,random_weight_sensitivity,Dirichlet perturbation centered on BWM_weights_main; no performance tuning.
393,beta_vs_category_benchmark,0.12903670058082609,random_weight_sensitivity,Dirichlet perturbation centered on BWM_weights_main; no performance tuning.
393,marginal_correlation_to_selected_universe,0.07778378335119236,random_weight_sensitivity,Dirichlet perturbation centered on BWM_weights_main; no performance tuning.
393,fund_age_months,0.07916413143984849,random_weight_sensitivity,Dirichlet perturbation centered on BWM_weights_main; no performance tuning.
393,aum_usd,0.023072939315978265,random_weight_sensitivity,Dirichlet perturbation centered on BWM_weights_main; no performance tuning.
394,momentum_12_1,0.11523885397768435,random_weight_sensitivity,Dirichlet perturbation centered on BWM_weights_main; no performance tuning.
394,volatility_annualized,0.10499022319096639,random_weight_sensitivity,Dirichlet perturbation centered on BWM_weights_main; no performance tuning.
394,rolling_max_drawdown,0.2053561252578585,random_weight_sensitivity,Dirichlet perturbation centered on BWM_weights_main; no performance tuning.
394,rolling_sortino,0.164588066460301,random_weight_sensitivity,Dirichlet perturbation centered on BWM_weights_main; no performance tuning.
394,avg_dollar_volume,0.06527919466121959,random_weight_sensitivity,Dirichlet perturbation centered on BWM_weights_main; no performance tuning.
394,expense_ratio,0.03885233490267066,random_weight_sensitivity,Dirichlet perturbation centered on BWM_weights_main; no performance tuning.
394,tracking_error_vs_category_benchmark,0.08701767330135178,random_weight_sensitivity,Dirichlet perturbation centered on BWM_weights_main; no performance tuning.
394,beta_vs_category_benchmark,0.06535136087041145,random_weight_sensitivity,Dirichlet perturbation centered on BWM_weights_main; no performance tuning.
394,marginal_correlation_to_selected_universe,0.1192343230280291,random_weight_sensitivity,Dirichlet perturbation centered on BWM_weights_main; no performance tuning.
394,fund_age_months,0.008744034424674602,random_weight_sensitivity,Dirichlet perturbation centered on BWM_weights_main; no performance tuning.
394,aum_usd,0.025347809924832623,random_weight_sensitivity,Dirichlet perturbation centered on BWM_weights_main; no performance tuning.
395,momentum_12_1,0.11595662853772229,random_weight_sensitivity,Dirichlet perturbation centered on BWM_weights_main; no performance tuning.
395,volatility_annualized,0.11752346390087318,random_weight_sensitivity,Dirichlet perturbation centered on BWM_weights_main; no performance tuning.
395,rolling_max_drawdown,0.24957166668947486,random_weight_sensitivity,Dirichlet perturbation centered on BWM_weights_main; no performance tuning.
395,rolling_sortino,0.08302278753776947,random_weight_sensitivity,Dirichlet perturbation centered on BWM_weights_main; no performance tuning.
395,avg_dollar_volume,0.08780170567670185,random_weight_sensitivity,Dirichlet perturbation centered on BWM_weights_main; no performance tuning.
395,expense_ratio,0.06446002200410006,random_weight_sensitivity,Dirichlet perturbation centered on BWM_weights_main; no performance tuning.
395,tracking_error_vs_category_benchmark,0.08778110680024868,random_weight_sensitivity,Dirichlet perturbation centered on BWM_weights_main; no performance tuning.
395,beta_vs_category_benchmark,0.06549676312989221,random_weight_sensitivity,Dirichlet perturbation centered on BWM_weights_main; no performance tuning.
395,marginal_correlation_to_selected_universe,0.10761809735187525,random_weight_sensitivity,Dirichlet perturbation centered on BWM_weights_main; no performance tuning.
395,fund_age_months,0.004486126514400229,random_weight_sensitivity,Dirichlet perturbation centered on BWM_weights_main; no performance tuning.
395,aum_usd,0.016281631856941745,random_weight_sensitivity,Dirichlet perturbation centered on BWM_weights_main; no performance tuning.
396,momentum_12_1,0.11972485520495672,random_weight_sensitivity,Dirichlet perturbation centered on BWM_weights_main; no performance tuning.
396,volatility_annualized,0.08014182562697218,random_weight_sensitivity,Dirichlet perturbation centered on BWM_weights_main; no performance tuning.
396,rolling_max_drawdown,0.17994899359344074,random_weight_sensitivity,Dirichlet perturbation centered on BWM_weights_main; no performance tuning.
396,rolling_sortino,0.11835042487844669,random_weight_sensitivity,Dirichlet perturbation centered on BWM_weights_main; no performance tuning.
396,avg_dollar_volume,0.057734478819447516,random_weight_sensitivity,Dirichlet perturbation centered on BWM_weights_main; no performance tuning.
396,expense_ratio,0.07784118601665425,random_weight_sensitivity,Dirichlet perturbation centered on BWM_weights_main; no performance tuning.
396,tracking_error_vs_category_benchmark,0.09482344274469272,random_weight_sensitivity,Dirichlet perturbation centered on BWM_weights_main; no performance tuning.
396,beta_vs_category_benchmark,0.06308729998138884,random_weight_sensitivity,Dirichlet perturbation centered on BWM_weights_main; no performance tuning.
396,marginal_correlation_to_selected_universe,0.14312813159657123,random_weight_sensitivity,Dirichlet perturbation centered on BWM_weights_main; no performance tuning.
396,fund_age_months,0.013771475189145224,random_weight_sensitivity,Dirichlet perturbation centered on BWM_weights_main; no performance tuning.
396,aum_usd,0.05144788634828375,random_weight_sensitivity,Dirichlet perturbation centered on BWM_weights_main; no performance tuning.
397,momentum_12_1,0.048478868192912535,random_weight_sensitivity,Dirichlet perturbation centered on BWM_weights_main; no performance tuning.
397,volatility_annualized,0.0946760427422665,random_weight_sensitivity,Dirichlet perturbation centered on BWM_weights_main; no performance tuning.
397,rolling_max_drawdown,0.24031484532781094,random_weight_sensitivity,Dirichlet perturbation centered on BWM_weights_main; no performance tuning.
397,rolling_sortino,0.19970617465806947,random_weight_sensitivity,Dirichlet perturbation centered on BWM_weights_main; no performance tuning.
397,avg_dollar_volume,0.02733359544783315,random_weight_sensitivity,Dirichlet perturbation centered on BWM_weights_main; no performance tuning.
397,expense_ratio,0.04752046891540151,random_weight_sensitivity,Dirichlet perturbation centered on BWM_weights_main; no performance tuning.
397,tracking_error_vs_category_benchmark,0.058954007768297415,random_weight_sensitivity,Dirichlet perturbation centered on BWM_weights_main; no performance tuning.
397,beta_vs_category_benchmark,0.05314916903106746,random_weight_sensitivity,Dirichlet perturbation centered on BWM_weights_main; no performance tuning.
397,marginal_correlation_to_selected_universe,0.12174523731231152,random_weight_sensitivity,Dirichlet perturbation centered on BWM_weights_main; no performance tuning.
397,fund_age_months,0.041357798185464416,random_weight_sensitivity,Dirichlet perturbation centered on BWM_weights_main; no performance tuning.
397,aum_usd,0.06676379241856502,random_weight_sensitivity,Dirichlet perturbation centered on BWM_weights_main; no performance tuning.
398,momentum_12_1,0.06528519827658862,random_weight_sensitivity,Dirichlet perturbation centered on BWM_weights_main; no performance tuning.
398,volatility_annualized,0.12246901789804392,random_weight_sensitivity,Dirichlet perturbation centered on BWM_weights_main; no performance tuning.
398,rolling_max_drawdown,0.1842227329227918,random_weight_sensitivity,Dirichlet perturbation centered on BWM_weights_main; no performance tuning.
398,rolling_sortino,0.11160631436018771,random_weight_sensitivity,Dirichlet perturbation centered on BWM_weights_main; no performance tuning.
398,avg_dollar_volume,0.061515561713310435,random_weight_sensitivity,Dirichlet perturbation centered on BWM_weights_main; no performance tuning.
398,expense_ratio,0.036613319095830786,random_weight_sensitivity,Dirichlet perturbation centered on BWM_weights_main; no performance tuning.
398,tracking_error_vs_category_benchmark,0.19023722605903842,random_weight_sensitivity,Dirichlet perturbation centered on BWM_weights_main; no performance tuning.
398,beta_vs_category_benchmark,0.05307640017586171,random_weight_sensitivity,Dirichlet perturbation centered on BWM_weights_main; no performance tuning.
398,marginal_correlation_to_selected_universe,0.09522280388837025,random_weight_sensitivity,Dirichlet perturbation centered on BWM_weights_main; no performance tuning.
398,fund_age_months,0.06660089837550726,random_weight_sensitivity,Dirichlet perturbation centered on BWM_weights_main; no performance tuning.
398,aum_usd,0.013150527234469146,random_weight_sensitivity,Dirichlet perturbation centered on BWM_weights_main; no performance tuning.
399,momentum_12_1,0.09691463402214281,random_weight_sensitivity,Dirichlet perturbation centered on BWM_weights_main; no performance tuning.
399,volatility_annualized,0.11980912428382169,random_weight_sensitivity,Dirichlet perturbation centered on BWM_weights_main; no performance tuning.
399,rolling_max_drawdown,0.21934253991265212,random_weight_sensitivity,Dirichlet perturbation centered on BWM_weights_main; no performance tuning.
399,rolling_sortino,0.09436157773055306,random_weight_sensitivity,Dirichlet perturbation centered on BWM_weights_main; no performance tuning.
399,avg_dollar_volume,0.07413334268079382,random_weight_sensitivity,Dirichlet perturbation centered on BWM_weights_main; no performance tuning.
399,expense_ratio,0.08430009234141249,random_weight_sensitivity,Dirichlet perturbation centered on BWM_weights_main; no performance tuning.
399,tracking_error_vs_category_benchmark,0.07827821452666348,random_weight_sensitivity,Dirichlet perturbation centered on BWM_weights_main; no performance tuning.
399,beta_vs_category_benchmark,0.033549182393770874,random_weight_sensitivity,Dirichlet perturbation centered on BWM_weights_main; no performance tuning.
399,marginal_correlation_to_selected_universe,0.14432294342155233,random_weight_sensitivity,Dirichlet perturbation centered on BWM_weights_main; no performance tuning.
399,fund_age_months,0.024319651940697472,random_weight_sensitivity,Dirichlet perturbation centered on BWM_weights_main; no performance tuning.
399,aum_usd,0.03066869674593994,random_weight_sensitivity,Dirichlet perturbation centered on BWM_weights_main; no performance tuning.
400,momentum_12_1,0.07456596997467942,random_weight_sensitivity,Dirichlet perturbation centered on BWM_weights_main; no performance tuning.
400,volatility_annualized,0.047793930731599876,random_weight_sensitivity,Dirichlet perturbation centered on BWM_weights_main; no performance tuning.
400,rolling_max_drawdown,0.27093142684259064,random_weight_sensitivity,Dirichlet perturbation centered on BWM_weights_main; no performance tuning.
400,rolling_sortino,0.0464057068312867,random_weight_sensitivity,Dirichlet perturbation centered on BWM_weights_main; no performance tuning.
400,avg_dollar_volume,0.08642690672179955,random_weight_sensitivity,Dirichlet perturbation centered on BWM_weights_main; no performance tuning.
400,expense_ratio,0.05945237849750638,random_weight_sensitivity,Dirichlet perturbation centered on BWM_weights_main; no performance tuning.
400,tracking_error_vs_category_benchmark,0.10908584626169722,random_weight_sensitivity,Dirichlet perturbation centered on BWM_weights_main; no performance tuning.
400,beta_vs_category_benchmark,0.15119234839484233,random_weight_sensitivity,Dirichlet perturbation centered on BWM_weights_main; no performance tuning.
400,marginal_correlation_to_selected_universe,0.09941537490821659,random_weight_sensitivity,Dirichlet perturbation centered on BWM_weights_main; no performance tuning.
400,fund_age_months,0.025002617544472243,random_weight_sensitivity,Dirichlet perturbation centered on BWM_weights_main; no performance tuning.
400,aum_usd,0.029727493291308995,random_weight_sensitivity,Dirichlet perturbation centered on BWM_weights_main; no performance tuning.
401,momentum_12_1,0.1156914413465032,random_weight_sensitivity,Dirichlet perturbation centered on BWM_weights_main; no performance tuning.
401,volatility_annualized,0.10936992481348011,random_weight_sensitivity,Dirichlet perturbation centered on BWM_weights_main; no performance tuning.
401,rolling_max_drawdown,0.18873961287931673,random_weight_sensitivity,Dirichlet perturbation centered on BWM_weights_main; no performance tuning.
401,rolling_sortino,0.1496729203346957,random_weight_sensitivity,Dirichlet perturbation centered on BWM_weights_main; no performance tuning.
401,avg_dollar_volume,0.02815397906857394,random_weight_sensitivity,Dirichlet perturbation centered on BWM_weights_main; no performance tuning.
401,expense_ratio,0.02400198310458242,random_weight_sensitivity,Dirichlet perturbation centered on BWM_weights_main; no performance tuning.
401,tracking_error_vs_category_benchmark,0.062345107248979764,random_weight_sensitivity,Dirichlet perturbation centered on BWM_weights_main; no performance tuning.
401,beta_vs_category_benchmark,0.07198602547997204,random_weight_sensitivity,Dirichlet perturbation centered on BWM_weights_main; no performance tuning.
401,marginal_correlation_to_selected_universe,0.12332698300541146,random_weight_sensitivity,Dirichlet perturbation centered on BWM_weights_main; no performance tuning.
401,fund_age_months,0.027275546194844714,random_weight_sensitivity,Dirichlet perturbation centered on BWM_weights_main; no performance tuning.
401,aum_usd,0.09943647652363989,random_weight_sensitivity,Dirichlet perturbation centered on BWM_weights_main; no performance tuning.
402,momentum_12_1,0.07001682328735849,random_weight_sensitivity,Dirichlet perturbation centered on BWM_weights_main; no performance tuning.
402,volatility_annualized,0.1420643550916608,random_weight_sensitivity,Dirichlet perturbation centered on BWM_weights_main; no performance tuning.
402,rolling_max_drawdown,0.16359735840496661,random_weight_sensitivity,Dirichlet perturbation centered on BWM_weights_main; no performance tuning.
402,rolling_sortino,0.13549876400720176,random_weight_sensitivity,Dirichlet perturbation centered on BWM_weights_main; no performance tuning.
402,avg_dollar_volume,0.08958907405150011,random_weight_sensitivity,Dirichlet perturbation centered on BWM_weights_main; no performance tuning.
402,expense_ratio,0.04378381172280839,random_weight_sensitivity,Dirichlet perturbation centered on BWM_weights_main; no performance tuning.
402,tracking_error_vs_category_benchmark,0.11095054819324754,random_weight_sensitivity,Dirichlet perturbation centered on BWM_weights_main; no performance tuning.
402,beta_vs_category_benchmark,0.04373636597210787,random_weight_sensitivity,Dirichlet perturbation centered on BWM_weights_main; no performance tuning.
402,marginal_correlation_to_selected_universe,0.14908470799428228,random_weight_sensitivity,Dirichlet perturbation centered on BWM_weights_main; no performance tuning.
402,fund_age_months,0.011155700584597408,random_weight_sensitivity,Dirichlet perturbation centered on BWM_weights_main; no performance tuning.
402,aum_usd,0.04052249069026864,random_weight_sensitivity,Dirichlet perturbation centered on BWM_weights_main; no performance tuning.
403,momentum_12_1,0.20360160019064608,random_weight_sensitivity,Dirichlet perturbation centered on BWM_weights_main; no performance tuning.
403,volatility_annualized,0.12681820702674373,random_weight_sensitivity,Dirichlet perturbation centered on BWM_weights_main; no performance tuning.
403,rolling_max_drawdown,0.163181467910985,random_weight_sensitivity,Dirichlet perturbation centered on BWM_weights_main; no performance tuning.
403,rolling_sortino,0.058890093046852644,random_weight_sensitivity,Dirichlet perturbation centered on BWM_weights_main; no performance tuning.
403,avg_dollar_volume,0.02808524014856462,random_weight_sensitivity,Dirichlet perturbation centered on BWM_weights_main; no performance tuning.
403,expense_ratio,0.08191233606619118,random_weight_sensitivity,Dirichlet perturbation centered on BWM_weights_main; no performance tuning.
403,tracking_error_vs_category_benchmark,0.0987928646720011,random_weight_sensitivity,Dirichlet perturbation centered on BWM_weights_main; no performance tuning.
403,beta_vs_category_benchmark,0.035312023339802996,random_weight_sensitivity,Dirichlet perturbation centered on BWM_weights_main; no performance tuning.
403,marginal_correlation_to_selected_universe,0.1350776308002201,random_weight_sensitivity,Dirichlet perturbation centered on BWM_weights_main; no performance tuning.
403,fund_age_months,0.033459645598636824,random_weight_sensitivity,Dirichlet perturbation centered on BWM_weights_main; no performance tuning.
403,aum_usd,0.03486889119935563,random_weight_sensitivity,Dirichlet perturbation centered on BWM_weights_main; no performance tuning.
404,momentum_12_1,0.16659859104105534,random_weight_sensitivity,Dirichlet perturbation centered on BWM_weights_main; no performance tuning.
404,volatility_annualized,0.04580207432927002,random_weight_sensitivity,Dirichlet perturbation centered on BWM_weights_main; no performance tuning.
404,rolling_max_drawdown,0.15689978282167943,random_weight_sensitivity,Dirichlet perturbation centered on BWM_weights_main; no performance tuning.
404,rolling_sortino,0.12033142130894851,random_weight_sensitivity,Dirichlet perturbation centered on BWM_weights_main; no performance tuning.
404,avg_dollar_volume,0.03570704839169811,random_weight_sensitivity,Dirichlet perturbation centered on BWM_weights_main; no performance tuning.
404,expense_ratio,0.09278735622912426,random_weight_sensitivity,Dirichlet perturbation centered on BWM_weights_main; no performance tuning.
404,tracking_error_vs_category_benchmark,0.1486508477445796,random_weight_sensitivity,Dirichlet perturbation centered on BWM_weights_main; no performance tuning.
404,beta_vs_category_benchmark,0.013128438352281464,random_weight_sensitivity,Dirichlet perturbation centered on BWM_weights_main; no performance tuning.
404,marginal_correlation_to_selected_universe,0.16883960088201094,random_weight_sensitivity,Dirichlet perturbation centered on BWM_weights_main; no performance tuning.
404,fund_age_months,0.026571888397059394,random_weight_sensitivity,Dirichlet perturbation centered on BWM_weights_main; no performance tuning.
404,aum_usd,0.024682950502292897,random_weight_sensitivity,Dirichlet perturbation centered on BWM_weights_main; no performance tuning.
405,momentum_12_1,0.05569854357108584,random_weight_sensitivity,Dirichlet perturbation centered on BWM_weights_main; no performance tuning.
405,volatility_annualized,0.15143757110149206,random_weight_sensitivity,Dirichlet perturbation centered on BWM_weights_main; no performance tuning.
405,rolling_max_drawdown,0.13158654480961982,random_weight_sensitivity,Dirichlet perturbation centered on BWM_weights_main; no performance tuning.
405,rolling_sortino,0.12664159064119462,random_weight_sensitivity,Dirichlet perturbation centered on BWM_weights_main; no performance tuning.
405,avg_dollar_volume,0.03599518471287262,random_weight_sensitivity,Dirichlet perturbation centered on BWM_weights_main; no performance tuning.
405,expense_ratio,0.06761020395987903,random_weight_sensitivity,Dirichlet perturbation centered on BWM_weights_main; no performance tuning.
405,tracking_error_vs_category_benchmark,0.14878251439106607,random_weight_sensitivity,Dirichlet perturbation centered on BWM_weights_main; no performance tuning.
405,beta_vs_category_benchmark,0.05220891510776864,random_weight_sensitivity,Dirichlet perturbation centered on BWM_weights_main; no performance tuning.
405,marginal_correlation_to_selected_universe,0.18163640046299262,random_weight_sensitivity,Dirichlet perturbation centered on BWM_weights_main; no performance tuning.
405,fund_age_months,0.030795874820803284,random_weight_sensitivity,Dirichlet perturbation centered on BWM_weights_main; no performance tuning.
405,aum_usd,0.017606656421225466,random_weight_sensitivity,Dirichlet perturbation centered on BWM_weights_main; no performance tuning.
406,momentum_12_1,0.04941212038103675,random_weight_sensitivity,Dirichlet perturbation centered on BWM_weights_main; no performance tuning.
406,volatility_annualized,0.06423856963813855,random_weight_sensitivity,Dirichlet perturbation centered on BWM_weights_main; no performance tuning.
406,rolling_max_drawdown,0.16137847571295608,random_weight_sensitivity,Dirichlet perturbation centered on BWM_weights_main; no performance tuning.
406,rolling_sortino,0.16173735073206796,random_weight_sensitivity,Dirichlet perturbation centered on BWM_weights_main; no performance tuning.
406,avg_dollar_volume,0.12962047713974628,random_weight_sensitivity,Dirichlet perturbation centered on BWM_weights_main; no performance tuning.
406,expense_ratio,0.04390489679486087,random_weight_sensitivity,Dirichlet perturbation centered on BWM_weights_main; no performance tuning.
406,tracking_error_vs_category_benchmark,0.07091238507595578,random_weight_sensitivity,Dirichlet perturbation centered on BWM_weights_main; no performance tuning.
406,beta_vs_category_benchmark,0.08276197974222724,random_weight_sensitivity,Dirichlet perturbation centered on BWM_weights_main; no performance tuning.
406,marginal_correlation_to_selected_universe,0.11937519537320104,random_weight_sensitivity,Dirichlet perturbation centered on BWM_weights_main; no performance tuning.
406,fund_age_months,0.045172400378827034,random_weight_sensitivity,Dirichlet perturbation centered on BWM_weights_main; no performance tuning.
406,aum_usd,0.07148614903098229,random_weight_sensitivity,Dirichlet perturbation centered on BWM_weights_main; no performance tuning.
407,momentum_12_1,0.09155731988706703,random_weight_sensitivity,Dirichlet perturbation centered on BWM_weights_main; no performance tuning.
407,volatility_annualized,0.06632240860763249,random_weight_sensitivity,Dirichlet perturbation centered on BWM_weights_main; no performance tuning.
407,rolling_max_drawdown,0.2856495876619287,random_weight_sensitivity,Dirichlet perturbation centered on BWM_weights_main; no performance tuning.
407,rolling_sortino,0.14345888786148095,random_weight_sensitivity,Dirichlet perturbation centered on BWM_weights_main; no performance tuning.
407,avg_dollar_volume,0.025241019102229964,random_weight_sensitivity,Dirichlet perturbation centered on BWM_weights_main; no performance tuning.
407,expense_ratio,0.02765272654603665,random_weight_sensitivity,Dirichlet perturbation centered on BWM_weights_main; no performance tuning.
407,tracking_error_vs_category_benchmark,0.0656266577532178,random_weight_sensitivity,Dirichlet perturbation centered on BWM_weights_main; no performance tuning.
407,beta_vs_category_benchmark,0.11055253335504688,random_weight_sensitivity,Dirichlet perturbation centered on BWM_weights_main; no performance tuning.
407,marginal_correlation_to_selected_universe,0.1245388966762051,random_weight_sensitivity,Dirichlet perturbation centered on BWM_weights_main; no performance tuning.
407,fund_age_months,0.03839771929206199,random_weight_sensitivity,Dirichlet perturbation centered on BWM_weights_main; no performance tuning.
407,aum_usd,0.021002243257092375,random_weight_sensitivity,Dirichlet perturbation centered on BWM_weights_main; no performance tuning.
408,momentum_12_1,0.125069395140901,random_weight_sensitivity,Dirichlet perturbation centered on BWM_weights_main; no performance tuning.
408,volatility_annualized,0.1114621679657427,random_weight_sensitivity,Dirichlet perturbation centered on BWM_weights_main; no performance tuning.
408,rolling_max_drawdown,0.2191418338973975,random_weight_sensitivity,Dirichlet perturbation centered on BWM_weights_main; no performance tuning.
408,rolling_sortino,0.08035361411782621,random_weight_sensitivity,Dirichlet perturbation centered on BWM_weights_main; no performance tuning.
408,avg_dollar_volume,0.04405796587094933,random_weight_sensitivity,Dirichlet perturbation centered on BWM_weights_main; no performance tuning.
408,expense_ratio,0.028158981938268778,random_weight_sensitivity,Dirichlet perturbation centered on BWM_weights_main; no performance tuning.
408,tracking_error_vs_category_benchmark,0.08585669500640877,random_weight_sensitivity,Dirichlet perturbation centered on BWM_weights_main; no performance tuning.
408,beta_vs_category_benchmark,0.10417539529641161,random_weight_sensitivity,Dirichlet perturbation centered on BWM_weights_main; no performance tuning.
408,marginal_correlation_to_selected_universe,0.16302950141208516,random_weight_sensitivity,Dirichlet perturbation centered on BWM_weights_main; no performance tuning.
408,fund_age_months,0.004296658948170317,random_weight_sensitivity,Dirichlet perturbation centered on BWM_weights_main; no performance tuning.
408,aum_usd,0.03439779040583851,random_weight_sensitivity,Dirichlet perturbation centered on BWM_weights_main; no performance tuning.
409,momentum_12_1,0.160347644673261,random_weight_sensitivity,Dirichlet perturbation centered on BWM_weights_main; no performance tuning.
409,volatility_annualized,0.16912185873139815,random_weight_sensitivity,Dirichlet perturbation centered on BWM_weights_main; no performance tuning.
409,rolling_max_drawdown,0.14513766367275827,random_weight_sensitivity,Dirichlet perturbation centered on BWM_weights_main; no performance tuning.
409,rolling_sortino,0.13794217447147386,random_weight_sensitivity,Dirichlet perturbation centered on BWM_weights_main; no performance tuning.
409,avg_dollar_volume,0.09046282232964292,random_weight_sensitivity,Dirichlet perturbation centered on BWM_weights_main; no performance tuning.
409,expense_ratio,0.08690515413038173,random_weight_sensitivity,Dirichlet perturbation centered on BWM_weights_main; no performance tuning.
409,tracking_error_vs_category_benchmark,0.041307571511993525,random_weight_sensitivity,Dirichlet perturbation centered on BWM_weights_main; no performance tuning.
409,beta_vs_category_benchmark,0.04191504865309523,random_weight_sensitivity,Dirichlet perturbation centered on BWM_weights_main; no performance tuning.
409,marginal_correlation_to_selected_universe,0.08287792991849945,random_weight_sensitivity,Dirichlet perturbation centered on BWM_weights_main; no performance tuning.
409,fund_age_months,0.013018475646633545,random_weight_sensitivity,Dirichlet perturbation centered on BWM_weights_main; no performance tuning.
409,aum_usd,0.03096365626086212,random_weight_sensitivity,Dirichlet perturbation centered on BWM_weights_main; no performance tuning.
410,momentum_12_1,0.20062975165577795,random_weight_sensitivity,Dirichlet perturbation centered on BWM_weights_main; no performance tuning.
410,volatility_annualized,0.08816599039920484,random_weight_sensitivity,Dirichlet perturbation centered on BWM_weights_main; no performance tuning.
410,rolling_max_drawdown,0.2052781466051078,random_weight_sensitivity,Dirichlet perturbation centered on BWM_weights_main; no performance tuning.
410,rolling_sortino,0.11525816630579258,random_weight_sensitivity,Dirichlet perturbation centered on BWM_weights_main; no performance tuning.
410,avg_dollar_volume,0.06340487728541346,random_weight_sensitivity,Dirichlet perturbation centered on BWM_weights_main; no performance tuning.
410,expense_ratio,0.03515958845802492,random_weight_sensitivity,Dirichlet perturbation centered on BWM_weights_main; no performance tuning.
410,tracking_error_vs_category_benchmark,0.10382999644691492,random_weight_sensitivity,Dirichlet perturbation centered on BWM_weights_main; no performance tuning.
410,beta_vs_category_benchmark,0.019018609240307512,random_weight_sensitivity,Dirichlet perturbation centered on BWM_weights_main; no performance tuning.
410,marginal_correlation_to_selected_universe,0.12159057460287218,random_weight_sensitivity,Dirichlet perturbation centered on BWM_weights_main; no performance tuning.
410,fund_age_months,0.0005454641531250962,random_weight_sensitivity,Dirichlet perturbation centered on BWM_weights_main; no performance tuning.
410,aum_usd,0.047118834847458796,random_weight_sensitivity,Dirichlet perturbation centered on BWM_weights_main; no performance tuning.
411,momentum_12_1,0.08295789332866774,random_weight_sensitivity,Dirichlet perturbation centered on BWM_weights_main; no performance tuning.
411,volatility_annualized,0.07094709110783476,random_weight_sensitivity,Dirichlet perturbation centered on BWM_weights_main; no performance tuning.
411,rolling_max_drawdown,0.2473111035908326,random_weight_sensitivity,Dirichlet perturbation centered on BWM_weights_main; no performance tuning.
411,rolling_sortino,0.09085339952592304,random_weight_sensitivity,Dirichlet perturbation centered on BWM_weights_main; no performance tuning.
411,avg_dollar_volume,0.07134639356417516,random_weight_sensitivity,Dirichlet perturbation centered on BWM_weights_main; no performance tuning.
411,expense_ratio,0.026939713160716715,random_weight_sensitivity,Dirichlet perturbation centered on BWM_weights_main; no performance tuning.
411,tracking_error_vs_category_benchmark,0.18701601022180422,random_weight_sensitivity,Dirichlet perturbation centered on BWM_weights_main; no performance tuning.
411,beta_vs_category_benchmark,0.07485906799017057,random_weight_sensitivity,Dirichlet perturbation centered on BWM_weights_main; no performance tuning.
411,marginal_correlation_to_selected_universe,0.11420626210251637,random_weight_sensitivity,Dirichlet perturbation centered on BWM_weights_main; no performance tuning.
411,fund_age_months,0.03029311577239246,random_weight_sensitivity,Dirichlet perturbation centered on BWM_weights_main; no performance tuning.
411,aum_usd,0.0032699496349664252,random_weight_sensitivity,Dirichlet perturbation centered on BWM_weights_main; no performance tuning.
412,momentum_12_1,0.1408295892187954,random_weight_sensitivity,Dirichlet perturbation centered on BWM_weights_main; no performance tuning.
412,volatility_annualized,0.06798005372645781,random_weight_sensitivity,Dirichlet perturbation centered on BWM_weights_main; no performance tuning.
412,rolling_max_drawdown,0.21908317387006462,random_weight_sensitivity,Dirichlet perturbation centered on BWM_weights_main; no performance tuning.
412,rolling_sortino,0.06700024897957987,random_weight_sensitivity,Dirichlet perturbation centered on BWM_weights_main; no performance tuning.
412,avg_dollar_volume,0.03680219893144122,random_weight_sensitivity,Dirichlet perturbation centered on BWM_weights_main; no performance tuning.
412,expense_ratio,0.06290271815434878,random_weight_sensitivity,Dirichlet perturbation centered on BWM_weights_main; no performance tuning.
412,tracking_error_vs_category_benchmark,0.16990352586214638,random_weight_sensitivity,Dirichlet perturbation centered on BWM_weights_main; no performance tuning.
412,beta_vs_category_benchmark,0.08751571589098955,random_weight_sensitivity,Dirichlet perturbation centered on BWM_weights_main; no performance tuning.
412,marginal_correlation_to_selected_universe,0.09753024011515146,random_weight_sensitivity,Dirichlet perturbation centered on BWM_weights_main; no performance tuning.
412,fund_age_months,0.020349251706672254,random_weight_sensitivity,Dirichlet perturbation centered on BWM_weights_main; no performance tuning.
412,aum_usd,0.030103283544352686,random_weight_sensitivity,Dirichlet perturbation centered on BWM_weights_main; no performance tuning.
413,momentum_12_1,0.1802962806500015,random_weight_sensitivity,Dirichlet perturbation centered on BWM_weights_main; no performance tuning.
413,volatility_annualized,0.14252877478707293,random_weight_sensitivity,Dirichlet perturbation centered on BWM_weights_main; no performance tuning.
413,rolling_max_drawdown,0.12095879828155714,random_weight_sensitivity,Dirichlet perturbation centered on BWM_weights_main; no performance tuning.
413,rolling_sortino,0.06879231265958981,random_weight_sensitivity,Dirichlet perturbation centered on BWM_weights_main; no performance tuning.
413,avg_dollar_volume,0.09013759621549339,random_weight_sensitivity,Dirichlet perturbation centered on BWM_weights_main; no performance tuning.
413,expense_ratio,0.03597546294267358,random_weight_sensitivity,Dirichlet perturbation centered on BWM_weights_main; no performance tuning.
413,tracking_error_vs_category_benchmark,0.11030655487288779,random_weight_sensitivity,Dirichlet perturbation centered on BWM_weights_main; no performance tuning.
413,beta_vs_category_benchmark,0.10286301136904892,random_weight_sensitivity,Dirichlet perturbation centered on BWM_weights_main; no performance tuning.
413,marginal_correlation_to_selected_universe,0.12517147621111868,random_weight_sensitivity,Dirichlet perturbation centered on BWM_weights_main; no performance tuning.
413,fund_age_months,0.0038104812110737575,random_weight_sensitivity,Dirichlet perturbation centered on BWM_weights_main; no performance tuning.
413,aum_usd,0.019159250799482566,random_weight_sensitivity,Dirichlet perturbation centered on BWM_weights_main; no performance tuning.
414,momentum_12_1,0.10666350505046712,random_weight_sensitivity,Dirichlet perturbation centered on BWM_weights_main; no performance tuning.
414,volatility_annualized,0.18236595394387498,random_weight_sensitivity,Dirichlet perturbation centered on BWM_weights_main; no performance tuning.
414,rolling_max_drawdown,0.15669325085124888,random_weight_sensitivity,Dirichlet perturbation centered on BWM_weights_main; no performance tuning.
414,rolling_sortino,0.1256738696549223,random_weight_sensitivity,Dirichlet perturbation centered on BWM_weights_main; no performance tuning.
414,avg_dollar_volume,0.07129530540762612,random_weight_sensitivity,Dirichlet perturbation centered on BWM_weights_main; no performance tuning.
414,expense_ratio,0.04051742237437631,random_weight_sensitivity,Dirichlet perturbation centered on BWM_weights_main; no performance tuning.
414,tracking_error_vs_category_benchmark,0.12625250272073366,random_weight_sensitivity,Dirichlet perturbation centered on BWM_weights_main; no performance tuning.
414,beta_vs_category_benchmark,0.021519469678315004,random_weight_sensitivity,Dirichlet perturbation centered on BWM_weights_main; no performance tuning.
414,marginal_correlation_to_selected_universe,0.1225585775438809,random_weight_sensitivity,Dirichlet perturbation centered on BWM_weights_main; no performance tuning.
414,fund_age_months,0.02481922535477745,random_weight_sensitivity,Dirichlet perturbation centered on BWM_weights_main; no performance tuning.
414,aum_usd,0.02164091741977726,random_weight_sensitivity,Dirichlet perturbation centered on BWM_weights_main; no performance tuning.
415,momentum_12_1,0.0835129551540975,random_weight_sensitivity,Dirichlet perturbation centered on BWM_weights_main; no performance tuning.
415,volatility_annualized,0.10882107354443428,random_weight_sensitivity,Dirichlet perturbation centered on BWM_weights_main; no performance tuning.
415,rolling_max_drawdown,0.19348693002684894,random_weight_sensitivity,Dirichlet perturbation centered on BWM_weights_main; no performance tuning.
415,rolling_sortino,0.1190564832021943,random_weight_sensitivity,Dirichlet perturbation centered on BWM_weights_main; no performance tuning.
415,avg_dollar_volume,0.07064100277623116,random_weight_sensitivity,Dirichlet perturbation centered on BWM_weights_main; no performance tuning.
415,expense_ratio,0.06388842607636987,random_weight_sensitivity,Dirichlet perturbation centered on BWM_weights_main; no performance tuning.
415,tracking_error_vs_category_benchmark,0.06088847286395373,random_weight_sensitivity,Dirichlet perturbation centered on BWM_weights_main; no performance tuning.
415,beta_vs_category_benchmark,0.04391563791497254,random_weight_sensitivity,Dirichlet perturbation centered on BWM_weights_main; no performance tuning.
415,marginal_correlation_to_selected_universe,0.2014209515782571,random_weight_sensitivity,Dirichlet perturbation centered on BWM_weights_main; no performance tuning.
415,fund_age_months,0.013449962036355557,random_weight_sensitivity,Dirichlet perturbation centered on BWM_weights_main; no performance tuning.
415,aum_usd,0.04091810482628502,random_weight_sensitivity,Dirichlet perturbation centered on BWM_weights_main; no performance tuning.
416,momentum_12_1,0.08114598434253419,random_weight_sensitivity,Dirichlet perturbation centered on BWM_weights_main; no performance tuning.
416,volatility_annualized,0.16795112011828356,random_weight_sensitivity,Dirichlet perturbation centered on BWM_weights_main; no performance tuning.
416,rolling_max_drawdown,0.14041668867295565,random_weight_sensitivity,Dirichlet perturbation centered on BWM_weights_main; no performance tuning.
416,rolling_sortino,0.06849827917461711,random_weight_sensitivity,Dirichlet perturbation centered on BWM_weights_main; no performance tuning.
416,avg_dollar_volume,0.08143612751919868,random_weight_sensitivity,Dirichlet perturbation centered on BWM_weights_main; no performance tuning.
416,expense_ratio,0.06923001455730392,random_weight_sensitivity,Dirichlet perturbation centered on BWM_weights_main; no performance tuning.
416,tracking_error_vs_category_benchmark,0.12118647096758757,random_weight_sensitivity,Dirichlet perturbation centered on BWM_weights_main; no performance tuning.
416,beta_vs_category_benchmark,0.08001078853406467,random_weight_sensitivity,Dirichlet perturbation centered on BWM_weights_main; no performance tuning.
416,marginal_correlation_to_selected_universe,0.13990833571281863,random_weight_sensitivity,Dirichlet perturbation centered on BWM_weights_main; no performance tuning.
416,fund_age_months,0.0033800827008438777,random_weight_sensitivity,Dirichlet perturbation centered on BWM_weights_main; no performance tuning.
416,aum_usd,0.04683610769979202,random_weight_sensitivity,Dirichlet perturbation centered on BWM_weights_main; no performance tuning.
417,momentum_12_1,0.08009432557008898,random_weight_sensitivity,Dirichlet perturbation centered on BWM_weights_main; no performance tuning.
417,volatility_annualized,0.04492036068374868,random_weight_sensitivity,Dirichlet perturbation centered on BWM_weights_main; no performance tuning.
417,rolling_max_drawdown,0.23864141146582396,random_weight_sensitivity,Dirichlet perturbation centered on BWM_weights_main; no performance tuning.
417,rolling_sortino,0.13419084412797902,random_weight_sensitivity,Dirichlet perturbation centered on BWM_weights_main; no performance tuning.
417,avg_dollar_volume,0.07277031842447113,random_weight_sensitivity,Dirichlet perturbation centered on BWM_weights_main; no performance tuning.
417,expense_ratio,0.11560048985170578,random_weight_sensitivity,Dirichlet perturbation centered on BWM_weights_main; no performance tuning.
417,tracking_error_vs_category_benchmark,0.08037079603741167,random_weight_sensitivity,Dirichlet perturbation centered on BWM_weights_main; no performance tuning.
417,beta_vs_category_benchmark,0.1004289195669374,random_weight_sensitivity,Dirichlet perturbation centered on BWM_weights_main; no performance tuning.
417,marginal_correlation_to_selected_universe,0.10606347916392611,random_weight_sensitivity,Dirichlet perturbation centered on BWM_weights_main; no performance tuning.
417,fund_age_months,0.018506033413604628,random_weight_sensitivity,Dirichlet perturbation centered on BWM_weights_main; no performance tuning.
417,aum_usd,0.008413021694302721,random_weight_sensitivity,Dirichlet perturbation centered on BWM_weights_main; no performance tuning.
418,momentum_12_1,0.12782206282114866,random_weight_sensitivity,Dirichlet perturbation centered on BWM_weights_main; no performance tuning.
418,volatility_annualized,0.10236999559692793,random_weight_sensitivity,Dirichlet perturbation centered on BWM_weights_main; no performance tuning.
418,rolling_max_drawdown,0.19167531393575238,random_weight_sensitivity,Dirichlet perturbation centered on BWM_weights_main; no performance tuning.
418,rolling_sortino,0.05866205892652007,random_weight_sensitivity,Dirichlet perturbation centered on BWM_weights_main; no performance tuning.
418,avg_dollar_volume,0.06480657311839853,random_weight_sensitivity,Dirichlet perturbation centered on BWM_weights_main; no performance tuning.
418,expense_ratio,0.05227200797960939,random_weight_sensitivity,Dirichlet perturbation centered on BWM_weights_main; no performance tuning.
418,tracking_error_vs_category_benchmark,0.10451587747589908,random_weight_sensitivity,Dirichlet perturbation centered on BWM_weights_main; no performance tuning.
418,beta_vs_category_benchmark,0.06334245421554768,random_weight_sensitivity,Dirichlet perturbation centered on BWM_weights_main; no performance tuning.
418,marginal_correlation_to_selected_universe,0.163588875951857,random_weight_sensitivity,Dirichlet perturbation centered on BWM_weights_main; no performance tuning.
418,fund_age_months,0.044468778622354946,random_weight_sensitivity,Dirichlet perturbation centered on BWM_weights_main; no performance tuning.
418,aum_usd,0.026476001355984262,random_weight_sensitivity,Dirichlet perturbation centered on BWM_weights_main; no performance tuning.
419,momentum_12_1,0.11109368807687676,random_weight_sensitivity,Dirichlet perturbation centered on BWM_weights_main; no performance tuning.
419,volatility_annualized,0.07899469039423186,random_weight_sensitivity,Dirichlet perturbation centered on BWM_weights_main; no performance tuning.
419,rolling_max_drawdown,0.21934927219750053,random_weight_sensitivity,Dirichlet perturbation centered on BWM_weights_main; no performance tuning.
419,rolling_sortino,0.08721138014901339,random_weight_sensitivity,Dirichlet perturbation centered on BWM_weights_main; no performance tuning.
419,avg_dollar_volume,0.04579440814268696,random_weight_sensitivity,Dirichlet perturbation centered on BWM_weights_main; no performance tuning.
419,expense_ratio,0.06720980855453526,random_weight_sensitivity,Dirichlet perturbation centered on BWM_weights_main; no performance tuning.
419,tracking_error_vs_category_benchmark,0.14465350051367556,random_weight_sensitivity,Dirichlet perturbation centered on BWM_weights_main; no performance tuning.
419,beta_vs_category_benchmark,0.09577399549262973,random_weight_sensitivity,Dirichlet perturbation centered on BWM_weights_main; no performance tuning.
419,marginal_correlation_to_selected_universe,0.07633551123164617,random_weight_sensitivity,Dirichlet perturbation centered on BWM_weights_main; no performance tuning.
419,fund_age_months,0.05617505738858892,random_weight_sensitivity,Dirichlet perturbation centered on BWM_weights_main; no performance tuning.
419,aum_usd,0.017408687858614817,random_weight_sensitivity,Dirichlet perturbation centered on BWM_weights_main; no performance tuning.
420,momentum_12_1,0.07818874972343315,random_weight_sensitivity,Dirichlet perturbation centered on BWM_weights_main; no performance tuning.
420,volatility_annualized,0.14266050652392728,random_weight_sensitivity,Dirichlet perturbation centered on BWM_weights_main; no performance tuning.
420,rolling_max_drawdown,0.09589335765140755,random_weight_sensitivity,Dirichlet perturbation centered on BWM_weights_main; no performance tuning.
420,rolling_sortino,0.10229024566952273,random_weight_sensitivity,Dirichlet perturbation centered on BWM_weights_main; no performance tuning.
420,avg_dollar_volume,0.05662409695916947,random_weight_sensitivity,Dirichlet perturbation centered on BWM_weights_main; no performance tuning.
420,expense_ratio,0.13722537997020465,random_weight_sensitivity,Dirichlet perturbation centered on BWM_weights_main; no performance tuning.
420,tracking_error_vs_category_benchmark,0.06403185416146057,random_weight_sensitivity,Dirichlet perturbation centered on BWM_weights_main; no performance tuning.
420,beta_vs_category_benchmark,0.038915938522811964,random_weight_sensitivity,Dirichlet perturbation centered on BWM_weights_main; no performance tuning.
420,marginal_correlation_to_selected_universe,0.19632252127966096,random_weight_sensitivity,Dirichlet perturbation centered on BWM_weights_main; no performance tuning.
420,fund_age_months,0.01370096298258863,random_weight_sensitivity,Dirichlet perturbation centered on BWM_weights_main; no performance tuning.
420,aum_usd,0.07414638655581321,random_weight_sensitivity,Dirichlet perturbation centered on BWM_weights_main; no performance tuning.
421,momentum_12_1,0.08009354891069878,random_weight_sensitivity,Dirichlet perturbation centered on BWM_weights_main; no performance tuning.
421,volatility_annualized,0.07276726340224285,random_weight_sensitivity,Dirichlet perturbation centered on BWM_weights_main; no performance tuning.
421,rolling_max_drawdown,0.24714559430442495,random_weight_sensitivity,Dirichlet perturbation centered on BWM_weights_main; no performance tuning.
421,rolling_sortino,0.20400174024256754,random_weight_sensitivity,Dirichlet perturbation centered on BWM_weights_main; no performance tuning.
421,avg_dollar_volume,0.11265872211928593,random_weight_sensitivity,Dirichlet perturbation centered on BWM_weights_main; no performance tuning.
421,expense_ratio,0.04792675916716972,random_weight_sensitivity,Dirichlet perturbation centered on BWM_weights_main; no performance tuning.
421,tracking_error_vs_category_benchmark,0.09512530059520234,random_weight_sensitivity,Dirichlet perturbation centered on BWM_weights_main; no performance tuning.
421,beta_vs_category_benchmark,0.037736624462275666,random_weight_sensitivity,Dirichlet perturbation centered on BWM_weights_main; no performance tuning.
421,marginal_correlation_to_selected_universe,0.06926359579549855,random_weight_sensitivity,Dirichlet perturbation centered on BWM_weights_main; no performance tuning.
421,fund_age_months,0.006965600123545515,random_weight_sensitivity,Dirichlet perturbation centered on BWM_weights_main; no performance tuning.
421,aum_usd,0.026315250877088095,random_weight_sensitivity,Dirichlet perturbation centered on BWM_weights_main; no performance tuning.
422,momentum_12_1,0.0984947305074983,random_weight_sensitivity,Dirichlet perturbation centered on BWM_weights_main; no performance tuning.
422,volatility_annualized,0.032238133590409904,random_weight_sensitivity,Dirichlet perturbation centered on BWM_weights_main; no performance tuning.
422,rolling_max_drawdown,0.17113302133188757,random_weight_sensitivity,Dirichlet perturbation centered on BWM_weights_main; no performance tuning.
422,rolling_sortino,0.12388177200356663,random_weight_sensitivity,Dirichlet perturbation centered on BWM_weights_main; no performance tuning.
422,avg_dollar_volume,0.06627804602961063,random_weight_sensitivity,Dirichlet perturbation centered on BWM_weights_main; no performance tuning.
422,expense_ratio,0.08168067138891147,random_weight_sensitivity,Dirichlet perturbation centered on BWM_weights_main; no performance tuning.
422,tracking_error_vs_category_benchmark,0.1266736053589944,random_weight_sensitivity,Dirichlet perturbation centered on BWM_weights_main; no performance tuning.
422,beta_vs_category_benchmark,0.04705475043933202,random_weight_sensitivity,Dirichlet perturbation centered on BWM_weights_main; no performance tuning.
422,marginal_correlation_to_selected_universe,0.08787278920230181,random_weight_sensitivity,Dirichlet perturbation centered on BWM_weights_main; no performance tuning.
422,fund_age_months,0.1417474631181789,random_weight_sensitivity,Dirichlet perturbation centered on BWM_weights_main; no performance tuning.
422,aum_usd,0.022945017029308443,random_weight_sensitivity,Dirichlet perturbation centered on BWM_weights_main; no performance tuning.
423,momentum_12_1,0.13876642471314143,random_weight_sensitivity,Dirichlet perturbation centered on BWM_weights_main; no performance tuning.
423,volatility_annualized,0.06086689961347338,random_weight_sensitivity,Dirichlet perturbation centered on BWM_weights_main; no performance tuning.
423,rolling_max_drawdown,0.24567453890498892,random_weight_sensitivity,Dirichlet perturbation centered on BWM_weights_main; no performance tuning.
423,rolling_sortino,0.07844489653887557,random_weight_sensitivity,Dirichlet perturbation centered on BWM_weights_main; no performance tuning.
423,avg_dollar_volume,0.07069740807327825,random_weight_sensitivity,Dirichlet perturbation centered on BWM_weights_main; no performance tuning.
423,expense_ratio,0.030683835703715773,random_weight_sensitivity,Dirichlet perturbation centered on BWM_weights_main; no performance tuning.
423,tracking_error_vs_category_benchmark,0.10424746435937543,random_weight_sensitivity,Dirichlet perturbation centered on BWM_weights_main; no performance tuning.
423,beta_vs_category_benchmark,0.06788265527761657,random_weight_sensitivity,Dirichlet perturbation centered on BWM_weights_main; no performance tuning.
423,marginal_correlation_to_selected_universe,0.0985087107110403,random_weight_sensitivity,Dirichlet perturbation centered on BWM_weights_main; no performance tuning.
423,fund_age_months,0.028261231855669068,random_weight_sensitivity,Dirichlet perturbation centered on BWM_weights_main; no performance tuning.
423,aum_usd,0.07596593424882526,random_weight_sensitivity,Dirichlet perturbation centered on BWM_weights_main; no performance tuning.
424,momentum_12_1,0.08885256758057514,random_weight_sensitivity,Dirichlet perturbation centered on BWM_weights_main; no performance tuning.
424,volatility_annualized,0.12602583054091523,random_weight_sensitivity,Dirichlet perturbation centered on BWM_weights_main; no performance tuning.
424,rolling_max_drawdown,0.1590715770993096,random_weight_sensitivity,Dirichlet perturbation centered on BWM_weights_main; no performance tuning.
424,rolling_sortino,0.05916696657033723,random_weight_sensitivity,Dirichlet perturbation centered on BWM_weights_main; no performance tuning.
424,avg_dollar_volume,0.0949615773786693,random_weight_sensitivity,Dirichlet perturbation centered on BWM_weights_main; no performance tuning.
424,expense_ratio,0.04939246104698944,random_weight_sensitivity,Dirichlet perturbation centered on BWM_weights_main; no performance tuning.
424,tracking_error_vs_category_benchmark,0.13511267663496287,random_weight_sensitivity,Dirichlet perturbation centered on BWM_weights_main; no performance tuning.
424,beta_vs_category_benchmark,0.09684679020636958,random_weight_sensitivity,Dirichlet perturbation centered on BWM_weights_main; no performance tuning.
424,marginal_correlation_to_selected_universe,0.06379344202906513,random_weight_sensitivity,Dirichlet perturbation centered on BWM_weights_main; no performance tuning.
424,fund_age_months,0.03334927540886844,random_weight_sensitivity,Dirichlet perturbation centered on BWM_weights_main; no performance tuning.
424,aum_usd,0.09342683550393809,random_weight_sensitivity,Dirichlet perturbation centered on BWM_weights_main; no performance tuning.
425,momentum_12_1,0.15360821792301466,random_weight_sensitivity,Dirichlet perturbation centered on BWM_weights_main; no performance tuning.
425,volatility_annualized,0.08138486421710285,random_weight_sensitivity,Dirichlet perturbation centered on BWM_weights_main; no performance tuning.
425,rolling_max_drawdown,0.21890592035034628,random_weight_sensitivity,Dirichlet perturbation centered on BWM_weights_main; no performance tuning.
425,rolling_sortino,0.12476620865872215,random_weight_sensitivity,Dirichlet perturbation centered on BWM_weights_main; no performance tuning.
425,avg_dollar_volume,0.07350746931034757,random_weight_sensitivity,Dirichlet perturbation centered on BWM_weights_main; no performance tuning.
425,expense_ratio,0.03778825112937554,random_weight_sensitivity,Dirichlet perturbation centered on BWM_weights_main; no performance tuning.
425,tracking_error_vs_category_benchmark,0.08682554496485571,random_weight_sensitivity,Dirichlet perturbation centered on BWM_weights_main; no performance tuning.
425,beta_vs_category_benchmark,0.07024164327158804,random_weight_sensitivity,Dirichlet perturbation centered on BWM_weights_main; no performance tuning.
425,marginal_correlation_to_selected_universe,0.1321510794887861,random_weight_sensitivity,Dirichlet perturbation centered on BWM_weights_main; no performance tuning.
425,fund_age_months,0.012005648109829133,random_weight_sensitivity,Dirichlet perturbation centered on BWM_weights_main; no performance tuning.
425,aum_usd,0.00881515257603204,random_weight_sensitivity,Dirichlet perturbation centered on BWM_weights_main; no performance tuning.
426,momentum_12_1,0.08914409217514692,random_weight_sensitivity,Dirichlet perturbation centered on BWM_weights_main; no performance tuning.
426,volatility_annualized,0.20469148798262923,random_weight_sensitivity,Dirichlet perturbation centered on BWM_weights_main; no performance tuning.
426,rolling_max_drawdown,0.22401658008405628,random_weight_sensitivity,Dirichlet perturbation centered on BWM_weights_main; no performance tuning.
426,rolling_sortino,0.11792489432104132,random_weight_sensitivity,Dirichlet perturbation centered on BWM_weights_main; no performance tuning.
426,avg_dollar_volume,0.04606089578835957,random_weight_sensitivity,Dirichlet perturbation centered on BWM_weights_main; no performance tuning.
426,expense_ratio,0.05602133886784367,random_weight_sensitivity,Dirichlet perturbation centered on BWM_weights_main; no performance tuning.
426,tracking_error_vs_category_benchmark,0.04443628148664729,random_weight_sensitivity,Dirichlet perturbation centered on BWM_weights_main; no performance tuning.
426,beta_vs_category_benchmark,0.044397955331421275,random_weight_sensitivity,Dirichlet perturbation centered on BWM_weights_main; no performance tuning.
426,marginal_correlation_to_selected_universe,0.1250040258032069,random_weight_sensitivity,Dirichlet perturbation centered on BWM_weights_main; no performance tuning.
426,fund_age_months,0.023157478342558508,random_weight_sensitivity,Dirichlet perturbation centered on BWM_weights_main; no performance tuning.
426,aum_usd,0.02514496981708903,random_weight_sensitivity,Dirichlet perturbation centered on BWM_weights_main; no performance tuning.
427,momentum_12_1,0.11910245258391033,random_weight_sensitivity,Dirichlet perturbation centered on BWM_weights_main; no performance tuning.
427,volatility_annualized,0.12727760935536667,random_weight_sensitivity,Dirichlet perturbation centered on BWM_weights_main; no performance tuning.
427,rolling_max_drawdown,0.19105951857722642,random_weight_sensitivity,Dirichlet perturbation centered on BWM_weights_main; no performance tuning.
427,rolling_sortino,0.14956518672669508,random_weight_sensitivity,Dirichlet perturbation centered on BWM_weights_main; no performance tuning.
427,avg_dollar_volume,0.08848636385348913,random_weight_sensitivity,Dirichlet perturbation centered on BWM_weights_main; no performance tuning.
427,expense_ratio,0.06543200323596786,random_weight_sensitivity,Dirichlet perturbation centered on BWM_weights_main; no performance tuning.
427,tracking_error_vs_category_benchmark,0.07283677992163776,random_weight_sensitivity,Dirichlet perturbation centered on BWM_weights_main; no performance tuning.
427,beta_vs_category_benchmark,0.0630076042142752,random_weight_sensitivity,Dirichlet perturbation centered on BWM_weights_main; no performance tuning.
427,marginal_correlation_to_selected_universe,0.09976989209577819,random_weight_sensitivity,Dirichlet perturbation centered on BWM_weights_main; no performance tuning.
427,fund_age_months,0.011136943748359131,random_weight_sensitivity,Dirichlet perturbation centered on BWM_weights_main; no performance tuning.
427,aum_usd,0.01232564568729398,random_weight_sensitivity,Dirichlet perturbation centered on BWM_weights_main; no performance tuning.
428,momentum_12_1,0.15000689916714097,random_weight_sensitivity,Dirichlet perturbation centered on BWM_weights_main; no performance tuning.
428,volatility_annualized,0.14705722421990136,random_weight_sensitivity,Dirichlet perturbation centered on BWM_weights_main; no performance tuning.
428,rolling_max_drawdown,0.15646482648676782,random_weight_sensitivity,Dirichlet perturbation centered on BWM_weights_main; no performance tuning.
428,rolling_sortino,0.0978993976174109,random_weight_sensitivity,Dirichlet perturbation centered on BWM_weights_main; no performance tuning.
428,avg_dollar_volume,0.07167053580576893,random_weight_sensitivity,Dirichlet perturbation centered on BWM_weights_main; no performance tuning.
428,expense_ratio,0.053979713105013497,random_weight_sensitivity,Dirichlet perturbation centered on BWM_weights_main; no performance tuning.
428,tracking_error_vs_category_benchmark,0.10065779770358116,random_weight_sensitivity,Dirichlet perturbation centered on BWM_weights_main; no performance tuning.
428,beta_vs_category_benchmark,0.07661705030329016,random_weight_sensitivity,Dirichlet perturbation centered on BWM_weights_main; no performance tuning.
428,marginal_correlation_to_selected_universe,0.09512218011522713,random_weight_sensitivity,Dirichlet perturbation centered on BWM_weights_main; no performance tuning.
428,fund_age_months,0.030384058085839365,random_weight_sensitivity,Dirichlet perturbation centered on BWM_weights_main; no performance tuning.
428,aum_usd,0.02014031739005874,random_weight_sensitivity,Dirichlet perturbation centered on BWM_weights_main; no performance tuning.
429,momentum_12_1,0.08983764646704036,random_weight_sensitivity,Dirichlet perturbation centered on BWM_weights_main; no performance tuning.
429,volatility_annualized,0.2338118092605245,random_weight_sensitivity,Dirichlet perturbation centered on BWM_weights_main; no performance tuning.
429,rolling_max_drawdown,0.22147341462792333,random_weight_sensitivity,Dirichlet perturbation centered on BWM_weights_main; no performance tuning.
429,rolling_sortino,0.09734325400419379,random_weight_sensitivity,Dirichlet perturbation centered on BWM_weights_main; no performance tuning.
429,avg_dollar_volume,0.03522734120368898,random_weight_sensitivity,Dirichlet perturbation centered on BWM_weights_main; no performance tuning.
429,expense_ratio,0.05932992561767451,random_weight_sensitivity,Dirichlet perturbation centered on BWM_weights_main; no performance tuning.
429,tracking_error_vs_category_benchmark,0.12965143015786967,random_weight_sensitivity,Dirichlet perturbation centered on BWM_weights_main; no performance tuning.
429,beta_vs_category_benchmark,0.08188105768211472,random_weight_sensitivity,Dirichlet perturbation centered on BWM_weights_main; no performance tuning.
429,marginal_correlation_to_selected_universe,0.03975696975286177,random_weight_sensitivity,Dirichlet perturbation centered on BWM_weights_main; no performance tuning.
429,fund_age_months,0.0020464426077707607,random_weight_sensitivity,Dirichlet perturbation centered on BWM_weights_main; no performance tuning.
429,aum_usd,0.009640708618337619,random_weight_sensitivity,Dirichlet perturbation centered on BWM_weights_main; no performance tuning.
430,momentum_12_1,0.11816653208439787,random_weight_sensitivity,Dirichlet perturbation centered on BWM_weights_main; no performance tuning.
430,volatility_annualized,0.05026461386396899,random_weight_sensitivity,Dirichlet perturbation centered on BWM_weights_main; no performance tuning.
430,rolling_max_drawdown,0.1328958035101176,random_weight_sensitivity,Dirichlet perturbation centered on BWM_weights_main; no performance tuning.
430,rolling_sortino,0.09203726582248402,random_weight_sensitivity,Dirichlet perturbation centered on BWM_weights_main; no performance tuning.
430,avg_dollar_volume,0.10648197554059624,random_weight_sensitivity,Dirichlet perturbation centered on BWM_weights_main; no performance tuning.
430,expense_ratio,0.08144252386129656,random_weight_sensitivity,Dirichlet perturbation centered on BWM_weights_main; no performance tuning.
430,tracking_error_vs_category_benchmark,0.087618177914771,random_weight_sensitivity,Dirichlet perturbation centered on BWM_weights_main; no performance tuning.
430,beta_vs_category_benchmark,0.09287476176926819,random_weight_sensitivity,Dirichlet perturbation centered on BWM_weights_main; no performance tuning.
430,marginal_correlation_to_selected_universe,0.20722039693685065,random_weight_sensitivity,Dirichlet perturbation centered on BWM_weights_main; no performance tuning.
430,fund_age_months,0.017845317072505154,random_weight_sensitivity,Dirichlet perturbation centered on BWM_weights_main; no performance tuning.
430,aum_usd,0.013152631623743647,random_weight_sensitivity,Dirichlet perturbation centered on BWM_weights_main; no performance tuning.
431,momentum_12_1,0.09171916962957984,random_weight_sensitivity,Dirichlet perturbation centered on BWM_weights_main; no performance tuning.
431,volatility_annualized,0.09135717430867307,random_weight_sensitivity,Dirichlet perturbation centered on BWM_weights_main; no performance tuning.
431,rolling_max_drawdown,0.1993888053738114,random_weight_sensitivity,Dirichlet perturbation centered on BWM_weights_main; no performance tuning.
431,rolling_sortino,0.11882024549292511,random_weight_sensitivity,Dirichlet perturbation centered on BWM_weights_main; no performance tuning.
431,avg_dollar_volume,0.10098546288241343,random_weight_sensitivity,Dirichlet perturbation centered on BWM_weights_main; no performance tuning.
431,expense_ratio,0.03965916696491074,random_weight_sensitivity,Dirichlet perturbation centered on BWM_weights_main; no performance tuning.
431,tracking_error_vs_category_benchmark,0.07912418095976699,random_weight_sensitivity,Dirichlet perturbation centered on BWM_weights_main; no performance tuning.
431,beta_vs_category_benchmark,0.11733152935060459,random_weight_sensitivity,Dirichlet perturbation centered on BWM_weights_main; no performance tuning.
431,marginal_correlation_to_selected_universe,0.11028705056670451,random_weight_sensitivity,Dirichlet perturbation centered on BWM_weights_main; no performance tuning.
431,fund_age_months,0.009239266134416658,random_weight_sensitivity,Dirichlet perturbation centered on BWM_weights_main; no performance tuning.
431,aum_usd,0.0420879483361937,random_weight_sensitivity,Dirichlet perturbation centered on BWM_weights_main; no performance tuning.
432,momentum_12_1,0.12787216293490203,random_weight_sensitivity,Dirichlet perturbation centered on BWM_weights_main; no performance tuning.
432,volatility_annualized,0.10382061746214272,random_weight_sensitivity,Dirichlet perturbation centered on BWM_weights_main; no performance tuning.
432,rolling_max_drawdown,0.17338797750953522,random_weight_sensitivity,Dirichlet perturbation centered on BWM_weights_main; no performance tuning.
432,rolling_sortino,0.14551614488813042,random_weight_sensitivity,Dirichlet perturbation centered on BWM_weights_main; no performance tuning.
432,avg_dollar_volume,0.059007131682053834,random_weight_sensitivity,Dirichlet perturbation centered on BWM_weights_main; no performance tuning.
432,expense_ratio,0.1120247097826263,random_weight_sensitivity,Dirichlet perturbation centered on BWM_weights_main; no performance tuning.
432,tracking_error_vs_category_benchmark,0.15583018006279892,random_weight_sensitivity,Dirichlet perturbation centered on BWM_weights_main; no performance tuning.
432,beta_vs_category_benchmark,0.023053034374574535,random_weight_sensitivity,Dirichlet perturbation centered on BWM_weights_main; no performance tuning.
432,marginal_correlation_to_selected_universe,0.03740059106820521,random_weight_sensitivity,Dirichlet perturbation centered on BWM_weights_main; no performance tuning.
432,fund_age_months,0.004269880444967905,random_weight_sensitivity,Dirichlet perturbation centered on BWM_weights_main; no performance tuning.
432,aum_usd,0.057817569790062834,random_weight_sensitivity,Dirichlet perturbation centered on BWM_weights_main; no performance tuning.
433,momentum_12_1,0.09854539231141621,random_weight_sensitivity,Dirichlet perturbation centered on BWM_weights_main; no performance tuning.
433,volatility_annualized,0.09362978638542821,random_weight_sensitivity,Dirichlet perturbation centered on BWM_weights_main; no performance tuning.
433,rolling_max_drawdown,0.2512457878503311,random_weight_sensitivity,Dirichlet perturbation centered on BWM_weights_main; no performance tuning.
433,rolling_sortino,0.08493957667513694,random_weight_sensitivity,Dirichlet perturbation centered on BWM_weights_main; no performance tuning.
433,avg_dollar_volume,0.07618073921074477,random_weight_sensitivity,Dirichlet perturbation centered on BWM_weights_main; no performance tuning.
433,expense_ratio,0.09225226553067906,random_weight_sensitivity,Dirichlet perturbation centered on BWM_weights_main; no performance tuning.
433,tracking_error_vs_category_benchmark,0.07254188711580391,random_weight_sensitivity,Dirichlet perturbation centered on BWM_weights_main; no performance tuning.
433,beta_vs_category_benchmark,0.03700534496757939,random_weight_sensitivity,Dirichlet perturbation centered on BWM_weights_main; no performance tuning.
433,marginal_correlation_to_selected_universe,0.10947957667081351,random_weight_sensitivity,Dirichlet perturbation centered on BWM_weights_main; no performance tuning.
433,fund_age_months,0.02190129487895938,random_weight_sensitivity,Dirichlet perturbation centered on BWM_weights_main; no performance tuning.
433,aum_usd,0.062278348403107524,random_weight_sensitivity,Dirichlet perturbation centered on BWM_weights_main; no performance tuning.
434,momentum_12_1,0.06703315757797336,random_weight_sensitivity,Dirichlet perturbation centered on BWM_weights_main; no performance tuning.
434,volatility_annualized,0.07723786920076049,random_weight_sensitivity,Dirichlet perturbation centered on BWM_weights_main; no performance tuning.
434,rolling_max_drawdown,0.3221629900679705,random_weight_sensitivity,Dirichlet perturbation centered on BWM_weights_main; no performance tuning.
434,rolling_sortino,0.1526437920914567,random_weight_sensitivity,Dirichlet perturbation centered on BWM_weights_main; no performance tuning.
434,avg_dollar_volume,0.06313254049208225,random_weight_sensitivity,Dirichlet perturbation centered on BWM_weights_main; no performance tuning.
434,expense_ratio,0.1155549781035252,random_weight_sensitivity,Dirichlet perturbation centered on BWM_weights_main; no performance tuning.
434,tracking_error_vs_category_benchmark,0.06714011738539431,random_weight_sensitivity,Dirichlet perturbation centered on BWM_weights_main; no performance tuning.
434,beta_vs_category_benchmark,0.059485618144698084,random_weight_sensitivity,Dirichlet perturbation centered on BWM_weights_main; no performance tuning.
434,marginal_correlation_to_selected_universe,0.02502427505062447,random_weight_sensitivity,Dirichlet perturbation centered on BWM_weights_main; no performance tuning.
434,fund_age_months,0.02107052990279438,random_weight_sensitivity,Dirichlet perturbation centered on BWM_weights_main; no performance tuning.
434,aum_usd,0.02951413198272014,random_weight_sensitivity,Dirichlet perturbation centered on BWM_weights_main; no performance tuning.
435,momentum_12_1,0.09125814372338198,random_weight_sensitivity,Dirichlet perturbation centered on BWM_weights_main; no performance tuning.
435,volatility_annualized,0.13659891222521348,random_weight_sensitivity,Dirichlet perturbation centered on BWM_weights_main; no performance tuning.
435,rolling_max_drawdown,0.2547145811895754,random_weight_sensitivity,Dirichlet perturbation centered on BWM_weights_main; no performance tuning.
435,rolling_sortino,0.08609936712052059,random_weight_sensitivity,Dirichlet perturbation centered on BWM_weights_main; no performance tuning.
435,avg_dollar_volume,0.03165816132630507,random_weight_sensitivity,Dirichlet perturbation centered on BWM_weights_main; no performance tuning.
435,expense_ratio,0.02801822656579038,random_weight_sensitivity,Dirichlet perturbation centered on BWM_weights_main; no performance tuning.
435,tracking_error_vs_category_benchmark,0.040811622606613106,random_weight_sensitivity,Dirichlet perturbation centered on BWM_weights_main; no performance tuning.
435,beta_vs_category_benchmark,0.14169613969469602,random_weight_sensitivity,Dirichlet perturbation centered on BWM_weights_main; no performance tuning.
435,marginal_correlation_to_selected_universe,0.13682737914806062,random_weight_sensitivity,Dirichlet perturbation centered on BWM_weights_main; no performance tuning.
435,fund_age_months,0.02750332284712048,random_weight_sensitivity,Dirichlet perturbation centered on BWM_weights_main; no performance tuning.
435,aum_usd,0.024814143552722823,random_weight_sensitivity,Dirichlet perturbation centered on BWM_weights_main; no performance tuning.
436,momentum_12_1,0.09143889717285086,random_weight_sensitivity,Dirichlet perturbation centered on BWM_weights_main; no performance tuning.
436,volatility_annualized,0.17428516294974167,random_weight_sensitivity,Dirichlet perturbation centered on BWM_weights_main; no performance tuning.
436,rolling_max_drawdown,0.12665014284682566,random_weight_sensitivity,Dirichlet perturbation centered on BWM_weights_main; no performance tuning.
436,rolling_sortino,0.09848004845627778,random_weight_sensitivity,Dirichlet perturbation centered on BWM_weights_main; no performance tuning.
436,avg_dollar_volume,0.13152466766728937,random_weight_sensitivity,Dirichlet perturbation centered on BWM_weights_main; no performance tuning.
436,expense_ratio,0.06072935132316789,random_weight_sensitivity,Dirichlet perturbation centered on BWM_weights_main; no performance tuning.
436,tracking_error_vs_category_benchmark,0.15064508610654478,random_weight_sensitivity,Dirichlet perturbation centered on BWM_weights_main; no performance tuning.
436,beta_vs_category_benchmark,0.07218690059831659,random_weight_sensitivity,Dirichlet perturbation centered on BWM_weights_main; no performance tuning.
436,marginal_correlation_to_selected_universe,0.03206641156760454,random_weight_sensitivity,Dirichlet perturbation centered on BWM_weights_main; no performance tuning.
436,fund_age_months,0.017921403517462287,random_weight_sensitivity,Dirichlet perturbation centered on BWM_weights_main; no performance tuning.
436,aum_usd,0.04407192779391872,random_weight_sensitivity,Dirichlet perturbation centered on BWM_weights_main; no performance tuning.
437,momentum_12_1,0.10028223314947839,random_weight_sensitivity,Dirichlet perturbation centered on BWM_weights_main; no performance tuning.
437,volatility_annualized,0.06517246620600134,random_weight_sensitivity,Dirichlet perturbation centered on BWM_weights_main; no performance tuning.
437,rolling_max_drawdown,0.18839068514724433,random_weight_sensitivity,Dirichlet perturbation centered on BWM_weights_main; no performance tuning.
437,rolling_sortino,0.044025808937591705,random_weight_sensitivity,Dirichlet perturbation centered on BWM_weights_main; no performance tuning.
437,avg_dollar_volume,0.05632495950929684,random_weight_sensitivity,Dirichlet perturbation centered on BWM_weights_main; no performance tuning.
437,expense_ratio,0.09980485806691587,random_weight_sensitivity,Dirichlet perturbation centered on BWM_weights_main; no performance tuning.
437,tracking_error_vs_category_benchmark,0.19714268493416812,random_weight_sensitivity,Dirichlet perturbation centered on BWM_weights_main; no performance tuning.
437,beta_vs_category_benchmark,0.1328907583170769,random_weight_sensitivity,Dirichlet perturbation centered on BWM_weights_main; no performance tuning.
437,marginal_correlation_to_selected_universe,0.06938215752053088,random_weight_sensitivity,Dirichlet perturbation centered on BWM_weights_main; no performance tuning.
437,fund_age_months,0.002789840382031628,random_weight_sensitivity,Dirichlet perturbation centered on BWM_weights_main; no performance tuning.
437,aum_usd,0.04379354782966414,random_weight_sensitivity,Dirichlet perturbation centered on BWM_weights_main; no performance tuning.
438,momentum_12_1,0.10641762368728977,random_weight_sensitivity,Dirichlet perturbation centered on BWM_weights_main; no performance tuning.
438,volatility_annualized,0.13320062880852088,random_weight_sensitivity,Dirichlet perturbation centered on BWM_weights_main; no performance tuning.
438,rolling_max_drawdown,0.15919114814180393,random_weight_sensitivity,Dirichlet perturbation centered on BWM_weights_main; no performance tuning.
438,rolling_sortino,0.107738388607485,random_weight_sensitivity,Dirichlet perturbation centered on BWM_weights_main; no performance tuning.
438,avg_dollar_volume,0.067771380127149,random_weight_sensitivity,Dirichlet perturbation centered on BWM_weights_main; no performance tuning.
438,expense_ratio,0.0560225647636012,random_weight_sensitivity,Dirichlet perturbation centered on BWM_weights_main; no performance tuning.
438,tracking_error_vs_category_benchmark,0.049505794185908704,random_weight_sensitivity,Dirichlet perturbation centered on BWM_weights_main; no performance tuning.
438,beta_vs_category_benchmark,0.09681867241887349,random_weight_sensitivity,Dirichlet perturbation centered on BWM_weights_main; no performance tuning.
438,marginal_correlation_to_selected_universe,0.11389940831482329,random_weight_sensitivity,Dirichlet perturbation centered on BWM_weights_main; no performance tuning.
438,fund_age_months,0.03674761820857835,random_weight_sensitivity,Dirichlet perturbation centered on BWM_weights_main; no performance tuning.
438,aum_usd,0.07268677273596638,random_weight_sensitivity,Dirichlet perturbation centered on BWM_weights_main; no performance tuning.
439,momentum_12_1,0.07094003526099768,random_weight_sensitivity,Dirichlet perturbation centered on BWM_weights_main; no performance tuning.
439,volatility_annualized,0.09849702417436049,random_weight_sensitivity,Dirichlet perturbation centered on BWM_weights_main; no performance tuning.
439,rolling_max_drawdown,0.21488305089963844,random_weight_sensitivity,Dirichlet perturbation centered on BWM_weights_main; no performance tuning.
439,rolling_sortino,0.1534940517484114,random_weight_sensitivity,Dirichlet perturbation centered on BWM_weights_main; no performance tuning.
439,avg_dollar_volume,0.05523514530618797,random_weight_sensitivity,Dirichlet perturbation centered on BWM_weights_main; no performance tuning.
439,expense_ratio,0.057391974603732104,random_weight_sensitivity,Dirichlet perturbation centered on BWM_weights_main; no performance tuning.
439,tracking_error_vs_category_benchmark,0.08279907502648111,random_weight_sensitivity,Dirichlet perturbation centered on BWM_weights_main; no performance tuning.
439,beta_vs_category_benchmark,0.062019461275652464,random_weight_sensitivity,Dirichlet perturbation centered on BWM_weights_main; no performance tuning.
439,marginal_correlation_to_selected_universe,0.1088049626403658,random_weight_sensitivity,Dirichlet perturbation centered on BWM_weights_main; no performance tuning.
439,fund_age_months,0.01628708399113542,random_weight_sensitivity,Dirichlet perturbation centered on BWM_weights_main; no performance tuning.
439,aum_usd,0.07964813507303731,random_weight_sensitivity,Dirichlet perturbation centered on BWM_weights_main; no performance tuning.
440,momentum_12_1,0.1854220054713703,random_weight_sensitivity,Dirichlet perturbation centered on BWM_weights_main; no performance tuning.
440,volatility_annualized,0.10016361248289304,random_weight_sensitivity,Dirichlet perturbation centered on BWM_weights_main; no performance tuning.
440,rolling_max_drawdown,0.18197384934861774,random_weight_sensitivity,Dirichlet perturbation centered on BWM_weights_main; no performance tuning.
440,rolling_sortino,0.08051851868532434,random_weight_sensitivity,Dirichlet perturbation centered on BWM_weights_main; no performance tuning.
440,avg_dollar_volume,0.08375020284213365,random_weight_sensitivity,Dirichlet perturbation centered on BWM_weights_main; no performance tuning.
440,expense_ratio,0.05376184862291829,random_weight_sensitivity,Dirichlet perturbation centered on BWM_weights_main; no performance tuning.
440,tracking_error_vs_category_benchmark,0.07897098856513154,random_weight_sensitivity,Dirichlet perturbation centered on BWM_weights_main; no performance tuning.
440,beta_vs_category_benchmark,0.08284778598018389,random_weight_sensitivity,Dirichlet perturbation centered on BWM_weights_main; no performance tuning.
440,marginal_correlation_to_selected_universe,0.06074777433670607,random_weight_sensitivity,Dirichlet perturbation centered on BWM_weights_main; no performance tuning.
440,fund_age_months,0.039922319622435753,random_weight_sensitivity,Dirichlet perturbation centered on BWM_weights_main; no performance tuning.
440,aum_usd,0.05192109404228544,random_weight_sensitivity,Dirichlet perturbation centered on BWM_weights_main; no performance tuning.
441,momentum_12_1,0.1596816123021653,random_weight_sensitivity,Dirichlet perturbation centered on BWM_weights_main; no performance tuning.
441,volatility_annualized,0.09721204867978737,random_weight_sensitivity,Dirichlet perturbation centered on BWM_weights_main; no performance tuning.
441,rolling_max_drawdown,0.19705794354558248,random_weight_sensitivity,Dirichlet perturbation centered on BWM_weights_main; no performance tuning.
441,rolling_sortino,0.028134713046902224,random_weight_sensitivity,Dirichlet perturbation centered on BWM_weights_main; no performance tuning.
441,avg_dollar_volume,0.0852065768654056,random_weight_sensitivity,Dirichlet perturbation centered on BWM_weights_main; no performance tuning.
441,expense_ratio,0.10080306952713572,random_weight_sensitivity,Dirichlet perturbation centered on BWM_weights_main; no performance tuning.
441,tracking_error_vs_category_benchmark,0.0928594900848069,random_weight_sensitivity,Dirichlet perturbation centered on BWM_weights_main; no performance tuning.
441,beta_vs_category_benchmark,0.04331174422566891,random_weight_sensitivity,Dirichlet perturbation centered on BWM_weights_main; no performance tuning.
441,marginal_correlation_to_selected_universe,0.09812748643528986,random_weight_sensitivity,Dirichlet perturbation centered on BWM_weights_main; no performance tuning.
441,fund_age_months,0.035104569312309764,random_weight_sensitivity,Dirichlet perturbation centered on BWM_weights_main; no performance tuning.
441,aum_usd,0.06250074597494583,random_weight_sensitivity,Dirichlet perturbation centered on BWM_weights_main; no performance tuning.
442,momentum_12_1,0.0408663791134314,random_weight_sensitivity,Dirichlet perturbation centered on BWM_weights_main; no performance tuning.
442,volatility_annualized,0.2421869464741036,random_weight_sensitivity,Dirichlet perturbation centered on BWM_weights_main; no performance tuning.
442,rolling_max_drawdown,0.13740483356774122,random_weight_sensitivity,Dirichlet perturbation centered on BWM_weights_main; no performance tuning.
442,rolling_sortino,0.11883866901251328,random_weight_sensitivity,Dirichlet perturbation centered on BWM_weights_main; no performance tuning.
442,avg_dollar_volume,0.1082644791165238,random_weight_sensitivity,Dirichlet perturbation centered on BWM_weights_main; no performance tuning.
442,expense_ratio,0.055484278592607024,random_weight_sensitivity,Dirichlet perturbation centered on BWM_weights_main; no performance tuning.
442,tracking_error_vs_category_benchmark,0.13813546414053582,random_weight_sensitivity,Dirichlet perturbation centered on BWM_weights_main; no performance tuning.
442,beta_vs_category_benchmark,0.021033433198281132,random_weight_sensitivity,Dirichlet perturbation centered on BWM_weights_main; no performance tuning.
442,marginal_correlation_to_selected_universe,0.03387773731579582,random_weight_sensitivity,Dirichlet perturbation centered on BWM_weights_main; no performance tuning.
442,fund_age_months,0.04222966558815329,random_weight_sensitivity,Dirichlet perturbation centered on BWM_weights_main; no performance tuning.
442,aum_usd,0.061678113880313544,random_weight_sensitivity,Dirichlet perturbation centered on BWM_weights_main; no performance tuning.
443,momentum_12_1,0.09583234396292259,random_weight_sensitivity,Dirichlet perturbation centered on BWM_weights_main; no performance tuning.
443,volatility_annualized,0.1180043361122715,random_weight_sensitivity,Dirichlet perturbation centered on BWM_weights_main; no performance tuning.
443,rolling_max_drawdown,0.2403035185983176,random_weight_sensitivity,Dirichlet perturbation centered on BWM_weights_main; no performance tuning.
443,rolling_sortino,0.13818146920799432,random_weight_sensitivity,Dirichlet perturbation centered on BWM_weights_main; no performance tuning.
443,avg_dollar_volume,0.05220144680078599,random_weight_sensitivity,Dirichlet perturbation centered on BWM_weights_main; no performance tuning.
443,expense_ratio,0.06037970124145952,random_weight_sensitivity,Dirichlet perturbation centered on BWM_weights_main; no performance tuning.
443,tracking_error_vs_category_benchmark,0.07516147691651588,random_weight_sensitivity,Dirichlet perturbation centered on BWM_weights_main; no performance tuning.
443,beta_vs_category_benchmark,0.04458485745465047,random_weight_sensitivity,Dirichlet perturbation centered on BWM_weights_main; no performance tuning.
443,marginal_correlation_to_selected_universe,0.11319343679225953,random_weight_sensitivity,Dirichlet perturbation centered on BWM_weights_main; no performance tuning.
443,fund_age_months,0.011823112347306979,random_weight_sensitivity,Dirichlet perturbation centered on BWM_weights_main; no performance tuning.
443,aum_usd,0.050334300565515785,random_weight_sensitivity,Dirichlet perturbation centered on BWM_weights_main; no performance tuning.
444,momentum_12_1,0.09275087640154187,random_weight_sensitivity,Dirichlet perturbation centered on BWM_weights_main; no performance tuning.
444,volatility_annualized,0.09835350081783956,random_weight_sensitivity,Dirichlet perturbation centered on BWM_weights_main; no performance tuning.
444,rolling_max_drawdown,0.13540017286543868,random_weight_sensitivity,Dirichlet perturbation centered on BWM_weights_main; no performance tuning.
444,rolling_sortino,0.13164149712637627,random_weight_sensitivity,Dirichlet perturbation centered on BWM_weights_main; no performance tuning.
444,avg_dollar_volume,0.021784555863656324,random_weight_sensitivity,Dirichlet perturbation centered on BWM_weights_main; no performance tuning.
444,expense_ratio,0.10981658126061014,random_weight_sensitivity,Dirichlet perturbation centered on BWM_weights_main; no performance tuning.
444,tracking_error_vs_category_benchmark,0.21977637119510793,random_weight_sensitivity,Dirichlet perturbation centered on BWM_weights_main; no performance tuning.
444,beta_vs_category_benchmark,0.065216335357019,random_weight_sensitivity,Dirichlet perturbation centered on BWM_weights_main; no performance tuning.
444,marginal_correlation_to_selected_universe,0.0979408909461533,random_weight_sensitivity,Dirichlet perturbation centered on BWM_weights_main; no performance tuning.
444,fund_age_months,0.002476318727721471,random_weight_sensitivity,Dirichlet perturbation centered on BWM_weights_main; no performance tuning.
444,aum_usd,0.024842899438535425,random_weight_sensitivity,Dirichlet perturbation centered on BWM_weights_main; no performance tuning.
445,momentum_12_1,0.10936084627155415,random_weight_sensitivity,Dirichlet perturbation centered on BWM_weights_main; no performance tuning.
445,volatility_annualized,0.11566431011133022,random_weight_sensitivity,Dirichlet perturbation centered on BWM_weights_main; no performance tuning.
445,rolling_max_drawdown,0.1465600856111689,random_weight_sensitivity,Dirichlet perturbation centered on BWM_weights_main; no performance tuning.
445,rolling_sortino,0.10673593286838921,random_weight_sensitivity,Dirichlet perturbation centered on BWM_weights_main; no performance tuning.
445,avg_dollar_volume,0.03166891093852752,random_weight_sensitivity,Dirichlet perturbation centered on BWM_weights_main; no performance tuning.
445,expense_ratio,0.06081069784796935,random_weight_sensitivity,Dirichlet perturbation centered on BWM_weights_main; no performance tuning.
445,tracking_error_vs_category_benchmark,0.1324342296377385,random_weight_sensitivity,Dirichlet perturbation centered on BWM_weights_main; no performance tuning.
445,beta_vs_category_benchmark,0.06669624564975786,random_weight_sensitivity,Dirichlet perturbation centered on BWM_weights_main; no performance tuning.
445,marginal_correlation_to_selected_universe,0.14064836449101295,random_weight_sensitivity,Dirichlet perturbation centered on BWM_weights_main; no performance tuning.
445,fund_age_months,0.051035475038037424,random_weight_sensitivity,Dirichlet perturbation centered on BWM_weights_main; no performance tuning.
445,aum_usd,0.03838490153451387,random_weight_sensitivity,Dirichlet perturbation centered on BWM_weights_main; no performance tuning.
446,momentum_12_1,0.02431450761943572,random_weight_sensitivity,Dirichlet perturbation centered on BWM_weights_main; no performance tuning.
446,volatility_annualized,0.18708703267245166,random_weight_sensitivity,Dirichlet perturbation centered on BWM_weights_main; no performance tuning.
446,rolling_max_drawdown,0.15157142273022106,random_weight_sensitivity,Dirichlet perturbation centered on BWM_weights_main; no performance tuning.
446,rolling_sortino,0.034825709326561,random_weight_sensitivity,Dirichlet perturbation centered on BWM_weights_main; no performance tuning.
446,avg_dollar_volume,0.02545152392236322,random_weight_sensitivity,Dirichlet perturbation centered on BWM_weights_main; no performance tuning.
446,expense_ratio,0.1377135601826385,random_weight_sensitivity,Dirichlet perturbation centered on BWM_weights_main; no performance tuning.
446,tracking_error_vs_category_benchmark,0.1512173640229362,random_weight_sensitivity,Dirichlet perturbation centered on BWM_weights_main; no performance tuning.
446,beta_vs_category_benchmark,0.09004079704355981,random_weight_sensitivity,Dirichlet perturbation centered on BWM_weights_main; no performance tuning.
446,marginal_correlation_to_selected_universe,0.1571043865320905,random_weight_sensitivity,Dirichlet perturbation centered on BWM_weights_main; no performance tuning.
446,fund_age_months,0.0015731437653903574,random_weight_sensitivity,Dirichlet perturbation centered on BWM_weights_main; no performance tuning.
446,aum_usd,0.03910055218235186,random_weight_sensitivity,Dirichlet perturbation centered on BWM_weights_main; no performance tuning.
447,momentum_12_1,0.09022262601663994,random_weight_sensitivity,Dirichlet perturbation centered on BWM_weights_main; no performance tuning.
447,volatility_annualized,0.12688734012284916,random_weight_sensitivity,Dirichlet perturbation centered on BWM_weights_main; no performance tuning.
447,rolling_max_drawdown,0.2296912883885873,random_weight_sensitivity,Dirichlet perturbation centered on BWM_weights_main; no performance tuning.
447,rolling_sortino,0.14903821835176237,random_weight_sensitivity,Dirichlet perturbation centered on BWM_weights_main; no performance tuning.
447,avg_dollar_volume,0.10947070841155913,random_weight_sensitivity,Dirichlet perturbation centered on BWM_weights_main; no performance tuning.
447,expense_ratio,0.026365014179135848,random_weight_sensitivity,Dirichlet perturbation centered on BWM_weights_main; no performance tuning.
447,tracking_error_vs_category_benchmark,0.10964398390880854,random_weight_sensitivity,Dirichlet perturbation centered on BWM_weights_main; no performance tuning.
447,beta_vs_category_benchmark,0.07789734895797114,random_weight_sensitivity,Dirichlet perturbation centered on BWM_weights_main; no performance tuning.
447,marginal_correlation_to_selected_universe,0.06830771868670892,random_weight_sensitivity,Dirichlet perturbation centered on BWM_weights_main; no performance tuning.
447,fund_age_months,0.003969323005161422,random_weight_sensitivity,Dirichlet perturbation centered on BWM_weights_main; no performance tuning.
447,aum_usd,0.008506429970816092,random_weight_sensitivity,Dirichlet perturbation centered on BWM_weights_main; no performance tuning.
448,momentum_12_1,0.06927771914188881,random_weight_sensitivity,Dirichlet perturbation centered on BWM_weights_main; no performance tuning.
448,volatility_annualized,0.19009830928363283,random_weight_sensitivity,Dirichlet perturbation centered on BWM_weights_main; no performance tuning.
448,rolling_max_drawdown,0.14277872775350686,random_weight_sensitivity,Dirichlet perturbation centered on BWM_weights_main; no performance tuning.
448,rolling_sortino,0.06814525316451156,random_weight_sensitivity,Dirichlet perturbation centered on BWM_weights_main; no performance tuning.
448,avg_dollar_volume,0.0927169143166119,random_weight_sensitivity,Dirichlet perturbation centered on BWM_weights_main; no performance tuning.
448,expense_ratio,0.10834685215953245,random_weight_sensitivity,Dirichlet perturbation centered on BWM_weights_main; no performance tuning.
448,tracking_error_vs_category_benchmark,0.134192160895564,random_weight_sensitivity,Dirichlet perturbation centered on BWM_weights_main; no performance tuning.
448,beta_vs_category_benchmark,0.048091938362177226,random_weight_sensitivity,Dirichlet perturbation centered on BWM_weights_main; no performance tuning.
448,marginal_correlation_to_selected_universe,0.07460104503347355,random_weight_sensitivity,Dirichlet perturbation centered on BWM_weights_main; no performance tuning.
448,fund_age_months,0.026310654353224227,random_weight_sensitivity,Dirichlet perturbation centered on BWM_weights_main; no performance tuning.
448,aum_usd,0.045440425535876655,random_weight_sensitivity,Dirichlet perturbation centered on BWM_weights_main; no performance tuning.
449,momentum_12_1,0.0899585165163735,random_weight_sensitivity,Dirichlet perturbation centered on BWM_weights_main; no performance tuning.
449,volatility_annualized,0.14642665225572568,random_weight_sensitivity,Dirichlet perturbation centered on BWM_weights_main; no performance tuning.
449,rolling_max_drawdown,0.1816860078098646,random_weight_sensitivity,Dirichlet perturbation centered on BWM_weights_main; no performance tuning.
449,rolling_sortino,0.05623864721904779,random_weight_sensitivity,Dirichlet perturbation centered on BWM_weights_main; no performance tuning.
449,avg_dollar_volume,0.05618032072844974,random_weight_sensitivity,Dirichlet perturbation centered on BWM_weights_main; no performance tuning.
449,expense_ratio,0.08980531413387871,random_weight_sensitivity,Dirichlet perturbation centered on BWM_weights_main; no performance tuning.
449,tracking_error_vs_category_benchmark,0.09529567874770457,random_weight_sensitivity,Dirichlet perturbation centered on BWM_weights_main; no performance tuning.
449,beta_vs_category_benchmark,0.08901134120050394,random_weight_sensitivity,Dirichlet perturbation centered on BWM_weights_main; no performance tuning.
449,marginal_correlation_to_selected_universe,0.14126666178615704,random_weight_sensitivity,Dirichlet perturbation centered on BWM_weights_main; no performance tuning.
449,fund_age_months,0.01575150923328382,random_weight_sensitivity,Dirichlet perturbation centered on BWM_weights_main; no performance tuning.
449,aum_usd,0.038379350369010544,random_weight_sensitivity,Dirichlet perturbation centered on BWM_weights_main; no performance tuning.
450,momentum_12_1,0.08877937613154355,random_weight_sensitivity,Dirichlet perturbation centered on BWM_weights_main; no performance tuning.
450,volatility_annualized,0.12622250714404992,random_weight_sensitivity,Dirichlet perturbation centered on BWM_weights_main; no performance tuning.
450,rolling_max_drawdown,0.1657104836568761,random_weight_sensitivity,Dirichlet perturbation centered on BWM_weights_main; no performance tuning.
450,rolling_sortino,0.12118233230616463,random_weight_sensitivity,Dirichlet perturbation centered on BWM_weights_main; no performance tuning.
450,avg_dollar_volume,0.07297972943099966,random_weight_sensitivity,Dirichlet perturbation centered on BWM_weights_main; no performance tuning.
450,expense_ratio,0.02082059832419863,random_weight_sensitivity,Dirichlet perturbation centered on BWM_weights_main; no performance tuning.
450,tracking_error_vs_category_benchmark,0.12390072880490657,random_weight_sensitivity,Dirichlet perturbation centered on BWM_weights_main; no performance tuning.
450,beta_vs_category_benchmark,0.0695845829336027,random_weight_sensitivity,Dirichlet perturbation centered on BWM_weights_main; no performance tuning.
450,marginal_correlation_to_selected_universe,0.16339034429198163,random_weight_sensitivity,Dirichlet perturbation centered on BWM_weights_main; no performance tuning.
450,fund_age_months,0.004221821435917194,random_weight_sensitivity,Dirichlet perturbation centered on BWM_weights_main; no performance tuning.
450,aum_usd,0.04320749553975939,random_weight_sensitivity,Dirichlet perturbation centered on BWM_weights_main; no performance tuning.
451,momentum_12_1,0.098325667261506,random_weight_sensitivity,Dirichlet perturbation centered on BWM_weights_main; no performance tuning.
451,volatility_annualized,0.052379558253946586,random_weight_sensitivity,Dirichlet perturbation centered on BWM_weights_main; no performance tuning.
451,rolling_max_drawdown,0.10946790210564589,random_weight_sensitivity,Dirichlet perturbation centered on BWM_weights_main; no performance tuning.
451,rolling_sortino,0.2109104685733729,random_weight_sensitivity,Dirichlet perturbation centered on BWM_weights_main; no performance tuning.
451,avg_dollar_volume,0.08791020479427995,random_weight_sensitivity,Dirichlet perturbation centered on BWM_weights_main; no performance tuning.
451,expense_ratio,0.06983120521638948,random_weight_sensitivity,Dirichlet perturbation centered on BWM_weights_main; no performance tuning.
451,tracking_error_vs_category_benchmark,0.059113123157674745,random_weight_sensitivity,Dirichlet perturbation centered on BWM_weights_main; no performance tuning.
451,beta_vs_category_benchmark,0.14977549192581668,random_weight_sensitivity,Dirichlet perturbation centered on BWM_weights_main; no performance tuning.
451,marginal_correlation_to_selected_universe,0.08756839565863053,random_weight_sensitivity,Dirichlet perturbation centered on BWM_weights_main; no performance tuning.
451,fund_age_months,0.028089997208959126,random_weight_sensitivity,Dirichlet perturbation centered on BWM_weights_main; no performance tuning.
451,aum_usd,0.04662798584377805,random_weight_sensitivity,Dirichlet perturbation centered on BWM_weights_main; no performance tuning.
452,momentum_12_1,0.17905879251663956,random_weight_sensitivity,Dirichlet perturbation centered on BWM_weights_main; no performance tuning.
452,volatility_annualized,0.08680905365149824,random_weight_sensitivity,Dirichlet perturbation centered on BWM_weights_main; no performance tuning.
452,rolling_max_drawdown,0.13557444289126439,random_weight_sensitivity,Dirichlet perturbation centered on BWM_weights_main; no performance tuning.
452,rolling_sortino,0.0975733815366505,random_weight_sensitivity,Dirichlet perturbation centered on BWM_weights_main; no performance tuning.
452,avg_dollar_volume,0.0683151879291195,random_weight_sensitivity,Dirichlet perturbation centered on BWM_weights_main; no performance tuning.
452,expense_ratio,0.18025185222559087,random_weight_sensitivity,Dirichlet perturbation centered on BWM_weights_main; no performance tuning.
452,tracking_error_vs_category_benchmark,0.08620453556961706,random_weight_sensitivity,Dirichlet perturbation centered on BWM_weights_main; no performance tuning.
452,beta_vs_category_benchmark,0.028463389312941078,random_weight_sensitivity,Dirichlet perturbation centered on BWM_weights_main; no performance tuning.
452,marginal_correlation_to_selected_universe,0.07509256401933259,random_weight_sensitivity,Dirichlet perturbation centered on BWM_weights_main; no performance tuning.
452,fund_age_months,0.019910739871387896,random_weight_sensitivity,Dirichlet perturbation centered on BWM_weights_main; no performance tuning.
452,aum_usd,0.04274606047595813,random_weight_sensitivity,Dirichlet perturbation centered on BWM_weights_main; no performance tuning.
453,momentum_12_1,0.0506395510863743,random_weight_sensitivity,Dirichlet perturbation centered on BWM_weights_main; no performance tuning.
453,volatility_annualized,0.08725733205557851,random_weight_sensitivity,Dirichlet perturbation centered on BWM_weights_main; no performance tuning.
453,rolling_max_drawdown,0.33068579867667686,random_weight_sensitivity,Dirichlet perturbation centered on BWM_weights_main; no performance tuning.
453,rolling_sortino,0.07174273567694082,random_weight_sensitivity,Dirichlet perturbation centered on BWM_weights_main; no performance tuning.
453,avg_dollar_volume,0.10552350629829531,random_weight_sensitivity,Dirichlet perturbation centered on BWM_weights_main; no performance tuning.
453,expense_ratio,0.058208449398692755,random_weight_sensitivity,Dirichlet perturbation centered on BWM_weights_main; no performance tuning.
453,tracking_error_vs_category_benchmark,0.10800066837709879,random_weight_sensitivity,Dirichlet perturbation centered on BWM_weights_main; no performance tuning.
453,beta_vs_category_benchmark,0.02850038800675541,random_weight_sensitivity,Dirichlet perturbation centered on BWM_weights_main; no performance tuning.
453,marginal_correlation_to_selected_universe,0.09694612019114053,random_weight_sensitivity,Dirichlet perturbation centered on BWM_weights_main; no performance tuning.
453,fund_age_months,0.02407660678334273,random_weight_sensitivity,Dirichlet perturbation centered on BWM_weights_main; no performance tuning.
453,aum_usd,0.03841884344910402,random_weight_sensitivity,Dirichlet perturbation centered on BWM_weights_main; no performance tuning.
454,momentum_12_1,0.10967018434030701,random_weight_sensitivity,Dirichlet perturbation centered on BWM_weights_main; no performance tuning.
454,volatility_annualized,0.1487528870341939,random_weight_sensitivity,Dirichlet perturbation centered on BWM_weights_main; no performance tuning.
454,rolling_max_drawdown,0.141239936839791,random_weight_sensitivity,Dirichlet perturbation centered on BWM_weights_main; no performance tuning.
454,rolling_sortino,0.13328488254945917,random_weight_sensitivity,Dirichlet perturbation centered on BWM_weights_main; no performance tuning.
454,avg_dollar_volume,0.020328748019592613,random_weight_sensitivity,Dirichlet perturbation centered on BWM_weights_main; no performance tuning.
454,expense_ratio,0.13229108198751663,random_weight_sensitivity,Dirichlet perturbation centered on BWM_weights_main; no performance tuning.
454,tracking_error_vs_category_benchmark,0.11120856715179447,random_weight_sensitivity,Dirichlet perturbation centered on BWM_weights_main; no performance tuning.
454,beta_vs_category_benchmark,0.11250771556436662,random_weight_sensitivity,Dirichlet perturbation centered on BWM_weights_main; no performance tuning.
454,marginal_correlation_to_selected_universe,0.028958385493888142,random_weight_sensitivity,Dirichlet perturbation centered on BWM_weights_main; no performance tuning.
454,fund_age_months,0.03723286918374149,random_weight_sensitivity,Dirichlet perturbation centered on BWM_weights_main; no performance tuning.
454,aum_usd,0.02452474183534884,random_weight_sensitivity,Dirichlet perturbation centered on BWM_weights_main; no performance tuning.
455,momentum_12_1,0.10251833094422386,random_weight_sensitivity,Dirichlet perturbation centered on BWM_weights_main; no performance tuning.
455,volatility_annualized,0.13186107363684754,random_weight_sensitivity,Dirichlet perturbation centered on BWM_weights_main; no performance tuning.
455,rolling_max_drawdown,0.18124927891865517,random_weight_sensitivity,Dirichlet perturbation centered on BWM_weights_main; no performance tuning.
455,rolling_sortino,0.12551688996417396,random_weight_sensitivity,Dirichlet perturbation centered on BWM_weights_main; no performance tuning.
455,avg_dollar_volume,0.055530116367434115,random_weight_sensitivity,Dirichlet perturbation centered on BWM_weights_main; no performance tuning.
455,expense_ratio,0.11799280926333665,random_weight_sensitivity,Dirichlet perturbation centered on BWM_weights_main; no performance tuning.
455,tracking_error_vs_category_benchmark,0.09538481458470137,random_weight_sensitivity,Dirichlet perturbation centered on BWM_weights_main; no performance tuning.
455,beta_vs_category_benchmark,0.06143139629447793,random_weight_sensitivity,Dirichlet perturbation centered on BWM_weights_main; no performance tuning.
455,marginal_correlation_to_selected_universe,0.09692106193903785,random_weight_sensitivity,Dirichlet perturbation centered on BWM_weights_main; no performance tuning.
455,fund_age_months,0.017971916407217643,random_weight_sensitivity,Dirichlet perturbation centered on BWM_weights_main; no performance tuning.
455,aum_usd,0.013622311679893888,random_weight_sensitivity,Dirichlet perturbation centered on BWM_weights_main; no performance tuning.
456,momentum_12_1,0.06358782550445477,random_weight_sensitivity,Dirichlet perturbation centered on BWM_weights_main; no performance tuning.
456,volatility_annualized,0.13977426153172473,random_weight_sensitivity,Dirichlet perturbation centered on BWM_weights_main; no performance tuning.
456,rolling_max_drawdown,0.22244588949620636,random_weight_sensitivity,Dirichlet perturbation centered on BWM_weights_main; no performance tuning.
456,rolling_sortino,0.12849308642264937,random_weight_sensitivity,Dirichlet perturbation centered on BWM_weights_main; no performance tuning.
456,avg_dollar_volume,0.07739808916431502,random_weight_sensitivity,Dirichlet perturbation centered on BWM_weights_main; no performance tuning.
456,expense_ratio,0.04756841742033124,random_weight_sensitivity,Dirichlet perturbation centered on BWM_weights_main; no performance tuning.
456,tracking_error_vs_category_benchmark,0.07433859109804586,random_weight_sensitivity,Dirichlet perturbation centered on BWM_weights_main; no performance tuning.
456,beta_vs_category_benchmark,0.06092254223352313,random_weight_sensitivity,Dirichlet perturbation centered on BWM_weights_main; no performance tuning.
456,marginal_correlation_to_selected_universe,0.14851616620037295,random_weight_sensitivity,Dirichlet perturbation centered on BWM_weights_main; no performance tuning.
456,fund_age_months,0.020519571078665692,random_weight_sensitivity,Dirichlet perturbation centered on BWM_weights_main; no performance tuning.
456,aum_usd,0.016435559849710873,random_weight_sensitivity,Dirichlet perturbation centered on BWM_weights_main; no performance tuning.
457,momentum_12_1,0.054681251999696937,random_weight_sensitivity,Dirichlet perturbation centered on BWM_weights_main; no performance tuning.
457,volatility_annualized,0.1467389725447817,random_weight_sensitivity,Dirichlet perturbation centered on BWM_weights_main; no performance tuning.
457,rolling_max_drawdown,0.2931836438724344,random_weight_sensitivity,Dirichlet perturbation centered on BWM_weights_main; no performance tuning.
457,rolling_sortino,0.04885432343541917,random_weight_sensitivity,Dirichlet perturbation centered on BWM_weights_main; no performance tuning.
457,avg_dollar_volume,0.10394901685327088,random_weight_sensitivity,Dirichlet perturbation centered on BWM_weights_main; no performance tuning.
457,expense_ratio,0.08405182662571134,random_weight_sensitivity,Dirichlet perturbation centered on BWM_weights_main; no performance tuning.
457,tracking_error_vs_category_benchmark,0.07508147780728965,random_weight_sensitivity,Dirichlet perturbation centered on BWM_weights_main; no performance tuning.
457,beta_vs_category_benchmark,0.07595039566112827,random_weight_sensitivity,Dirichlet perturbation centered on BWM_weights_main; no performance tuning.
457,marginal_correlation_to_selected_universe,0.06363739712267258,random_weight_sensitivity,Dirichlet perturbation centered on BWM_weights_main; no performance tuning.
457,fund_age_months,0.014980116051013303,random_weight_sensitivity,Dirichlet perturbation centered on BWM_weights_main; no performance tuning.
457,aum_usd,0.038891578026581726,random_weight_sensitivity,Dirichlet perturbation centered on BWM_weights_main; no performance tuning.
458,momentum_12_1,0.1676671326758834,random_weight_sensitivity,Dirichlet perturbation centered on BWM_weights_main; no performance tuning.
458,volatility_annualized,0.09292795522353357,random_weight_sensitivity,Dirichlet perturbation centered on BWM_weights_main; no performance tuning.
458,rolling_max_drawdown,0.15278897749983833,random_weight_sensitivity,Dirichlet perturbation centered on BWM_weights_main; no performance tuning.
458,rolling_sortino,0.11917479921342954,random_weight_sensitivity,Dirichlet perturbation centered on BWM_weights_main; no performance tuning.
458,avg_dollar_volume,0.08873529592040351,random_weight_sensitivity,Dirichlet perturbation centered on BWM_weights_main; no performance tuning.
458,expense_ratio,0.04542185968875355,random_weight_sensitivity,Dirichlet perturbation centered on BWM_weights_main; no performance tuning.
458,tracking_error_vs_category_benchmark,0.06617043841087049,random_weight_sensitivity,Dirichlet perturbation centered on BWM_weights_main; no performance tuning.
458,beta_vs_category_benchmark,0.03973503009572653,random_weight_sensitivity,Dirichlet perturbation centered on BWM_weights_main; no performance tuning.
458,marginal_correlation_to_selected_universe,0.1679056537555578,random_weight_sensitivity,Dirichlet perturbation centered on BWM_weights_main; no performance tuning.
458,fund_age_months,0.029473494971706506,random_weight_sensitivity,Dirichlet perturbation centered on BWM_weights_main; no performance tuning.
458,aum_usd,0.029999362544296942,random_weight_sensitivity,Dirichlet perturbation centered on BWM_weights_main; no performance tuning.
459,momentum_12_1,0.17694035827606364,random_weight_sensitivity,Dirichlet perturbation centered on BWM_weights_main; no performance tuning.
459,volatility_annualized,0.08577483194358414,random_weight_sensitivity,Dirichlet perturbation centered on BWM_weights_main; no performance tuning.
459,rolling_max_drawdown,0.20929134955059625,random_weight_sensitivity,Dirichlet perturbation centered on BWM_weights_main; no performance tuning.
459,rolling_sortino,0.07027417533082221,random_weight_sensitivity,Dirichlet perturbation centered on BWM_weights_main; no performance tuning.
459,avg_dollar_volume,0.12278360740626623,random_weight_sensitivity,Dirichlet perturbation centered on BWM_weights_main; no performance tuning.
459,expense_ratio,0.04893961698851251,random_weight_sensitivity,Dirichlet perturbation centered on BWM_weights_main; no performance tuning.
459,tracking_error_vs_category_benchmark,0.08367146596643718,random_weight_sensitivity,Dirichlet perturbation centered on BWM_weights_main; no performance tuning.
459,beta_vs_category_benchmark,0.09099642178795264,random_weight_sensitivity,Dirichlet perturbation centered on BWM_weights_main; no performance tuning.
459,marginal_correlation_to_selected_universe,0.0407396252578739,random_weight_sensitivity,Dirichlet perturbation centered on BWM_weights_main; no performance tuning.
459,fund_age_months,0.003694038389114833,random_weight_sensitivity,Dirichlet perturbation centered on BWM_weights_main; no performance tuning.
459,aum_usd,0.06689450910277661,random_weight_sensitivity,Dirichlet perturbation centered on BWM_weights_main; no performance tuning.
460,momentum_12_1,0.06660905664437228,random_weight_sensitivity,Dirichlet perturbation centered on BWM_weights_main; no performance tuning.
460,volatility_annualized,0.23553488829209607,random_weight_sensitivity,Dirichlet perturbation centered on BWM_weights_main; no performance tuning.
460,rolling_max_drawdown,0.19441581765739488,random_weight_sensitivity,Dirichlet perturbation centered on BWM_weights_main; no performance tuning.
460,rolling_sortino,0.04548169845597746,random_weight_sensitivity,Dirichlet perturbation centered on BWM_weights_main; no performance tuning.
460,avg_dollar_volume,0.012792146871113389,random_weight_sensitivity,Dirichlet perturbation centered on BWM_weights_main; no performance tuning.
460,expense_ratio,0.13203011353737704,random_weight_sensitivity,Dirichlet perturbation centered on BWM_weights_main; no performance tuning.
460,tracking_error_vs_category_benchmark,0.10825448912393167,random_weight_sensitivity,Dirichlet perturbation centered on BWM_weights_main; no performance tuning.
460,beta_vs_category_benchmark,0.05937159268374687,random_weight_sensitivity,Dirichlet perturbation centered on BWM_weights_main; no performance tuning.
460,marginal_correlation_to_selected_universe,0.10809468674340049,random_weight_sensitivity,Dirichlet perturbation centered on BWM_weights_main; no performance tuning.
460,fund_age_months,0.0015390876683087503,random_weight_sensitivity,Dirichlet perturbation centered on BWM_weights_main; no performance tuning.
460,aum_usd,0.03587642232228115,random_weight_sensitivity,Dirichlet perturbation centered on BWM_weights_main; no performance tuning.
461,momentum_12_1,0.09460868968421376,random_weight_sensitivity,Dirichlet perturbation centered on BWM_weights_main; no performance tuning.
461,volatility_annualized,0.13391247714891025,random_weight_sensitivity,Dirichlet perturbation centered on BWM_weights_main; no performance tuning.
461,rolling_max_drawdown,0.22026328766385922,random_weight_sensitivity,Dirichlet perturbation centered on BWM_weights_main; no performance tuning.
461,rolling_sortino,0.14592634807867277,random_weight_sensitivity,Dirichlet perturbation centered on BWM_weights_main; no performance tuning.
461,avg_dollar_volume,0.07608245351892827,random_weight_sensitivity,Dirichlet perturbation centered on BWM_weights_main; no performance tuning.
461,expense_ratio,0.06791990315103143,random_weight_sensitivity,Dirichlet perturbation centered on BWM_weights_main; no performance tuning.
461,tracking_error_vs_category_benchmark,0.09019245728927544,random_weight_sensitivity,Dirichlet perturbation centered on BWM_weights_main; no performance tuning.
461,beta_vs_category_benchmark,0.03287743746574251,random_weight_sensitivity,Dirichlet perturbation centered on BWM_weights_main; no performance tuning.
461,marginal_correlation_to_selected_universe,0.057694052686105717,random_weight_sensitivity,Dirichlet perturbation centered on BWM_weights_main; no performance tuning.
461,fund_age_months,0.004636374098283501,random_weight_sensitivity,Dirichlet perturbation centered on BWM_weights_main; no performance tuning.
461,aum_usd,0.07588651921497692,random_weight_sensitivity,Dirichlet perturbation centered on BWM_weights_main; no performance tuning.
462,momentum_12_1,0.07069121852680181,random_weight_sensitivity,Dirichlet perturbation centered on BWM_weights_main; no performance tuning.
462,volatility_annualized,0.08329725181128186,random_weight_sensitivity,Dirichlet perturbation centered on BWM_weights_main; no performance tuning.
462,rolling_max_drawdown,0.16529769878406775,random_weight_sensitivity,Dirichlet perturbation centered on BWM_weights_main; no performance tuning.
462,rolling_sortino,0.09246486113916424,random_weight_sensitivity,Dirichlet perturbation centered on BWM_weights_main; no performance tuning.
462,avg_dollar_volume,0.09017422186565907,random_weight_sensitivity,Dirichlet perturbation centered on BWM_weights_main; no performance tuning.
462,expense_ratio,0.06080028498821317,random_weight_sensitivity,Dirichlet perturbation centered on BWM_weights_main; no performance tuning.
462,tracking_error_vs_category_benchmark,0.15461720215903665,random_weight_sensitivity,Dirichlet perturbation centered on BWM_weights_main; no performance tuning.
462,beta_vs_category_benchmark,0.03416906066363211,random_weight_sensitivity,Dirichlet perturbation centered on BWM_weights_main; no performance tuning.
462,marginal_correlation_to_selected_universe,0.14806949262705868,random_weight_sensitivity,Dirichlet perturbation centered on BWM_weights_main; no performance tuning.
462,fund_age_months,0.061032644471965325,random_weight_sensitivity,Dirichlet perturbation centered on BWM_weights_main; no performance tuning.
462,aum_usd,0.03938606296311932,random_weight_sensitivity,Dirichlet perturbation centered on BWM_weights_main; no performance tuning.
463,momentum_12_1,0.054463446779721335,random_weight_sensitivity,Dirichlet perturbation centered on BWM_weights_main; no performance tuning.
463,volatility_annualized,0.10730049252951142,random_weight_sensitivity,Dirichlet perturbation centered on BWM_weights_main; no performance tuning.
463,rolling_max_drawdown,0.16119342615006993,random_weight_sensitivity,Dirichlet perturbation centered on BWM_weights_main; no performance tuning.
463,rolling_sortino,0.09972162580493235,random_weight_sensitivity,Dirichlet perturbation centered on BWM_weights_main; no performance tuning.
463,avg_dollar_volume,0.08674587410335968,random_weight_sensitivity,Dirichlet perturbation centered on BWM_weights_main; no performance tuning.
463,expense_ratio,0.046424543871381584,random_weight_sensitivity,Dirichlet perturbation centered on BWM_weights_main; no performance tuning.
463,tracking_error_vs_category_benchmark,0.07013400498164231,random_weight_sensitivity,Dirichlet perturbation centered on BWM_weights_main; no performance tuning.
463,beta_vs_category_benchmark,0.17505661924058905,random_weight_sensitivity,Dirichlet perturbation centered on BWM_weights_main; no performance tuning.
463,marginal_correlation_to_selected_universe,0.10786193021346081,random_weight_sensitivity,Dirichlet perturbation centered on BWM_weights_main; no performance tuning.
463,fund_age_months,0.037799205769434345,random_weight_sensitivity,Dirichlet perturbation centered on BWM_weights_main; no performance tuning.
463,aum_usd,0.05329883055589712,random_weight_sensitivity,Dirichlet perturbation centered on BWM_weights_main; no performance tuning.
464,momentum_12_1,0.16711140783324088,random_weight_sensitivity,Dirichlet perturbation centered on BWM_weights_main; no performance tuning.
464,volatility_annualized,0.1262305115216179,random_weight_sensitivity,Dirichlet perturbation centered on BWM_weights_main; no performance tuning.
464,rolling_max_drawdown,0.2657264558531926,random_weight_sensitivity,Dirichlet perturbation centered on BWM_weights_main; no performance tuning.
464,rolling_sortino,0.08293583922284396,random_weight_sensitivity,Dirichlet perturbation centered on BWM_weights_main; no performance tuning.
464,avg_dollar_volume,0.025820532853689283,random_weight_sensitivity,Dirichlet perturbation centered on BWM_weights_main; no performance tuning.
464,expense_ratio,0.043003673119751624,random_weight_sensitivity,Dirichlet perturbation centered on BWM_weights_main; no performance tuning.
464,tracking_error_vs_category_benchmark,0.1032519811948556,random_weight_sensitivity,Dirichlet perturbation centered on BWM_weights_main; no performance tuning.
464,beta_vs_category_benchmark,0.0611306677114183,random_weight_sensitivity,Dirichlet perturbation centered on BWM_weights_main; no performance tuning.
464,marginal_correlation_to_selected_universe,0.11003759167814768,random_weight_sensitivity,Dirichlet perturbation centered on BWM_weights_main; no performance tuning.
464,fund_age_months,0.008620177554659379,random_weight_sensitivity,Dirichlet perturbation centered on BWM_weights_main; no performance tuning.
464,aum_usd,0.006131161456582712,random_weight_sensitivity,Dirichlet perturbation centered on BWM_weights_main; no performance tuning.
465,momentum_12_1,0.08392658912347571,random_weight_sensitivity,Dirichlet perturbation centered on BWM_weights_main; no performance tuning.
465,volatility_annualized,0.05289822936025338,random_weight_sensitivity,Dirichlet perturbation centered on BWM_weights_main; no performance tuning.
465,rolling_max_drawdown,0.18038464588265535,random_weight_sensitivity,Dirichlet perturbation centered on BWM_weights_main; no performance tuning.
465,rolling_sortino,0.11663089221649271,random_weight_sensitivity,Dirichlet perturbation centered on BWM_weights_main; no performance tuning.
465,avg_dollar_volume,0.05124768003845514,random_weight_sensitivity,Dirichlet perturbation centered on BWM_weights_main; no performance tuning.
465,expense_ratio,0.03365478622910617,random_weight_sensitivity,Dirichlet perturbation centered on BWM_weights_main; no performance tuning.
465,tracking_error_vs_category_benchmark,0.10181925238973509,random_weight_sensitivity,Dirichlet perturbation centered on BWM_weights_main; no performance tuning.
465,beta_vs_category_benchmark,0.2035524292470081,random_weight_sensitivity,Dirichlet perturbation centered on BWM_weights_main; no performance tuning.
465,marginal_correlation_to_selected_universe,0.122047958744947,random_weight_sensitivity,Dirichlet perturbation centered on BWM_weights_main; no performance tuning.
465,fund_age_months,0.029274505647071646,random_weight_sensitivity,Dirichlet perturbation centered on BWM_weights_main; no performance tuning.
465,aum_usd,0.02456303112079963,random_weight_sensitivity,Dirichlet perturbation centered on BWM_weights_main; no performance tuning.
466,momentum_12_1,0.08386455256005196,random_weight_sensitivity,Dirichlet perturbation centered on BWM_weights_main; no performance tuning.
466,volatility_annualized,0.18340028189256458,random_weight_sensitivity,Dirichlet perturbation centered on BWM_weights_main; no performance tuning.
466,rolling_max_drawdown,0.09786089748802773,random_weight_sensitivity,Dirichlet perturbation centered on BWM_weights_main; no performance tuning.
466,rolling_sortino,0.08753280023912313,random_weight_sensitivity,Dirichlet perturbation centered on BWM_weights_main; no performance tuning.
466,avg_dollar_volume,0.1665812088553848,random_weight_sensitivity,Dirichlet perturbation centered on BWM_weights_main; no performance tuning.
466,expense_ratio,0.0737154030407412,random_weight_sensitivity,Dirichlet perturbation centered on BWM_weights_main; no performance tuning.
466,tracking_error_vs_category_benchmark,0.05831518824660666,random_weight_sensitivity,Dirichlet perturbation centered on BWM_weights_main; no performance tuning.
466,beta_vs_category_benchmark,0.0957430028948666,random_weight_sensitivity,Dirichlet perturbation centered on BWM_weights_main; no performance tuning.
466,marginal_correlation_to_selected_universe,0.10097833491185271,random_weight_sensitivity,Dirichlet perturbation centered on BWM_weights_main; no performance tuning.
466,fund_age_months,0.0015518936831285216,random_weight_sensitivity,Dirichlet perturbation centered on BWM_weights_main; no performance tuning.
466,aum_usd,0.050456436187652096,random_weight_sensitivity,Dirichlet perturbation centered on BWM_weights_main; no performance tuning.
467,momentum_12_1,0.09873431970363045,random_weight_sensitivity,Dirichlet perturbation centered on BWM_weights_main; no performance tuning.
467,volatility_annualized,0.09641863067104547,random_weight_sensitivity,Dirichlet perturbation centered on BWM_weights_main; no performance tuning.
467,rolling_max_drawdown,0.20372752560866783,random_weight_sensitivity,Dirichlet perturbation centered on BWM_weights_main; no performance tuning.
467,rolling_sortino,0.05613081105852078,random_weight_sensitivity,Dirichlet perturbation centered on BWM_weights_main; no performance tuning.
467,avg_dollar_volume,0.07266742655862535,random_weight_sensitivity,Dirichlet perturbation centered on BWM_weights_main; no performance tuning.
467,expense_ratio,0.06640637025112534,random_weight_sensitivity,Dirichlet perturbation centered on BWM_weights_main; no performance tuning.
467,tracking_error_vs_category_benchmark,0.14478596779108022,random_weight_sensitivity,Dirichlet perturbation centered on BWM_weights_main; no performance tuning.
467,beta_vs_category_benchmark,0.0410031877613319,random_weight_sensitivity,Dirichlet perturbation centered on BWM_weights_main; no performance tuning.
467,marginal_correlation_to_selected_universe,0.15507581223511288,random_weight_sensitivity,Dirichlet perturbation centered on BWM_weights_main; no performance tuning.
467,fund_age_months,0.03361717315418932,random_weight_sensitivity,Dirichlet perturbation centered on BWM_weights_main; no performance tuning.
467,aum_usd,0.031432775206670704,random_weight_sensitivity,Dirichlet perturbation centered on BWM_weights_main; no performance tuning.
468,momentum_12_1,0.09996407148246061,random_weight_sensitivity,Dirichlet perturbation centered on BWM_weights_main; no performance tuning.
468,volatility_annualized,0.032367487945427355,random_weight_sensitivity,Dirichlet perturbation centered on BWM_weights_main; no performance tuning.
468,rolling_max_drawdown,0.18143378691937728,random_weight_sensitivity,Dirichlet perturbation centered on BWM_weights_main; no performance tuning.
468,rolling_sortino,0.1325752713190483,random_weight_sensitivity,Dirichlet perturbation centered on BWM_weights_main; no performance tuning.
468,avg_dollar_volume,0.054950202263710245,random_weight_sensitivity,Dirichlet perturbation centered on BWM_weights_main; no performance tuning.
468,expense_ratio,0.10599085029852617,random_weight_sensitivity,Dirichlet perturbation centered on BWM_weights_main; no performance tuning.
468,tracking_error_vs_category_benchmark,0.11871272184547489,random_weight_sensitivity,Dirichlet perturbation centered on BWM_weights_main; no performance tuning.
468,beta_vs_category_benchmark,0.15799748037929148,random_weight_sensitivity,Dirichlet perturbation centered on BWM_weights_main; no performance tuning.
468,marginal_correlation_to_selected_universe,0.07402468569804488,random_weight_sensitivity,Dirichlet perturbation centered on BWM_weights_main; no performance tuning.
468,fund_age_months,0.03018959291802067,random_weight_sensitivity,Dirichlet perturbation centered on BWM_weights_main; no performance tuning.
468,aum_usd,0.01179384893061811,random_weight_sensitivity,Dirichlet perturbation centered on BWM_weights_main; no performance tuning.
469,momentum_12_1,0.08547470404385517,random_weight_sensitivity,Dirichlet perturbation centered on BWM_weights_main; no performance tuning.
469,volatility_annualized,0.11375763561817509,random_weight_sensitivity,Dirichlet perturbation centered on BWM_weights_main; no performance tuning.
469,rolling_max_drawdown,0.20928536075129697,random_weight_sensitivity,Dirichlet perturbation centered on BWM_weights_main; no performance tuning.
469,rolling_sortino,0.07970020621049237,random_weight_sensitivity,Dirichlet perturbation centered on BWM_weights_main; no performance tuning.
469,avg_dollar_volume,0.10448165027788621,random_weight_sensitivity,Dirichlet perturbation centered on BWM_weights_main; no performance tuning.
469,expense_ratio,0.11555332045312623,random_weight_sensitivity,Dirichlet perturbation centered on BWM_weights_main; no performance tuning.
469,tracking_error_vs_category_benchmark,0.06962907727021474,random_weight_sensitivity,Dirichlet perturbation centered on BWM_weights_main; no performance tuning.
469,beta_vs_category_benchmark,0.0547821526319307,random_weight_sensitivity,Dirichlet perturbation centered on BWM_weights_main; no performance tuning.
469,marginal_correlation_to_selected_universe,0.08287075054822701,random_weight_sensitivity,Dirichlet perturbation centered on BWM_weights_main; no performance tuning.
469,fund_age_months,0.009162577057048408,random_weight_sensitivity,Dirichlet perturbation centered on BWM_weights_main; no performance tuning.
469,aum_usd,0.0753025651377472,random_weight_sensitivity,Dirichlet perturbation centered on BWM_weights_main; no performance tuning.
470,momentum_12_1,0.16407223621451641,random_weight_sensitivity,Dirichlet perturbation centered on BWM_weights_main; no performance tuning.
470,volatility_annualized,0.08918662675914953,random_weight_sensitivity,Dirichlet perturbation centered on BWM_weights_main; no performance tuning.
470,rolling_max_drawdown,0.21766811461016938,random_weight_sensitivity,Dirichlet perturbation centered on BWM_weights_main; no performance tuning.
470,rolling_sortino,0.14830892587798106,random_weight_sensitivity,Dirichlet perturbation centered on BWM_weights_main; no performance tuning.
470,avg_dollar_volume,0.07173324723556701,random_weight_sensitivity,Dirichlet perturbation centered on BWM_weights_main; no performance tuning.
470,expense_ratio,0.053803175928428135,random_weight_sensitivity,Dirichlet perturbation centered on BWM_weights_main; no performance tuning.
470,tracking_error_vs_category_benchmark,0.07166688145834423,random_weight_sensitivity,Dirichlet perturbation centered on BWM_weights_main; no performance tuning.
470,beta_vs_category_benchmark,0.09026841351011107,random_weight_sensitivity,Dirichlet perturbation centered on BWM_weights_main; no performance tuning.
470,marginal_correlation_to_selected_universe,0.055145013284537046,random_weight_sensitivity,Dirichlet perturbation centered on BWM_weights_main; no performance tuning.
470,fund_age_months,0.012628897929767314,random_weight_sensitivity,Dirichlet perturbation centered on BWM_weights_main; no performance tuning.
470,aum_usd,0.025518467191428834,random_weight_sensitivity,Dirichlet perturbation centered on BWM_weights_main; no performance tuning.
471,momentum_12_1,0.05281710920432049,random_weight_sensitivity,Dirichlet perturbation centered on BWM_weights_main; no performance tuning.
471,volatility_annualized,0.09347398354271923,random_weight_sensitivity,Dirichlet perturbation centered on BWM_weights_main; no performance tuning.
471,rolling_max_drawdown,0.1680031558129055,random_weight_sensitivity,Dirichlet perturbation centered on BWM_weights_main; no performance tuning.
471,rolling_sortino,0.06438235580410556,random_weight_sensitivity,Dirichlet perturbation centered on BWM_weights_main; no performance tuning.
471,avg_dollar_volume,0.11493997809282445,random_weight_sensitivity,Dirichlet perturbation centered on BWM_weights_main; no performance tuning.
471,expense_ratio,0.08921778232804037,random_weight_sensitivity,Dirichlet perturbation centered on BWM_weights_main; no performance tuning.
471,tracking_error_vs_category_benchmark,0.09845808866787424,random_weight_sensitivity,Dirichlet perturbation centered on BWM_weights_main; no performance tuning.
471,beta_vs_category_benchmark,0.0959302709648337,random_weight_sensitivity,Dirichlet perturbation centered on BWM_weights_main; no performance tuning.
471,marginal_correlation_to_selected_universe,0.1507020890672743,random_weight_sensitivity,Dirichlet perturbation centered on BWM_weights_main; no performance tuning.
471,fund_age_months,0.05103595599942275,random_weight_sensitivity,Dirichlet perturbation centered on BWM_weights_main; no performance tuning.
471,aum_usd,0.021039230515679345,random_weight_sensitivity,Dirichlet perturbation centered on BWM_weights_main; no performance tuning.
472,momentum_12_1,0.131951770849079,random_weight_sensitivity,Dirichlet perturbation centered on BWM_weights_main; no performance tuning.
472,volatility_annualized,0.08619097332869563,random_weight_sensitivity,Dirichlet perturbation centered on BWM_weights_main; no performance tuning.
472,rolling_max_drawdown,0.18186609567842538,random_weight_sensitivity,Dirichlet perturbation centered on BWM_weights_main; no performance tuning.
472,rolling_sortino,0.07078223524168298,random_weight_sensitivity,Dirichlet perturbation centered on BWM_weights_main; no performance tuning.
472,avg_dollar_volume,0.05955358267510323,random_weight_sensitivity,Dirichlet perturbation centered on BWM_weights_main; no performance tuning.
472,expense_ratio,0.09264092924004232,random_weight_sensitivity,Dirichlet perturbation centered on BWM_weights_main; no performance tuning.
472,tracking_error_vs_category_benchmark,0.17215034613595945,random_weight_sensitivity,Dirichlet perturbation centered on BWM_weights_main; no performance tuning.
472,beta_vs_category_benchmark,0.056609153450128874,random_weight_sensitivity,Dirichlet perturbation centered on BWM_weights_main; no performance tuning.
472,marginal_correlation_to_selected_universe,0.06260727230558179,random_weight_sensitivity,Dirichlet perturbation centered on BWM_weights_main; no performance tuning.
472,fund_age_months,0.06606142572586536,random_weight_sensitivity,Dirichlet perturbation centered on BWM_weights_main; no performance tuning.
472,aum_usd,0.01958621536943598,random_weight_sensitivity,Dirichlet perturbation centered on BWM_weights_main; no performance tuning.
473,momentum_12_1,0.059590957013023346,random_weight_sensitivity,Dirichlet perturbation centered on BWM_weights_main; no performance tuning.
473,volatility_annualized,0.10099230299804916,random_weight_sensitivity,Dirichlet perturbation centered on BWM_weights_main; no performance tuning.
473,rolling_max_drawdown,0.11065923082174198,random_weight_sensitivity,Dirichlet perturbation centered on BWM_weights_main; no performance tuning.
473,rolling_sortino,0.19551079213289665,random_weight_sensitivity,Dirichlet perturbation centered on BWM_weights_main; no performance tuning.
473,avg_dollar_volume,0.027086440576232843,random_weight_sensitivity,Dirichlet perturbation centered on BWM_weights_main; no performance tuning.
473,expense_ratio,0.05380319047865277,random_weight_sensitivity,Dirichlet perturbation centered on BWM_weights_main; no performance tuning.
473,tracking_error_vs_category_benchmark,0.07688778705316776,random_weight_sensitivity,Dirichlet perturbation centered on BWM_weights_main; no performance tuning.
473,beta_vs_category_benchmark,0.08761197859840028,random_weight_sensitivity,Dirichlet perturbation centered on BWM_weights_main; no performance tuning.
473,marginal_correlation_to_selected_universe,0.23763891936804427,random_weight_sensitivity,Dirichlet perturbation centered on BWM_weights_main; no performance tuning.
473,fund_age_months,0.0340453010258108,random_weight_sensitivity,Dirichlet perturbation centered on BWM_weights_main; no performance tuning.
473,aum_usd,0.01617309993398023,random_weight_sensitivity,Dirichlet perturbation centered on BWM_weights_main; no performance tuning.
474,momentum_12_1,0.18808202248872077,random_weight_sensitivity,Dirichlet perturbation centered on BWM_weights_main; no performance tuning.
474,volatility_annualized,0.09632501940709523,random_weight_sensitivity,Dirichlet perturbation centered on BWM_weights_main; no performance tuning.
474,rolling_max_drawdown,0.20439388919915313,random_weight_sensitivity,Dirichlet perturbation centered on BWM_weights_main; no performance tuning.
474,rolling_sortino,0.042180014467615504,random_weight_sensitivity,Dirichlet perturbation centered on BWM_weights_main; no performance tuning.
474,avg_dollar_volume,0.1313615191398626,random_weight_sensitivity,Dirichlet perturbation centered on BWM_weights_main; no performance tuning.
474,expense_ratio,0.04415766553695966,random_weight_sensitivity,Dirichlet perturbation centered on BWM_weights_main; no performance tuning.
474,tracking_error_vs_category_benchmark,0.040603969466792414,random_weight_sensitivity,Dirichlet perturbation centered on BWM_weights_main; no performance tuning.
474,beta_vs_category_benchmark,0.06066990768759797,random_weight_sensitivity,Dirichlet perturbation centered on BWM_weights_main; no performance tuning.
474,marginal_correlation_to_selected_universe,0.122397640342941,random_weight_sensitivity,Dirichlet perturbation centered on BWM_weights_main; no performance tuning.
474,fund_age_months,0.02530699235653131,random_weight_sensitivity,Dirichlet perturbation centered on BWM_weights_main; no performance tuning.
474,aum_usd,0.04452135990673018,random_weight_sensitivity,Dirichlet perturbation centered on BWM_weights_main; no performance tuning.
475,momentum_12_1,0.12685188626742328,random_weight_sensitivity,Dirichlet perturbation centered on BWM_weights_main; no performance tuning.
475,volatility_annualized,0.10881478667336594,random_weight_sensitivity,Dirichlet perturbation centered on BWM_weights_main; no performance tuning.
475,rolling_max_drawdown,0.11512585209746573,random_weight_sensitivity,Dirichlet perturbation centered on BWM_weights_main; no performance tuning.
475,rolling_sortino,0.09462726088392295,random_weight_sensitivity,Dirichlet perturbation centered on BWM_weights_main; no performance tuning.
475,avg_dollar_volume,0.055455615614146185,random_weight_sensitivity,Dirichlet perturbation centered on BWM_weights_main; no performance tuning.
475,expense_ratio,0.12471590666214247,random_weight_sensitivity,Dirichlet perturbation centered on BWM_weights_main; no performance tuning.
475,tracking_error_vs_category_benchmark,0.1565855827026441,random_weight_sensitivity,Dirichlet perturbation centered on BWM_weights_main; no performance tuning.
475,beta_vs_category_benchmark,0.05167310933667671,random_weight_sensitivity,Dirichlet perturbation centered on BWM_weights_main; no performance tuning.
475,marginal_correlation_to_selected_universe,0.14041571809668682,random_weight_sensitivity,Dirichlet perturbation centered on BWM_weights_main; no performance tuning.
475,fund_age_months,0.016671472729847307,random_weight_sensitivity,Dirichlet perturbation centered on BWM_weights_main; no performance tuning.
475,aum_usd,0.009062808935678505,random_weight_sensitivity,Dirichlet perturbation centered on BWM_weights_main; no performance tuning.
476,momentum_12_1,0.03994280103369592,random_weight_sensitivity,Dirichlet perturbation centered on BWM_weights_main; no performance tuning.
476,volatility_annualized,0.15820701981452884,random_weight_sensitivity,Dirichlet perturbation centered on BWM_weights_main; no performance tuning.
476,rolling_max_drawdown,0.16000604934451088,random_weight_sensitivity,Dirichlet perturbation centered on BWM_weights_main; no performance tuning.
476,rolling_sortino,0.07668516249580357,random_weight_sensitivity,Dirichlet perturbation centered on BWM_weights_main; no performance tuning.
476,avg_dollar_volume,0.0536809092226576,random_weight_sensitivity,Dirichlet perturbation centered on BWM_weights_main; no performance tuning.
476,expense_ratio,0.10942912884969386,random_weight_sensitivity,Dirichlet perturbation centered on BWM_weights_main; no performance tuning.
476,tracking_error_vs_category_benchmark,0.1863946846573091,random_weight_sensitivity,Dirichlet perturbation centered on BWM_weights_main; no performance tuning.
476,beta_vs_category_benchmark,0.13066966667860827,random_weight_sensitivity,Dirichlet perturbation centered on BWM_weights_main; no performance tuning.
476,marginal_correlation_to_selected_universe,0.05353707219550592,random_weight_sensitivity,Dirichlet perturbation centered on BWM_weights_main; no performance tuning.
476,fund_age_months,0.009179671368410467,random_weight_sensitivity,Dirichlet perturbation centered on BWM_weights_main; no performance tuning.
476,aum_usd,0.022267834339275705,random_weight_sensitivity,Dirichlet perturbation centered on BWM_weights_main; no performance tuning.
477,momentum_12_1,0.1185385856525208,random_weight_sensitivity,Dirichlet perturbation centered on BWM_weights_main; no performance tuning.
477,volatility_annualized,0.0662087916981479,random_weight_sensitivity,Dirichlet perturbation centered on BWM_weights_main; no performance tuning.
477,rolling_max_drawdown,0.15917057830631337,random_weight_sensitivity,Dirichlet perturbation centered on BWM_weights_main; no performance tuning.
477,rolling_sortino,0.12289062452775087,random_weight_sensitivity,Dirichlet perturbation centered on BWM_weights_main; no performance tuning.
477,avg_dollar_volume,0.05975790351284865,random_weight_sensitivity,Dirichlet perturbation centered on BWM_weights_main; no performance tuning.
477,expense_ratio,0.06894114705273972,random_weight_sensitivity,Dirichlet perturbation centered on BWM_weights_main; no performance tuning.
477,tracking_error_vs_category_benchmark,0.08423125845648693,random_weight_sensitivity,Dirichlet perturbation centered on BWM_weights_main; no performance tuning.
477,beta_vs_category_benchmark,0.09311924940722964,random_weight_sensitivity,Dirichlet perturbation centered on BWM_weights_main; no performance tuning.
477,marginal_correlation_to_selected_universe,0.1379962991163536,random_weight_sensitivity,Dirichlet perturbation centered on BWM_weights_main; no performance tuning.
477,fund_age_months,0.025178291523245598,random_weight_sensitivity,Dirichlet perturbation centered on BWM_weights_main; no performance tuning.
477,aum_usd,0.06396727074636281,random_weight_sensitivity,Dirichlet perturbation centered on BWM_weights_main; no performance tuning.
478,momentum_12_1,0.22031546685162368,random_weight_sensitivity,Dirichlet perturbation centered on BWM_weights_main; no performance tuning.
478,volatility_annualized,0.11669125296732649,random_weight_sensitivity,Dirichlet perturbation centered on BWM_weights_main; no performance tuning.
478,rolling_max_drawdown,0.1572234628957143,random_weight_sensitivity,Dirichlet perturbation centered on BWM_weights_main; no performance tuning.
478,rolling_sortino,0.10006305273790558,random_weight_sensitivity,Dirichlet perturbation centered on BWM_weights_main; no performance tuning.
478,avg_dollar_volume,0.09827581911187429,random_weight_sensitivity,Dirichlet perturbation centered on BWM_weights_main; no performance tuning.
478,expense_ratio,0.045229480018899045,random_weight_sensitivity,Dirichlet perturbation centered on BWM_weights_main; no performance tuning.
478,tracking_error_vs_category_benchmark,0.07080875801154184,random_weight_sensitivity,Dirichlet perturbation centered on BWM_weights_main; no performance tuning.
478,beta_vs_category_benchmark,0.06612740795770869,random_weight_sensitivity,Dirichlet perturbation centered on BWM_weights_main; no performance tuning.
478,marginal_correlation_to_selected_universe,0.08480535549726177,random_weight_sensitivity,Dirichlet perturbation centered on BWM_weights_main; no performance tuning.
478,fund_age_months,0.00524514229726896,random_weight_sensitivity,Dirichlet perturbation centered on BWM_weights_main; no performance tuning.
478,aum_usd,0.03521480165287537,random_weight_sensitivity,Dirichlet perturbation centered on BWM_weights_main; no performance tuning.
479,momentum_12_1,0.1456867881064885,random_weight_sensitivity,Dirichlet perturbation centered on BWM_weights_main; no performance tuning.
479,volatility_annualized,0.10280770774225412,random_weight_sensitivity,Dirichlet perturbation centered on BWM_weights_main; no performance tuning.
479,rolling_max_drawdown,0.10928362063947104,random_weight_sensitivity,Dirichlet perturbation centered on BWM_weights_main; no performance tuning.
479,rolling_sortino,0.10942783330501481,random_weight_sensitivity,Dirichlet perturbation centered on BWM_weights_main; no performance tuning.
479,avg_dollar_volume,0.04762464410374585,random_weight_sensitivity,Dirichlet perturbation centered on BWM_weights_main; no performance tuning.
479,expense_ratio,0.14037730131834406,random_weight_sensitivity,Dirichlet perturbation centered on BWM_weights_main; no performance tuning.
479,tracking_error_vs_category_benchmark,0.10592749704387502,random_weight_sensitivity,Dirichlet perturbation centered on BWM_weights_main; no performance tuning.
479,beta_vs_category_benchmark,0.04003402805019719,random_weight_sensitivity,Dirichlet perturbation centered on BWM_weights_main; no performance tuning.
479,marginal_correlation_to_selected_universe,0.11275228729246972,random_weight_sensitivity,Dirichlet perturbation centered on BWM_weights_main; no performance tuning.
479,fund_age_months,0.018551944713886725,random_weight_sensitivity,Dirichlet perturbation centered on BWM_weights_main; no performance tuning.
479,aum_usd,0.06752634768425281,random_weight_sensitivity,Dirichlet perturbation centered on BWM_weights_main; no performance tuning.
480,momentum_12_1,0.08983770440871987,random_weight_sensitivity,Dirichlet perturbation centered on BWM_weights_main; no performance tuning.
480,volatility_annualized,0.13770415702077649,random_weight_sensitivity,Dirichlet perturbation centered on BWM_weights_main; no performance tuning.
480,rolling_max_drawdown,0.12313538337974511,random_weight_sensitivity,Dirichlet perturbation centered on BWM_weights_main; no performance tuning.
480,rolling_sortino,0.11639457895168424,random_weight_sensitivity,Dirichlet perturbation centered on BWM_weights_main; no performance tuning.
480,avg_dollar_volume,0.037711311238055,random_weight_sensitivity,Dirichlet perturbation centered on BWM_weights_main; no performance tuning.
480,expense_ratio,0.07913941608206539,random_weight_sensitivity,Dirichlet perturbation centered on BWM_weights_main; no performance tuning.
480,tracking_error_vs_category_benchmark,0.1310667371146366,random_weight_sensitivity,Dirichlet perturbation centered on BWM_weights_main; no performance tuning.
480,beta_vs_category_benchmark,0.09167357940927426,random_weight_sensitivity,Dirichlet perturbation centered on BWM_weights_main; no performance tuning.
480,marginal_correlation_to_selected_universe,0.0897812649985311,random_weight_sensitivity,Dirichlet perturbation centered on BWM_weights_main; no performance tuning.
480,fund_age_months,0.022312936267987023,random_weight_sensitivity,Dirichlet perturbation centered on BWM_weights_main; no performance tuning.
480,aum_usd,0.08124293112852501,random_weight_sensitivity,Dirichlet perturbation centered on BWM_weights_main; no performance tuning.
481,momentum_12_1,0.1763673804649956,random_weight_sensitivity,Dirichlet perturbation centered on BWM_weights_main; no performance tuning.
481,volatility_annualized,0.0991632891002239,random_weight_sensitivity,Dirichlet perturbation centered on BWM_weights_main; no performance tuning.
481,rolling_max_drawdown,0.23750070947542876,random_weight_sensitivity,Dirichlet perturbation centered on BWM_weights_main; no performance tuning.
481,rolling_sortino,0.06386159395713129,random_weight_sensitivity,Dirichlet perturbation centered on BWM_weights_main; no performance tuning.
481,avg_dollar_volume,0.04931917719768522,random_weight_sensitivity,Dirichlet perturbation centered on BWM_weights_main; no performance tuning.
481,expense_ratio,0.06872435606158099,random_weight_sensitivity,Dirichlet perturbation centered on BWM_weights_main; no performance tuning.
481,tracking_error_vs_category_benchmark,0.0897474296747147,random_weight_sensitivity,Dirichlet perturbation centered on BWM_weights_main; no performance tuning.
481,beta_vs_category_benchmark,0.05451255332617024,random_weight_sensitivity,Dirichlet perturbation centered on BWM_weights_main; no performance tuning.
481,marginal_correlation_to_selected_universe,0.13900746356543026,random_weight_sensitivity,Dirichlet perturbation centered on BWM_weights_main; no performance tuning.
481,fund_age_months,0.004995100755747224,random_weight_sensitivity,Dirichlet perturbation centered on BWM_weights_main; no performance tuning.
481,aum_usd,0.01680094642089181,random_weight_sensitivity,Dirichlet perturbation centered on BWM_weights_main; no performance tuning.
482,momentum_12_1,0.06509210330325338,random_weight_sensitivity,Dirichlet perturbation centered on BWM_weights_main; no performance tuning.
482,volatility_annualized,0.13164717038220125,random_weight_sensitivity,Dirichlet perturbation centered on BWM_weights_main; no performance tuning.
482,rolling_max_drawdown,0.19429763829853622,random_weight_sensitivity,Dirichlet perturbation centered on BWM_weights_main; no performance tuning.
482,rolling_sortino,0.16770552065154792,random_weight_sensitivity,Dirichlet perturbation centered on BWM_weights_main; no performance tuning.
482,avg_dollar_volume,0.083887301977959,random_weight_sensitivity,Dirichlet perturbation centered on BWM_weights_main; no performance tuning.
482,expense_ratio,0.05650065956419434,random_weight_sensitivity,Dirichlet perturbation centered on BWM_weights_main; no performance tuning.
482,tracking_error_vs_category_benchmark,0.08681595061978893,random_weight_sensitivity,Dirichlet perturbation centered on BWM_weights_main; no performance tuning.
482,beta_vs_category_benchmark,0.017154591767399086,random_weight_sensitivity,Dirichlet perturbation centered on BWM_weights_main; no performance tuning.
482,marginal_correlation_to_selected_universe,0.10990737641359109,random_weight_sensitivity,Dirichlet perturbation centered on BWM_weights_main; no performance tuning.
482,fund_age_months,0.005186927829182004,random_weight_sensitivity,Dirichlet perturbation centered on BWM_weights_main; no performance tuning.
482,aum_usd,0.08180475919234705,random_weight_sensitivity,Dirichlet perturbation centered on BWM_weights_main; no performance tuning.
483,momentum_12_1,0.08577353900480536,random_weight_sensitivity,Dirichlet perturbation centered on BWM_weights_main; no performance tuning.
483,volatility_annualized,0.051172994875632136,random_weight_sensitivity,Dirichlet perturbation centered on BWM_weights_main; no performance tuning.
483,rolling_max_drawdown,0.2620489821569162,random_weight_sensitivity,Dirichlet perturbation centered on BWM_weights_main; no performance tuning.
483,rolling_sortino,0.09398504693596049,random_weight_sensitivity,Dirichlet perturbation centered on BWM_weights_main; no performance tuning.
483,avg_dollar_volume,0.08597094478852513,random_weight_sensitivity,Dirichlet perturbation centered on BWM_weights_main; no performance tuning.
483,expense_ratio,0.04838309322067899,random_weight_sensitivity,Dirichlet perturbation centered on BWM_weights_main; no performance tuning.
483,tracking_error_vs_category_benchmark,0.16402431846746185,random_weight_sensitivity,Dirichlet perturbation centered on BWM_weights_main; no performance tuning.
483,beta_vs_category_benchmark,0.04106286053609543,random_weight_sensitivity,Dirichlet perturbation centered on BWM_weights_main; no performance tuning.
483,marginal_correlation_to_selected_universe,0.08750859630707486,random_weight_sensitivity,Dirichlet perturbation centered on BWM_weights_main; no performance tuning.
483,fund_age_months,0.001470696848890291,random_weight_sensitivity,Dirichlet perturbation centered on BWM_weights_main; no performance tuning.
483,aum_usd,0.07859892685795933,random_weight_sensitivity,Dirichlet perturbation centered on BWM_weights_main; no performance tuning.
484,momentum_12_1,0.06825265923331082,random_weight_sensitivity,Dirichlet perturbation centered on BWM_weights_main; no performance tuning.
484,volatility_annualized,0.10261618710277222,random_weight_sensitivity,Dirichlet perturbation centered on BWM_weights_main; no performance tuning.
484,rolling_max_drawdown,0.18891401699680746,random_weight_sensitivity,Dirichlet perturbation centered on BWM_weights_main; no performance tuning.
484,rolling_sortino,0.13775811022028675,random_weight_sensitivity,Dirichlet perturbation centered on BWM_weights_main; no performance tuning.
484,avg_dollar_volume,0.06588854721564295,random_weight_sensitivity,Dirichlet perturbation centered on BWM_weights_main; no performance tuning.
484,expense_ratio,0.05614128738520083,random_weight_sensitivity,Dirichlet perturbation centered on BWM_weights_main; no performance tuning.
484,tracking_error_vs_category_benchmark,0.13204459880099254,random_weight_sensitivity,Dirichlet perturbation centered on BWM_weights_main; no performance tuning.
484,beta_vs_category_benchmark,0.07264961607525398,random_weight_sensitivity,Dirichlet perturbation centered on BWM_weights_main; no performance tuning.
484,marginal_correlation_to_selected_universe,0.08201325928942647,random_weight_sensitivity,Dirichlet perturbation centered on BWM_weights_main; no performance tuning.
484,fund_age_months,0.04763113003415178,random_weight_sensitivity,Dirichlet perturbation centered on BWM_weights_main; no performance tuning.
484,aum_usd,0.04609058764615439,random_weight_sensitivity,Dirichlet perturbation centered on BWM_weights_main; no performance tuning.
485,momentum_12_1,0.05924788959518141,random_weight_sensitivity,Dirichlet perturbation centered on BWM_weights_main; no performance tuning.
485,volatility_annualized,0.182597528455469,random_weight_sensitivity,Dirichlet perturbation centered on BWM_weights_main; no performance tuning.
485,rolling_max_drawdown,0.15683735123361106,random_weight_sensitivity,Dirichlet perturbation centered on BWM_weights_main; no performance tuning.
485,rolling_sortino,0.1557532675432785,random_weight_sensitivity,Dirichlet perturbation centered on BWM_weights_main; no performance tuning.
485,avg_dollar_volume,0.028580854909126954,random_weight_sensitivity,Dirichlet perturbation centered on BWM_weights_main; no performance tuning.
485,expense_ratio,0.10509826821008611,random_weight_sensitivity,Dirichlet perturbation centered on BWM_weights_main; no performance tuning.
485,tracking_error_vs_category_benchmark,0.06081458345280005,random_weight_sensitivity,Dirichlet perturbation centered on BWM_weights_main; no performance tuning.
485,beta_vs_category_benchmark,0.07365746617100022,random_weight_sensitivity,Dirichlet perturbation centered on BWM_weights_main; no performance tuning.
485,marginal_correlation_to_selected_universe,0.12445919788173458,random_weight_sensitivity,Dirichlet perturbation centered on BWM_weights_main; no performance tuning.
485,fund_age_months,0.014679533398441021,random_weight_sensitivity,Dirichlet perturbation centered on BWM_weights_main; no performance tuning.
485,aum_usd,0.03827405914927092,random_weight_sensitivity,Dirichlet perturbation centered on BWM_weights_main; no performance tuning.
486,momentum_12_1,0.0707493694542545,random_weight_sensitivity,Dirichlet perturbation centered on BWM_weights_main; no performance tuning.
486,volatility_annualized,0.15236898798877574,random_weight_sensitivity,Dirichlet perturbation centered on BWM_weights_main; no performance tuning.
486,rolling_max_drawdown,0.215526696618148,random_weight_sensitivity,Dirichlet perturbation centered on BWM_weights_main; no performance tuning.
486,rolling_sortino,0.07622148760360296,random_weight_sensitivity,Dirichlet perturbation centered on BWM_weights_main; no performance tuning.
486,avg_dollar_volume,0.08212050945946599,random_weight_sensitivity,Dirichlet perturbation centered on BWM_weights_main; no performance tuning.
486,expense_ratio,0.08338438803088322,random_weight_sensitivity,Dirichlet perturbation centered on BWM_weights_main; no performance tuning.
486,tracking_error_vs_category_benchmark,0.11284022989039662,random_weight_sensitivity,Dirichlet perturbation centered on BWM_weights_main; no performance tuning.
486,beta_vs_category_benchmark,0.016127309601750166,random_weight_sensitivity,Dirichlet perturbation centered on BWM_weights_main; no performance tuning.
486,marginal_correlation_to_selected_universe,0.09403530309088418,random_weight_sensitivity,Dirichlet perturbation centered on BWM_weights_main; no performance tuning.
486,fund_age_months,0.040007202425988084,random_weight_sensitivity,Dirichlet perturbation centered on BWM_weights_main; no performance tuning.
486,aum_usd,0.0566185158358507,random_weight_sensitivity,Dirichlet perturbation centered on BWM_weights_main; no performance tuning.
487,momentum_12_1,0.11954926319097427,random_weight_sensitivity,Dirichlet perturbation centered on BWM_weights_main; no performance tuning.
487,volatility_annualized,0.10800610788826805,random_weight_sensitivity,Dirichlet perturbation centered on BWM_weights_main; no performance tuning.
487,rolling_max_drawdown,0.23515636553434338,random_weight_sensitivity,Dirichlet perturbation centered on BWM_weights_main; no performance tuning.
487,rolling_sortino,0.07652798140063671,random_weight_sensitivity,Dirichlet perturbation centered on BWM_weights_main; no performance tuning.
487,avg_dollar_volume,0.04145895427591809,random_weight_sensitivity,Dirichlet perturbation centered on BWM_weights_main; no performance tuning.
487,expense_ratio,0.14284599270944215,random_weight_sensitivity,Dirichlet perturbation centered on BWM_weights_main; no performance tuning.
487,tracking_error_vs_category_benchmark,0.07321151327535799,random_weight_sensitivity,Dirichlet perturbation centered on BWM_weights_main; no performance tuning.
487,beta_vs_category_benchmark,0.030772545157508404,random_weight_sensitivity,Dirichlet perturbation centered on BWM_weights_main; no performance tuning.
487,marginal_correlation_to_selected_universe,0.0884745908456996,random_weight_sensitivity,Dirichlet perturbation centered on BWM_weights_main; no performance tuning.
487,fund_age_months,0.01935426556390201,random_weight_sensitivity,Dirichlet perturbation centered on BWM_weights_main; no performance tuning.
487,aum_usd,0.0646424201579493,random_weight_sensitivity,Dirichlet perturbation centered on BWM_weights_main; no performance tuning.
488,momentum_12_1,0.0919513693662693,random_weight_sensitivity,Dirichlet perturbation centered on BWM_weights_main; no performance tuning.
488,volatility_annualized,0.0916359970253093,random_weight_sensitivity,Dirichlet perturbation centered on BWM_weights_main; no performance tuning.
488,rolling_max_drawdown,0.19595889914788778,random_weight_sensitivity,Dirichlet perturbation centered on BWM_weights_main; no performance tuning.
488,rolling_sortino,0.08553646340788801,random_weight_sensitivity,Dirichlet perturbation centered on BWM_weights_main; no performance tuning.
488,avg_dollar_volume,0.029970077428803622,random_weight_sensitivity,Dirichlet perturbation centered on BWM_weights_main; no performance tuning.
488,expense_ratio,0.0352065698927457,random_weight_sensitivity,Dirichlet perturbation centered on BWM_weights_main; no performance tuning.
488,tracking_error_vs_category_benchmark,0.17180893283142054,random_weight_sensitivity,Dirichlet perturbation centered on BWM_weights_main; no performance tuning.
488,beta_vs_category_benchmark,0.09807330792898651,random_weight_sensitivity,Dirichlet perturbation centered on BWM_weights_main; no performance tuning.
488,marginal_correlation_to_selected_universe,0.1062190735141297,random_weight_sensitivity,Dirichlet perturbation centered on BWM_weights_main; no performance tuning.
488,fund_age_months,0.030854555304568678,random_weight_sensitivity,Dirichlet perturbation centered on BWM_weights_main; no performance tuning.
488,aum_usd,0.06278475415199086,random_weight_sensitivity,Dirichlet perturbation centered on BWM_weights_main; no performance tuning.
489,momentum_12_1,0.07588601378864074,random_weight_sensitivity,Dirichlet perturbation centered on BWM_weights_main; no performance tuning.
489,volatility_annualized,0.06374394445094016,random_weight_sensitivity,Dirichlet perturbation centered on BWM_weights_main; no performance tuning.
489,rolling_max_drawdown,0.2500676008431796,random_weight_sensitivity,Dirichlet perturbation centered on BWM_weights_main; no performance tuning.
489,rolling_sortino,0.03569217935295704,random_weight_sensitivity,Dirichlet perturbation centered on BWM_weights_main; no performance tuning.
489,avg_dollar_volume,0.08405062720691804,random_weight_sensitivity,Dirichlet perturbation centered on BWM_weights_main; no performance tuning.
489,expense_ratio,0.07056356223665819,random_weight_sensitivity,Dirichlet perturbation centered on BWM_weights_main; no performance tuning.
489,tracking_error_vs_category_benchmark,0.14642669719360366,random_weight_sensitivity,Dirichlet perturbation centered on BWM_weights_main; no performance tuning.
489,beta_vs_category_benchmark,0.08555985240080892,random_weight_sensitivity,Dirichlet perturbation centered on BWM_weights_main; no performance tuning.
489,marginal_correlation_to_selected_universe,0.12226145374616108,random_weight_sensitivity,Dirichlet perturbation centered on BWM_weights_main; no performance tuning.
489,fund_age_months,0.006201415273092929,random_weight_sensitivity,Dirichlet perturbation centered on BWM_weights_main; no performance tuning.
489,aum_usd,0.05954665350703997,random_weight_sensitivity,Dirichlet perturbation centered on BWM_weights_main; no performance tuning.
490,momentum_12_1,0.131267914555733,random_weight_sensitivity,Dirichlet perturbation centered on BWM_weights_main; no performance tuning.
490,volatility_annualized,0.07850960734172031,random_weight_sensitivity,Dirichlet perturbation centered on BWM_weights_main; no performance tuning.
490,rolling_max_drawdown,0.21451903225702265,random_weight_sensitivity,Dirichlet perturbation centered on BWM_weights_main; no performance tuning.
490,rolling_sortino,0.06783005530116176,random_weight_sensitivity,Dirichlet perturbation centered on BWM_weights_main; no performance tuning.
490,avg_dollar_volume,0.06621751945783223,random_weight_sensitivity,Dirichlet perturbation centered on BWM_weights_main; no performance tuning.
490,expense_ratio,0.19408960991931404,random_weight_sensitivity,Dirichlet perturbation centered on BWM_weights_main; no performance tuning.
490,tracking_error_vs_category_benchmark,0.07267444234144523,random_weight_sensitivity,Dirichlet perturbation centered on BWM_weights_main; no performance tuning.
490,beta_vs_category_benchmark,0.03088072924693454,random_weight_sensitivity,Dirichlet perturbation centered on BWM_weights_main; no performance tuning.
490,marginal_correlation_to_selected_universe,0.0654592975280972,random_weight_sensitivity,Dirichlet perturbation centered on BWM_weights_main; no performance tuning.
490,fund_age_months,0.016674163206611956,random_weight_sensitivity,Dirichlet perturbation centered on BWM_weights_main; no performance tuning.
490,aum_usd,0.06187762884412722,random_weight_sensitivity,Dirichlet perturbation centered on BWM_weights_main; no performance tuning.
491,momentum_12_1,0.11938040245899675,random_weight_sensitivity,Dirichlet perturbation centered on BWM_weights_main; no performance tuning.
491,volatility_annualized,0.06433997476041994,random_weight_sensitivity,Dirichlet perturbation centered on BWM_weights_main; no performance tuning.
491,rolling_max_drawdown,0.2588715776836293,random_weight_sensitivity,Dirichlet perturbation centered on BWM_weights_main; no performance tuning.
491,rolling_sortino,0.0489221746392963,random_weight_sensitivity,Dirichlet perturbation centered on BWM_weights_main; no performance tuning.
491,avg_dollar_volume,0.03757415842110966,random_weight_sensitivity,Dirichlet perturbation centered on BWM_weights_main; no performance tuning.
491,expense_ratio,0.056076694369222926,random_weight_sensitivity,Dirichlet perturbation centered on BWM_weights_main; no performance tuning.
491,tracking_error_vs_category_benchmark,0.17778910229148884,random_weight_sensitivity,Dirichlet perturbation centered on BWM_weights_main; no performance tuning.
491,beta_vs_category_benchmark,0.07923253893574926,random_weight_sensitivity,Dirichlet perturbation centered on BWM_weights_main; no performance tuning.
491,marginal_correlation_to_selected_universe,0.12325384055025373,random_weight_sensitivity,Dirichlet perturbation centered on BWM_weights_main; no performance tuning.
491,fund_age_months,0.0040015434829699026,random_weight_sensitivity,Dirichlet perturbation centered on BWM_weights_main; no performance tuning.
491,aum_usd,0.030557992406863452,random_weight_sensitivity,Dirichlet perturbation centered on BWM_weights_main; no performance tuning.
492,momentum_12_1,0.13758557575751612,random_weight_sensitivity,Dirichlet perturbation centered on BWM_weights_main; no performance tuning.
492,volatility_annualized,0.11108341498688387,random_weight_sensitivity,Dirichlet perturbation centered on BWM_weights_main; no performance tuning.
492,rolling_max_drawdown,0.2151871715523469,random_weight_sensitivity,Dirichlet perturbation centered on BWM_weights_main; no performance tuning.
492,rolling_sortino,0.09538055740431241,random_weight_sensitivity,Dirichlet perturbation centered on BWM_weights_main; no performance tuning.
492,avg_dollar_volume,0.09707989353969146,random_weight_sensitivity,Dirichlet perturbation centered on BWM_weights_main; no performance tuning.
492,expense_ratio,0.029214100225811824,random_weight_sensitivity,Dirichlet perturbation centered on BWM_weights_main; no performance tuning.
492,tracking_error_vs_category_benchmark,0.08883637388685792,random_weight_sensitivity,Dirichlet perturbation centered on BWM_weights_main; no performance tuning.
492,beta_vs_category_benchmark,0.07991893077316307,random_weight_sensitivity,Dirichlet perturbation centered on BWM_weights_main; no performance tuning.
492,marginal_correlation_to_selected_universe,0.04574243401294196,random_weight_sensitivity,Dirichlet perturbation centered on BWM_weights_main; no performance tuning.
492,fund_age_months,0.00011554643026071274,random_weight_sensitivity,Dirichlet perturbation centered on BWM_weights_main; no performance tuning.
492,aum_usd,0.09985600143021343,random_weight_sensitivity,Dirichlet perturbation centered on BWM_weights_main; no performance tuning.
493,momentum_12_1,0.13338484126565053,random_weight_sensitivity,Dirichlet perturbation centered on BWM_weights_main; no performance tuning.
493,volatility_annualized,0.05812325163097316,random_weight_sensitivity,Dirichlet perturbation centered on BWM_weights_main; no performance tuning.
493,rolling_max_drawdown,0.23873734321325776,random_weight_sensitivity,Dirichlet perturbation centered on BWM_weights_main; no performance tuning.
493,rolling_sortino,0.07421968924230136,random_weight_sensitivity,Dirichlet perturbation centered on BWM_weights_main; no performance tuning.
493,avg_dollar_volume,0.050087369519844493,random_weight_sensitivity,Dirichlet perturbation centered on BWM_weights_main; no performance tuning.
493,expense_ratio,0.14043528114712125,random_weight_sensitivity,Dirichlet perturbation centered on BWM_weights_main; no performance tuning.
493,tracking_error_vs_category_benchmark,0.10170339109771687,random_weight_sensitivity,Dirichlet perturbation centered on BWM_weights_main; no performance tuning.
493,beta_vs_category_benchmark,0.06184881923529178,random_weight_sensitivity,Dirichlet perturbation centered on BWM_weights_main; no performance tuning.
493,marginal_correlation_to_selected_universe,0.07318413128370987,random_weight_sensitivity,Dirichlet perturbation centered on BWM_weights_main; no performance tuning.
493,fund_age_months,0.015994709123122418,random_weight_sensitivity,Dirichlet perturbation centered on BWM_weights_main; no performance tuning.
493,aum_usd,0.05228117324101057,random_weight_sensitivity,Dirichlet perturbation centered on BWM_weights_main; no performance tuning.
494,momentum_12_1,0.08156576189958935,random_weight_sensitivity,Dirichlet perturbation centered on BWM_weights_main; no performance tuning.
494,volatility_annualized,0.22286217657229296,random_weight_sensitivity,Dirichlet perturbation centered on BWM_weights_main; no performance tuning.
494,rolling_max_drawdown,0.1343143635133032,random_weight_sensitivity,Dirichlet perturbation centered on BWM_weights_main; no performance tuning.
494,rolling_sortino,0.06482918433132212,random_weight_sensitivity,Dirichlet perturbation centered on BWM_weights_main; no performance tuning.
494,avg_dollar_volume,0.05432647271782655,random_weight_sensitivity,Dirichlet perturbation centered on BWM_weights_main; no performance tuning.
494,expense_ratio,0.15959340329061658,random_weight_sensitivity,Dirichlet perturbation centered on BWM_weights_main; no performance tuning.
494,tracking_error_vs_category_benchmark,0.13576607302075328,random_weight_sensitivity,Dirichlet perturbation centered on BWM_weights_main; no performance tuning.
494,beta_vs_category_benchmark,0.04893750165198104,random_weight_sensitivity,Dirichlet perturbation centered on BWM_weights_main; no performance tuning.
494,marginal_correlation_to_selected_universe,0.07149957192522385,random_weight_sensitivity,Dirichlet perturbation centered on BWM_weights_main; no performance tuning.
494,fund_age_months,0.009911547621766627,random_weight_sensitivity,Dirichlet perturbation centered on BWM_weights_main; no performance tuning.
494,aum_usd,0.01639394345532482,random_weight_sensitivity,Dirichlet perturbation centered on BWM_weights_main; no performance tuning.
495,momentum_12_1,0.0855573420227553,random_weight_sensitivity,Dirichlet perturbation centered on BWM_weights_main; no performance tuning.
495,volatility_annualized,0.09289947081261904,random_weight_sensitivity,Dirichlet perturbation centered on BWM_weights_main; no performance tuning.
495,rolling_max_drawdown,0.22553553719182423,random_weight_sensitivity,Dirichlet perturbation centered on BWM_weights_main; no performance tuning.
495,rolling_sortino,0.12092117672408015,random_weight_sensitivity,Dirichlet perturbation centered on BWM_weights_main; no performance tuning.
495,avg_dollar_volume,0.05211988272855158,random_weight_sensitivity,Dirichlet perturbation centered on BWM_weights_main; no performance tuning.
495,expense_ratio,0.12956858031315016,random_weight_sensitivity,Dirichlet perturbation centered on BWM_weights_main; no performance tuning.
495,tracking_error_vs_category_benchmark,0.0751893126550284,random_weight_sensitivity,Dirichlet perturbation centered on BWM_weights_main; no performance tuning.
495,beta_vs_category_benchmark,0.028040866551004368,random_weight_sensitivity,Dirichlet perturbation centered on BWM_weights_main; no performance tuning.
495,marginal_correlation_to_selected_universe,0.11097407704237555,random_weight_sensitivity,Dirichlet perturbation centered on BWM_weights_main; no performance tuning.
495,fund_age_months,0.04348614736254592,random_weight_sensitivity,Dirichlet perturbation centered on BWM_weights_main; no performance tuning.
495,aum_usd,0.035707606596065304,random_weight_sensitivity,Dirichlet perturbation centered on BWM_weights_main; no performance tuning.
496,momentum_12_1,0.06735949535041856,random_weight_sensitivity,Dirichlet perturbation centered on BWM_weights_main; no performance tuning.
496,volatility_annualized,0.1263903933112111,random_weight_sensitivity,Dirichlet perturbation centered on BWM_weights_main; no performance tuning.
496,rolling_max_drawdown,0.2359410303299727,random_weight_sensitivity,Dirichlet perturbation centered on BWM_weights_main; no performance tuning.
496,rolling_sortino,0.13854792010445108,random_weight_sensitivity,Dirichlet perturbation centered on BWM_weights_main; no performance tuning.
496,avg_dollar_volume,0.08372696854146824,random_weight_sensitivity,Dirichlet perturbation centered on BWM_weights_main; no performance tuning.
496,expense_ratio,0.13504194377810388,random_weight_sensitivity,Dirichlet perturbation centered on BWM_weights_main; no performance tuning.
496,tracking_error_vs_category_benchmark,0.07387125237711568,random_weight_sensitivity,Dirichlet perturbation centered on BWM_weights_main; no performance tuning.
496,beta_vs_category_benchmark,0.01070765383396657,random_weight_sensitivity,Dirichlet perturbation centered on BWM_weights_main; no performance tuning.
496,marginal_correlation_to_selected_universe,0.05013354332309788,random_weight_sensitivity,Dirichlet perturbation centered on BWM_weights_main; no performance tuning.
496,fund_age_months,0.004213237475888147,random_weight_sensitivity,Dirichlet perturbation centered on BWM_weights_main; no performance tuning.
496,aum_usd,0.07406656157430594,random_weight_sensitivity,Dirichlet perturbation centered on BWM_weights_main; no performance tuning.
497,momentum_12_1,0.07915954030830158,random_weight_sensitivity,Dirichlet perturbation centered on BWM_weights_main; no performance tuning.
497,volatility_annualized,0.16463409559933612,random_weight_sensitivity,Dirichlet perturbation centered on BWM_weights_main; no performance tuning.
497,rolling_max_drawdown,0.1147759655701716,random_weight_sensitivity,Dirichlet perturbation centered on BWM_weights_main; no performance tuning.
497,rolling_sortino,0.16326288494863272,random_weight_sensitivity,Dirichlet perturbation centered on BWM_weights_main; no performance tuning.
497,avg_dollar_volume,0.036025474796610106,random_weight_sensitivity,Dirichlet perturbation centered on BWM_weights_main; no performance tuning.
497,expense_ratio,0.05281348983558093,random_weight_sensitivity,Dirichlet perturbation centered on BWM_weights_main; no performance tuning.
497,tracking_error_vs_category_benchmark,0.04169107380030418,random_weight_sensitivity,Dirichlet perturbation centered on BWM_weights_main; no performance tuning.
497,beta_vs_category_benchmark,0.1119725718256509,random_weight_sensitivity,Dirichlet perturbation centered on BWM_weights_main; no performance tuning.
497,marginal_correlation_to_selected_universe,0.08814848794103541,random_weight_sensitivity,Dirichlet perturbation centered on BWM_weights_main; no performance tuning.
497,fund_age_months,0.08244196878929119,random_weight_sensitivity,Dirichlet perturbation centered on BWM_weights_main; no performance tuning.
497,aum_usd,0.065074446585085,random_weight_sensitivity,Dirichlet perturbation centered on BWM_weights_main; no performance tuning.
498,momentum_12_1,0.09694117644923175,random_weight_sensitivity,Dirichlet perturbation centered on BWM_weights_main; no performance tuning.
498,volatility_annualized,0.07739820200301735,random_weight_sensitivity,Dirichlet perturbation centered on BWM_weights_main; no performance tuning.
498,rolling_max_drawdown,0.25390687486008895,random_weight_sensitivity,Dirichlet perturbation centered on BWM_weights_main; no performance tuning.
498,rolling_sortino,0.10793215624309667,random_weight_sensitivity,Dirichlet perturbation centered on BWM_weights_main; no performance tuning.
498,avg_dollar_volume,0.04469585697972917,random_weight_sensitivity,Dirichlet perturbation centered on BWM_weights_main; no performance tuning.
498,expense_ratio,0.07257667524991025,random_weight_sensitivity,Dirichlet perturbation centered on BWM_weights_main; no performance tuning.
498,tracking_error_vs_category_benchmark,0.04161592317825345,random_weight_sensitivity,Dirichlet perturbation centered on BWM_weights_main; no performance tuning.
498,beta_vs_category_benchmark,0.08393695804367429,random_weight_sensitivity,Dirichlet perturbation centered on BWM_weights_main; no performance tuning.
498,marginal_correlation_to_selected_universe,0.1348144642079108,random_weight_sensitivity,Dirichlet perturbation centered on BWM_weights_main; no performance tuning.
498,fund_age_months,0.004461253122627405,random_weight_sensitivity,Dirichlet perturbation centered on BWM_weights_main; no performance tuning.
498,aum_usd,0.08172045966245997,random_weight_sensitivity,Dirichlet perturbation centered on BWM_weights_main; no performance tuning.
499,momentum_12_1,0.14971014367754426,random_weight_sensitivity,Dirichlet perturbation centered on BWM_weights_main; no performance tuning.
499,volatility_annualized,0.11553383954000926,random_weight_sensitivity,Dirichlet perturbation centered on BWM_weights_main; no performance tuning.
499,rolling_max_drawdown,0.13784421479382744,random_weight_sensitivity,Dirichlet perturbation centered on BWM_weights_main; no performance tuning.
499,rolling_sortino,0.1324738526875133,random_weight_sensitivity,Dirichlet perturbation centered on BWM_weights_main; no performance tuning.
499,avg_dollar_volume,0.05407822690971823,random_weight_sensitivity,Dirichlet perturbation centered on BWM_weights_main; no performance tuning.
499,expense_ratio,0.07285989015802215,random_weight_sensitivity,Dirichlet perturbation centered on BWM_weights_main; no performance tuning.
499,tracking_error_vs_category_benchmark,0.13762324705454257,random_weight_sensitivity,Dirichlet perturbation centered on BWM_weights_main; no performance tuning.
499,beta_vs_category_benchmark,0.028674734216282412,random_weight_sensitivity,Dirichlet perturbation centered on BWM_weights_main; no performance tuning.
499,marginal_correlation_to_selected_universe,0.04602743824961014,random_weight_sensitivity,Dirichlet perturbation centered on BWM_weights_main; no performance tuning.
499,fund_age_months,0.010891746196481214,random_weight_sensitivity,Dirichlet perturbation centered on BWM_weights_main; no performance tuning.
499,aum_usd,0.114282666516449,random_weight_sensitivity,Dirichlet perturbation centered on BWM_weights_main; no performance tuning.
500,momentum_12_1,0.1801712706808183,random_weight_sensitivity,Dirichlet perturbation centered on BWM_weights_main; no performance tuning.
500,volatility_annualized,0.09239908448713564,random_weight_sensitivity,Dirichlet perturbation centered on BWM_weights_main; no performance tuning.
500,rolling_max_drawdown,0.19507720273866264,random_weight_sensitivity,Dirichlet perturbation centered on BWM_weights_main; no performance tuning.
500,rolling_sortino,0.07848006902661893,random_weight_sensitivity,Dirichlet perturbation centered on BWM_weights_main; no performance tuning.
500,avg_dollar_volume,0.05413996626482149,random_weight_sensitivity,Dirichlet perturbation centered on BWM_weights_main; no performance tuning.
500,expense_ratio,0.04619136310015101,random_weight_sensitivity,Dirichlet perturbation centered on BWM_weights_main; no performance tuning.
500,tracking_error_vs_category_benchmark,0.123523325465875,random_weight_sensitivity,Dirichlet perturbation centered on BWM_weights_main; no performance tuning.
500,beta_vs_category_benchmark,0.10648505308245357,random_weight_sensitivity,Dirichlet perturbation centered on BWM_weights_main; no performance tuning.
500,marginal_correlation_to_selected_universe,0.08211306989874255,random_weight_sensitivity,Dirichlet perturbation centered on BWM_weights_main; no performance tuning.
500,fund_age_months,0.015416421596978293,random_weight_sensitivity,Dirichlet perturbation centered on BWM_weights_main; no performance tuning.
500,aum_usd,0.026003173657742594,random_weight_sensitivity,Dirichlet perturbation centered on BWM_weights_main; no performance tuning.
